HIERARCHY
ROOT mixamorig:Hips_01
{
  OFFSET 0.000000 0.000000 0.000000
  CHANNELS 6 Xposition Yposition Zposition Zrotation Xrotation Yrotation
  JOINT mixamorig:Spine_02
  {
    OFFSET 0.000000 0.623898 0.000000
    CHANNELS 3 Zrotation Xrotation Yrotation
    JOINT mixamorig:Spine1_03
    {
      OFFSET -0.000015 0.599012 0.050018
      CHANNELS 3 Zrotation Xrotation Yrotation
      JOINT mixamorig:Spine2_00
      {
        OFFSET -0.000010 0.752559 0.030781
        CHANNELS 3 Zrotation Xrotation Yrotation
        JOINT mixamorig:Neck_04
        {
          OFFSET -0.000011 0.846627 0.034628
          CHANNELS 3 Zrotation Xrotation Yrotation
          JOINT mixamorig:Head_05
          {
            OFFSET -0.000023 0.685540 0.074801
            CHANNELS 3 Zrotation Xrotation Yrotation
            JOINT mixamorig:HeadTop_End_06
            {
              OFFSET -0.000000 2.346314 0.000002
              CHANNELS 3 Zrotation Xrotation Yrotation
              End Site
              {
                OFFSET -0.000000 0.586579 0.000000
              }
            }
          }
        }
        JOINT mixamorig:LeftShoulder_07
        {
          OFFSET 0.612483 0.698831 0.034628
          CHANNELS 3 Zrotation Xrotation Yrotation
          JOINT mixamorig:LeftArm_08
          {
            OFFSET 1.191955 -0.324193 -0.000011
            CHANNELS 3 Zrotation Xrotation Yrotation
            JOINT mixamorig:LeftForeArm_09
            {
              OFFSET 1.961925 -1.863213 -0.141519
              CHANNELS 3 Zrotation Xrotation Yrotation
              JOINT mixamorig:LeftHand_010
              {
                OFFSET 1.670375 -1.583358 1.675772
                CHANNELS 3 Zrotation Xrotation Yrotation
                JOINT mixamorig:LeftHandIndex1_011
                {
                  OFFSET 0.631914 -0.948490 0.783726
                  CHANNELS 3 Zrotation Xrotation Yrotation
                  JOINT mixamorig:LeftHandIndex2_012
                  {
                    OFFSET 0.086154 -0.187815 0.106565
                    CHANNELS 3 Zrotation Xrotation Yrotation
                    JOINT mixamorig:LeftHandIndex3_013
                    {
                      OFFSET 0.057723 -0.229662 0.086537
                      CHANNELS 3 Zrotation Xrotation Yrotation
                      End Site
                      {
                        OFFSET 0.014431 -0.057415 0.021634
                      }
                    }
                  }
                }
                JOINT mixamorig:LeftHandMiddle1_014
                {
                  OFFSET 0.612454 -0.897944 0.990722
                  CHANNELS 3 Zrotation Xrotation Yrotation
                  JOINT mixamorig:LeftHandMiddle2_015
                  {
                    OFFSET 0.132177 -0.222090 0.219205
                    CHANNELS 3 Zrotation Xrotation Yrotation
                    JOINT mixamorig:LeftHandMiddle3_016
                    {
                      OFFSET 0.069304 -0.256813 0.177407
                      CHANNELS 3 Zrotation Xrotation Yrotation
                      End Site
                      {
                        OFFSET 0.017326 -0.064203 0.044352
                      }
                    }
                  }
                }
                JOINT mixamorig:LeftHandRing1_017
                {
                  OFFSET 0.417211 -0.673802 1.407800
                  CHANNELS 3 Zrotation Xrotation Yrotation
                  JOINT mixamorig:LeftHandRing2_018
                  {
                    OFFSET 0.162161 -0.342923 0.239189
                    CHANNELS 3 Zrotation Xrotation Yrotation
                    JOINT mixamorig:LeftHandRing3_019
                    {
                      OFFSET 0.129283 -0.328103 0.221282
                      CHANNELS 3 Zrotation Xrotation Yrotation
                      End Site
                      {
                        OFFSET 0.032321 -0.082026 0.055321
                      }
                    }
                  }
                }
                JOINT mixamorig:LeftHandPinky1_020
                {
                  OFFSET -0.077900 -0.280850 1.032645
                  CHANNELS 3 Zrotation Xrotation Yrotation
                  JOINT mixamorig:LeftHandPinky2_021
                  {
                    OFFSET -0.071818 -0.237422 0.206512
                    CHANNELS 3 Zrotation Xrotation Yrotation
                    JOINT mixamorig:LeftHandPinky3_022
                    {
                      OFFSET -0.095550 -0.175761 0.182465
                      CHANNELS 3 Zrotation Xrotation Yrotation
                      End Site
                      {
                        OFFSET -0.023888 -0.043940 0.045616
                      }
                    }
                  }
                }
              }
            }
          }
        }
        JOINT mixamorig:RightShoulder_023
        {
          OFFSET -0.612504 0.698828 0.034628
          CHANNELS 3 Zrotation Xrotation Yrotation
          JOINT mixamorig:RightArm_024
          {
            OFFSET -1.191956 -0.324188 0.000010
            CHANNELS 3 Zrotation Xrotation Yrotation
            JOINT mixamorig:RightForeArm_025
            {
              OFFSET -1.961835 -1.863214 -0.148300
              CHANNELS 3 Zrotation Xrotation Yrotation
              JOINT mixamorig:RightHand_026
              {
                OFFSET -1.671409 -1.583355 1.666493
                CHANNELS 3 Zrotation Xrotation Yrotation
                JOINT mixamorig:RightHandIndex1_027
                {
                  OFFSET -0.619606 -0.957159 0.791763
                  CHANNELS 3 Zrotation Xrotation Yrotation
                  JOINT mixamorig:RightHandIndex2_028
                  {
                    OFFSET -0.086045 -0.179511 0.120486
                    CHANNELS 3 Zrotation Xrotation Yrotation
                    JOINT mixamorig:RightHandIndex3_029
                    {
                      OFFSET -0.051315 -0.225190 0.085983
                      CHANNELS 3 Zrotation Xrotation Yrotation
                      End Site
                      {
                        OFFSET -0.012829 -0.056297 0.021496
                      }
                    }
                  }
                }
                JOINT mixamorig:RightHandMiddle1_030
                {
                  OFFSET -0.586715 -0.879844 1.005139
                  CHANNELS 3 Zrotation Xrotation Yrotation
                  JOINT mixamorig:RightHandMiddle2_031
                  {
                    OFFSET -0.138003 -0.235192 0.215095
                    CHANNELS 3 Zrotation Xrotation Yrotation
                    JOINT mixamorig:RightHandMiddle3_032
                    {
                      OFFSET -0.086499 -0.271513 0.172718
                      CHANNELS 3 Zrotation Xrotation Yrotation
                      End Site
                      {
                        OFFSET -0.021625 -0.067878 0.043180
                      }
                    }
                  }
                }
                JOINT mixamorig:RightHandRing1_033
                {
                  OFFSET -0.394015 -0.659754 1.241894
                  CHANNELS 3 Zrotation Xrotation Yrotation
                  JOINT mixamorig:RightHandRing2_034
                  {
                    OFFSET -0.159537 -0.292187 0.293675
                    CHANNELS 3 Zrotation Xrotation Yrotation
                    JOINT mixamorig:RightHandRing3_035
                    {
                      OFFSET -0.115466 -0.347755 0.309009
                      CHANNELS 3 Zrotation Xrotation Yrotation
                      End Site
                      {
                        OFFSET -0.028867 -0.086939 0.077252
                      }
                    }
                  }
                }
                JOINT mixamorig:RightHandPinky1_036
                {
                  OFFSET 0.105636 -0.290512 1.104796
                  CHANNELS 3 Zrotation Xrotation Yrotation
                  JOINT mixamorig:RightHandPinky2_037
                  {
                    OFFSET 0.072846 -0.247424 0.168825
                    CHANNELS 3 Zrotation Xrotation Yrotation
                    JOINT mixamorig:RightHandPinky3_038
                    {
                      OFFSET 0.070495 -0.173100 0.169918
                      CHANNELS 3 Zrotation Xrotation Yrotation
                      End Site
                      {
                        OFFSET 0.017624 -0.043275 0.042479
                      }
                    }
                  }
                }
              }
            }
          }
        }
      }
    }
  }
  JOINT mixamorig:RightUpLeg_039
  {
    OFFSET -0.088088 -1.129413 -0.006586
    CHANNELS 3 Zrotation Xrotation Yrotation
    JOINT mixamorig:RightLeg_040
    {
      OFFSET 0.018204 -4.859645 -0.001833
      CHANNELS 3 Zrotation Xrotation Yrotation
      JOINT mixamorig:RightFoot_041
      {
        OFFSET -0.120176 -5.592220 -0.318904
        CHANNELS 3 Zrotation Xrotation Yrotation
        JOINT mixamorig:RightToeBase_042
        {
          OFFSET 0.128815 -0.753413 -0.571373
          CHANNELS 3 Zrotation Xrotation Yrotation
          JOINT mixamorig:RightToe_End_043
          {
            OFFSET 0.053113 0.004629 -0.703853
            CHANNELS 3 Zrotation Xrotation Yrotation
            End Site
            {
              OFFSET 0.013278 0.001157 -0.175963
            }
          }
        }
      }
    }
  }
}
MOTION
Frames: 149
Frame Time: 0.03333333
0.148542 4.682477 -0.216963 -19.358186 70.990027 25.277594 5.280346 -10.811529 -1.891020 -1.871596 3.506778 -1.916317 1.536310 -7.927449 3.193333 -2.799211 -13.941389 1.152131 -8.785114 -29.087438 -9.299317 2.338464 1.116522 0.543621 20.184381 6.889672 -16.268057 -11.777689 1.386233 -1.726296 -9.465531 -54.412139 -75.336883 -23.205840 15.192444 0.991965 -8.551695 1.203097 -11.807747 37.367900 -3.031963 10.894320 6.371737 1.721283 2.025985 -14.625291 20.344675 -2.394834 50.973118 -12.285120 29.093240 19.714961 -5.837938 5.394822 -9.860980 17.131336 -6.941510 34.459830 -16.638037 2.123017 15.694232 -6.323292 -2.331038 -23.185967 -1.906171 -2.541081 7.934098 -4.911900 1.800928 34.538159 -20.682516 -1.284446 -13.261085 2.272322 -0.921913 -11.748735 -30.273213 12.469359 -23.419519 -36.995113 36.735087 -12.430004 -7.179451 -7.427970 10.460987 3.107550 26.903132 -59.159375 2.997977 -35.438317 -6.407599 -2.903631 -2.518820 3.268566 30.384299 28.846715 -76.796742 -12.437542 -64.482684 -3.599531 -6.458576 0.311738 -23.407549 40.420063 46.597447 -28.732058 -15.679356 -31.391574 -48.524727 -22.409903 -47.794363 36.659399 -33.506277 2.542120 -9.543757 -17.794721 -3.019981 -31.162302 -18.971057 -6.235829 -13.824193 -2.279162 -11.057219 13.711507 16.422237 -21.349925 -2.248021 22.800940 9.289230 6.080729 5.571259 -7.489966 -2.415895 4.284128 -2.016143
0.117851 4.664299 -0.243515 -18.890067 70.650812 25.139214 4.797896 -11.267224 -2.026621 -1.830862 3.432165 -1.703870 1.401467 -7.867901 3.195062 -2.465733 -14.240311 1.015549 -8.590835 -29.532700 -9.160143 1.982106 0.909629 0.553981 20.515700 7.710849 -14.715928 -11.479314 1.178933 -3.156906 -14.263538 -58.106799 -81.571794 -22.341196 11.944052 2.430183 -9.092956 1.405463 -10.193238 39.690493 -5.033701 13.155577 6.887312 0.074462 2.387013 -13.470313 20.205094 -1.282737 52.369739 -15.397796 31.247257 19.626530 -8.002073 3.340826 -9.142223 15.903309 -5.844349 34.534569 -18.612022 3.600100 14.683400 -8.107148 -2.895337 -21.209487 -4.955164 -2.981684 9.559256 -6.613778 0.912040 31.150432 -20.773920 -2.957934 -12.739071 1.468186 -0.466413 -12.241290 -29.192997 12.284282 -22.451574 -37.020881 37.025230 -11.346267 -7.342470 -7.758906 10.985019 1.902517 26.522987 -58.559450 1.894389 -34.351136 -5.981085 -2.153321 -3.188205 4.017787 28.423043 28.086527 -74.668133 -13.710022 -62.841298 -3.095733 -6.122878 0.569846 -22.600691 39.326003 45.842858 -29.099835 -16.557296 -30.655160 -47.866587 -22.284079 -45.680386 35.442309 -33.545909 1.523200 -9.190716 -17.539402 -2.167089 -29.834934 -18.299642 -5.723457 -14.190892 -2.652350 -10.180074 14.292813 17.279084 -21.396228 -2.276343 24.056185 9.233279 5.892187 5.447156 -7.048062 -2.261491 4.178674 -2.426377
0.086945 4.654527 -0.214273 -18.719460 70.313423 25.311357 4.316638 -11.331486 -1.981753 -1.709085 3.243950 -1.612076 1.375091 -8.088557 3.217293 -2.207808 -14.922098 0.812150 -7.998521 -29.406357 -8.850724 1.638728 0.598391 0.523884 19.529112 7.759166 -13.144878 -9.139030 -1.991777 -3.598054 -21.337424 -61.686319 -89.348067 -19.306408 9.108687 3.264084 -7.888885 -0.262029 -7.934593 41.053678 -6.621287 17.483252 8.050105 -3.300004 2.406366 -10.981054 18.166683 -0.473363 51.940806 -17.958735 34.801428 20.407802 -11.752883 3.230641 -7.120321 12.923502 -5.002664 34.399085 -21.424996 7.075507 16.048874 -9.131213 -2.977063 -17.392334 -11.135415 -3.027207 10.501565 -10.685612 1.592403 27.435613 -20.796643 -3.593029 -12.736261 1.086107 -0.354679 -12.126496 -28.112895 12.425665 -21.292782 -37.178532 37.297719 -11.094859 -7.153475 -7.104039 11.849898 0.949604 26.074892 -58.184967 2.225992 -33.101396 -5.588431 -2.062766 -3.847816 4.745818 27.808518 26.912308 -74.329162 -14.432482 -61.480289 -3.018865 -5.925724 0.104784 -22.015449 39.451829 45.414712 -29.086547 -15.728636 -30.316607 -47.401264 -22.823367 -45.744969 34.452979 -33.632944 0.908290 -8.845114 -17.737629 -1.594352 -28.763737 -17.850291 -4.742166 -14.262692 -2.684634 -9.318813 14.755278 18.140170 -21.455477 -1.852320 24.793701 8.551770 6.706917 5.076482 -7.607766 -2.181703 4.449801 -3.113058
0.073710 4.626350 -0.173245 -18.955139 70.058591 25.726885 4.135823 -11.409660 -1.790670 -1.668100 3.059925 -1.611435 1.365460 -8.364350 3.260024 -1.988783 -15.353720 0.773400 -7.447961 -29.121186 -8.472100 1.492179 0.550486 0.578293 18.537465 6.803147 -11.848870 -3.713206 -9.910864 -3.938043 -26.031304 -63.087307 -91.171855 -17.860648 9.822838 3.856099 -3.739337 -2.561772 -4.797241 42.323994 -8.854266 22.364962 8.848353 -7.081338 3.365001 -7.197848 13.405896 1.425420 53.138463 -20.777356 40.186548 25.268838 -18.555668 3.870504 -3.207632 7.995626 -2.830275 33.517590 -22.940601 11.798409 23.231623 -12.830797 0.002523 -11.212822 -16.163250 -0.662235 13.929900 -17.739718 2.176348 30.564242 -24.895540 1.758915 -13.054980 0.862609 -0.361462 -11.499046 -27.529982 12.921698 -20.374900 -36.765444 37.338143 -11.653539 -7.127446 -6.219391 11.722533 0.351659 25.923135 -57.190198 3.334235 -32.236596 -5.827951 -1.905734 -4.647193 4.711337 26.915934 26.579664 -72.542259 -14.259646 -60.151114 -2.697395 -5.856981 -0.335633 -21.685312 39.047766 45.104166 -28.407276 -14.947965 -29.828982 -46.795340 -22.851078 -45.510620 33.737683 -33.728327 0.842896 -8.618053 -17.485266 -1.434787 -28.775031 -17.650501 -4.593105 -14.278059 -2.598835 -8.479137 15.157052 18.507360 -20.817412 -1.225927 25.260625 7.981002 7.204426 5.531914 -7.845613 -2.079229 5.355322 -3.327714
0.057138 4.615855 -0.158697 -19.818690 69.577088 26.750428 4.222570 -11.621163 -1.767577 -1.638704 2.744330 -1.669715 1.429056 -8.584926 3.311037 -1.807165 -15.374975 0.707681 -6.917295 -28.597951 -8.063211 1.484216 0.671200 0.747949 18.216562 5.504576 -10.808642 2.556841 -20.796969 -4.446602 -21.243725 -61.951388 -81.059287 -17.846921 8.209127 4.973173 -0.354266 -4.648432 -3.933373 47.567288 -10.499740 26.917053 10.321240 -9.899522 4.427280 -2.404679 8.405994 1.974428 55.921391 -22.005753 43.816057 27.287352 -20.926460 3.358080 1.260164 3.713081 -0.981490 33.153465 -24.525361 13.162656 26.705102 -15.467123 0.428604 -6.862937 -20.815896 1.930904 16.143189 -21.309933 0.246245 33.427765 -24.585385 3.958141 -13.591766 0.570065 -0.634785 -10.352397 -27.229861 14.377308 -19.436151 -35.804235 36.951940 -11.875438 -6.502487 -5.759952 11.648847 -0.233053 26.241193 -57.125279 3.906999 -31.451605 -6.345106 -1.748155 -4.870056 4.423178 25.912298 26.356709 -71.275147 -14.155613 -59.348063 -2.469851 -6.000584 -0.692974 -22.212265 38.651606 45.271208 -28.111099 -14.255406 -30.448522 -46.197523 -23.257874 -45.740882 33.020999 -34.095594 0.674996 -8.959033 -17.683075 -1.014530 -29.222938 -17.636614 -5.062115 -13.800169 -2.434917 -7.400311 15.244058 18.482799 -18.951839 -0.147024 25.523217 6.379641 6.875869 6.117202 -6.977018 -1.821448 6.303978 -3.037348
0.048005 4.611961 -0.138912 -20.564229 69.210507 27.641732 4.178526 -11.832066 -1.827331 -1.555550 2.416493 -1.849548 1.423593 -8.822359 3.292211 -1.458311 -15.104635 0.663610 -6.106783 -28.021347 -7.477774 1.572299 0.806956 0.928693 18.217463 4.242477 -10.895997 8.873005 -31.405578 -3.796169 -10.613795 -59.046533 -65.431641 -17.111875 2.405518 6.329150 0.417009 -6.456071 -5.174042 56.700578 -11.866694 27.199486 12.371203 -11.028758 3.900948 1.213194 4.969768 1.137118 60.988156 -20.253943 43.933799 26.384746 -19.239219 2.546706 3.277884 0.300721 -1.014406 35.529529 -26.264983 10.993101 26.907731 -16.144453 0.226970 -3.141025 -23.985509 3.254634 16.109270 -22.159294 -4.142368 35.862136 -22.463947 3.768387 -14.137866 0.431460 -0.981816 -9.269395 -27.322828 15.731079 -19.236563 -34.453677 36.535173 -11.905796 -6.151131 -5.444289 11.793409 -0.606256 26.269777 -56.866477 5.274374 -31.333473 -6.817016 -1.746990 -4.895651 4.742250 25.572665 25.616672 -70.250633 -13.666213 -58.921618 -2.702763 -7.126693 -1.337987 -21.874847 38.337516 44.907747 -28.217349 -13.506542 -31.313303 -46.154323 -23.789473 -46.318295 32.484601 -34.321765 1.480759 -9.199745 -17.592330 -1.144319 -30.267617 -17.972677 -5.695054 -13.527502 -2.023397 -6.902240 15.111110 18.130407 -18.105769 -0.253293 25.849977 6.547080 6.788753 6.814979 -5.836002 -1.566355 7.462310 -2.228289
0.038978 4.617572 -0.143477 -20.330250 69.092231 27.399602 4.055015 -11.867385 -1.773653 -1.371567 2.114250 -2.024506 1.423435 -9.071522 3.308063 -1.207161 -14.794676 0.635394 -5.147614 -26.876090 -6.695234 1.593319 0.726490 0.853102 18.734670 3.023445 -11.386973 13.253989 -38.493285 -2.113970 -2.885351 -56.017752 -54.876523 -16.161848 -1.427415 7.956842 0.711524 -7.436682 -5.480332 68.550470 -17.305532 24.981484 13.653915 -9.975702 3.300591 3.835942 3.290570 0.755801 71.090436 -20.948358 43.015892 22.867454 -16.065067 2.964853 4.248805 -1.833001 -1.713806 39.052956 -30.559332 7.397986 26.976614 -16.338238 -0.956499 1.834359 -27.282208 5.738173 14.395789 -21.868819 -8.651837 37.891504 -23.810752 1.735968 -14.626224 0.268227 -1.116021 -8.436619 -27.456608 17.136894 -19.008392 -33.183104 35.809336 -12.577575 -5.435893 -5.281231 11.803488 -0.592976 26.068923 -57.054199 6.140687 -31.327016 -7.359893 -1.937913 -4.708582 4.623441 25.489984 25.442144 -69.825850 -12.999366 -58.564289 -3.036419 -7.637425 -1.547746 -22.288061 37.866922 45.068151 -27.888694 -12.400272 -31.939808 -46.275348 -24.665216 -46.653002 32.419746 -34.614061 2.080262 -9.658480 -18.051205 -1.669474 -30.506309 -18.297917 -5.947123 -13.445964 -1.761191 -6.319606 14.430878 17.183142 -16.389090 -0.137832 26.228642 5.911767 6.564959 7.485127 -4.657425 -1.016574 7.668101 -1.716944
0.029405 4.614893 -0.138160 -20.350286 69.063939 27.347327 4.165882 -11.965969 -1.749834 -1.245694 1.893357 -2.249725 1.452471 -9.359295 3.371968 -0.903708 -14.454670 0.594568 -4.086628 -25.111871 -5.959894 1.644714 0.966422 0.953440 19.846944 1.778951 -11.724846 16.595831 -42.670443 0.939541 2.941166 -53.115821 -47.140910 -14.482963 -3.984831 9.655787 0.505313 -8.391247 -5.972784 72.452387 -20.116236 22.124752 13.871733 -8.051397 2.797602 4.742493 2.462430 -0.091916 75.608680 -22.452552 40.656130 21.957951 -14.371456 4.167418 5.793726 -2.983577 -3.401411 41.726276 -35.281986 4.508142 24.877628 -13.927701 -2.617947 8.401054 -31.595738 7.405956 11.483647 -21.426224 -11.328115 37.326656 -22.794137 -0.692985 -15.163644 0.123066 -1.291797 -7.881552 -27.613758 18.699525 -19.197334 -31.874166 35.123458 -12.923212 -5.242454 -4.792089 11.218671 -0.851248 26.035856 -56.968848 7.262282 -31.268163 -8.021482 -1.982589 -4.759012 4.060923 25.089170 25.373796 -69.533609 -12.350519 -58.209847 -3.909024 -7.774783 -1.610597 -22.510125 37.552477 44.561064 -27.254936 -11.548024 -31.757230 -47.051519 -24.747558 -47.626962 32.464086 -34.881769 2.638829 -9.903116 -18.483516 -1.961869 -30.879551 -18.556162 -6.303487 -13.527318 -1.394493 -6.244224 13.664615 16.171813 -15.213279 0.069916 26.150252 5.883430 6.258863 7.053468 -3.301902 -0.563696 7.274700 -1.449325
0.022579 4.615185 -0.125760 -20.201514 69.041801 27.060962 4.518712 -12.269862 -1.681478 -1.280324 1.773485 -2.461570 1.477539 -9.490135 3.530841 -0.671894 -14.140933 0.444773 -2.970021 -22.654922 -5.274218 1.496596 0.864739 0.895503 21.785155 0.501366 -11.962301 19.429087 -45.469247 4.127501 7.718835 -49.135654 -40.085204 -12.037076 -5.249836 11.566285 0.689739 -9.735573 -6.816530 72.343886 -20.327944 20.984794 14.665627 -7.022750 2.688231 5.558527 0.847746 -1.197020 76.088509 -22.902266 38.873942 21.456097 -11.924666 3.746619 7.318776 -4.648956 -5.223980 43.417119 -37.033173 4.293663 23.960109 -12.029038 -3.083613 14.840463 -37.455113 8.738198 9.484041 -21.115058 -12.423585 35.722096 -19.017055 -1.608787 -15.808799 -0.202505 -1.457812 -7.428044 -27.868010 20.310218 -19.387876 -30.358253 34.361994 -13.559535 -4.881782 -4.104207 10.250209 -0.965806 26.099041 -56.430085 8.326717 -31.688238 -8.582550 -1.772252 -5.172073 3.397389 24.755449 25.223122 -68.581403 -11.516581 -58.349476 -4.740208 -7.907349 -1.630170 -22.706379 37.401145 43.964074 -26.374648 -10.244598 -31.543165 -47.795600 -25.219061 -48.940815 32.963439 -34.967945 3.219877 -10.194086 -18.675763 -2.131258 -31.727787 -18.972905 -6.913905 -13.970421 -0.754537 -6.766020 12.945685 15.139814 -15.064535 -0.113327 25.392310 6.468182 5.798908 6.694414 -2.598286 -0.739935 7.079203 -1.283577
-0.000446 4.620557 -0.107941 -19.899450 69.174300 26.456033 4.858197 -12.407139 -1.650117 -1.260838 1.449198 -2.573973 1.540305 -9.417472 3.682878 -0.514915 -13.903993 0.355090 -2.132058 -20.519909 -4.719296 1.320598 0.920908 0.853932 23.995481 -0.777042 -12.574049 23.176809 -47.808212 7.684874 10.430199 -44.087850 -33.904832 -10.254844 -4.989733 13.915441 0.529130 -9.830074 -7.266937 70.766245 -19.235619 21.334627 14.516766 -6.597911 3.051976 5.026824 0.914943 -2.181375 74.215202 -21.692765 37.990685 21.254226 -9.948355 4.186990 7.409743 -4.453721 -5.953270 45.423609 -37.417733 4.783624 24.091148 -10.300241 -2.085612 16.195878 -39.446799 9.951539 9.003340 -22.815785 -13.425566 34.941061 -16.699847 -1.114287 -16.217237 -0.326143 -1.571215 -7.470387 -28.081214 21.671394 -19.495484 -29.349693 33.169013 -14.590430 -4.798090 -3.882645 8.873981 -1.225977 26.292250 -55.573216 8.144572 -32.777647 -8.896957 -1.621470 -4.549787 2.594916 24.117587 25.476603 -67.521493 -11.416981 -58.743010 -4.993406 -7.775543 -1.423024 -22.567532 37.075339 43.311388 -26.408072 -9.905311 -31.810519 -47.791430 -26.129028 -49.161369 33.689428 -34.180644 4.119097 -10.345539 -18.993145 -2.197030 -32.346049 -19.111512 -7.748050 -14.514763 -0.037888 -7.358399 12.575341 14.067400 -15.664382 -0.758932 25.322703 8.177681 5.029938 6.786156 -1.327956 -1.225189 7.066065 -0.958313
-0.017242 4.631509 -0.109635 -19.312966 69.566502 25.375524 5.094202 -12.456413 -1.436523 -1.218441 1.151358 -2.690938 1.567294 -9.232619 3.767637 -0.402368 -13.880165 0.531699 -1.900752 -19.252616 -4.336370 1.258329 0.955782 0.754951 26.687159 -1.893344 -13.579298 26.632375 -48.563452 11.272448 12.387453 -38.014359 -27.776081 -7.384410 -5.825236 14.646486 0.060790 -9.215703 -7.223847 69.219684 -16.294589 22.177261 13.745486 -6.006696 3.762547 4.614353 2.707745 -2.619542 71.581339 -18.353923 38.680135 20.424420 -9.754453 5.269553 7.809132 -2.632817 -5.850665 48.946056 -36.733466 8.146998 23.704518 -8.497079 -0.590451 17.363258 -39.149198 12.947454 10.363162 -25.265858 -13.028232 35.918017 -14.241446 0.539850 -16.633131 -0.203963 -1.718701 -7.865156 -28.609260 22.703827 -19.759490 -28.239300 32.062499 -15.653040 -5.215691 -3.632829 8.056097 -1.645767 26.211978 -54.858040 7.275017 -32.851191 -8.988444 -1.006330 -4.237236 2.322958 23.749980 25.736682 -66.961196 -11.363451 -58.679383 -5.364176 -8.015377 -1.220390 -21.944562 37.126246 42.700839 -27.161234 -9.977276 -32.172443 -47.834856 -26.411036 -48.941348 34.199782 -33.765472 3.910893 -10.679161 -19.284305 -2.323118 -32.434756 -19.133450 -8.110857 -15.220848 0.381592 -8.118239 12.437059 13.114310 -16.412856 -1.913049 24.700700 9.661685 4.201212 8.140403 -1.035304 -1.574929 7.324651 -0.638533
-0.029384 4.654277 -0.106490 -18.519151 69.742754 24.097315 5.333436 -12.282168 -1.349256 -1.191283 1.004850 -2.765225 1.575050 -8.949381 3.903503 -0.330085 -13.718741 0.750856 -1.905709 -18.669239 -3.996716 1.344321 1.018195 0.817486 28.538228 -2.604460 -14.904087 30.895429 -48.392986 14.860948 13.840669 -30.016877 -21.129647 -5.229559 -8.894965 12.848443 -0.180263 -8.646252 -6.973550 67.599852 -13.158499 23.038268 13.485224 -5.897889 4.473389 3.747864 4.138105 -2.611569 69.279705 -15.489275 39.930962 20.210381 -10.178368 6.972795 7.848082 -0.549892 -5.219630 51.752809 -35.534274 13.147827 23.265674 -7.714361 0.529607 16.416747 -37.409171 15.574474 10.937697 -26.381691 -11.630772 36.850202 -14.053193 1.992073 -16.881946 0.130988 -2.009302 -8.765042 -29.686554 23.524034 -19.635340 -27.161148 30.683199 -16.168285 -5.249664 -3.147766 7.728604 -1.356003 26.656430 -54.333281 7.034904 -33.422427 -8.884722 -0.601414 -3.839048 2.511928 23.716683 25.831203 -67.017811 -11.269309 -58.898944 -5.522483 -8.165544 -1.285352 -21.280905 37.381097 41.844998 -28.509416 -10.494035 -33.271659 -47.022298 -26.831625 -47.716019 34.188598 -33.156847 3.724895 -11.030355 -19.626708 -2.473980 -32.410385 -18.748656 -8.404218 -15.836944 1.083972 -9.014576 12.979867 12.773827 -17.785322 -3.026375 24.795550 11.441999 3.461924 8.538349 -0.584875 -1.406969 6.723878 -0.759777
-0.028827 4.666059 -0.106287 -17.482906 69.931293 22.471356 5.349520 -11.916168 -1.179440 -1.102542 0.833147 -2.734691 1.643678 -8.840128 4.002235 -0.200814 -13.706968 1.100895 -1.959484 -18.152499 -3.690881 1.348808 0.933631 0.743120 29.518696 -3.003974 -16.281888 36.005743 -47.676306 18.219520 13.793040 -21.640586 -16.287231 -4.390391 -12.053912 11.254890 -0.222469 -8.986902 -6.622929 66.657609 -9.981725 22.979647 13.480888 -6.064239 5.338260 2.911434 5.031217 -2.746245 67.718987 -12.814774 41.467676 19.951495 -10.546015 9.080588 7.383790 0.423827 -4.935755 53.878754 -34.896835 17.591270 22.618380 -7.819405 1.147163 15.693953 -36.130960 18.313388 11.464147 -27.266229 -9.604967 37.286245 -14.780921 2.709363 -17.054134 0.768612 -2.021108 -9.739612 -30.609286 23.612447 -19.467892 -26.080083 29.421062 -16.378967 -4.645146 -2.391229 7.980729 -1.390997 26.974762 -54.554776 6.515609 -33.354746 -8.782959 -0.785161 -3.612271 3.318053 23.625941 25.742220 -68.585791 -11.423878 -59.660110 -5.522267 -8.452203 -1.102443 -20.531416 37.808456 40.731619 -28.656702 -10.283722 -33.144029 -47.715186 -27.472098 -48.050329 34.160449 -31.940629 3.600610 -11.126742 -19.972505 -2.808612 -32.856230 -18.872808 -9.097095 -16.473651 1.743689 -10.195947 13.817728 12.936398 -19.214702 -3.927687 24.408001 12.849982 3.482234 8.690095 -1.472693 -1.272103 6.465923 -1.111894
-0.034540 4.673885 -0.114874 -16.714541 70.224975 20.995133 5.262106 -11.350726 -1.073578 -1.105072 0.639020 -2.572909 1.774613 -8.670415 4.173041 -0.097335 -13.944938 1.377271 -1.735941 -17.882310 -3.472604 1.402560 0.956430 0.761667 29.873333 -3.171617 -17.257048 42.079258 -46.878870 22.235101 13.038913 -14.794127 -13.259470 -5.081274 -13.594342 10.582170 -0.521873 -8.912475 -6.109808 66.813990 -7.511343 23.880279 12.812061 -6.480846 5.770246 1.782384 5.768424 -2.694480 68.039162 -11.867230 42.946583 19.493733 -10.601658 10.491685 6.606123 1.663291 -5.037599 55.824560 -34.721235 21.069445 22.309678 -7.959643 1.609697 13.470641 -35.461601 18.108119 11.992665 -27.389085 -7.948030 38.094826 -16.008947 3.910414 -16.951839 1.045357 -2.003300 -10.670804 -31.614882 23.132641 -19.278105 -24.871977 28.492947 -16.587404 -4.087291 -1.877004 8.358676 -1.424060 26.559431 -54.191110 5.397232 -33.419358 -8.406141 -0.789822 -3.899644 4.290003 23.473446 24.990207 -69.595247 -12.191727 -59.523054 -6.020643 -8.636363 -1.235781 -19.832757 38.038035 39.230832 -29.327838 -11.023834 -32.680110 -47.750440 -27.657401 -47.324344 33.582034 -31.638840 3.376356 -10.891838 -20.419724 -2.673310 -33.299746 -18.673771 -9.404142 -16.966739 2.110527 -11.807915 14.531584 13.290611 -20.340938 -4.554940 24.230172 14.430384 3.667188 8.835653 -2.062876 -1.341844 6.119298 -1.463462
-0.032773 4.668206 -0.111407 -16.075090 70.742572 19.582118 5.079578 -10.861471 -1.062443 -1.113196 0.486177 -2.379851 1.905852 -8.689928 4.458757 -0.031141 -14.072777 1.533295 -1.442458 -17.943145 -3.206558 1.366615 0.842486 0.762441 30.425025 -3.454713 -17.829595 48.731368 -45.269306 26.298206 11.540088 -9.003652 -11.164108 -6.946460 -12.853662 10.720310 -1.100478 -10.110803 -6.153370 67.241893 -6.127325 25.011195 12.455862 -7.254925 5.833618 1.216874 5.712933 -2.958796 67.874471 -11.568597 44.591431 19.035458 -10.856257 11.006743 6.686673 2.457767 -5.856009 57.357822 -33.308848 24.011025 22.055349 -8.252516 2.523675 10.565702 -34.488655 16.392522 13.035438 -27.761014 -6.108965 39.151702 -17.458148 5.278895 -16.952359 1.328998 -1.876844 -11.953267 -32.408570 22.104360 -19.476914 -23.992593 27.278607 -16.501804 -3.835251 -1.833525 8.110320 -1.268102 25.730030 -54.094539 4.693249 -34.058406 -8.015109 -0.704755 -3.668037 4.847963 23.505186 24.004792 -70.424954 -12.484079 -59.418510 -5.915297 -8.855488 -1.069645 -19.583165 38.095244 38.216558 -29.534755 -11.002007 -32.311721 -48.185598 -27.972237 -47.142891 32.689797 -31.637648 2.459709 -10.273778 -20.868523 -2.120017 -33.188277 -18.787047 -9.973170 -17.163148 1.747693 -12.521660 15.032293 13.773220 -20.927910 -4.517409 24.225063 14.936643 3.838549 9.248286 -2.840685 -1.404130 5.682521 -1.808211
-0.032904 4.647265 -0.105389 -15.556581 71.615463 18.541795 4.825667 -10.317647 -1.064599 -1.112890 0.364169 -2.236378 2.023489 -8.861851 4.595146 0.003534 -14.346216 1.837485 -1.103235 -18.059669 -3.087888 1.331617 0.771810 0.803545 31.334138 -4.153530 -17.858233 53.142068 -43.231766 29.319116 9.904387 -5.314379 -9.847122 -8.206531 -10.569828 10.345047 -1.718526 -11.266412 -5.967371 67.185478 -5.214936 26.585554 11.895760 -8.193288 5.775924 0.674356 5.078828 -2.862460 67.142291 -11.416608 45.479971 18.076749 -10.790484 10.617541 6.763563 2.746826 -6.029575 58.178849 -31.985427 25.183564 21.197007 -7.871125 2.872637 7.632105 -34.186755 15.000355 13.400213 -27.380484 -4.892384 40.930992 -18.701667 6.464417 -16.958358 1.596412 -1.856055 -13.382384 -33.411998 20.894323 -19.984472 -23.282760 25.973449 -16.563522 -3.030604 -1.932708 8.718671 -0.898579 24.609136 -53.957033 3.759144 -34.219007 -7.802270 -0.966349 -3.260368 5.625042 23.209274 23.338051 -70.665403 -12.306584 -58.291203 -6.118383 -9.650407 -1.055817 -18.849590 37.929159 36.470884 -28.863769 -10.549068 -31.727935 -48.971406 -28.827578 -47.835818 32.535450 -31.649085 1.293177 -9.433667 -21.696002 -1.723849 -33.410079 -19.529600 -10.109225 -17.351573 0.935624 -13.087747 15.061231 14.212665 -21.902502 -4.071116 24.601081 14.894296 3.328755 9.333411 -2.654159 -1.378132 5.229952 -2.245924
-0.021031 4.634886 -0.113254 -15.014389 72.412096 17.397805 4.457003 -9.769729 -1.106091 -1.034346 0.286089 -1.914269 2.098273 -8.990488 4.628472 0.089453 -14.669274 2.054796 -0.712686 -18.258295 -2.900576 1.280260 0.738538 0.707951 31.993981 -4.749902 -18.004507 56.446936 -41.009772 32.402692 8.543458 -2.191807 -8.637631 -8.698985 -9.356624 10.224072 -2.446828 -12.188897 -5.992864 67.153527 -4.587761 25.945097 11.564577 -8.516438 5.686077 0.135532 4.671605 -3.174286 66.103513 -11.488003 45.233717 17.110253 -11.022724 10.070982 6.638841 3.174471 -5.950474 56.441433 -30.291474 25.418320 21.036706 -8.630930 3.887638 4.728617 -33.297184 14.068359 13.063316 -26.289546 -3.607730 42.193186 -20.677459 8.178198 -16.928047 1.779712 -1.926524 -15.149862 -34.270246 19.376568 -20.531553 -22.085307 24.332493 -16.595706 -2.383379 -2.011349 10.033310 -1.312118 23.502150 -54.348061 3.112686 -34.411717 -7.627196 -1.352294 -3.455608 6.583001 22.009606 22.565491 -71.326184 -11.816508 -57.976751 -6.223794 -10.267529 -1.339548 -18.101133 37.294318 34.805049 -27.487735 -10.075852 -30.485656 -50.835044 -28.797209 -49.988101 32.757272 -31.305205 -0.116801 -9.088570 -22.252605 -1.736897 -33.885854 -21.131890 -10.942316 -17.492722 0.427449 -13.859190 14.855201 14.341419 -22.584969 -3.816482 25.050105 15.111545 3.172726 9.256033 -3.069035 -1.619960 5.005780 -3.003491
-0.012701 4.622301 -0.105462 -14.249965 73.320177 16.298735 4.008012 -9.366550 -1.352779 -1.042348 0.320933 -1.751064 2.142769 -8.970897 4.742325 0.288737 -15.054809 2.346466 -0.440768 -18.693612 -2.942575 1.362377 0.754878 0.855767 32.311684 -4.408264 -18.322165 59.387875 -38.647647 36.552724 7.775759 -0.449301 -7.840206 -9.020240 -8.338465 9.665363 -3.934654 -12.588002 -6.544294 67.240270 -3.901137 23.864219 11.688506 -8.496922 5.248189 -1.090187 4.172487 -3.248072 65.593996 -11.811555 41.911266 15.566446 -11.030251 8.031141 5.908641 3.380080 -5.896704 54.712175 -29.697519 24.462992 21.127101 -9.461275 4.331586 0.658921 -31.265466 12.560080 12.070164 -25.245568 -3.453828 43.100008 -23.179753 9.161251 -16.716691 1.804860 -2.085899 -17.277178 -35.090479 17.697583 -21.199802 -19.908553 22.258864 -16.601575 -3.202963 -2.113066 11.105758 -1.991521 23.206030 -55.508992 2.664902 -35.141807 -7.198539 -1.202679 -3.274845 6.892755 20.998240 22.477176 -72.836355 -10.740352 -58.731212 -5.854432 -10.678950 -1.710384 -18.379759 37.107115 34.423077 -25.487586 -9.207808 -29.056079 -53.372279 -29.094975 -53.967039 32.494058 -29.390609 -1.065196 -8.034060 -23.005473 -2.253921 -34.064228 -23.230898 -11.649272 -17.702527 -0.040458 -14.105663 14.570577 14.108709 -23.142330 -3.268289 25.141819 15.062151 2.397166 9.444828 -3.737381 -1.755292 4.847495 -3.466176
-0.011240 4.602487 -0.109858 -13.729966 74.063879 15.754081 3.741704 -8.938225 -1.411215 -1.136793 0.407022 -1.655614 2.254353 -8.907682 4.754349 0.256000 -15.454869 2.396494 -0.184626 -19.166577 -2.842192 1.214660 0.932377 0.778155 32.317713 -4.189706 -18.717675 60.242552 -36.272029 39.458168 7.494927 0.517982 -7.579059 -8.622718 -6.200742 8.831691 -6.109411 -12.814007 -6.765877 67.582254 -2.791342 23.407756 12.212997 -8.761795 5.658711 -2.733904 4.363387 -2.844969 65.285793 -11.739827 40.921136 14.219029 -11.580576 6.727938 5.098015 4.703623 -5.681407 53.490355 -28.969628 25.597408 21.483205 -9.857554 4.866742 -3.658105 -27.284997 11.650236 11.553302 -24.862063 -3.165928 44.846543 -25.312007 11.152357 -16.527555 1.880123 -2.247096 -19.763723 -35.890663 15.547284 -20.977325 -17.435906 20.607346 -15.389346 -4.508068 -2.303050 11.606452 -1.509068 23.449868 -56.992387 3.015165 -36.527609 -7.093706 -1.273418 -3.037842 6.039934 21.355089 23.004362 -74.450874 -9.167573 -60.960315 -5.615619 -11.128422 -2.232305 -20.196757 38.074463 34.880460 -23.635328 -8.709333 -28.867249 -55.229831 -30.069516 -57.435950 32.013486 -27.492131 -1.565183 -7.134537 -23.883242 -2.427861 -33.651415 -25.203242 -12.207164 -17.785402 -0.175530 -14.151025 14.307589 13.414860 -24.206961 -3.113003 24.914801 15.668074 2.191195 9.610390 -4.536667 -2.075499 5.043105 -3.342221
-0.008402 4.574745 -0.112854 -13.706025 74.741016 15.900432 3.561585 -8.362611 -1.677214 -1.249372 0.272462 -1.571416 2.370285 -8.910086 4.746713 0.210674 -15.754006 2.461369 0.027279 -19.448476 -2.933592 1.193069 0.988857 0.787925 31.396868 -3.567047 -19.598169 61.038994 -34.530584 41.663836 7.520987 1.500688 -8.074957 -8.173052 -4.135506 9.200445 -8.150934 -12.651225 -6.791376 67.576538 -1.516506 24.209245 13.541294 -9.106236 6.816422 -3.967095 4.613874 -2.302895 63.590054 -10.520983 40.596189 13.951845 -12.860539 6.841577 4.838750 5.911885 -5.642940 51.992156 -29.107715 26.413656 21.969212 -9.688248 4.759721 -7.437204 -21.538303 10.386326 11.562666 -24.298061 -2.668052 47.241480 -27.314091 13.915828 -16.468290 1.753620 -2.455068 -21.780159 -36.043939 13.502561 -20.009288 -15.070448 19.262376 -13.415202 -5.888087 -1.383325 10.776912 -0.833484 23.136346 -57.931082 2.757701 -38.138377 -7.229323 -1.103669 -2.944902 4.544214 21.982315 22.661628 -75.477142 -9.069541 -63.069459 -5.623067 -11.853021 -2.480720 -21.756260 38.626327 34.488838 -23.250062 -9.058590 -28.983648 -56.317955 -31.058758 -59.248125 30.640851 -25.764483 -2.489270 -6.433953 -25.084359 -2.644054 -32.771473 -26.897177 -12.427276 -17.882723 -0.112253 -14.247622 14.025153 12.629860 -23.974136 -2.494221 24.293089 15.036023 1.717130 10.121073 -5.234527 -2.324621 4.746226 -2.923656
-0.019685 4.535370 -0.119087 -14.197495 75.603676 16.490101 3.436495 -7.748216 -1.938196 -1.352616 0.092200 -1.584124 2.471192 -8.881038 4.636275 0.122937 -15.965166 2.529091 0.346120 -19.989893 -3.006849 1.109592 0.843147 0.765948 30.296944 -2.549600 -20.766669 62.036499 -33.632775 43.780229 7.337101 1.957154 -9.299776 -7.508553 -2.272904 10.224343 -9.717945 -13.165058 -6.311750 66.400381 -0.270150 25.898945 14.346928 -9.709862 8.058401 -5.003512 5.170083 -1.179525 60.216727 -9.189897 40.887337 13.625612 -13.611439 8.475312 4.986562 7.182852 -4.858561 49.501745 -28.329579 26.635112 22.533924 -9.617319 4.731034 -10.180736 -17.673483 10.058575 12.337366 -23.982294 -1.867017 48.068364 -27.750456 14.976158 -16.601910 1.462850 -2.874904 -23.265435 -36.395535 12.144119 -19.213867 -12.260455 18.010723 -10.772812 -6.465549 -0.663773 9.426110 -0.155652 22.477900 -58.237688 2.140505 -39.602903 -7.595088 -0.035252 -2.441825 2.931377 22.365602 22.420600 -75.626174 -8.752403 -64.366441 -5.929903 -12.447545 -2.516344 -22.700369 38.214989 32.945992 -22.509204 -9.362422 -28.556016 -57.112218 -31.540236 -59.779900 29.394162 -23.473596 -3.237410 -5.652202 -26.033456 -3.542182 -31.496068 -28.713594 -12.297594 -18.100982 -0.098961 -14.372507 13.710627 11.787339 -24.351983 -2.134564 24.043257 14.821339 1.890998 9.856221 -6.160586 -2.364300 4.202741 -3.026920
-0.021878 4.502726 -0.113816 -15.198155 76.694450 17.539309 3.320695 -7.105089 -2.386854 -1.387349 -0.299046 -1.418536 2.459078 -8.732724 4.544181 0.006836 -16.129282 2.575485 0.455689 -20.656383 -3.116771 1.058245 0.709031 0.903053 29.538883 -1.445940 -22.337970 62.739731 -32.450583 45.874108 7.662841 1.859877 -10.539812 -6.889935 -0.056778 11.396429 -10.286388 -13.141744 -6.500892 64.093176 1.215915 28.298523 14.532047 -9.879834 9.709104 -5.451678 6.374343 -0.253598 56.019669 -8.499427 42.082831 12.866041 -13.892418 10.772302 5.021641 8.995208 -3.705006 46.832355 -27.202380 27.016283 22.445311 -10.058578 5.450708 -12.125173 -13.953797 9.847113 13.028993 -22.461929 0.043134 47.968643 -27.731087 17.128568 -17.062225 1.492856 -3.722556 -24.347173 -36.891726 10.698422 -18.309401 -10.747598 16.688838 -8.162853 -6.631844 1.008717 7.653060 0.778810 21.830841 -58.484000 1.519761 -41.035077 -8.750725 -0.995245 -2.857779 1.093677 23.292737 22.126468 -75.319957 -8.248133 -66.171773 -6.513294 -12.659930 -2.310094 -22.785503 38.577698 31.523649 -22.360183 -9.137777 -28.914254 -57.270315 -31.785772 -60.026674 28.459214 -21.065402 -4.157407 -4.886145 -27.370301 -4.267347 -31.839874 -31.546324 -12.375030 -18.298968 -0.490541 -14.501399 13.171068 10.992719 -24.383302 -1.812375 23.746691 14.466491 1.414304 9.525745 -5.707929 -2.366094 4.088988 -2.567121
-0.024437 4.488715 -0.112718 -16.958648 77.985309 19.555324 3.189343 -6.286342 -2.898852 -1.306624 -0.943486 -1.333793 2.395590 -8.670542 4.368957 -0.039319 -16.352537 2.538247 0.516179 -21.258744 -3.007476 1.037640 0.619586 0.942602 29.294784 0.174018 -23.795041 63.088678 -30.560057 47.858347 7.670699 1.064564 -11.326432 -6.931591 1.874172 12.450960 -10.123459 -12.674278 -6.632606 61.048046 2.788356 31.082886 14.531962 -9.696893 11.652408 -5.322182 7.673153 0.721134 51.795389 -7.990288 42.896570 11.650156 -13.209849 12.921949 5.757899 10.849607 -2.068454 43.071963 -25.690348 26.750743 22.031776 -11.021018 5.796312 -13.818940 -9.579773 10.246835 12.576176 -19.639582 1.809362 47.921902 -28.189835 20.420215 -17.520275 1.512870 -4.775419 -25.202785 -37.304426 9.435331 -17.507706 -8.997516 15.167786 -5.109553 -7.400106 2.814030 6.287145 1.297294 21.046324 -58.885235 0.069281 -42.870905 -8.950885 -0.829564 -3.042061 0.228930 23.783926 21.582666 -76.155375 -7.819391 -68.226947 -6.912039 -12.642112 -2.037372 -22.086758 39.008046 29.924436 -22.475081 -9.125963 -29.411025 -58.383402 -31.299674 -61.837138 27.815807 -19.742743 -5.471249 -4.215247 -28.713194 -4.189545 -31.663095 -34.679237 -12.399076 -18.549673 -1.175180 -14.829660 12.770480 10.214603 -24.618422 -2.095270 23.812446 15.112034 1.519070 8.859499 -6.110764 -2.218223 4.211536 -2.486665
-0.021982 4.476700 -0.108779 -19.350439 79.267750 22.011226 3.063712 -5.228865 -3.209228 -1.174113 -1.568195 -1.388358 2.331351 -8.809384 4.319754 -0.117792 -16.548448 2.425013 0.457838 -22.026738 -2.903704 1.203489 0.580632 1.163631 29.456515 2.042460 -24.631242 63.197142 -28.700342 49.938777 7.460196 0.503099 -11.386465 -8.318378 2.442668 12.912471 -9.494975 -12.141545 -7.234808 58.551859 4.413918 33.127722 14.152627 -8.764912 13.338263 -4.757964 9.240191 0.666509 49.162315 -7.870268 44.083238 10.449446 -12.163309 14.111020 6.994801 12.312079 -1.328908 39.918344 -24.501661 26.764963 21.726647 -12.348558 6.278467 -15.140683 -6.603561 9.987535 12.006374 -17.379336 3.471573 46.851260 -27.972307 21.643882 -18.019814 1.525435 -6.026674 -25.447567 -37.754945 8.226782 -16.790279 -8.165460 14.113319 -2.263121 -6.865097 4.998024 5.433228 2.348232 20.535852 -58.927171 -1.887655 -44.494735 -6.632543 1.038700 -2.554606 0.243082 23.781848 20.667917 -76.773355 -8.065910 -68.925461 -7.377550 -12.145755 -1.562017 -20.119503 38.468461 28.127356 -22.935000 -8.871562 -29.933485 -59.234483 -31.037029 -62.676170 27.338784 -17.686401 -6.592413 -3.449173 -29.971561 -4.272840 -32.351335 -39.079977 -13.663222 -18.846467 -2.005192 -15.210982 12.163070 9.407191 -24.855272 -2.826989 23.299751 16.670028 1.753938 8.421676 -6.686677 -2.103889 4.025551 -2.478696
-0.027919 4.475496 -0.132249 -22.407490 80.351245 25.318900 3.155904 -4.465304 -3.381533 -1.220720 -1.880181 -1.449935 2.285046 -8.964178 4.289091 -0.255815 -16.765174 1.994939 0.363985 -22.761137 -2.581021 1.099588 0.410241 1.022753 28.921085 3.421420 -24.490537 63.188243 -28.057338 51.228510 7.766071 -0.039226 -10.978060 -11.005510 2.581149 12.811376 -8.824954 -11.137425 -7.742802 56.949683 4.963323 33.604886 13.136466 -7.316697 14.478155 -3.980497 10.550767 -0.122738 47.714024 -7.677765 44.648258 9.633510 -10.804620 14.203190 8.300010 13.453991 -1.698273 37.718200 -22.684113 26.062068 21.616707 -12.703306 5.976349 -15.990441 -5.173126 8.859439 11.812813 -16.323016 4.173905 46.371945 -26.995755 21.664696 -18.490719 1.538290 -7.169141 -25.627931 -37.862198 7.053830 -16.738091 -7.189824 12.672635 -0.312661 -5.995767 7.540677 4.378452 4.492838 20.405761 -58.751814 -3.362810 -47.024951 -6.381062 1.083944 -2.629422 -0.087695 24.020242 20.433660 -77.261357 -7.019511 -69.799963 -7.538082 -11.505438 -1.604252 -18.247824 38.084879 26.153688 -23.629955 -8.860724 -30.625036 -60.258609 -30.114818 -63.231474 27.013049 -15.822123 -7.276513 -2.638991 -30.673471 -4.397346 -33.602898 -43.460950 -15.500721 -18.950780 -2.901923 -15.580604 11.657611 9.045162 -24.614661 -3.383821 22.621994 17.203946 1.662288 8.475516 -6.347918 -2.057235 3.952360 -2.356959
-0.027059 4.479941 -0.144228 -26.110038 81.275332 29.452995 3.347471 -3.712690 -3.522598 -1.278622 -1.903788 -1.526372 2.155392 -9.235805 4.087925 -0.384375 -17.006091 1.717003 0.378692 -23.529026 -2.295981 1.061198 0.363081 1.075701 27.948986 4.731753 -23.988297 62.432474 -27.097787 51.612748 7.943198 -1.224860 -10.551764 -13.899274 2.085554 12.659672 -7.984015 -10.088036 -8.099698 56.077204 4.765594 33.188654 11.489945 -5.693315 14.635565 -3.205421 11.525645 -0.830214 47.454326 -7.581768 44.833873 8.719529 -10.032984 13.151374 9.295115 13.995144 -2.374404 36.472787 -20.649728 25.662390 21.548117 -12.755003 5.766587 -16.337057 -3.742597 7.515611 11.898790 -15.781449 4.832628 45.228894 -25.188040 20.982481 -18.690743 1.451753 -8.140473 -25.978676 -37.665643 5.795276 -17.142898 -6.192985 11.249102 0.385748 -4.079659 10.311269 2.706768 5.938996 20.534826 -58.351513 -4.012182 -49.662683 -6.108898 1.034419 -3.424624 -0.116122 23.261242 19.651208 -77.339094 -5.878626 -70.252529 -7.826876 -10.433695 -1.799030 -16.368062 37.000772 23.669030 -23.102675 -8.481472 -30.769945 -61.909682 -29.124101 -64.422760 27.018417 -11.935749 -8.477785 -2.264036 -31.774736 -5.377069 -36.555041 -51.055325 -20.702800 -19.158418 -3.721014 -16.077128 11.140134 8.742662 -25.011974 -4.786293 21.988347 18.388585 2.150647 8.551781 -6.080168 -2.287858 3.856092 -1.607535
-0.028434 4.499838 -0.139010 -29.623689 81.866249 33.462797 3.664937 -3.190051 -3.607788 -1.430366 -1.755872 -1.575449 2.054472 -9.469598 3.794533 -0.499556 -16.923796 1.604133 0.255121 -24.309818 -2.294339 1.027601 0.343694 1.041498 26.732325 6.141154 -23.563297 60.271263 -27.039364 50.868075 8.424609 -3.372671 -10.176353 -15.217350 0.902279 12.965792 -6.526381 -10.014844 -8.593684 54.723561 3.743687 30.846874 9.439151 -4.553839 13.194032 -2.176933 11.995067 -1.836791 47.947055 -7.938049 43.936352 8.035835 -9.465832 11.123069 9.866526 14.218983 -3.073603 35.803040 -19.859447 25.138265 21.164773 -12.927101 5.005112 -16.465395 -2.659535 6.401322 12.172544 -15.644672 4.752237 44.429690 -23.598510 19.552440 -18.611345 0.973342 -8.406278 -26.364367 -37.277208 4.385969 -17.838741 -5.844566 9.833539 0.235198 -0.891137 12.750140 0.845081 6.836877 20.525371 -57.011314 -4.037852 -51.776316 -5.676666 0.984498 -3.352503 -0.862312 22.428323 18.918925 -76.283906 -4.425050 -70.620460 -7.652274 -9.429587 -1.478029 -15.299011 35.879052 21.673984 -22.268008 -8.135214 -30.895319 -61.708364 -27.543021 -65.264883 27.197911 -7.618861 -9.323704 -2.914473 -30.622668 -8.344545 -46.672846 -60.840776 -33.465054 -19.304349 -4.257616 -16.747675 10.668785 8.937687 -25.590564 -6.327699 21.992220 19.375404 2.897171 7.927763 -5.528673 -2.068108 3.800741 -1.305769
-0.021877 4.526042 -0.129613 -31.963340 82.273392 36.519145 4.013912 -2.793458 -3.624311 -1.676504 -1.464705 -1.727895 1.786179 -9.733895 3.353161 -0.736331 -16.976992 1.543226 0.161798 -24.958419 -2.478984 0.948660 0.218877 1.020908 25.607992 7.360462 -23.634677 56.998278 -27.483982 48.962141 9.313428 -5.626086 -9.729313 -14.801922 -0.365060 13.254303 -5.416610 -10.422684 -9.496765 52.954789 3.151762 27.921413 8.733933 -3.792934 11.732927 -1.250052 11.783087 -3.031309 48.352326 -7.834653 42.051508 7.829573 -9.114171 9.260294 10.126945 14.362930 -3.991677 35.653150 -19.406442 24.519600 20.835803 -13.075324 3.417294 -16.911085 -2.346712 5.224335 12.491272 -15.389905 4.010326 43.504176 -21.855804 17.069788 -18.488705 0.772427 -8.245864 -26.724597 -36.452868 2.750831 -18.400897 -5.510417 8.462622 -1.464233 1.900411 14.630068 -0.568291 6.976186 19.800771 -54.329440 -2.752396 -52.179801 -4.910506 1.045457 -3.449944 -1.401134 21.593116 17.932684 -74.719668 -2.182774 -70.665360 -7.342032 -8.836735 -1.140833 -14.332711 34.738870 19.714498 -21.066216 -7.090799 -31.148679 -61.263002 -25.919040 -65.929513 28.090871 -3.431585 -10.160749 -2.816579 -29.931468 -11.536273 -67.245689 -67.404502 -59.053416 -19.435111 -4.515490 -17.562736 10.240865 9.236568 -26.615502 -7.758826 21.818953 20.129271 3.529356 8.254730 -5.583967 -1.968519 3.614760 -1.190062
-0.020802 4.551312 -0.119259 -33.328302 82.900073 38.472495 4.187048 -2.720419 -3.575925 -1.823694 -0.969084 -1.847243 1.544365 -9.945078 2.944878 -0.892258 -17.195535 1.563808 0.082120 -25.553055 -2.543580 0.925056 0.213357 1.146006 24.801917 7.815674 -23.373760 51.638596 -28.499335 45.227028 10.371387 -7.818037 -9.749653 -13.137553 -0.591933 13.226178 -4.209372 -12.302900 -10.676957 51.104539 2.833888 24.332388 8.933492 -3.268525 10.539787 -0.239246 11.037507 -4.013526 48.507008 -8.011981 39.465129 8.298015 -8.929701 7.600815 10.337695 13.883205 -4.440282 36.044436 -18.769551 23.699640 20.179296 -12.619119 1.749735 -17.643080 -2.948677 4.193360 12.962361 -14.901115 3.475913 42.340084 -20.544770 14.337241 -18.177885 0.502255 -7.786821 -27.040718 -36.099670 1.544566 -18.985772 -5.804074 7.428292 -2.973421 3.253347 15.341939 -1.285032 6.576349 19.285982 -53.799244 -1.192275 -52.749702 -4.621740 1.339804 -3.543978 -1.918603 21.399691 17.588429 -74.391674 -0.605753 -71.485995 -6.749989 -8.030605 -1.008493 -14.106197 34.454866 18.956887 -20.797366 -7.093130 -31.367485 -60.266012 -24.679530 -65.974122 28.707646 -2.868353 -10.555266 -3.126292 -29.804788 -14.525496 -80.502002 -69.298465 -75.297621 -19.805189 -4.626854 -18.689281 10.022016 9.599120 -27.957867 -8.999751 21.687197 20.408637 4.221147 9.081399 -5.678810 -1.639878 3.291397 -1.381301
-0.017318 4.598850 -0.096164 -33.558391 83.338561 39.364046 4.377918 -2.748743 -3.402381 -1.939306 -0.346340 -1.862892 1.281958 -10.030371 2.598092 -1.157031 -17.429501 1.523508 -0.198491 -26.049117 -2.858662 0.813864 0.126055 1.057144 24.240659 8.493398 -23.394765 45.242069 -30.102510 40.582073 12.076691 -9.849619 -9.552964 -12.027875 0.458436 12.035017 -2.769136 -14.635472 -12.072127 49.485965 2.353016 21.178109 9.658560 -3.672886 9.333052 1.488735 10.354351 -4.574246 48.561936 -8.857454 37.189952 9.144792 -8.647236 6.251246 11.531604 13.710368 -4.591714 36.314194 -18.309971 22.794399 19.610985 -11.801133 -0.192180 -17.296565 -3.706561 2.950723 13.756850 -14.949870 3.088927 40.529284 -18.088328 11.385741 -17.429154 1.085510 -6.745341 -28.200626 -36.254369 -0.732063 -19.419760 -6.452218 6.723006 -4.520118 4.120545 14.925567 -2.016938 5.949894 18.748021 -54.063305 0.562397 -54.023983 -4.745141 1.442616 -3.945782 -2.421195 21.323952 17.699578 -74.001548 0.833379 -72.797036 -5.914169 -7.643848 -0.965233 -14.559272 33.735789 18.632433 -21.822444 -7.371532 -32.889316 -58.322587 -25.658206 -64.162239 28.760689 -4.791894 -11.279763 -3.584146 -30.728690 -15.933686 -77.395589 -70.514907 -72.688248 -20.284336 -4.629840 -20.098862 10.107539 10.358065 -29.494066 -10.482749 21.692461 20.540919 4.596181 10.003275 -5.032364 -1.451465 2.935882 -0.878532
0.002304 4.645921 -0.074859 -32.531260 83.387795 38.840181 4.831185 -2.940196 -2.982038 -2.068573 0.443622 -1.849482 1.039397 -10.006371 2.288580 -1.488124 -17.518989 1.380786 -0.484604 -26.608949 -3.198658 0.726021 0.251296 0.902061 24.156260 9.769421 -23.616240 37.645638 -30.654945 35.343734 13.380486 -12.676791 -10.124008 -11.081042 3.033810 9.921193 -0.850752 -15.988472 -12.969544 47.735301 2.480144 19.001558 10.171635 -3.778104 8.838788 3.508335 10.415561 -4.548674 48.502765 -9.251451 36.374875 10.185889 -7.936582 5.434869 12.918567 14.407543 -4.081179 37.176521 -18.087613 22.886153 19.416948 -10.678384 -1.220897 -15.918767 -4.678749 2.327868 15.164551 -15.094285 2.864218 38.492996 -14.994688 8.333593 -16.606716 2.193926 -5.443125 -29.970622 -36.603130 -3.517245 -19.365100 -7.083286 5.847421 -6.474967 3.749898 13.851239 -2.744831 5.761771 18.570927 -53.654779 2.026390 -54.636743 -5.994203 1.844844 -4.372894 -2.925380 21.752682 18.643286 -73.071005 1.611704 -74.110441 -5.824986 -7.924853 -1.851917 -15.434459 33.232866 19.444152 -22.375676 -7.451049 -33.759048 -56.828760 -26.781201 -62.631058 29.123568 -8.316273 -12.562703 -4.062505 -33.909701 -16.723534 -58.017934 -70.868257 -51.492137 -20.403269 -4.583658 -21.240437 10.190569 11.365582 -30.657419 -11.751170 21.647681 21.090744 5.304084 10.804344 -4.555797 -0.733490 2.232887 -0.744336
0.023479 4.696615 -0.042850 -29.658697 83.259366 36.416019 5.036777 -3.320151 -2.557166 -2.058303 1.187888 -1.835479 0.935243 -9.902413 2.138494 -1.850168 -17.214048 1.176249 -0.789879 -26.897373 -3.459304 0.639809 0.326465 0.924903 24.027214 11.098612 -23.878019 29.167584 -29.808700 29.060360 14.822644 -16.113944 -11.559603 -9.735631 6.608242 6.861167 0.796662 -15.775051 -13.913064 45.843935 2.655950 16.444762 9.653460 -2.932257 7.956309 5.158571 11.663172 -4.795319 48.072501 -8.722094 36.000340 10.782630 -6.484046 4.878831 13.906218 15.498914 -3.622228 36.842579 -17.176369 22.432062 19.338278 -9.303018 -1.052019 -13.963872 -5.241603 1.940029 17.067448 -14.703419 3.101046 36.404803 -11.800874 5.287434 -16.078106 3.347858 -4.102933 -30.779895 -36.561786 -5.324151 -19.883257 -8.323425 5.469334 -7.938998 3.153093 12.209496 -3.416760 6.319701 17.920801 -53.167486 2.503839 -55.912234 -7.279589 0.397804 -4.844037 -3.457188 23.060683 19.233345 -72.152746 1.664906 -76.267379 -5.599050 -8.431841 -2.340369 -16.398747 33.863333 20.819888 -22.353071 -7.942852 -33.853914 -56.536535 -27.344245 -62.336565 29.095029 -11.257379 -14.241620 -3.800521 -35.357286 -14.633055 -43.883385 -67.604947 -35.235542 -20.468210 -4.421433 -22.295255 10.272187 12.351603 -31.168794 -12.580566 21.425303 21.261878 5.270037 11.535213 -3.930424 -0.622254 1.854942 -0.517395
0.043026 4.747439 -0.003079 -25.833376 83.053702 33.012336 5.030807 -3.746384 -2.242180 -2.178237 1.817107 -1.866321 0.977292 -9.739753 2.077631 -2.122661 -17.156770 1.206271 -1.121831 -26.949660 -3.916350 0.475380 0.555694 0.926561 23.220600 12.204149 -24.137504 22.147787 -26.432833 22.921726 14.873027 -20.244501 -14.302766 -8.328280 9.848979 4.331283 2.215481 -14.318333 -14.354007 43.058649 2.393141 14.175313 9.475605 -1.637171 7.291862 5.588601 13.933804 -4.990901 48.283288 -7.255050 35.545655 11.222528 -5.002680 5.246781 13.845311 17.148828 -3.610197 36.247158 -15.740955 21.444514 19.280592 -7.709146 -0.317971 -12.577280 -6.137689 1.202707 19.110559 -12.260949 2.747682 34.403300 -9.083043 3.330383 -15.381679 4.524569 -2.537491 -31.183777 -36.471173 -7.134660 -20.558773 -10.136420 5.669321 -9.558685 1.313353 9.344488 -3.292224 7.361195 18.198409 -52.559906 2.220193 -56.799734 -7.456675 0.059099 -5.470485 -3.888818 25.060435 20.843236 -71.941846 0.651735 -77.720494 -5.030092 -8.825711 -2.517979 -17.740613 34.560219 23.013712 -22.995130 -8.985036 -34.338700 -55.617439 -28.842903 -60.852479 28.774419 -14.604557 -16.255648 -3.158016 -36.460824 -11.848690 -30.593947 -60.300758 -19.385816 -20.446990 -4.238496 -23.283739 10.648168 13.538028 -32.103041 -13.138009 21.144446 20.931431 5.569892 11.133379 -4.038938 -0.588342 1.396434 -0.869608
0.075870 4.789374 0.004629 -22.088119 82.394220 29.578255 5.044662 -4.084562 -2.020985 -2.220213 2.383813 -1.944937 1.065371 -9.625618 2.026000 -2.375555 -16.853056 1.277978 -1.253058 -26.790539 -4.365308 0.448736 0.581555 0.931700 22.048682 13.451877 -24.991996 17.403053 -21.659021 17.867512 14.851855 -24.934764 -17.194309 -7.799226 12.204839 2.533506 3.939464 -13.298475 -13.629543 40.203307 2.638612 12.601219 9.396828 -1.690727 7.801207 4.854064 16.601524 -5.776148 48.671413 -5.962048 35.906552 11.383403 -4.081295 6.409374 12.626337 18.990253 -4.820339 36.450190 -13.938320 20.522305 19.507949 -6.797015 1.123596 -12.549878 -8.568474 -0.183137 20.538171 -9.161268 2.437990 31.627390 -6.568001 0.485376 -14.837707 5.549289 -0.818970 -30.587954 -36.069679 -8.076637 -21.338126 -12.280101 6.097387 -10.924220 -1.131994 5.849674 -2.506919 7.640735 19.165980 -53.519668 1.878806 -56.563959 -7.688544 -0.671112 -4.701370 -4.510918 27.602488 23.273917 -72.860512 -0.992434 -78.642776 -4.625729 -9.075322 -2.248961 -20.097479 35.495633 26.632377 -23.706853 -10.015683 -33.996545 -55.875502 -29.904144 -60.059215 29.739283 -17.644557 -15.733040 -2.290759 -37.505731 -7.919021 -24.438286 -52.053523 -10.854657 -20.039605 -4.126759 -23.831797 11.060695 14.544775 -33.120853 -13.184344 21.750409 21.176821 5.643868 10.846858 -4.465064 -0.670397 1.256181 -0.981222
0.093745 4.815706 0.012273 -19.997454 81.714452 27.777134 4.935643 -4.743897 -1.871687 -2.332664 2.708999 -2.056789 1.177847 -9.462962 1.972757 -2.531480 -16.508526 1.400651 -1.335889 -26.339290 -4.886781 0.575377 0.652676 1.066206 20.724507 14.966688 -26.379138 14.098712 -15.529134 13.493951 14.840600 -31.159178 -20.253907 -8.184687 14.249803 1.262082 5.474064 -11.032962 -13.393470 38.389776 3.317900 12.793936 8.872126 -1.184498 8.552405 4.143958 20.622825 -7.372296 48.424324 -4.735985 37.662529 11.786533 -4.202480 8.057435 11.132749 22.467441 -8.044775 36.617314 -11.841662 21.002997 20.019653 -6.072521 2.997797 -12.248104 -10.272294 -1.520619 21.790297 -6.463638 2.020824 28.783473 -3.951034 -0.731323 -14.477182 6.248074 0.630176 -28.839021 -35.486804 -7.728751 -21.734271 -15.350483 7.401079 -12.708949 -4.414704 1.384150 -0.517914 7.116741 19.802876 -55.889146 1.141708 -54.645538 -7.361403 -1.730480 -4.113253 -4.359430 30.856115 26.248991 -76.323878 -3.459865 -79.660491 -4.097668 -9.396219 -1.897910 -22.689443 36.581847 31.701375 -25.711717 -11.592083 -33.850135 -56.801608 -29.695303 -58.366688 31.666127 -19.892603 -12.990157 -2.007262 -38.061759 -3.907700 -21.656274 -44.586502 -6.649989 -19.543454 -4.086825 -23.891181 11.852400 15.404526 -34.349033 -12.751898 22.353742 21.472185 5.373254 10.552354 -5.086015 -0.599140 1.191998 -1.449531
0.113189 4.842588 0.013522 -18.323141 80.872714 26.300340 4.789836 -5.545944 -1.718729 -2.567655 2.994712 -2.248498 1.308842 -9.053962 1.932366 -2.609158 -16.128631 1.282657 -1.235881 -25.932850 -5.131538 0.665345 0.759110 1.118511 19.166701 16.021761 -27.212889 10.380846 -9.681410 9.529318 15.330293 -38.115066 -24.789095 -10.077583 17.638542 1.765646 7.066985 -9.181942 -12.915905 36.531808 5.246412 12.639972 7.694726 -0.994334 8.945148 3.718932 23.269982 -7.561162 47.973853 -2.601995 38.852914 11.818406 -4.496716 9.037760 10.053170 25.111660 -9.153236 36.860197 -10.544931 20.709654 20.125505 -5.452546 3.373378 -10.580712 -9.383816 -2.059699 21.143468 -5.010895 2.745463 26.551441 -2.973266 -0.983552 -14.080512 6.400081 1.305721 -26.369605 -35.016864 -6.036930 -21.607413 -19.528631 9.539442 -14.369660 -6.150054 -1.954744 1.968305 6.212357 19.061899 -59.247872 -0.389700 -50.646286 -6.796511 -2.836613 -2.789447 -3.072302 34.361333 27.552733 -80.532544 -6.382242 -80.867508 -3.339177 -8.960427 -2.337599 -24.850634 38.935131 36.712395 -27.045305 -12.772335 -34.683922 -59.261495 -29.413392 -60.186067 32.800930 -23.735454 -8.763353 -3.778640 -36.261294 -2.504405 -20.323476 -37.354381 -5.130652 -18.955718 -4.218066 -23.324867 12.610047 16.143862 -35.101038 -11.837823 22.474749 21.229824 3.694724 9.556726 -4.951301 -0.656794 1.086001 -1.823616
0.141728 4.860632 0.018677 -16.673079 80.092734 24.833416 4.592970 -6.022293 -1.598493 -2.773904 3.073082 -2.412043 1.354934 -8.753288 1.900862 -2.670164 -16.001649 1.165637 -1.075742 -25.636215 -5.458456 0.642925 0.950598 1.109344 17.524724 16.775572 -27.350062 6.586500 -4.936812 6.107322 16.923875 -45.346985 -29.484804 -14.346192 21.680970 1.463520 6.064023 -7.908955 -11.520404 33.534455 7.218265 10.419889 5.773352 -1.965071 8.259850 1.060989 24.688257 -6.609734 46.938338 0.275481 37.779470 12.036049 -4.923938 10.213321 6.953408 26.701544 -9.342504 36.340939 -9.163127 18.346403 19.834212 -4.776827 3.174860 -10.266023 -6.383341 -1.646917 19.019497 -2.771294 2.399937 25.281264 -3.991631 -0.234433 -13.598929 6.513055 1.968019 -23.821185 -34.355915 -4.065534 -20.592073 -24.497183 13.714385 -14.074242 -4.914608 -3.009098 4.916992 6.478907 19.012527 -62.371633 -1.135601 -47.459962 -6.012936 -3.231773 -2.856780 -1.193799 37.969424 27.593362 -84.280426 -8.329007 -82.108982 -3.078813 -9.476259 -2.612857 -26.868567 42.206054 40.599586 -28.461806 -13.603597 -36.394002 -61.751348 -29.036690 -62.005310 33.349253 -28.394794 -4.832466 -6.394418 -33.028163 -2.374165 -20.562724 -32.142037 -4.444927 -18.300672 -4.723002 -22.153542 13.564011 17.054938 -36.125513 -10.918913 22.804931 20.564467 2.147789 10.002916 -4.423706 -0.994536 1.473231 -1.941567
0.172561 4.864521 0.015255 -16.585786 79.044701 24.739804 4.526550 -6.152494 -1.594421 -2.852938 3.032733 -2.551696 1.383697 -8.528593 1.973231 -2.604527 -15.907005 1.097077 -0.972798 -25.649416 -5.710274 0.541399 0.956223 1.144289 15.854844 17.030558 -26.689882 3.187988 -0.529301 3.173937 19.363463 -52.530393 -32.612586 -19.326461 25.007950 0.576844 3.544561 -7.902209 -9.514413 31.860753 6.920785 7.531939 4.712786 -2.474767 5.958024 -3.490072 24.667414 -6.078569 46.259891 0.292628 35.738485 13.008782 -5.697525 10.714700 1.995125 25.895041 -8.867844 36.582815 -8.692497 15.489792 18.826190 -5.469207 1.662858 -10.843902 -6.077619 -1.368867 16.859680 -1.934448 1.234469 25.299857 -6.836057 0.375570 -12.954431 6.569560 2.336887 -21.728681 -33.874941 -1.925428 -19.069516 -28.789018 18.493385 -12.549357 -4.129653 -3.047169 9.839770 7.810102 20.344634 -64.806365 -0.373725 -45.346089 -5.889601 -3.300637 -2.538010 1.250738 41.890587 27.850252 -86.064926 -11.002604 -83.305432 -3.214054 -11.089699 -4.090470 -28.576161 45.908424 44.748995 -29.669600 -14.799505 -36.919153 -63.053737 -28.649640 -62.991759 34.684766 -33.313385 -0.297838 -8.798936 -29.163335 -0.857600 -21.711903 -24.656433 -3.904433 -16.878712 -5.222230 -20.238398 14.013797 16.796079 -37.342167 -10.546145 22.632045 21.004008 1.313687 10.397648 -3.307323 -1.273161 1.368853 -1.373823
0.202630 4.855826 -0.006667 -16.849953 77.880998 24.894224 4.394084 -6.237515 -1.556584 -2.806428 3.170428 -2.679667 1.399709 -8.403231 2.103319 -2.404514 -15.809408 0.891865 -0.722569 -25.705995 -5.707739 0.648712 1.131794 1.141130 14.938518 16.461410 -25.597268 0.247022 2.267972 0.992177 21.152126 -59.484828 -36.137736 -23.707602 25.244306 -0.085611 0.244880 -8.065757 -9.595773 31.560579 5.953091 5.486236 3.510950 -2.929453 3.098585 -7.956602 23.939617 -5.549921 47.386531 -2.443849 31.315323 14.144874 -7.412062 10.089074 -3.107697 22.494918 -9.038369 37.872933 -8.159407 12.292176 19.034463 -7.564877 0.351756 -11.766689 -8.373257 -1.559698 15.547151 -3.226445 -0.140439 26.536469 -9.998974 1.101133 -12.379192 6.297416 2.340232 -20.204269 -33.485679 0.229629 -18.206220 -31.696591 22.067616 -10.898126 -3.776131 -2.518832 13.464395 10.778500 19.588561 -66.964322 -0.932492 -45.626267 -5.722757 -3.720523 -1.725356 3.419940 44.731784 28.235688 -86.819892 -11.346121 -83.467206 -3.408047 -11.859542 -4.639029 -28.896083 49.055769 47.706444 -31.271906 -14.976455 -38.926872 -61.641608 -29.339488 -61.785949 34.448039 -35.442871 1.645317 -9.655009 -25.479633 0.330236 -22.893286 -20.672731 -3.526808 -15.166908 -5.799309 -17.975782 14.400685 16.587452 -37.724209 -10.451190 22.397111 22.163079 1.629527 10.422668 -3.028839 -1.703396 1.117215 -0.965380
0.223436 4.833581 -0.022313 -17.999250 76.559414 25.935491 4.500479 -6.543454 -1.551357 -2.732145 3.412480 -2.801145 1.399446 -8.272010 2.222188 -2.311196 -15.728450 0.751186 -0.432109 -25.527550 -5.800817 0.713716 1.297445 1.037164 14.205359 15.227806 -24.463574 -2.870671 2.825210 0.110429 21.572926 -66.500129 -40.533812 -25.797418 20.104863 -0.797427 -3.187518 -8.435543 -10.656860 32.333712 2.677969 6.628819 3.668263 -2.434382 1.061908 -10.589998 19.816354 -5.390961 48.647106 -6.847756 26.953014 17.358564 -9.433049 7.415809 -5.514080 15.639332 -9.437015 37.515252 -11.784996 7.847563 21.272365 -9.393212 -2.257407 -10.680714 -13.258276 -2.147100 14.128891 -4.872825 -1.792554 27.286602 -12.651001 1.328171 -11.994128 5.962765 2.026763 -18.753408 -33.262676 2.547912 -18.035929 -33.506506 24.819872 -9.468466 -3.206324 -1.604793 17.255910 9.475316 22.022484 -68.232420 3.025686 -43.083350 -6.141095 -4.094158 -1.072821 5.679544 45.861616 28.097358 -87.753500 -10.386591 -82.609479 -3.027110 -11.423786 -3.898001 -28.087961 51.481672 48.896578 -31.983638 -14.861626 -40.328045 -60.547100 -30.736533 -60.504931 34.264922 -37.079113 1.572029 -9.532439 -22.808931 1.381886 -23.333096 -18.031842 -2.750067 -13.725384 -6.097940 -15.949964 14.911552 16.764936 -38.081088 -10.896966 22.718802 21.982797 1.871726 9.005807 -3.021513 -1.967674 1.173400 -0.858482
0.236331 4.794648 -0.040617 -20.236518 75.387879 28.017264 4.724629 -6.844962 -1.427903 -2.579761 3.504243 -2.943255 1.379591 -8.042935 2.190019 -2.191329 -15.659049 0.662578 -0.205282 -25.325419 -5.959785 0.619062 1.247347 0.876729 13.559825 13.610748 -23.610779 -5.398942 1.110986 0.830300 16.731297 -74.578915 -49.186260 -27.760417 15.424779 -2.563193 -2.426214 -9.291475 -11.147913 36.117334 -1.291878 9.747122 5.019465 -3.240860 1.238291 -8.095985 15.688107 -5.562544 51.356561 -13.701795 28.057870 18.854702 -11.400248 3.073012 -1.981135 9.622165 -9.537234 35.410563 -18.101865 7.430297 20.740609 -10.744344 -3.948735 -4.623439 -19.287417 -2.465266 13.596739 -8.284743 -1.118233 27.838810 -13.489271 2.580870 -11.698756 5.768125 1.517438 -17.647061 -33.499193 4.355954 -17.867655 -34.920469 27.023397 -8.418639 -2.724443 -0.408338 20.327203 9.646932 22.007318 -69.218834 4.355558 -41.586870 -6.758881 -4.491627 -1.351934 8.539296 46.473401 27.325891 -88.417123 -9.461488 -81.432581 -2.543375 -10.342765 -3.144229 -26.320221 53.284633 48.886085 -33.282236 -15.981081 -40.732457 -58.876279 -31.541535 -57.895509 34.396412 -36.877663 0.924937 -9.933866 -21.674467 1.513623 -23.680201 -16.865298 -2.135040 -12.506649 -5.703969 -14.710082 15.275223 17.063569 -37.887146 -11.733167 22.797081 22.484959 2.585338 8.548372 -2.700443 -2.166626 1.967045 -0.756944
0.259026 4.750709 -0.045415 -21.806092 74.428896 29.288973 4.898380 -7.077681 -1.272505 -2.475326 3.464256 -3.045289 1.432942 -8.025170 2.193358 -2.042088 -15.469353 0.681962 -0.068581 -24.835379 -5.969669 0.626156 1.318820 0.894781 13.179541 12.036494 -23.108787 -6.792635 -2.980327 1.772401 -7.969139 -80.964218 -76.598665 -30.666812 14.504312 -1.751521 1.480590 -8.831423 -11.820552 37.984244 -1.720723 12.017319 5.693633 -5.709161 2.883518 -2.683250 11.983935 -6.618421 51.968296 -15.393403 28.101814 20.533276 -15.707827 2.995337 2.873668 5.886722 -9.737479 32.169261 -20.331854 7.036271 20.689674 -12.582786 -3.354516 1.319378 -20.400108 -3.690375 14.486362 -13.417016 0.275982 29.096083 -16.164364 3.307893 -11.710530 5.632947 1.093444 -16.986946 -33.781963 5.877639 -17.723833 -35.927121 28.617037 -8.074439 -3.299951 0.603863 22.882379 9.667208 22.190365 -70.284945 3.760976 -40.333826 -7.719398 -4.904723 -1.372687 11.655679 45.774821 25.764125 -88.718858 -10.180631 -79.131276 -3.004160 -9.363555 -1.842642 -23.479523 54.285853 47.722152 -33.641254 -17.377929 -39.021541 -57.531287 -31.294345 -55.302039 35.151482 -36.116441 -0.105129 -9.601691 -20.558242 1.978704 -23.929760 -16.928168 -1.729833 -11.886466 -4.958323 -13.809544 15.814354 17.639354 -37.740022 -12.194146 21.440444 23.108062 2.348076 7.669212 -2.553357 -2.144516 2.439125 -0.857611
0.264980 4.717885 -0.063026 -22.807627 73.698883 30.025499 5.061316 -7.416775 -1.132756 -2.309749 3.651795 -3.045704 1.535144 -7.901086 2.220790 -2.061426 -15.504525 0.594724 0.089642 -24.273562 -6.010381 0.487948 1.460943 0.826523 13.432241 10.551221 -22.889940 -5.724545 -9.053492 2.556627 -34.113974 -82.399853 -104.714549 -32.418583 12.715852 -0.502145 4.344580 -7.280051 -10.453903 39.456174 -3.047621 14.251516 7.063587 -8.402661 5.299155 1.416905 8.914971 -5.964754 54.044072 -16.279219 28.687862 24.804369 -20.625643 2.730830 6.179071 3.354231 -8.869761 30.045079 -21.672935 6.021406 22.299993 -13.912654 -1.591190 5.689342 -21.117043 -3.109954 14.057299 -19.720245 -0.868963 29.753332 -17.339532 2.548874 -11.846847 5.470947 0.851222 -16.791651 -34.666967 7.029755 -17.901147 -36.178276 29.896184 -7.975800 -4.041573 0.876765 23.101626 8.355276 22.716421 -70.460559 3.384553 -38.903689 -8.453909 -4.951720 -1.754155 13.213467 44.095460 24.634233 -88.393604 -10.530363 -76.745774 -2.969243 -8.329908 -0.539722 -20.700953 54.403002 45.594605 -34.428395 -17.804205 -37.406259 -55.615652 -30.079088 -53.040448 35.682685 -34.619445 -0.603498 -9.537790 -20.041772 1.304144 -24.483689 -17.558902 -1.543167 -11.641720 -4.124013 -13.242371 16.244115 18.074848 -37.416232 -11.915742 20.390805 22.859491 2.178041 6.662027 -2.405857 -2.183642 2.633259 -1.407333
0.254787 4.679095 -0.090961 -23.248445 72.951632 30.457303 5.216919 -7.786205 -0.989358 -2.262124 3.991475 -3.025090 1.558803 -7.853422 2.227290 -2.215023 -15.221208 0.401598 -0.041087 -23.580317 -6.177275 0.476204 1.572051 0.863494 14.461784 9.437245 -22.917748 -2.498681 -15.945605 3.260789 -37.308573 -82.391252 -108.889094 -32.153692 9.785489 -0.270141 6.455960 -6.628814 -7.041884 44.039866 -4.744696 17.913356 8.391306 -11.651897 7.009870 5.538136 6.950392 -3.431293 56.523317 -14.538059 31.251031 23.935752 -21.397461 0.734809 9.375938 0.710470 -6.327982 30.398271 -23.595057 4.713020 23.387995 -12.730570 -1.790596 10.445951 -23.750058 0.044488 15.222997 -23.600206 -2.127634 32.833651 -16.382100 1.990487 -12.163317 5.197196 0.608936 -16.502980 -35.602755 8.038608 -17.757787 -36.366249 31.442251 -8.293369 -4.162990 0.862192 21.831319 7.310533 23.228469 -69.054005 3.873417 -37.594666 -9.418414 -4.450860 -1.917836 13.742378 42.013993 23.748996 -87.300196 -11.620978 -72.808891 -2.942751 -7.152962 0.505938 -19.174466 53.470887 44.214309 -34.245805 -19.406907 -35.795987 -53.125609 -28.056493 -49.955953 35.974296 -32.881707 -0.544811 -10.037195 -19.468048 -0.824079 -24.690780 -18.050763 -1.665498 -11.788264 -3.017586 -13.308225 16.784532 18.706712 -37.416729 -11.633743 19.060731 23.243008 2.699005 5.472967 -2.444633 -2.168083 2.983746 -1.420946
0.244415 4.649740 -0.119100 -23.157704 72.354283 30.366905 5.274980 -7.916147 -0.983277 -2.262864 4.105489 -2.948261 1.673280 -7.792673 2.229079 -2.464613 -14.890698 0.288857 -0.189192 -23.033607 -6.243909 0.499995 1.525040 0.839668 15.624407 8.520464 -22.630327 2.779170 -23.073914 5.362818 -30.296268 -81.691837 -100.775688 -30.082193 6.867056 0.560497 7.385286 -6.559453 -4.294758 51.977035 -9.612209 21.282731 10.600391 -14.525732 6.615324 8.386291 4.857813 -1.682689 60.048780 -15.464953 33.241029 23.754009 -20.002443 1.045241 12.275077 -1.918571 -3.818907 33.875140 -25.927434 4.241321 24.682336 -11.792306 -1.841770 14.412853 -27.916290 3.908795 17.610488 -23.405720 -3.910072 37.940531 -16.514931 2.176905 -12.688284 4.759627 0.302944 -16.628521 -36.661475 8.384611 -17.317082 -36.096564 32.687771 -8.566295 -4.297936 0.567908 20.108169 6.085809 23.439973 -67.758772 4.992855 -36.784776 -9.709754 -4.333526 -1.724353 13.505358 39.684072 23.476822 -86.452251 -11.763898 -69.643471 -2.228118 -6.656074 1.730516 -19.304383 52.172963 44.752015 -30.925924 -18.265481 -32.599557 -53.315424 -27.350683 -48.942595 36.658822 -32.537662 2.270616 -10.164233 -18.899993 -1.039484 -27.302397 -16.524046 -2.419018 -12.252908 -1.504656 -13.953432 17.172816 19.016398 -37.408287 -10.991640 17.759911 23.122005 3.045392 4.613570 -2.139208 -2.048849 2.308082 -1.906650
0.233544 4.632255 -0.119689 -22.595340 72.041578 29.696106 5.150026 -8.055567 -1.010590 -2.231342 4.006533 -2.799566 1.672389 -7.636933 2.192072 -2.664764 -14.696691 0.381399 -0.426826 -22.046800 -6.411568 0.529611 1.648589 0.916853 16.820434 7.871368 -21.908569 9.532409 -31.068436 8.757579 -15.986550 -79.631481 -84.792992 -24.985061 5.600402 4.037099 7.907594 -7.201634 -3.594811 59.455025 -15.720246 22.930450 14.775527 -13.371034 6.226920 10.406426 3.390199 -1.172476 66.941520 -19.802515 37.169759 24.096164 -16.547015 3.339089 13.431910 -3.700843 -2.732748 37.399435 -28.685988 4.667964 24.125464 -12.051558 0.359295 18.080078 -33.426008 7.075917 16.641240 -21.334338 -7.233186 40.890298 -16.667305 0.057381 -13.299460 4.444967 -0.066573 -16.883464 -38.005915 8.681831 -16.752702 -36.349240 34.619036 -9.156681 -4.554921 -0.354596 18.093792 4.312426 23.861007 -65.117109 4.532540 -35.479988 -9.757520 -4.412080 -1.467019 12.290515 36.644851 23.583127 -85.950942 -11.411845 -66.723624 -1.665080 -5.895604 1.547942 -19.380654 50.335857 44.793941 -30.943044 -17.838409 -31.961407 -50.964269 -26.406533 -46.277133 36.887982 -32.747177 2.820932 -9.840944 -16.425234 -1.170968 -29.060726 -18.051432 -3.392512 -13.001217 0.013535 -14.666317 17.288515 18.950306 -37.284473 -10.486984 16.792622 23.237372 3.280907 4.054530 -2.150358 -2.069545 2.246194 -1.688395
0.223627 4.618622 -0.124062 -21.567977 71.772414 28.408585 5.126056 -8.141170 -0.973334 -2.373228 4.175175 -2.709728 1.767391 -7.589709 2.199559 -2.785483 -14.560038 0.639428 -0.732546 -20.933842 -6.677051 0.525143 1.516104 0.954798 18.020752 6.945123 -21.216543 17.965435 -38.632214 13.846079 -4.883462 -75.664329 -71.643568 -18.456445 8.090855 10.967325 8.611150 -7.961974 -3.762000 64.877386 -17.339434 23.610581 16.600789 -8.435917 5.272435 10.314443 3.113248 -1.936092 72.510806 -19.278766 40.702821 22.099821 -14.781176 5.260748 11.273843 -4.733813 -3.559791 39.882035 -31.522586 6.141119 24.899390 -12.533475 2.220035 18.361008 -39.883541 10.066014 13.417227 -20.333389 -10.227907 41.041017 -16.020709 -1.524697 -14.083812 4.075691 -0.315753 -17.428221 -39.326663 8.791407 -15.780435 -36.305850 36.512674 -9.544132 -4.437644 -1.412074 15.295495 2.495688 23.693357 -62.747315 4.258211 -34.481368 -9.065561 -4.358643 -1.271266 10.297465 34.119472 23.592533 -84.492047 -11.146228 -64.632169 -1.164281 -5.284013 1.768243 -19.516983 48.092962 44.228357 -30.182914 -16.428492 -31.405986 -48.835928 -25.324056 -44.910545 36.535949 -33.851118 3.256841 -9.291297 -15.339574 -1.244157 -30.069157 -17.536694 -4.085352 -14.032303 1.729744 -16.106122 17.014938 18.839343 -36.644185 -10.125482 16.246286 23.417980 3.371778 4.252258 -1.894157 -2.110561 1.884530 -1.557203
0.224251 4.606846 -0.123505 -20.218206 71.835623 26.914814 4.905538 -8.387212 -0.969853 -2.538165 4.306164 -2.485185 1.777528 -7.682393 2.214712 -3.000220 -14.499831 0.801222 -1.043577 -19.992868 -6.882219 0.470882 1.145956 0.913141 18.994252 6.272182 -20.517683 27.481439 -44.393959 20.685896 6.039168 -70.014201 -57.586447 -12.436389 10.595383 15.237144 8.631578 -7.398616 -3.933488 65.380441 -15.781794 23.490082 16.640394 -6.618557 4.752003 9.155067 4.947863 -2.545893 72.824934 -16.878900 43.110809 22.778561 -12.346990 6.446215 8.982704 -3.104486 -4.552349 42.164321 -31.985429 8.655411 26.300944 -12.082517 4.630653 15.815164 -43.600691 10.877448 11.857566 -19.170464 -11.917830 40.001079 -12.539887 -1.434876 -14.792512 3.912696 -0.619710 -18.210116 -40.565727 8.552454 -15.216544 -36.384365 38.328786 -9.098250 -4.315052 -2.342844 12.669155 1.297047 22.759867 -60.206622 4.411513 -33.246040 -8.676699 -3.976345 -1.550193 8.702259 32.596306 23.275292 -82.641331 -10.891168 -62.876853 -1.240061 -5.182099 1.740336 -19.092642 47.118876 42.783712 -29.344396 -15.846204 -30.286932 -48.021995 -23.980928 -44.405174 36.093791 -34.844185 2.900611 -9.189315 -14.914689 -1.300290 -30.949845 -16.792433 -5.111765 -15.081351 3.342114 -17.838914 16.236562 18.207796 -36.227397 -10.273697 16.177872 24.089332 3.333914 4.673978 -1.768388 -2.314513 1.996819 -1.279604
0.225525 4.597217 -0.124463 -18.964897 72.134282 25.196874 4.761165 -8.659680 -0.788773 -2.725167 4.397922 -2.275875 1.723891 -7.838420 2.369919 -3.175715 -14.513451 0.917369 -1.426911 -19.268570 -6.980122 0.593033 0.974550 0.887808 19.511442 6.239812 -19.779929 36.309639 -48.645752 27.924574 11.156689 -62.176276 -45.983139 -8.384876 9.352110 14.033722 6.724704 -8.307725 -5.294645 65.102541 -15.580760 20.640670 15.947525 -5.899357 3.609998 7.442752 5.828748 -4.095688 72.054608 -15.744302 42.038756 23.738840 -10.954704 5.980931 7.971604 -0.256315 -6.283334 43.993570 -31.219578 10.883859 26.111194 -11.262025 5.453598 11.586897 -44.503981 9.256926 11.138691 -18.536083 -11.831230 39.467634 -10.932728 -2.333658 -15.340476 3.697020 -0.926713 -19.251127 -41.915410 8.255076 -14.316532 -36.633184 40.418148 -8.244002 -3.500911 -2.474287 10.149155 0.092447 20.974629 -58.230184 4.447517 -32.366195 -8.480749 -3.594495 -1.700956 7.901963 31.233614 22.004990 -81.130704 -10.596410 -61.708549 -1.266502 -5.144748 1.681454 -16.980434 46.834863 40.105646 -28.945138 -16.055251 -29.393426 -48.146376 -23.462300 -44.523002 35.233260 -36.407547 2.445397 -8.798085 -14.449988 -0.785629 -31.419887 -16.203294 -5.395962 -16.218634 4.507489 -19.421404 15.622882 17.635190 -35.979699 -10.377084 16.087236 24.619192 3.571208 4.790947 -2.526283 -2.700571 1.969195 -1.108256
0.237381 4.590166 -0.120506 -17.008247 72.572593 22.690663 4.449908 -8.901995 -0.812316 -2.889849 4.368740 -2.038681 1.616718 -7.908807 2.561092 -3.266051 -14.362157 1.142297 -1.357528 -18.769131 -6.835435 0.752276 0.823208 0.945770 19.369848 6.326308 -19.488495 43.038574 -50.132742 33.709371 15.103693 -51.736931 -35.367184 -7.065204 2.592643 10.697830 3.450467 -8.678859 -7.008053 66.195581 -15.031177 17.787661 15.631350 -6.233198 3.368084 4.937772 6.604603 -5.039108 72.758006 -16.512583 41.491505 24.752582 -11.437255 6.001919 6.822958 1.525827 -7.488795 45.070212 -30.477018 11.759370 25.012026 -11.340646 4.654120 7.985875 -43.698800 10.562595 11.044071 -19.328122 -11.955892 38.683849 -12.439794 -3.405547 -15.876028 3.344506 -0.994867 -20.001540 -42.603614 8.235753 -13.923538 -37.292274 42.162944 -7.232723 -2.378685 -2.850118 9.056076 -0.325391 20.078462 -57.411067 5.168586 -32.446171 -8.718582 -3.648897 -1.543410 7.674801 30.690551 22.201783 -80.137644 -9.135436 -61.570108 -1.373556 -5.029552 2.105634 -15.442388 46.719202 39.095115 -28.617960 -16.285492 -29.242118 -48.414421 -23.306998 -45.086024 35.236529 -38.256805 2.662587 -8.495206 -13.753948 -0.153067 -31.572214 -16.187635 -5.618937 -17.519535 5.490666 -21.188658 14.751698 16.871683 -35.683390 -10.803405 15.907451 24.831846 3.370333 4.741681 -3.069492 -2.662928 1.593689 -0.979901
0.252218 4.589936 -0.111337 -15.494087 73.107834 20.452204 4.212610 -8.988198 -0.686584 -3.015512 4.303401 -1.835308 1.526852 -7.998186 2.729129 -3.471356 -14.293158 1.287833 -1.333304 -18.744829 -6.687202 0.858315 0.843707 0.985848 19.037312 6.153561 -19.599628 46.947096 -50.511603 37.458668 16.989411 -42.340673 -28.621094 -6.720756 -4.527438 7.684897 1.600953 -7.846495 -8.837789 66.787492 -13.998332 15.785970 15.680301 -6.610104 3.444445 3.414232 7.657180 -6.033744 72.773399 -17.871458 40.771964 25.012756 -12.193075 6.871414 6.194831 3.192663 -8.860128 45.144031 -29.493224 12.133182 24.850516 -12.190515 4.501773 5.244409 -41.575133 11.245310 11.523141 -20.285419 -11.862516 38.413666 -13.927797 -3.804373 -16.322241 3.187049 -1.193097 -20.386528 -43.356990 8.241956 -14.169077 -38.338096 43.787159 -6.691773 -2.037059 -3.326209 8.645162 -0.185264 19.532599 -56.540770 6.018495 -32.379247 -8.827079 -3.535566 -1.031101 8.060971 30.477603 22.465587 -78.649347 -8.358676 -60.952938 -1.356373 -4.729170 2.338373 -13.387832 46.688716 38.533385 -28.506142 -16.823661 -29.161121 -48.202009 -22.966727 -44.084911 35.601500 -39.360891 2.175375 -8.396461 -13.566266 0.188141 -31.608718 -16.318987 -5.961179 -18.670620 5.945451 -22.700473 13.948536 16.307364 -35.122286 -11.033478 15.781636 24.913137 3.492753 4.807387 -3.271803 -2.595962 1.449740 -1.478680
0.257616 4.586606 -0.095720 -13.424072 73.513675 17.558626 3.980825 -8.877145 -0.426372 -3.118999 4.248589 -1.681003 1.538534 -8.029964 2.972878 -3.501248 -14.445651 1.473344 -1.556342 -18.949637 -6.505623 0.871781 0.651739 1.025709 19.018073 5.859994 -19.804901 50.797577 -50.599237 40.667383 17.107794 -36.571047 -25.316372 -6.583381 -6.439466 6.071239 1.440478 -7.907328 -9.277335 67.322663 -13.035688 15.693867 15.618174 -6.496592 3.748269 3.441324 7.675417 -6.588851 72.682281 -18.254823 40.617854 24.298747 -11.972223 6.505529 6.112651 3.489402 -9.171807 45.034119 -29.021019 12.304379 24.271077 -12.324880 3.596254 2.444969 -41.049995 11.753390 11.372306 -21.184428 -11.580886 39.054220 -15.508754 -4.163548 -16.646908 2.955016 -1.335496 -21.251262 -44.188628 8.124471 -14.263092 -38.912341 45.230449 -5.805639 -2.186950 -3.260483 7.633458 -0.190675 19.436446 -55.265670 7.445892 -31.469268 -9.124944 -3.525434 -1.217350 7.456436 30.232976 22.557881 -76.855627 -7.650586 -59.640039 -1.885047 -5.034093 2.161290 -12.693583 46.947271 38.047866 -28.644077 -17.657918 -29.327889 -47.731523 -22.143398 -42.453699 34.672053 -39.893966 1.951410 -8.213467 -13.808015 0.316928 -31.796590 -16.514503 -5.977485 -19.768465 6.149321 -24.037370 13.089096 15.679336 -35.198659 -11.444440 15.295424 24.993762 3.332500 4.474813 -3.754093 -2.582252 1.469190 -1.464889
0.250784 4.573114 -0.084850 -11.211862 73.814996 14.686382 3.672150 -8.686081 -0.302829 -3.094174 4.108680 -1.474056 1.468374 -8.089777 3.249586 -3.564399 -14.634997 1.648340 -1.443838 -19.375214 -6.350045 0.909755 0.642237 0.997452 19.322041 6.111799 -20.235829 54.695526 -49.282083 42.993000 17.645296 -30.469091 -21.764887 -7.238588 -7.014451 5.065137 1.459456 -8.573009 -8.419206 69.055432 -12.074381 17.334379 15.906108 -6.184261 4.061216 3.420352 7.605851 -5.701607 73.844481 -18.830779 41.795474 22.714012 -11.660849 6.204257 6.711900 5.087999 -8.600438 47.289219 -30.497924 15.090973 24.093813 -12.497272 3.567000 -1.125469 -42.063284 11.713961 10.789215 -22.443241 -10.534993 40.155523 -18.399311 -5.367844 -16.955772 2.775792 -1.383266 -21.819333 -44.559108 7.993998 -14.908452 -39.605569 46.180791 -4.534436 -3.224825 -2.210713 6.987837 -0.165968 18.626096 -54.345453 9.507921 -29.603600 -9.739033 -3.489785 -1.718816 7.288542 29.842628 21.722641 -75.217845 -6.984314 -57.743604 -2.493900 -5.521271 1.472518 -11.540382 47.850638 36.256795 -28.508986 -18.446398 -28.868617 -47.643546 -21.013061 -41.102441 33.557180 -40.632231 1.677958 -8.074049 -13.739616 0.751471 -32.211128 -16.264424 -6.428988 -20.820701 6.101282 -25.166106 12.441257 15.147126 -35.251236 -11.253933 14.571479 25.538830 3.343919 5.194076 -3.670833 -2.847053 1.500456 -1.261854
0.260121 4.565529 -0.071399 -8.841066 73.966200 11.582220 3.299208 -8.542841 -0.139105 -3.009563 4.118966 -1.250007 1.414029 -8.157086 3.407682 -3.659410 -14.826109 1.899742 -1.507632 -19.744949 -6.356555 0.891988 0.453642 1.004966 19.750413 7.286221 -20.411848 56.137406 -47.295721 43.004282 17.414739 -25.140190 -19.434808 -7.439161 -6.309307 4.873580 1.302318 -9.399394 -7.366056 70.892315 -8.288254 18.181185 16.041680 -5.948062 5.011872 3.584346 8.157559 -4.990196 74.376741 -16.936493 43.131789 21.140144 -12.074681 6.818317 8.002187 8.003581 -8.197983 49.721830 -29.820543 20.140758 24.391568 -13.117841 4.345303 -8.356531 -41.985145 9.851915 10.447414 -24.564561 -10.526675 42.117753 -22.788078 -7.656375 -17.368456 2.907936 -1.503842 -21.792435 -44.970362 8.352335 -15.933294 -39.673548 46.033835 -3.444729 -4.154967 -1.307090 7.567996 0.489994 18.966319 -53.846403 11.792287 -28.764752 -10.483684 -3.571036 -1.891240 7.574913 30.467838 21.954720 -74.814926 -5.489797 -57.419527 -3.603891 -6.335759 0.840437 -11.327791 49.208879 36.210255 -28.943227 -18.625033 -29.976906 -48.532222 -20.025466 -41.693231 33.222771 -38.741749 1.238683 -8.333239 -13.937298 0.517794 -33.384671 -16.718879 -7.408250 -21.821812 5.845829 -25.853668 11.874335 14.419884 -35.417939 -11.300134 14.293443 26.338757 2.468489 5.708519 -2.985106 -3.069971 1.106017 -0.989650
0.269077 4.561046 -0.056823 -6.581822 74.370476 8.457238 2.876478 -8.418106 -0.026098 -2.927174 4.134314 -0.943524 1.332243 -8.163383 3.546276 -3.701493 -15.254204 2.009641 -1.525062 -20.460076 -6.197523 0.801057 0.417462 0.772780 20.297136 8.012449 -20.770042 52.364798 -46.095448 40.482634 17.466301 -24.496152 -19.100897 -7.485476 -3.664426 3.876415 1.070460 -10.262631 -6.326521 70.804716 -4.188899 19.947758 16.271257 -5.889229 5.738503 3.447378 8.004566 -3.918046 73.100916 -14.445343 43.723861 19.128463 -13.333871 6.953711 7.887139 9.649296 -7.063682 49.218595 -28.112538 22.233816 24.756494 -13.174500 4.537224 -16.491603 -40.956694 6.068160 10.841789 -24.909496 -10.357032 44.317652 -26.787567 -9.921450 -17.624937 2.984740 -1.803461 -21.372871 -45.139446 9.078919 -17.294666 -39.949793 45.760897 -1.559202 -4.905022 -0.615574 10.163777 1.869277 19.552858 -55.591907 12.780512 -28.417821 -11.813983 -4.320307 -2.554627 8.435240 33.517637 23.606293 -77.086644 -3.274357 -59.989889 -4.719249 -7.104813 0.300780 -11.551636 51.435219 37.212878 -29.463672 -19.693494 -30.559666 -50.895694 -18.280484 -43.538132 33.097728 -36.816790 1.828062 -9.200143 -13.667394 0.259953 -35.327490 -17.457855 -9.082261 -22.588186 5.069268 -26.096838 11.425319 13.730951 -35.681443 -11.230000 13.461702 26.643745 1.879513 5.574514 -2.546520 -3.469284 0.606058 -0.517511
0.288293 4.567204 -0.029448 -3.851265 74.468030 4.579163 2.490349 -8.165494 0.396316 -2.889887 4.200894 -0.612989 1.209385 -8.070354 3.584981 -3.684670 -15.686180 2.031048 -1.505947 -21.599237 -6.020866 0.906172 0.497284 0.815588 21.005241 8.263556 -21.357051 43.226130 -44.559527 34.309754 17.867552 -26.871331 -19.694033 -7.811016 0.118932 3.446690 1.392394 -10.009335 -5.256168 67.685008 -1.041112 22.224809 17.460172 -5.540558 7.087502 3.826226 9.405258 -3.095702 71.176845 -12.274435 45.394884 18.841134 -14.895856 7.509581 7.744259 12.410289 -5.454507 48.655469 -27.343309 24.419046 25.130835 -12.204108 4.647005 -25.133907 -40.753503 -0.088055 12.037519 -24.819438 -10.412034 45.017633 -28.506925 -11.757439 -17.868738 3.274605 -2.288288 -20.826578 -44.959472 10.069779 -18.810901 -40.724947 44.606531 2.284850 -6.063745 2.266971 14.172132 2.176036 18.307735 -57.425841 11.524519 -27.053738 -13.302239 -4.922408 -3.122755 11.964641 37.380540 20.724636 -80.572873 -4.593758 -62.321798 -6.395717 -7.661179 0.933882 -8.992092 54.508508 34.317173 -29.549434 -21.595281 -29.499309 -54.680570 -17.088908 -44.449048 32.471486 -37.167595 2.754998 -9.412500 -12.962023 1.515576 -34.590600 -17.192024 -8.183351 -23.773493 4.399011 -26.852255 11.018465 13.068713 -35.805070 -11.301151 14.275325 27.623266 1.764882 4.452449 -2.204141 -3.449739 0.923272 -0.628333
0.320862 4.577846 -0.013040 -1.085544 74.597516 0.366898 1.990467 -8.225574 0.944177 -2.759715 4.311630 -0.323255 1.081586 -7.902468 3.778660 -3.521734 -15.945624 1.964602 -1.328028 -23.088540 -5.661762 0.873376 0.484077 0.751330 21.305873 8.805736 -22.608371 34.744236 -41.872558 28.747493 17.442303 -30.405104 -21.280297 -9.939512 4.551901 3.752221 2.296616 -7.357905 -5.006871 62.800033 0.971399 24.520101 19.085975 -5.441223 8.352385 4.192379 14.263307 -3.016398 69.561548 -10.479786 48.931664 19.262133 -15.651068 7.913209 8.103361 18.074409 -5.255120 49.122940 -26.706793 28.832101 25.135341 -10.703750 4.167459 -34.200689 -41.405577 -7.380767 13.680557 -23.413077 -10.820517 42.145930 -28.237143 -10.780381 -18.077393 3.304433 -2.731067 -20.200256 -44.764429 10.933228 -20.225696 -41.296941 43.416305 5.441051 -9.670817 6.128439 21.036133 1.883916 17.437976 -59.044437 9.673357 -25.368743 -15.027468 -6.095468 -4.170845 20.270662 40.354971 16.744287 -85.597667 -6.807304 -64.063089 -8.118456 -8.621886 1.469597 -2.130793 57.749971 30.501477 -31.574514 -24.699940 -28.836689 -58.794692 -17.063584 -45.080957 35.663064 -37.933059 6.046765 -8.660804 -11.976678 3.545701 -34.133392 -16.552365 -7.261242 -24.916527 3.441957 -27.231856 10.379517 12.555338 -35.315233 -10.930822 15.178442 26.575326 2.579247 4.654980 -1.736665 -3.220196 1.115735 -0.771267
0.353484 4.599374 0.002712 1.577454 74.979349 -3.915025 1.535062 -8.422930 1.559486 -2.733250 4.335592 0.024752 0.972350 -7.868524 3.946534 -3.270269 -16.382462 1.960574 -1.217931 -24.632741 -5.323769 0.932125 0.386075 0.857323 20.863729 9.353530 -23.763421 28.986147 -39.544468 25.256493 15.897024 -34.840631 -25.202075 -13.424353 10.375769 3.331069 3.195861 -4.851779 -5.247262 59.554165 1.938260 26.041491 19.976331 -6.273524 7.995553 4.114702 20.007880 -2.711633 68.158952 -9.944303 53.898113 20.326457 -15.767158 7.456019 8.090432 24.052637 -4.243227 49.540306 -26.985955 33.223519 25.171318 -11.105163 3.444921 -41.781699 -41.960226 -11.191773 15.050304 -22.715920 -10.748650 41.113249 -28.220609 -7.485425 -18.171104 3.223610 -2.830312 -19.855061 -45.464103 11.523437 -21.495755 -42.818503 42.176271 5.355444 -10.427475 8.036971 23.133377 1.148409 17.091953 -58.855634 8.717105 -25.268857 -15.542054 -7.490021 -4.526787 22.011084 40.726155 16.498357 -87.183248 -7.028786 -65.885061 -7.924597 -9.882447 -0.006401 0.233342 58.629197 29.423967 -32.845586 -26.623289 -29.681859 -60.220712 -17.542452 -46.731398 36.926158 -38.222797 8.487086 -7.702388 -11.400409 3.133752 -32.570756 -14.877804 -7.409820 -25.842211 2.127744 -27.446321 10.102470 12.473331 -35.073861 -11.050753 16.511209 26.236110 3.450749 5.355268 -0.917299 -2.864449 0.988302 -1.111305
0.373934 4.628606 0.003296 3.575823 75.429551 -7.152554 1.164764 -8.457814 2.010263 -2.688139 4.267229 0.299348 0.834177 -7.944919 4.133423 -2.996132 -17.104964 1.965559 -1.346651 -26.648317 -5.304111 1.033770 0.458214 0.922687 20.104794 9.670814 -24.139800 24.105510 -37.244812 22.525781 14.063147 -39.642706 -30.221390 -17.160307 15.190634 1.368248 3.654744 -3.902856 -4.745187 57.161390 2.471322 26.593454 19.364098 -7.709085 5.981129 2.271610 23.882317 -1.248361 68.399631 -10.415179 57.552376 21.514012 -16.184058 7.266336 6.748128 28.655775 -2.068309 51.146875 -28.354238 36.321445 23.147367 -12.192456 2.118676 -43.099400 -41.932249 -9.881293 16.769806 -21.389329 -8.334260 41.907405 -30.328782 -4.202505 -18.203808 3.148206 -2.558124 -20.473181 -46.089663 11.066337 -22.479466 -43.949100 40.982151 2.521211 -10.894988 8.197014 22.414710 0.157516 17.642225 -59.181282 8.339160 -24.691745 -15.124718 -7.807612 -4.752586 19.609868 39.979974 18.710604 -87.221501 -6.266393 -65.151096 -8.047025 -11.165414 -1.321759 -2.600287 58.736804 31.900677 -35.550780 -26.704366 -32.737419 -59.045844 -18.194787 -46.086524 36.430432 -38.472529 8.986636 -7.125163 -11.579301 2.564664 -29.588240 -13.057300 -8.498243 -26.664803 1.030603 -28.091133 10.485921 12.984314 -34.817686 -10.976511 18.026772 26.111473 4.404386 5.206903 -2.244425 -2.994419 1.047429 -1.037998
0.390207 4.652130 -0.015948 5.272084 76.070361 -10.044682 0.976657 -8.704384 2.553485 -2.715086 4.164073 0.494017 0.703878 -8.135021 4.351123 -2.780449 -17.686762 1.951662 -1.763557 -28.603391 -5.478012 1.133207 0.465802 0.930488 19.340233 10.035088 -24.235778 18.993649 -35.182374 19.586582 12.211268 -42.759180 -35.849446 -19.169711 16.312248 0.373739 3.676439 -4.123933 -5.410726 54.439952 1.555798 25.911419 17.718396 -8.413944 3.710578 -0.102344 26.851881 -0.236515 69.002190 -12.548258 58.530431 22.835442 -16.474871 7.326623 5.213781 32.818969 -1.689914 51.991561 -31.137899 37.636933 21.540639 -12.496020 1.006149 -40.455718 -38.080349 -6.828079 17.279209 -19.762228 -5.290421 43.367466 -33.021779 -0.622295 -18.245879 2.952964 -2.125094 -20.895290 -46.780483 10.740455 -23.008891 -44.311080 39.684175 -1.991453 -10.881373 7.401536 21.553853 0.290345 18.999848 -58.102447 8.243990 -25.221496 -14.555644 -7.705650 -5.516206 17.009502 37.919916 21.192962 -84.077942 -5.869443 -63.293171 -7.771820 -11.387446 -1.922913 -4.378607 57.455102 34.743842 -37.319273 -25.416937 -35.639524 -56.456548 -18.848585 -44.968622 36.631223 -38.319814 8.915811 -8.125389 -12.326275 2.152418 -29.240229 -12.301780 -9.218469 -26.940983 -0.057024 -28.648458 10.936825 13.260449 -34.744977 -10.770385 19.419677 25.129808 4.508505 4.697961 -2.601063 -2.700827 1.122298 -1.605897
0.393886 4.689276 -0.031904 6.582097 76.499203 -12.084512 0.787541 -8.649139 3.051016 -2.711978 4.078139 0.581205 0.564835 -8.396656 4.528892 -2.669661 -18.250000 1.942394 -2.231465 -30.315485 -5.783011 0.941045 0.321460 0.833642 18.456142 10.777394 -24.144501 14.854961 -33.416945 17.370487 11.243911 -43.613536 -40.410563 -20.758583 14.670855 -0.466407 2.072130 -5.918711 -7.134631 50.115532 -0.561734 22.742374 14.393426 -7.498362 1.364941 -2.280825 29.788455 -0.363352 68.207262 -15.326645 56.960620 24.264987 -15.902770 6.836909 2.455736 36.102528 -1.329063 51.643302 -35.635115 36.276088 21.224902 -12.218378 0.294816 -34.704630 -29.067533 -2.469586 16.587179 -18.632064 -1.376812 45.173023 -36.050457 3.227346 -17.971056 2.880627 -1.778250 -21.252100 -47.798703 10.464616 -22.895451 -44.401415 38.673047 -6.212539 -9.929326 5.100042 18.756133 1.746341 20.056599 -56.668645 7.175153 -27.478250 -12.888618 -8.124060 -6.141858 13.699273 35.356982 23.535954 -79.743100 -5.724768 -60.828848 -7.008129 -11.460071 -2.844494 -5.498054 54.482634 36.823461 -36.520749 -23.691645 -37.014452 -53.032400 -19.569620 -42.565979 35.692269 -36.602348 7.505042 -9.331435 -12.787957 1.185533 -29.964637 -11.652947 -8.895249 -27.060983 -0.840275 -29.348585 11.418067 13.619099 -35.030570 -11.153181 21.486937 25.281659 4.085862 5.108727 -3.606875 -2.446501 0.759543 -1.849951
0.392724 4.719964 -0.038304 7.906222 76.798615 -13.866741 0.391034 -8.427923 3.347891 -2.832899 3.929467 0.671401 0.473714 -8.724041 4.732352 -2.606947 -18.784829 1.651252 -2.967207 -32.140646 -6.125751 0.991711 0.305158 0.674710 17.371282 11.908011 -23.796383 11.812068 -32.539069 16.271865 11.408395 -44.511622 -44.267915 -23.868821 13.988756 -1.517872 -0.955547 -8.112190 -9.939668 46.427985 -2.853969 18.839913 10.263522 -5.278824 0.384632 -4.062632 30.043081 -2.252257 65.716661 -16.081205 54.279796 26.893708 -15.015165 7.504674 -1.640487 35.850206 -1.747917 48.379575 -38.732854 30.441356 20.988687 -11.182158 -0.557725 -30.542958 -19.769664 -0.569023 14.776213 -17.227571 1.057217 44.813000 -36.467710 4.583161 -17.370729 3.057594 -1.576623 -21.648920 -49.262863 10.179017 -22.677050 -44.224442 37.379571 -9.119819 -9.610656 2.416332 16.817694 2.958787 20.748027 -56.627024 5.589005 -29.912686 -10.799583 -8.455028 -6.055971 11.533010 34.457043 25.855576 -77.030115 -5.551118 -60.476685 -6.339595 -11.066958 -2.558350 -6.851152 51.776774 39.160479 -36.434204 -22.726593 -38.095075 -50.393672 -19.822834 -39.876851 35.228940 -34.253122 6.372011 -11.813544 -13.027647 -0.114416 -29.755428 -10.801586 -8.955630 -27.087494 -1.348668 -30.048654 11.852231 14.074662 -35.392890 -12.264265 23.671853 25.778105 3.687122 6.177906 -4.304986 -2.127115 0.277333 -2.213106
0.379477 4.744804 -0.047445 9.844816 77.287441 -16.638894 -0.048577 -8.460053 3.858252 -3.029046 3.618106 0.860189 0.537068 -9.157012 4.950595 -2.664961 -19.112974 1.152925 -4.033126 -33.695259 -6.735879 0.969648 0.463680 0.611393 16.314110 13.306504 -23.619631 9.559688 -32.080058 16.998628 12.256802 -47.585157 -46.853609 -26.983397 13.127856 -4.949840 -3.910714 -7.912526 -9.006609 45.292237 -4.078907 16.989333 8.417758 -4.617188 -0.121246 -7.816099 27.399505 -2.175494 65.099306 -14.473990 52.700820 28.941011 -13.861422 8.784140 -6.516058 29.426018 -1.777262 44.091785 -36.204137 22.358442 21.044175 -10.904167 -1.081872 -26.360512 -15.551046 0.543887 11.797790 -16.574604 0.162562 40.996998 -32.060032 1.316873 -16.715552 3.197509 -1.565237 -22.132610 -50.697868 10.174798 -22.508183 -43.852034 36.054202 -10.261321 -9.548140 0.517886 16.602433 3.392055 21.005595 -57.694836 3.942230 -32.149955 -9.442503 -9.188664 -6.194730 10.759585 33.953587 27.460705 -77.321294 -5.034032 -62.297005 -5.862701 -10.745652 -1.946211 -7.929484 49.679363 40.933876 -34.930055 -21.368956 -37.639835 -50.305230 -20.401509 -40.123032 35.380752 -33.182815 5.627319 -13.367852 -13.581569 -0.422383 -29.950431 -10.609942 -8.955826 -27.193188 -2.162493 -30.782315 12.193611 14.634368 -34.859384 -13.243437 25.366449 26.745523 2.656908 6.064079 -4.393757 -1.588868 -0.693820 -2.144190
0.350546 4.731444 -0.054748 11.347005 77.532085 -18.579375 -0.568180 -8.551314 4.378642 -3.309757 3.353658 1.002424 0.618366 -9.630974 5.042192 -2.908734 -19.314305 0.599275 -5.604510 -34.915890 -7.944742 1.019198 0.464149 0.566792 15.264619 14.697926 -23.000682 8.686408 -33.176585 19.328491 12.487710 -53.994464 -48.031622 -29.679132 8.572333 -8.560186 -3.831241 -6.385320 -5.496970 50.845123 -6.802999 19.359262 7.131369 -6.253118 -0.353768 -9.204364 23.779983 -1.136596 70.814901 -14.052906 54.269847 28.990376 -15.796789 6.143145 -8.216417 20.651581 -2.219134 41.943885 -34.159896 17.477811 22.563568 -12.212573 -0.760803 -22.945754 -17.561345 -0.353476 10.345013 -18.198321 -1.083712 38.601431 -30.898441 0.651576 -16.241572 3.388623 -1.418159 -22.350180 -51.939678 10.244184 -21.701634 -43.578590 35.443537 -10.446995 -8.855624 -0.683100 16.246854 4.146259 21.239560 -58.336228 3.608950 -32.937539 -8.368915 -9.539397 -5.358133 10.199501 34.396005 28.305502 -77.964821 -4.369886 -62.755824 -6.093555 -10.748816 -0.920548 -8.038252 48.761276 41.851241 -33.319836 -20.453186 -36.699850 -51.363982 -20.547321 -40.469456 35.819989 -31.766480 5.409404 -14.464887 -13.880481 -0.592021 -30.552047 -10.511072 -8.975299 -27.010116 -2.492978 -31.247636 12.481246 14.786897 -34.710565 -14.115481 26.685891 27.816036 2.421907 5.745558 -5.188805 -0.848823 -1.542389 -2.085822
0.329005 4.693804 -0.073734 13.398600 77.942257 -20.939545 -1.166987 -8.718974 4.689020 -3.466774 2.915823 1.110646 0.661074 -10.064811 5.143828 -3.374022 -19.436501 -0.008875 -7.985699 -36.260233 -9.546103 1.445876 0.651709 0.539956 14.587725 15.239242 -22.192228 9.588930 -34.910737 22.958105 9.344530 -62.933726 -50.888995 -33.137221 2.916309 -10.320086 -2.037518 -5.805000 -3.991892 64.135771 -11.743579 28.399077 7.885315 -10.105527 1.697028 -8.030510 15.224487 -1.335237 83.429995 -12.828352 56.630617 22.978016 -16.850042 1.645145 -7.393728 5.477845 -3.656325 41.236838 -33.975484 11.867623 29.322100 -16.008812 0.900265 -16.358907 -28.654896 -3.801645 12.882028 -22.939598 -1.920115 42.659753 -30.181271 4.958647 -15.985422 3.529773 -1.196747 -22.361773 -53.323403 10.249398 -20.061217 -43.117634 35.778326 -10.870215 -7.471016 -0.774007 15.653950 4.891063 21.172069 -59.228371 3.666858 -33.079232 -7.822350 -10.079017 -4.849290 9.757446 35.006029 29.140814 -79.296713 -3.034724 -63.033998 -6.380082 -11.021507 -0.098294 -8.244069 48.186074 42.713189 -32.262220 -19.939175 -35.795974 -52.733777 -20.124431 -40.943928 36.553524 -30.820771 5.396760 -15.341713 -14.077773 -0.742789 -31.893384 -10.627835 -8.966976 -26.791810 -2.736263 -31.623703 12.883235 14.742476 -34.742112 -14.843341 28.402248 28.558863 2.565359 6.426106 -5.101205 -0.689522 -1.613969 -2.417864
0.312400 4.658489 -0.079282 16.538231 78.514811 -24.754541 -1.693296 -9.215207 5.045528 -3.590453 2.277318 1.265523 0.791228 -10.211740 5.233467 -4.257141 -19.589526 -0.755275 -11.589998 -37.947867 -12.027564 2.016579 1.060088 0.489181 14.893490 14.983823 -21.371446 14.042932 -37.535139 27.469806 0.300966 -68.668602 -59.270150 -32.785363 -2.619348 -10.201412 1.859398 -5.189668 -3.778126 72.214905 -16.881435 30.959213 12.613794 -12.384139 2.189977 -1.563809 7.623497 -1.443477 87.538366 -16.594792 51.353354 19.182077 -16.768398 0.228183 -0.962389 -3.679067 -3.682936 39.897420 -36.143547 7.420844 30.637678 -14.351448 -1.168950 0.540796 -39.915513 -0.351116 12.777954 -22.207284 -7.898637 49.502198 -28.729793 4.386334 -16.079986 3.752040 -1.014199 -22.640264 -54.506597 10.226621 -18.059465 -42.889847 36.709882 -11.450760 -6.485789 -0.877748 15.111053 5.402836 21.167615 -60.240004 3.971797 -32.969697 -7.638015 -10.086165 -4.540378 9.660149 35.341253 29.260132 -80.813941 -2.066551 -62.824295 -6.646685 -11.447816 0.453224 -7.954454 47.730756 42.515866 -31.842712 -19.611768 -34.857931 -54.271286 -20.402753 -41.781007 37.363858 -30.123890 5.233576 -16.222956 -14.848507 -0.953528 -33.475783 -11.187519 -9.093761 -26.915179 -3.386713 -31.688761 13.342837 14.940190 -34.490810 -15.818128 29.113047 29.620608 2.307300 6.505119 -4.974788 -0.387719 -1.736341 -2.714677
0.294931 4.635747 -0.084533 20.755133 78.999028 -29.568029 -2.126868 -9.930719 5.337650 -3.571779 1.934107 1.262744 0.935452 -10.311673 5.451257 -5.563281 -19.401402 -2.211778 -15.833796 -40.596038 -14.985679 2.206535 1.244745 0.402447 16.300707 13.269563 -20.521890 22.545800 -40.938179 31.998242 -8.606844 -67.675503 -65.717066 -28.237430 -6.050099 -8.614653 4.835661 -5.235632 -4.383926 74.048977 -20.322514 27.260302 15.170867 -9.434497 1.991205 4.766115 5.242569 -1.819782 85.283029 -21.195269 46.037150 19.531203 -15.472778 1.711598 4.817576 -4.758273 -4.599344 41.358462 -36.684823 7.918971 29.095516 -12.205793 -1.089772 18.703599 -43.921703 4.498212 10.682076 -19.151172 -8.091247 47.370755 -23.636767 0.676420 -16.521722 4.058655 -0.973440 -23.425011 -55.064831 10.199756 -16.167195 -42.958122 37.807177 -12.166207 -5.487212 -0.290185 14.474384 5.833850 20.905571 -61.235528 4.679044 -33.712482 -8.003245 -10.448699 -4.878461 9.773961 35.448739 28.205957 -82.304196 -1.267522 -63.027201 -7.272395 -11.889189 1.025101 -7.268773 47.548710 41.234205 -31.582223 -18.609841 -34.339848 -54.905755 -20.816157 -42.349519 38.172649 -29.583112 4.908999 -16.580380 -15.336748 -0.984311 -34.452560 -11.738289 -9.200801 -27.087342 -3.952576 -31.403542 14.094111 14.912430 -34.405984 -17.297205 30.183392 30.964290 2.246836 7.125190 -5.262703 0.207646 -1.524001 -3.259327
0.291029 4.617532 -0.096938 24.724102 79.427191 -34.025898 -2.333652 -10.303247 5.287749 -3.494716 1.416363 1.310206 0.900417 -10.422305 5.353450 -7.407635 -18.409370 -4.586224 -20.565232 -44.326462 -18.301367 2.123578 1.025894 -0.018010 18.290309 10.499828 -19.787526 34.026478 -44.592530 37.433886 -13.305923 -62.797890 -66.899330 -21.342407 -5.329862 -6.551175 5.042000 -7.252438 -3.418897 70.326024 -20.041898 23.938267 16.580005 -7.252288 1.862818 6.091806 3.730761 -0.786502 80.422700 -22.561676 43.073734 21.193639 -13.970708 2.566178 5.854427 -5.242887 -3.717787 41.553097 -36.395843 7.091507 27.815038 -11.607279 0.392820 25.146504 -43.117819 9.530643 9.241719 -20.193380 -8.205330 43.470339 -18.477236 -1.161511 -16.949994 4.174006 -0.934784 -23.464707 -55.532289 11.079360 -14.952540 -42.822173 38.807035 -12.684270 -4.814103 0.841837 13.867796 5.994357 21.430700 -62.248898 5.790071 -34.088141 -8.883307 -11.376263 -5.329608 9.960314 35.266886 27.831281 -84.242779 0.217726 -63.499765 -7.755377 -12.127948 1.222055 -6.847208 47.351707 40.362208 -32.427045 -17.461592 -35.784014 -55.043060 -21.026835 -42.562117 39.126041 -29.238220 4.822508 -17.138435 -15.733297 -1.354977 -36.225874 -12.404009 -8.998965 -27.413931 -4.739426 -31.312644 14.864935 14.978181 -34.668463 -18.325596 30.315518 31.319525 2.611325 7.513439 -5.611749 0.778117 -0.965663 -3.510516
0.285759 4.605976 -0.106015 29.223076 79.775618 -38.769326 -2.515533 -10.515919 4.685752 -3.344676 0.941960 1.132345 0.765169 -10.323071 5.305387 -9.497857 -16.618265 -7.871309 -28.152517 -48.966633 -24.379507 1.891102 0.436797 -0.879774 20.535099 7.718259 -20.163418 47.166246 -47.045794 46.000559 -13.630281 -58.013401 -63.538399 -18.526172 -2.862372 -3.789749 5.420135 -8.109831 -3.103688 68.819429 -18.874739 24.996866 17.338549 -6.221267 2.322485 6.493660 3.996741 -0.740938 77.948448 -22.411086 42.632828 21.717493 -11.791160 2.902931 5.353686 -5.032029 -4.219694 41.876425 -36.426104 7.167244 27.036507 -10.445321 0.567415 27.697252 -43.064022 12.036551 9.096951 -21.484998 -7.991544 40.069887 -13.832958 -2.088457 -17.270248 4.498362 -0.889800 -23.898023 -56.726808 11.445285 -13.647136 -42.765087 40.071753 -12.358126 -3.560196 3.265438 14.155732 6.235592 21.473203 -63.806227 7.896868 -34.046673 -10.681507 -12.459439 -6.205259 11.069303 33.984533 26.114593 -84.664779 1.443436 -61.560211 -8.426003 -11.937719 1.292650 -4.973010 46.222948 37.536631 -33.150265 -16.962916 -36.749358 -54.151599 -20.104128 -40.628657 39.050777 -30.097809 4.595381 -18.178927 -15.670628 -2.006769 -38.281513 -12.548102 -9.011696 -27.604348 -5.430300 -30.765905 15.690818 14.165302 -35.232198 -19.258085 30.252573 32.466972 2.887366 8.658198 -6.154033 1.035509 0.323596 -3.647207
0.288660 4.592137 -0.116641 34.260231 79.872395 -44.192565 -2.695944 -10.149449 3.879676 -3.062233 0.656969 0.739817 0.418445 -10.240331 5.052238 -11.636837 -14.108249 -11.793655 -37.939069 -52.649661 -33.756476 1.584016 -0.697432 -1.859224 22.977070 5.068196 -21.944038 60.803327 -47.091728 56.524745 -12.114385 -54.331291 -58.143207 -16.856696 -0.727521 -1.287894 3.782480 -7.693509 -3.400598 68.801866 -18.887535 26.072566 18.083459 -5.408537 2.359562 5.012321 5.307809 -1.419309 77.858400 -23.464834 44.017379 21.274673 -9.374346 1.893025 3.694519 -3.396260 -5.436522 42.651657 -36.771050 7.141602 25.381894 -8.898183 -0.478311 26.653865 -41.622876 10.992935 9.208361 -22.628936 -8.171424 37.359815 -9.797446 -2.266776 -17.317221 4.566918 -1.201810 -23.999292 -58.742339 12.488537 -13.057712 -42.410511 40.548385 -11.664143 -2.598814 5.159571 14.680800 6.385188 21.024743 -66.024806 9.388639 -33.881194 -12.754810 -13.307626 -6.580161 11.933310 32.465174 24.546496 -84.132414 2.401931 -59.420637 -9.454463 -11.874521 1.025695 -3.373061 44.981712 35.143238 -33.080811 -15.682132 -36.708586 -52.267259 -19.005410 -39.183370 38.836346 -31.134541 3.688100 -17.774260 -15.632687 -2.422931 -40.507978 -11.932944 -9.068872 -27.934739 -6.409763 -29.980466 16.323280 13.308290 -35.411289 -18.845056 28.549867 33.234336 2.905848 9.883698 -6.387468 0.354559 -0.112466 -4.051830
0.290047 4.571355 -0.101823 40.039498 80.140340 -50.364417 -2.764150 -9.375738 2.627101 -2.607683 0.540201 -0.197920 -0.231550 -10.098089 4.527567 -13.236327 -12.184121 -15.165703 -48.146991 -54.102182 -43.776668 1.334996 -2.156187 -3.100142 25.701106 2.794710 -24.560575 73.572253 -45.042830 65.815376 -5.440895 -49.551711 -48.559889 -15.885563 -0.599027 0.226061 1.912562 -6.710081 -4.777112 68.320463 -18.304829 25.318320 18.767439 -4.255005 2.660106 3.845441 6.559908 -2.709721 77.101043 -24.064915 43.480701 20.709671 -7.272871 2.220374 2.070723 -1.686842 -6.598580 43.696434 -37.421332 7.611564 24.023490 -7.721947 -1.152676 23.105687 -39.979775 8.916338 9.274191 -23.837589 -8.888394 34.993587 -7.531961 -2.131767 -16.970039 4.338453 -2.014424 -22.762922 -61.652621 14.609461 -13.462584 -42.038197 40.029944 -11.656672 -2.714664 6.100750 15.643154 6.974998 20.277828 -67.685392 9.093760 -32.800733 -14.972397 -13.574742 -6.145005 12.493907 30.721469 23.483408 -83.407663 1.661161 -56.062188 -10.037713 -11.990756 0.059080 -3.517196 43.430851 34.323549 -33.108793 -14.613478 -36.028668 -47.880708 -18.270984 -36.130780 37.923109 -33.143471 4.073345 -17.411058 -15.291010 -2.787429 -40.640917 -10.861312 -8.280486 -28.419999 -7.747066 -29.226290 16.620258 12.173008 -35.385882 -18.149389 25.750749 34.001175 2.945350 9.856589 -5.567737 -0.968794 -0.696103 -2.888349
0.293165 4.534801 -0.079377 45.265005 80.990004 -55.916398 -2.421743 -8.639561 1.234369 -2.029257 0.892978 -1.412226 -0.934935 -10.307674 4.127885 -14.057888 -11.792666 -17.070628 -55.175229 -53.437120 -49.866287 0.740409 -3.350548 -4.359659 28.174291 1.170087 -25.339943 83.571939 -42.965744 72.203392 1.356089 -43.582205 -40.254137 -17.899151 -0.212967 0.790965 0.502476 -6.294944 -5.601643 68.188461 -18.638342 24.329861 18.392865 -3.583775 2.624491 3.427455 6.609809 -4.208241 78.204061 -24.689224 44.812332 19.421499 -6.543787 2.211999 1.170132 -1.290374 -8.040273 44.883187 -38.319388 8.486646 23.128125 -7.052649 -1.170437 20.324284 -40.788021 9.748867 8.355854 -23.611082 -9.608283 34.694803 -7.464911 -2.774628 -15.831969 4.481042 -3.406885 -21.159959 -65.039148 17.114659 -13.918646 -41.828376 39.780883 -12.180975 -3.481932 6.838189 16.348860 8.024312 20.086814 -69.949809 6.570547 -30.878711 -16.600952 -12.975654 -5.585898 12.808126 29.789482 23.425254 -84.746656 0.812902 -52.867247 -9.579465 -11.454143 -0.325579 -4.271565 42.843347 35.230592 -33.619325 -13.112822 -35.596257 -45.356587 -17.434881 -34.490221 37.254374 -35.345301 4.987398 -17.000613 -14.618226 -3.095065 -40.053097 -9.559134 -6.975713 -28.550468 -9.290774 -28.237594 16.601943 11.214829 -35.553709 -17.454983 23.838330 34.366276 2.240823 9.314122 -4.542399 -0.975523 -1.040305 -2.583047
0.300754 4.504425 -0.043709 51.502358 82.198712 -62.306903 -1.886055 -7.713791 -0.259742 -1.504636 1.385588 -2.288814 -1.313394 -10.154012 3.511318 -14.063564 -11.738390 -17.739054 -59.778203 -52.729504 -52.858275 0.049734 -3.981880 -5.140186 31.164033 -0.275934 -24.097901 89.496038 -40.979803 76.024233 6.768263 -39.102557 -34.643706 -20.982572 0.685434 1.559300 -0.886195 -6.920033 -4.995576 67.512916 -20.172123 23.692236 17.131119 -3.945500 1.970369 2.826868 6.122650 -3.231467 78.654211 -27.000293 46.845778 17.799136 -6.595341 0.686948 0.328292 -2.455327 -6.881242 44.624730 -38.478323 9.536066 21.563893 -6.897560 -1.251833 21.007350 -42.122651 13.956058 8.461906 -24.216021 -9.847626 33.892099 -7.553304 -3.490325 -13.810902 4.409928 -4.477948 -21.540260 -68.341016 18.337607 -14.626949 -41.989816 39.887624 -11.120229 -3.458921 7.864880 16.482961 8.420252 19.312340 -70.440032 5.772162 -30.423724 -17.034164 -12.736379 -5.544473 12.825013 29.435243 23.059472 -84.960521 1.244186 -51.264164 -9.555685 -11.268047 -0.875283 -4.232791 43.131219 34.570109 -34.198991 -12.693700 -34.446566 -45.181091 -16.467135 -34.390038 36.195547 -35.702550 6.626076 -15.958058 -13.874713 -3.889323 -40.194463 -7.961039 -6.141728 -28.359184 -10.892562 -27.364539 16.184769 10.101678 -35.040623 -17.131743 23.575717 34.461746 0.031519 8.079343 -1.993982 -1.138987 -0.663887 -2.554786
0.341945 4.496621 -0.011390 56.116330 83.336184 -66.787032 -1.341082 -6.783745 -1.220552 -1.198968 1.501293 -2.538897 -1.365444 -9.626794 2.963525 -13.468624 -11.360186 -16.803266 -60.982870 -51.247716 -52.357327 -0.969535 -4.272647 -4.439609 32.648151 -1.205568 -22.188399 94.077379 -39.798583 78.764334 9.829412 -36.667850 -31.001262 -22.093378 3.286737 3.515685 -1.651776 -8.934073 -5.536278 67.137583 -20.113184 22.767881 16.582581 -4.433751 1.893183 2.104649 5.102575 -3.376813 79.951148 -27.612300 48.561858 16.917259 -7.026927 1.054342 -0.335466 -3.578653 -7.613284 45.056703 -38.702938 10.272850 21.003489 -7.355309 -1.414068 20.270310 -44.083367 15.384271 8.915302 -25.624485 -10.003919 34.337393 -8.398047 -3.930483 -11.360036 5.014801 -5.004698 -25.327974 -70.720334 15.968234 -15.426815 -42.475393 40.419597 -8.919781 -2.288603 9.690251 16.138065 8.378272 18.365930 -70.271091 6.028817 -30.026444 -16.993573 -11.886326 -6.116170 12.295901 29.178271 22.161808 -84.126019 1.559879 -50.509595 -9.368930 -11.269818 -2.441381 -3.868132 43.482547 33.152391 -35.560721 -12.150660 -33.669725 -46.638733 -15.644209 -36.044877 34.219426 -34.887640 8.523409 -14.555683 -12.758597 -5.264233 -40.844821 -7.382434 -6.766479 -27.738191 -11.862204 -26.507086 15.018249 8.818340 -35.180722 -16.902786 23.233663 35.028548 -1.494852 7.396069 -0.079187 -1.413100 -0.059858 -2.197058
0.395750 4.531828 -0.007901 57.520232 84.511434 -67.873643 -0.797205 -5.919983 -1.670491 -0.903331 1.680781 -2.433644 -1.291851 -8.893318 2.758972 -12.159148 -9.613885 -14.665966 -54.305420 -47.807419 -44.876217 -1.308911 -4.168648 -2.924829 32.904964 -1.410289 -21.328315 99.090412 -39.512492 81.580449 11.693186 -35.275073 -28.775376 -22.075658 6.945248 5.652218 -1.665062 -11.297968 -6.030057 67.816438 -20.570007 21.645328 16.084973 -5.073682 0.040590 2.128335 3.641266 -4.241348 82.584174 -27.573516 51.125349 16.444712 -6.446615 1.284325 0.215302 -4.749530 -9.246771 46.382118 -39.665329 11.622737 20.225389 -7.039842 -1.696968 19.274836 -46.202518 14.035781 10.053417 -28.036354 -9.349740 34.771107 -8.370481 -4.282212 -9.598252 6.317796 -5.558453 -33.104356 -72.494342 8.757999 -16.690127 -43.216268 39.850114 -8.517351 -2.300790 10.476417 16.223476 7.909886 18.012920 -70.300000 6.481381 -29.321031 -17.272541 -11.709755 -6.374332 12.012539 28.946153 21.781371 -83.377056 1.727049 -49.825223 -9.254752 -10.998387 -3.544313 -3.185999 43.072831 32.376658 -36.950117 -12.067999 -33.785943 -46.961370 -15.477435 -36.013336 33.971061 -34.945407 8.927461 -14.025713 -13.029199 -6.130296 -41.222189 -6.994385 -7.620207 -27.007531 -12.452418 -26.403344 13.871162 8.242516 -34.954313 -16.691882 23.372287 36.078786 -1.727089 6.743421 -0.402865 -1.516948 0.625992 -1.747274
0.441881 4.577429 -0.018982 53.111594 85.446853 -63.134384 -0.481922 -4.923719 -1.957618 -0.712779 2.108175 -2.354353 -1.064061 -8.051697 2.897423 -10.838057 -7.551121 -11.758206 -40.407705 -39.436113 -29.618237 -2.317588 -5.120871 -3.179840 32.825815 -1.012585 -20.955962 103.399960 -39.357244 83.637221 11.171768 -34.548266 -30.243799 -22.682192 8.390783 8.386336 -0.790912 -10.477842 -6.329732 69.631041 -20.884880 22.294063 15.783603 -6.104997 -0.119639 3.498796 4.311311 -4.798035 84.273583 -27.221376 51.730272 15.539366 -7.085264 0.189103 1.835209 -3.680648 -9.876879 48.342828 -40.658491 12.827334 20.344033 -7.066560 -1.981367 22.124134 -46.972487 14.195496 10.661002 -29.599466 -9.127396 34.673480 -7.764403 -4.281101 -8.626110 8.083122 -5.646398 -42.720196 -73.705931 -1.670902 -18.232354 -43.897865 38.888246 -8.915213 -2.910724 11.019043 17.302943 7.425220 17.795618 -70.564788 6.374313 -28.937062 -17.672080 -12.158734 -6.140818 11.933476 29.061423 21.775345 -83.054251 1.331507 -50.143557 -9.186395 -11.131101 -4.342030 -3.675370 43.163505 32.643600 -38.507963 -12.799185 -34.406867 -46.318746 -15.479466 -35.628912 34.561598 -35.740281 8.653905 -13.437063 -12.505241 -7.193204 -41.799799 -6.765390 -8.919437 -26.247413 -12.308173 -25.927758 13.145799 7.703869 -34.555826 -15.776865 23.748424 35.803105 -1.901340 6.733227 -0.434349 -1.764712 0.825946 -1.385089
0.489749 4.631613 -0.038767 36.763723 85.911451 -46.413616 -0.264169 -3.476398 -1.992718 -0.601436 2.681640 -2.004488 -0.861286 -7.167811 3.044031 -9.590018 -5.219344 -8.522055 -30.411984 -27.156131 -17.775320 -2.768254 -5.293499 -4.616707 33.192727 -0.222209 -20.116122 106.948165 -39.620589 85.147908 8.365620 -35.324104 -35.706111 -21.974879 5.688311 10.322241 1.905643 -9.564881 -5.985106 68.801326 -19.832312 20.827641 15.685985 -6.001653 -0.180048 6.707192 4.755643 -4.567999 81.386510 -25.819279 47.721928 15.798995 -6.984192 0.347946 3.858455 -2.782282 -8.475950 47.323182 -40.161791 11.415756 20.390660 -7.652975 -2.467978 27.595610 -44.600864 17.147040 9.877451 -29.030354 -10.021817 33.742553 -6.856053 -3.831111 -8.461396 9.701678 -5.728888 -51.091431 -74.072386 -11.972880 -19.771464 -44.806064 37.773627 -9.765523 -3.819590 11.258234 17.525431 6.392028 17.602631 -71.032068 5.264592 -28.079261 -17.461779 -12.149177 -5.991253 11.321451 29.020681 22.216958 -83.058178 0.955664 -50.714346 -9.337612 -11.354322 -5.048167 -4.463553 43.138538 33.075437 -39.609424 -13.109252 -35.141183 -46.234831 -15.561652 -35.961739 35.184511 -36.955904 7.445510 -12.645674 -12.470348 -7.956149 -42.442969 -7.458259 -10.083384 -25.401411 -11.627380 -25.119090 12.325433 7.735277 -34.373925 -14.755414 23.892647 35.522844 -1.962098 6.060610 -0.492232 -1.799937 0.981261 -1.199642
0.528827 4.696200 -0.047000 17.652500 85.402143 -26.628547 -0.166090 -2.142170 -1.669389 -0.596145 3.299367 -1.551819 -0.558097 -6.638222 3.114744 -9.136270 -3.010295 -5.751873 -25.755554 -16.530385 -11.186103 -2.352407 -4.137546 -4.838228 33.300065 0.633241 -19.553499 109.309243 -39.847396 86.151372 4.635054 -38.137884 -42.516473 -19.946683 2.245460 8.804588 4.179791 -9.392951 -2.601133 66.053961 -20.271386 18.951932 14.813691 -5.792772 -1.191929 7.944468 5.004963 -1.096102 77.353725 -26.312863 44.346631 16.989933 -7.214205 1.286283 3.938754 -1.860355 -4.465321 43.443775 -38.119339 9.570818 20.187808 -8.998564 -2.824201 30.065780 -40.793742 18.253058 8.698706 -25.377943 -8.816616 32.937028 -5.907575 -2.576401 -8.894502 10.980511 -5.792503 -56.830474 -73.343427 -20.068962 -20.645372 -45.410683 36.436573 -11.563568 -6.074493 11.309139 17.381274 4.946856 17.637349 -71.002918 2.551835 -26.342257 -16.874540 -12.554731 -5.817904 10.354580 29.028727 22.969289 -83.228232 -0.277295 -50.626674 -10.139003 -11.535456 -5.980264 -5.465127 42.738703 34.322290 -39.173211 -13.234242 -33.791026 -46.752682 -14.776237 -36.135607 36.119867 -38.159112 5.495086 -12.328222 -13.133990 -8.771714 -43.385814 -9.617885 -11.295202 -24.950866 -10.513406 -24.595655 11.820339 8.168537 -34.437519 -14.005408 23.494863 34.693052 -1.869221 6.428206 -0.810301 -2.063094 0.963024 -0.914316
0.544647 4.762414 -0.051888 3.129288 84.185447 -11.547017 -0.000480 -1.161341 -0.814961 -0.816832 3.846906 -1.059891 -0.274143 -6.407966 3.248332 -9.191961 -1.122653 -3.281538 -23.161022 -10.109796 -8.811474 -1.467498 -1.983701 -3.548992 32.712564 1.756811 -19.063739 111.880447 -40.989390 88.038031 1.312100 -41.079475 -45.812339 -19.810872 4.188203 9.963953 5.157829 -9.479858 -2.076470 65.041247 -20.527567 19.413294 14.411587 -5.138249 -0.918245 8.186353 4.389717 -0.197437 76.498758 -27.117209 43.970404 17.858048 -7.478299 1.800924 4.336381 -1.730625 -3.146964 43.044345 -38.153267 9.583304 19.942814 -9.311080 -2.497324 29.574455 -39.644265 17.739779 8.466601 -24.717636 -8.207809 33.272310 -6.144533 -1.251358 -8.993712 11.585717 -5.813625 -58.889212 -71.763946 -24.122311 -21.277984 -45.299151 35.284765 -12.598492 -7.550290 10.835434 17.521343 3.716446 16.954379 -70.520310 1.818864 -26.119538 -16.807107 -13.116365 -5.336715 9.709453 28.866080 23.104069 -82.471810 -1.372166 -50.860863 -10.851775 -11.970370 -6.843495 -6.186151 42.166483 35.281768 -38.083107 -13.642538 -32.852398 -47.211317 -14.760863 -36.323599 37.455030 -39.316364 3.965958 -12.159665 -14.268121 -8.974091 -44.237764 -11.616676 -11.828014 -24.408286 -8.872469 -24.138082 11.318658 8.578670 -34.725588 -13.764735 23.706482 34.252785 -1.535163 6.392766 -0.944059 -2.128752 0.851234 -1.353091
0.550426 4.805663 -0.037015 -5.168699 82.934757 -2.642451 0.234056 -0.725720 0.026204 -1.061166 4.150273 -0.690180 -0.034020 -6.592519 3.523097 -9.106459 -0.124953 -1.556597 -21.261852 -6.392969 -7.168683 -1.103361 -0.611990 -2.902645 32.217934 2.610289 -19.160740 112.860350 -42.651944 89.132754 -1.219871 -43.786387 -48.080325 -19.395199 5.495169 10.857981 4.689969 -8.837134 -2.758085 63.657909 -20.076175 19.508084 14.641257 -4.996249 -0.305025 7.186662 5.367773 -0.275176 76.106358 -27.749518 44.687125 18.501185 -7.866158 1.908488 3.534735 -0.382536 -3.140038 43.851491 -37.996101 10.560752 20.012706 -8.930407 -2.851155 26.242201 -37.184698 15.148501 8.940732 -24.743258 -7.800468 34.321679 -6.211079 -0.573748 -9.056252 12.160145 -5.797648 -58.893502 -69.844316 -25.675219 -22.096090 -45.345822 34.136337 -13.129958 -7.155005 8.883176 17.594889 3.688809 16.902714 -68.987369 3.359189 -26.073804 -17.006130 -12.937099 -5.368905 8.700649 28.758198 24.399595 -80.425868 -2.109953 -51.163051 -10.618625 -11.875448 -7.423454 -7.476945 40.896214 36.668800 -36.373322 -13.751862 -32.099204 -47.278383 -16.098278 -36.756475 39.159351 -41.267181 2.998175 -12.186287 -16.210863 -8.427175 -42.885688 -13.185313 -11.698650 -23.977705 -7.386402 -23.763703 11.256242 9.661215 -35.375516 -13.402098 22.600904 32.994162 -1.187232 6.779152 -1.540627 -2.106023 0.756256 -1.602334
0.545880 4.828569 -0.041880 -10.332062 81.811756 3.188433 0.491161 -0.813766 0.760816 -1.279232 4.446753 -0.554363 0.225740 -6.917103 3.683221 -9.071532 0.497939 -0.497191 -19.396354 -5.032113 -5.708066 -1.326326 -0.081869 -2.553502 31.683815 3.223053 -19.750611 112.305492 -44.202566 88.978082 -2.761072 -45.977282 -49.689357 -17.981212 5.426293 10.796250 3.800906 -7.300804 -3.117182 61.997375 -18.820169 20.025307 15.144116 -4.906537 0.378328 5.926461 6.437534 -0.844817 74.410692 -26.699349 44.533901 19.294636 -8.189658 2.496681 2.379613 1.084047 -2.777546 42.824916 -36.800754 10.385598 20.297993 -9.275672 -2.543502 24.035350 -35.342971 14.342387 9.193512 -23.546648 -7.670425 35.058725 -6.340507 -0.542112 -9.435083 12.240427 -5.542962 -57.309794 -68.361027 -24.897326 -22.155801 -45.256516 34.216241 -13.144151 -5.721933 7.396482 18.210388 3.624078 17.632089 -67.680824 4.333917 -26.310650 -17.630613 -12.844673 -5.173102 7.855965 28.525049 25.853971 -78.985813 -2.284507 -51.390463 -11.006831 -11.947944 -7.465223 -8.923755 39.821088 37.959079 -34.258654 -14.047913 -31.139141 -47.845896 -16.485501 -37.156809 40.476591 -41.818019 3.057441 -11.926345 -17.064700 -8.234420 -41.076298 -13.356353 -11.942240 -23.582760 -6.181889 -23.706718 11.207459 10.605454 -35.174299 -13.098441 21.931580 31.626098 -0.865660 6.636935 -3.060484 -2.236116 1.190289 -1.798463
0.529948 4.836771 -0.047306 -12.640900 80.656782 6.629137 0.710741 -1.253113 1.435287 -1.608963 4.666267 -0.562188 0.447798 -7.154870 3.676534 -9.040071 0.625757 0.019765 -17.750649 -4.430631 -5.109731 -1.633663 -0.304037 -2.197845 31.296665 3.530329 -20.607455 110.308944 -45.896651 88.268965 -3.366144 -47.794577 -50.786912 -16.564821 4.889389 10.933478 3.145214 -6.312941 -3.414717 60.642588 -18.063977 20.028051 15.050833 -5.018403 0.890265 4.927296 7.601437 -0.872224 73.396049 -26.861493 44.445002 19.409019 -8.233699 2.632559 1.614041 2.091493 -3.145233 42.397424 -36.050440 10.113176 20.632748 -9.517521 -2.489485 22.569342 -33.790740 13.895623 9.507204 -23.033693 -7.842720 35.588714 -6.206431 -0.053189 -10.089486 11.834152 -5.267611 -54.407370 -66.597951 -22.656939 -21.779130 -45.242631 35.760607 -12.518836 -3.116487 5.222198 19.419936 4.050712 19.346115 -66.639322 5.234873 -27.116200 -18.429961 -13.097443 -5.742473 7.521990 28.881210 27.715234 -78.176634 -1.605263 -52.441673 -12.117734 -11.778093 -8.068560 -10.628793 39.676737 39.663208 -32.565863 -13.846678 -31.876337 -48.530031 -16.901768 -38.419717 41.741952 -42.020702 3.680927 -11.693016 -17.150085 -7.903724 -40.718120 -12.804115 -11.071387 -23.237251 -4.811133 -24.051311 10.975857 11.266992 -35.717598 -12.572240 21.172831 30.294295 -0.203608 7.296487 -4.443771 -2.601646 1.558632 -1.789116
0.519782 4.844301 -0.067710 -13.303400 79.688350 8.632241 0.970882 -1.794167 1.796496 -2.010739 4.583933 -0.588643 0.633779 -7.109690 3.577640 -8.889630 0.210556 0.399707 -16.157416 -4.116452 -4.644864 -1.881953 -0.784107 -1.895679 30.910946 3.683652 -21.258929 107.257472 -47.287364 86.954327 -2.978405 -49.376031 -51.057576 -14.915761 3.655581 10.645214 2.251556 -5.562980 -3.869904 59.585037 -18.456519 19.155423 14.815684 -4.800021 0.562706 3.595489 8.723353 -0.687723 73.557829 -27.806828 44.251174 19.124931 -7.926661 2.114523 0.474879 3.089723 -3.214951 42.202160 -36.435720 9.446075 20.995814 -9.523360 -2.373723 21.114248 -32.448877 12.580736 9.648274 -22.783110 -7.764924 36.238903 -5.895073 0.150877 -10.745223 10.819053 -5.001823 -51.592407 -64.844714 -19.965602 -20.984731 -45.218839 37.440432 -11.752072 -0.067471 3.557991 20.066367 4.244697 21.453362 -64.377898 6.894521 -28.251673 -18.769917 -12.725093 -6.657500 7.148965 28.878965 28.868138 -76.189088 -1.618485 -53.227656 -13.134106 -11.929330 -9.034387 -11.333170 39.374298 40.106027 -31.319596 -13.981369 -32.112778 -49.098471 -17.653094 -39.854435 42.475628 -41.733000 4.864432 -12.528259 -16.986054 -8.004247 -40.477880 -12.289389 -9.778624 -22.910225 -3.737483 -24.689084 10.692155 11.498617 -36.372224 -12.201005 20.708921 28.670451 0.017995 8.147980 -5.256489 -2.652693 1.516287 -1.659575
0.500360 4.839433 -0.061299 -12.999166 78.852977 9.838323 1.236285 -2.207663 1.867653 -2.357908 4.419786 -0.696674 0.649855 -7.208606 3.452022 -8.549330 -0.868306 0.782624 -14.518453 -3.972969 -4.484432 -2.030933 -0.864253 -1.434024 31.112295 3.979964 -21.604129 103.311593 -48.356652 85.409799 -1.834632 -50.950813 -50.384552 -12.797769 2.537430 9.830116 1.125188 -5.186163 -4.197724 58.343251 -18.645169 18.021242 14.448405 -4.860032 0.094963 2.050723 9.423503 -0.146432 73.311459 -28.624016 43.905905 19.221304 -8.006037 1.079924 -1.025371 4.399791 -3.181691 42.690400 -36.692621 9.251219 21.131021 -9.667066 -1.993970 19.881426 -30.925846 12.488735 9.698789 -22.542619 -7.729818 36.306434 -5.917400 0.394115 -11.310092 9.577807 -4.688022 -49.006746 -63.386414 -17.187356 -20.684741 -44.443873 38.039967 -11.082676 1.746997 2.214293 20.468200 4.714227 23.411462 -63.204113 7.284359 -30.229487 -18.519306 -11.774117 -6.986489 6.822050 29.181758 29.996249 -75.064787 -2.004778 -54.609054 -13.028306 -11.498403 -8.895967 -12.317453 39.790000 41.158863 -30.042382 -14.030772 -31.978696 -49.463480 -18.041714 -40.904544 43.023625 -40.776472 5.702370 -13.086271 -17.319117 -8.136669 -40.218508 -12.686681 -9.114027 -22.721488 -2.456423 -25.448777 10.720340 11.943908 -36.395604 -11.689194 20.145455 27.586805 0.473358 8.880127 -5.853049 -2.642820 1.141941 -1.604780
0.483531 4.831839 -0.070469 -11.714170 78.045087 10.141020 1.526477 -2.656603 1.824663 -2.706943 4.569686 -1.088249 0.609023 -7.551023 3.529458 -8.098783 -2.899365 1.184040 -12.824046 -3.955896 -4.180510 -1.897674 -1.137616 -0.807520 30.984179 4.351680 -21.105252 99.961562 -49.934130 83.859309 -0.617381 -51.334399 -49.232260 -12.081757 1.622566 8.271838 0.977242 -6.386381 -4.201198 56.912343 -18.596071 15.649758 14.634839 -5.044602 0.222778 1.099639 8.790232 0.396206 72.734259 -28.684880 42.298457 19.564916 -7.868348 0.396727 -1.582979 3.824416 -3.013701 42.478581 -36.510391 8.248964 20.874094 -9.440325 -1.982167 19.456292 -30.854591 12.687227 9.332028 -21.945362 -7.539732 36.561342 -6.407645 0.650839 -11.813700 8.146837 -4.551952 -46.243299 -62.038472 -14.302589 -20.694132 -43.242034 38.301293 -11.168330 2.560723 1.149680 21.178856 5.415512 25.157456 -62.570294 7.090600 -32.149150 -17.832646 -11.004420 -6.964221 6.589133 29.749331 31.517593 -74.246155 -2.178909 -56.600586 -12.750522 -11.169442 -8.872752 -13.081863 40.320041 42.585008 -28.744599 -14.065555 -31.806617 -49.416826 -18.205793 -42.044468 42.859451 -39.798378 5.161231 -13.528467 -17.595384 -7.730802 -40.021953 -12.609873 -8.697292 -22.504413 -1.390123 -26.343791 10.252182 11.994034 -37.008454 -11.718429 19.772925 27.155102 0.609689 8.387801 -6.147429 -2.536781 1.173747 -1.769091
0.464439 4.822614 -0.079707 -10.805703 77.451626 10.515527 1.916456 -3.123096 1.851703 -3.053273 4.762861 -1.403184 0.468621 -7.716945 3.447722 -7.513483 -4.663189 1.343384 -10.882599 -4.641745 -4.066151 -1.511445 -1.223428 -0.057802 30.447325 4.628674 -20.380016 96.083488 -51.517986 81.573579 1.250402 -51.489521 -47.582770 -12.266162 1.530921 6.691352 1.367024 -8.610500 -4.512919 56.812161 -18.043910 14.257846 14.621800 -5.024571 0.104880 0.794069 7.272346 0.907009 72.820451 -28.282538 41.599948 19.495693 -7.613544 -0.192871 -1.541505 2.315765 -3.122936 42.611317 -35.970536 7.800570 20.823713 -9.127400 -1.963659 19.453069 -31.995252 13.501871 9.261235 -20.880644 -7.551924 36.308978 -6.773862 0.620861 -12.305330 6.680517 -4.414484 -43.869200 -61.074691 -11.899467 -20.471582 -41.849040 38.314779 -11.121355 2.645676 -0.066364 21.817078 5.862619 26.218790 -63.311318 6.173284 -33.855937 -17.530131 -10.688924 -6.411389 6.132445 30.633614 32.858657 -74.446336 -2.656634 -59.020360 -12.221255 -10.863941 -7.822878 -15.266892 41.085843 45.265752 -28.693187 -14.571074 -32.356841 -49.018272 -17.649550 -42.517997 42.058775 -38.872284 3.914775 -13.594604 -18.115418 -6.499803 -39.460835 -13.014772 -8.571315 -22.237274 -0.563029 -26.897728 10.157441 12.205031 -37.577786 -11.761191 19.028062 26.516286 0.106655 7.927608 -5.177644 -2.699950 1.308881 -1.471028
0.440739 4.818535 -0.080772 -9.290768 77.015220 10.111530 2.104187 -3.470641 1.882921 -3.292995 4.951734 -1.646525 0.312355 -7.767453 3.420234 -6.785851 -6.629215 1.349232 -8.670967 -6.062289 -4.225712 -1.152321 -0.931059 0.738066 29.209206 4.889124 -19.519810 91.609875 -53.139105 78.638709 2.437328 -51.676308 -46.351204 -11.889292 1.521632 5.447653 2.058943 -10.014241 -5.259508 57.547092 -17.531344 14.110989 14.590530 -4.148510 0.664747 1.054103 5.362563 0.314558 72.452168 -27.494451 40.901364 19.731803 -6.841203 -0.412914 -1.146165 0.870968 -3.418789 42.825764 -36.377285 7.384554 20.353574 -8.771765 -2.491037 19.475686 -33.200719 13.745690 9.253576 -20.095950 -7.530667 36.403445 -7.161561 0.715550 -12.705132 5.643571 -4.428102 -42.266800 -60.666847 -10.167523 -20.584814 -39.930120 37.302817 -10.989146 1.850190 -1.655898 21.221646 6.171214 27.210213 -63.920811 5.183096 -35.277846 -16.447705 -9.953983 -5.396957 4.906478 31.528072 34.210785 -74.923652 -3.491908 -60.963860 -11.153127 -10.243462 -5.693489 -17.593765 41.510227 48.150103 -30.236680 -15.532551 -34.123059 -48.941984 -18.015154 -42.905217 41.152641 -37.612397 3.301512 -13.464743 -17.861319 -6.481382 -38.374887 -13.906240 -8.988574 -22.050678 0.138191 -27.263829 10.199191 12.455323 -37.836843 -11.271824 18.959982 25.002146 0.203630 7.957786 -4.567584 -3.013535 1.397513 -0.956850
0.416549 4.819732 -0.078013 -7.866916 76.587376 9.606244 2.250513 -3.799500 1.838358 -3.403603 5.041664 -1.869548 0.158156 -7.608971 3.491314 -6.199263 -7.980563 1.133643 -6.610819 -7.527780 -4.405037 -0.859160 -0.792667 0.980047 27.596548 5.078261 -18.725481 87.142196 -54.900286 75.530773 4.286870 -51.534149 -44.424660 -11.358860 1.524852 4.633390 2.215822 -10.756778 -5.997400 57.913233 -16.947723 14.214538 14.648623 -4.039459 1.364958 1.375726 4.455671 -0.361091 72.449008 -27.468048 40.625993 19.821249 -6.375152 0.147933 -0.948834 0.106969 -4.115386 43.165010 -37.125147 7.124757 19.979619 -8.209849 -2.955169 18.451284 -34.952882 14.021675 9.066576 -18.831248 -7.510576 37.198680 -8.637010 0.521314 -13.051964 4.480658 -4.499604 -39.880496 -60.120398 -8.002567 -20.402584 -38.123118 36.356142 -11.842757 0.909008 -2.615780 19.454235 6.542459 28.531850 -62.602121 4.911783 -36.765304 -15.221805 -8.404332 -4.941776 2.620485 32.241132 35.873752 -74.142223 -4.129837 -62.490775 -10.187864 -9.118222 -3.895139 -20.170640 41.885141 50.337602 -30.611346 -15.873141 -36.022356 -48.411931 -19.743596 -44.998061 41.154153 -37.195999 2.830713 -12.735688 -18.012268 -5.953006 -37.158745 -14.674616 -9.031790 -22.032147 0.755443 -27.652729 10.662058 12.784944 -38.503523 -11.477818 19.052611 24.527271 0.133548 7.062659 -4.501334 -3.135558 1.356053 -0.875748
0.395106 4.825943 -0.054641 -5.961101 76.372347 8.186366 2.253915 -4.380503 1.841015 -3.477292 5.031396 -1.765101 0.051954 -7.441237 3.636159 -5.689426 -8.864690 0.975619 -4.412051 -9.148360 -4.904838 -0.412840 -0.607368 1.179901 26.042405 5.154494 -18.467549 82.021719 -56.535506 71.878206 8.021744 -50.229323 -40.749818 -10.396651 2.564117 3.942105 2.333757 -11.144846 -7.053130 58.624969 -16.442637 14.755614 14.522821 -4.116668 2.157283 1.862195 3.707333 -1.141814 72.110783 -27.126512 41.041086 19.417386 -6.509309 1.225679 0.058594 -1.080976 -4.927986 43.782318 -37.049057 7.578318 20.106622 -8.003425 -3.370980 18.079964 -37.177229 16.642078 8.415487 -18.778060 -7.537518 38.634781 -10.708302 0.040172 -13.387887 3.602669 -4.029327 -38.143456 -59.225501 -6.330356 -20.461942 -35.972227 35.325843 -11.801614 0.443711 -3.127055 16.604916 6.484303 29.140214 -61.453590 5.519527 -37.954372 -14.194081 -7.236068 -4.589464 -0.336275 32.679862 36.839602 -73.168389 -3.985763 -64.080242 -9.405750 -8.717021 -2.858469 -23.266930 41.893414 51.606939 -30.621793 -16.150302 -37.208033 -47.304477 -20.248340 -45.551833 40.741121 -37.195561 2.336317 -11.757954 -17.889752 -5.263468 -36.213805 -15.213272 -8.619397 -22.061441 0.779488 -27.699655 10.930574 13.156836 -38.795880 -11.526998 19.587298 24.078120 0.523907 6.668395 -4.267204 -3.371766 1.191950 -0.734827
0.366669 4.831039 -0.038389 -4.744476 75.853549 7.250218 2.407322 -4.651131 1.772640 -3.482732 5.044329 -1.657975 0.078966 -7.246948 3.717181 -5.052015 -9.862868 0.816540 -1.910217 -10.955305 -5.472848 -0.232321 -0.252511 1.272814 24.697317 4.751755 -18.669689 76.113987 -57.231954 67.066661 12.591061 -47.169764 -35.827733 -8.409745 3.857236 3.368832 2.512819 -10.880037 -7.928970 59.252066 -14.212828 16.567251 13.976183 -4.552376 2.825436 2.666889 4.387527 -1.720787 70.451532 -25.484955 42.148742 17.996614 -7.286457 2.667935 1.666466 -1.539398 -5.549165 45.134920 -35.181372 8.902550 20.642072 -7.266464 -2.913688 16.854692 -39.426618 18.968122 7.690645 -19.119074 -7.429878 39.816932 -12.052703 -0.069768 -13.304104 3.011689 -3.103212 -36.402305 -58.343478 -4.651535 -20.674815 -33.926547 34.091749 -11.562849 0.020623 -2.999118 14.298453 6.383455 29.595399 -60.362743 6.663452 -38.464635 -13.652684 -6.094239 -4.572591 -3.129299 32.892575 37.564975 -72.171571 -3.801092 -65.385331 -8.700081 -8.580580 -2.370612 -26.117968 41.226529 51.845080 -30.190895 -16.151899 -37.490905 -45.764349 -20.487525 -45.584863 40.673086 -36.346797 2.423965 -10.947089 -17.497873 -4.980019 -35.518780 -15.634326 -8.361208 -21.723489 0.900689 -27.202482 11.243712 13.621810 -39.033912 -11.291454 20.276181 23.320402 1.191319 6.803560 -4.212553 -3.485918 1.122889 -0.721692
0.339595 4.841319 -0.008130 -4.227912 75.298329 6.874989 2.574081 -5.022512 1.543460 -3.364693 5.032845 -1.517341 0.179889 -6.902631 3.849154 -4.432952 -10.753035 0.710541 0.395335 -12.176354 -6.101434 -0.283375 0.298155 1.171648 23.531936 4.015030 -19.493172 69.516248 -57.044936 60.949641 18.276659 -41.287378 -29.802557 -6.163330 3.126867 3.632629 1.921950 -9.900763 -9.158589 60.492988 -10.191078 18.019465 13.477177 -4.940619 3.676016 2.761601 5.543675 -2.479575 68.200513 -22.001082 41.716321 16.592510 -7.999847 3.724901 3.014287 -0.609408 -6.307499 46.813137 -33.521440 10.660322 21.375773 -6.447394 -2.629957 14.106269 -40.681165 20.124623 6.500319 -20.487978 -7.627386 40.454278 -13.166107 -0.479494 -12.913868 2.604009 -1.917438 -33.822967 -57.278023 -2.254834 -20.711204 -31.850533 32.670576 -11.156916 0.154950 -2.770053 12.413969 5.769756 30.374586 -60.343513 7.738147 -38.316038 -13.301853 -5.664871 -4.080947 -5.375919 32.527121 38.092029 -71.975949 -4.303405 -66.346282 -8.297735 -8.722170 -2.291485 -28.772139 40.511815 52.721483 -30.548132 -16.050437 -37.825775 -45.709402 -20.179538 -46.917033 40.867572 -35.048357 3.683625 -10.594189 -17.780215 -4.625835 -34.617517 -15.614441 -7.968949 -21.282279 1.154074 -26.576081 12.009732 14.028971 -39.345843 -11.521590 20.633739 23.047919 1.986741 6.751902 -4.504639 -3.419163 0.852253 -1.027733
0.303555 4.851328 0.009010 -4.263951 74.790876 7.025093 2.823008 -5.478779 1.318577 -3.156621 5.295542 -1.463843 0.296779 -6.736904 3.912429 -3.871282 -11.570764 0.569068 2.358524 -12.599117 -6.595340 -0.195192 0.574916 0.613970 22.211901 3.666209 -20.467090 64.882159 -55.765637 55.561534 21.212827 -34.623296 -25.230221 -4.702626 2.518121 6.127559 1.174292 -10.384568 -10.636484 61.936039 -6.481220 19.132179 13.125976 -5.497730 3.480445 2.573944 6.243557 -3.775179 66.855665 -18.494227 42.446464 15.081896 -8.931142 4.490830 3.979000 0.948723 -7.228424 47.646160 -32.490325 12.706274 22.272316 -7.242872 -2.574871 9.074368 -39.433211 18.529035 5.776891 -22.728129 -7.788387 41.227747 -15.210906 -0.521147 -12.610606 2.562858 -0.740916 -30.998467 -56.225733 0.399590 -20.876789 -30.259963 31.577662 -10.889600 0.591074 -2.506388 11.384589 4.604026 30.812702 -60.639426 9.827068 -36.974948 -12.893950 -4.902744 -3.958829 -6.590729 31.874291 37.845097 -71.606928 -4.794594 -66.480513 -7.735909 -8.909916 -2.235299 -30.610466 40.183401 52.639808 -30.220156 -15.711381 -37.731232 -45.902692 -20.027988 -48.540743 41.004513 -34.181717 4.450982 -10.147458 -18.006214 -4.262462 -33.953488 -16.115856 -8.026562 -20.748191 1.137586 -26.024092 12.878344 14.895952 -39.980726 -12.281572 21.099614 23.125526 3.201744 6.678816 -5.123582 -3.298113 1.139212 -1.717163
0.281566 4.857706 0.036108 -4.761587 74.100985 7.746705 3.185169 -5.889662 0.955656 -2.987326 5.760887 -1.487447 0.382102 -6.545381 3.925069 -3.287514 -12.198154 0.402941 3.841384 -12.930319 -6.679750 -0.044228 0.729932 0.049706 21.051398 3.551734 -21.332611 60.400481 -53.571708 49.630261 22.310305 -27.803121 -21.247876 -4.244576 0.490099 9.406579 -0.049477 -12.381852 -11.089852 63.085260 -5.305820 21.067695 12.890228 -6.766820 2.900727 1.634741 5.688205 -4.581751 66.784417 -16.337547 43.919036 13.497482 -10.350557 4.314088 4.182929 1.851882 -8.064111 47.868409 -32.055532 15.251492 23.654033 -8.621779 -2.304180 1.480734 -36.484788 14.244151 6.437492 -24.573025 -7.776522 42.432542 -18.211947 -0.798620 -12.044718 2.688180 0.341138 -28.317561 -54.845791 2.901652 -20.901278 -29.413401 30.351610 -11.145020 1.562712 -1.728530 11.354145 3.765112 30.798671 -61.738401 10.590755 -36.249408 -12.383455 -4.693265 -3.941888 -6.881258 31.697874 37.121395 -71.842386 -5.555295 -66.730456 -7.170556 -9.751397 -2.154967 -31.964283 40.304237 52.095475 -30.017157 -15.533023 -37.682433 -46.143527 -20.535623 -49.517984 41.308337 -33.229157 4.901763 -9.690994 -18.716373 -4.389273 -32.927613 -16.785204 -8.511677 -20.095580 1.327418 -25.024458 13.743353 15.992634 -40.647013 -13.038454 21.412126 23.018677 4.280308 6.160237 -5.548600 -3.410550 1.789937 -1.696693
0.261720 4.849957 0.062369 -5.021091 73.273521 8.233895 3.435015 -6.015202 0.602335 -2.823151 6.159046 -1.540781 0.500538 -6.453617 3.983963 -2.858311 -12.579528 0.231154 4.750355 -13.317587 -6.592239 0.063679 0.823495 -0.248639 20.243352 3.743108 -21.947173 55.141131 -50.777150 43.399569 22.563287 -23.625352 -18.095306 -4.205229 -1.074703 11.752383 -2.275778 -13.768440 -11.184476 64.179720 -5.158940 22.624147 12.863055 -7.534624 2.643141 -0.204076 5.244015 -5.952684 67.370193 -13.760180 46.025382 12.659581 -10.562561 4.606280 3.671413 3.481930 -9.469385 48.553199 -30.935159 18.351959 25.071729 -9.382759 -0.517828 -5.746448 -34.459407 9.315033 7.143427 -23.369653 -6.305018 44.368635 -21.424439 -0.474048 -11.483805 3.131346 0.911317 -26.208689 -53.460100 4.880466 -20.539235 -28.653248 29.882484 -11.344210 2.635552 -1.507642 11.142535 2.867284 30.407628 -62.878276 10.619298 -35.743404 -11.744358 -4.659901 -3.937688 -7.417450 31.356118 35.930356 -72.229533 -6.526959 -67.125464 -7.240436 -10.765981 -2.201870 -33.127571 40.407249 50.117905 -29.957004 -15.961454 -37.393418 -46.297131 -21.152750 -49.988033 41.047693 -32.396054 4.789337 -8.924624 -18.804570 -3.968601 -31.466631 -17.508736 -9.272772 -19.541808 1.625684 -24.130473 14.457207 17.169763 -40.696107 -13.328075 21.547273 22.783354 4.907227 5.997037 -5.431683 -3.315153 1.936583 -1.734409
0.234246 4.853382 0.089843 -5.449218 72.687513 8.742169 3.559152 -6.197139 0.385790 -2.663690 6.478834 -1.528254 0.688711 -6.472957 4.018933 -2.506955 -12.834782 0.152892 5.338174 -13.598377 -6.692306 0.166595 0.905417 -0.362095 19.673305 3.969975 -21.976010 49.152925 -46.952610 36.743179 22.332764 -21.230749 -15.402058 -3.848175 -1.697794 12.743263 -3.608991 -14.252346 -12.135922 63.839538 -4.299287 24.356713 12.833586 -7.918817 3.608308 -1.430332 5.514807 -7.397515 67.335924 -11.983306 47.544349 12.567631 -10.209367 5.707919 3.971609 5.738346 -11.108870 50.109238 -29.937927 21.807127 25.647217 -8.518221 1.461026 -10.864838 -33.205329 4.815512 7.344888 -22.166108 -4.872650 45.848163 -22.680638 0.191621 -11.007844 3.665031 1.393372 -24.367234 -51.461999 6.253987 -20.217350 -28.297361 29.775672 -11.803904 3.510935 -1.874445 10.324199 2.294801 30.032200 -63.475515 9.919205 -36.173805 -11.394386 -4.921404 -4.182735 -7.896990 31.024008 35.246070 -73.357309 -7.035789 -68.443732 -7.280096 -11.815448 -1.804585 -33.713992 40.219029 48.528061 -30.044443 -15.920263 -37.391751 -46.566793 -22.298255 -49.899689 40.606243 -30.751731 4.612064 -7.796939 -19.375891 -4.453361 -29.716431 -17.985303 -9.063677 -18.764641 1.320006 -22.565218 15.133914 18.507357 -40.455075 -13.358730 21.683983 21.704769 6.092800 5.598828 -5.693817 -3.205948 2.076065 -2.333911
0.209483 4.845502 0.111700 -6.109267 72.171736 9.736323 3.650145 -6.321054 0.008744 -2.536992 6.551758 -1.405525 0.832105 -6.412993 3.846006 -2.200487 -13.130831 0.128946 5.564253 -14.166644 -6.772161 0.356931 1.115070 -0.203485 19.463631 4.261159 -21.885515 43.671427 -42.255537 30.942165 21.451079 -19.379616 -13.071390 -3.375207 -2.420352 12.719077 -3.898641 -13.949501 -13.233254 63.591947 -3.129544 25.172326 13.142008 -7.886028 4.513647 -1.716487 6.368719 -8.344154 67.918979 -10.756812 48.657144 13.421851 -10.740307 6.779977 5.547623 8.746400 -12.082409 51.424081 -29.322983 24.964642 25.659208 -7.200009 2.676062 -14.056082 -30.351941 1.365739 7.234039 -22.144458 -3.886462 47.661235 -23.381972 1.110769 -10.588521 4.273797 1.523530 -22.073650 -49.410011 7.737111 -20.084320 -28.135136 30.095120 -12.502144 4.481239 -2.696510 9.065107 2.013126 29.446441 -63.032853 9.049318 -36.745718 -11.028204 -4.222363 -3.446304 -7.993255 30.538920 34.117197 -74.008683 -7.660687 -68.785149 -7.485430 -12.706096 -1.919995 -33.729871 39.504218 47.238413 -29.348037 -15.381823 -36.423650 -48.030016 -23.860107 -50.843443 41.171766 -29.704593 5.272286 -7.467777 -19.075948 -4.506348 -28.460804 -18.964994 -8.702804 -18.092517 0.709496 -20.773345 16.043001 20.231023 -39.858002 -12.567218 21.684443 20.075857 6.690684 6.128282 -5.851204 -3.199378 2.180955 -2.446902
0.186514 4.841178 0.119961 -6.730640 71.632823 10.724089 3.722545 -6.258970 -0.317482 -2.441851 6.531941 -1.533563 1.078717 -6.523495 3.704199 -2.023820 -13.347966 0.235439 5.427232 -14.818332 -6.724839 0.474752 1.235173 -0.085822 19.409174 4.633219 -21.840976 38.495622 -37.679104 26.449715 19.569909 -18.752419 -12.130698 -2.404001 -2.351132 12.084718 -3.878530 -12.944164 -13.639498 63.573118 -2.062695 25.438212 13.669269 -7.773324 5.442904 -1.681064 8.257230 -8.674083 67.564798 -9.799558 49.304535 14.100953 -11.718782 7.663972 7.474882 12.404692 -12.591267 51.472673 -28.315826 27.429731 25.162433 -6.227455 3.417752 -15.109094 -26.676641 -1.054594 7.177211 -21.834408 -2.902306 48.713481 -22.666555 2.368288 -10.225925 4.427138 1.204342 -19.476326 -47.087752 9.372992 -19.674901 -27.697161 30.908284 -12.928715 4.847080 -3.719573 7.047482 1.792595 28.154664 -61.860981 8.042721 -37.038449 -10.525427 -3.821082 -3.120204 -8.704657 30.064671 33.357453 -73.509396 -7.975310 -69.092744 -7.788871 -13.650059 -1.923800 -34.185371 38.959899 46.255506 -28.923177 -14.700999 -35.946411 -48.524139 -25.092621 -51.938521 40.608882 -28.505650 5.321410 -7.023354 -19.061622 -4.345206 -27.550309 -19.231271 -8.386768 -17.270390 0.047668 -18.803305 16.898081 21.958467 -39.555580 -11.979609 22.059251 18.451596 6.837551 6.968292 -5.408170 -2.922091 1.985408 -2.362827
0.162081 4.830351 0.114652 -8.167141 71.360862 12.647508 3.967954 -6.410166 -0.627664 -2.387962 6.493064 -1.665313 1.320625 -6.751438 3.502718 -1.967449 -13.655403 0.356875 5.091225 -15.153550 -6.764265 0.531038 1.207691 0.064921 19.208573 5.000671 -21.599008 33.015073 -33.626611 22.684358 17.212310 -18.814870 -12.273289 -0.399163 -2.703148 10.640802 -2.718780 -12.428014 -14.642896 62.111682 0.086761 23.449631 14.530748 -6.728425 6.163827 -0.530528 9.852760 -8.343789 65.380939 -9.479698 47.961095 15.421950 -12.498420 8.438989 9.342823 14.927356 -12.455455 48.537458 -26.189933 27.075493 24.030714 -6.104236 3.538918 -14.623253 -23.624884 -2.535403 7.276335 -19.696243 -1.685292 48.507706 -20.311834 2.879867 -10.118754 4.584090 0.811379 -17.479802 -44.414326 10.079893 -19.019343 -27.650481 32.029766 -13.246376 5.237409 -4.727701 5.162570 1.583328 27.161644 -60.189621 7.308154 -37.722736 -10.375659 -3.679938 -3.258790 -9.522201 29.590188 32.894396 -72.991027 -8.139679 -70.116344 -8.059621 -14.626987 -2.084176 -33.880574 38.272808 45.482328 -28.010915 -14.186749 -34.751073 -50.267457 -26.853893 -53.685433 39.832875 -27.951455 5.825085 -6.750865 -18.827185 -4.030655 -27.242249 -20.480864 -8.395696 -16.214448 -1.120416 -16.676077 18.079315 23.951494 -38.872996 -10.843743 22.736576 17.114161 6.985036 7.676571 -4.955430 -2.374021 1.610375 -2.476285
0.140819 4.813550 0.105208 -9.850572 71.249034 14.791895 4.226685 -6.550837 -0.803139 -2.217890 6.367069 -1.847879 1.475261 -7.026116 3.299261 -1.967456 -14.067750 0.557551 4.581733 -15.857812 -6.663161 0.638802 1.118601 0.097137 18.952421 5.279516 -20.794325 26.378543 -29.410922 18.369301 14.812125 -20.366178 -13.302088 1.826616 -2.237707 9.696076 -1.144010 -12.803979 -14.753470 59.779895 0.407877 20.974629 14.618231 -5.593257 5.781571 1.386022 11.103497 -7.801860 62.341819 -9.903438 45.835401 16.210985 -13.909866 8.750852 10.882022 16.705019 -11.059386 45.411376 -25.123725 25.399910 22.962812 -6.889871 2.607041 -13.662034 -21.874647 -4.164212 7.101919 -17.665021 -1.176939 46.319032 -18.308781 2.078609 -10.116768 4.802846 0.222808 -15.908828 -41.710698 10.221617 -17.929659 -27.491051 33.607989 -13.261601 5.289623 -5.781800 3.006055 1.504218 26.630560 -58.496030 6.575279 -38.183538 -10.344506 -3.432841 -2.783553 -11.516018 29.452436 33.142171 -72.363713 -8.745440 -71.417002 -8.542207 -15.630754 -2.233300 -34.448121 37.679050 44.838286 -26.733291 -14.489123 -32.837725 -53.135763 -28.127157 -56.031276 39.371034 -28.246615 5.586640 -6.564958 -19.178247 -3.689253 -27.133529 -22.102299 -7.791223 -15.003127 -2.675019 -14.403922 19.552512 25.914005 -37.159385 -9.243653 24.276679 15.270222 7.464773 10.226733 -4.206874 -1.541965 2.649813 -2.304248
0.113668 4.798263 0.114907 -11.670688 71.209617 17.006717 4.462006 -6.677642 -0.723893 -2.233457 6.110536 -2.035534 1.668662 -7.298537 3.098400 -1.997522 -14.273014 0.693793 3.865374 -16.696861 -6.573012 0.759917 1.219414 0.120417 18.682577 5.987753 -20.260894 20.562491 -25.137753 15.097255 11.725404 -22.363169 -16.485772 3.958781 -0.257927 9.273936 -0.056893 -13.989462 -14.879608 56.494760 0.009824 18.331504 13.779584 -4.554085 5.108623 3.252970 12.310270 -6.682920 58.697166 -11.595155 43.005464 15.929936 -13.846904 7.145100 11.817026 18.195075 -9.316155 42.787712 -24.142747 23.356849 21.975510 -7.808354 0.493683 -12.587892 -19.821565 -5.465278 7.147305 -15.610858 -1.476595 42.775897 -16.832859 0.991922 -10.482348 4.887056 -0.525023 -14.646685 -38.590995 9.729418 -16.653090 -27.470933 35.814406 -12.946198 5.001550 -6.751578 1.452538 1.531848 25.611226 -56.405746 5.726653 -38.131893 -10.815568 -3.547054 -2.681661 -12.549732 29.462931 32.140314 -71.748633 -10.310289 -71.616628 -9.797244 -17.094465 -2.502605 -33.746952 37.581377 42.897819 -25.404485 -15.173617 -29.881687 -56.388872 -28.549929 -57.675982 39.252362 -29.391519 5.332745 -6.704397 -18.969490 -3.175382 -27.211325 -23.854029 -7.232728 -13.992346 -4.396413 -12.786769 20.612951 27.662065 -34.719794 -7.634840 26.163789 13.679860 8.163777 13.167449 -3.935687 -0.962538 4.245549 -2.218478
0.072931 4.779245 0.109353 -12.712470 71.075909 18.392483 4.573796 -6.679757 -0.460676 -2.161730 5.795043 -2.320359 1.776562 -7.336128 2.856708 -2.147442 -14.509594 0.889215 2.739146 -17.717775 -6.623002 0.738327 1.046420 0.358912 18.782851 7.087429 -19.810839 14.930208 -20.479298 12.139727 9.290165 -25.105530 -20.970767 5.268091 2.611362 9.457052 0.393809 -14.659707 -15.723134 52.523379 0.250529 17.122640 12.645325 -3.448652 5.320117 4.207241 13.711709 -5.468939 55.212405 -12.366999 40.545860 15.346725 -13.331407 5.902214 12.031687 20.384538 -7.653947 42.244270 -23.861046 22.836705 20.867532 -7.900252 -1.166683 -11.334420 -17.143017 -5.546808 8.473274 -14.259419 -1.110667 38.018487 -15.725475 -0.497219 -11.159811 4.916448 -1.202334 -14.142447 -35.373871 8.758308 -15.456878 -27.505292 37.749071 -11.081473 3.630525 -6.137120 0.531705 2.642007 24.819921 -55.163397 5.707464 -37.702987 -11.436542 -3.603695 -1.849927 -12.711125 30.499008 30.466885 -71.754145 -10.844363 -70.708071 -11.563816 -18.663400 -2.509260 -32.326492 37.729995 40.659398 -24.840181 -15.203505 -27.016626 -58.440327 -26.290323 -56.740482 38.447227 -30.686229 4.597491 -6.504613 -18.136210 -3.084118 -27.436685 -25.382289 -6.179872 -13.285711 -6.038768 -11.542305 20.916720 28.919409 -31.130215 -6.184553 28.268591 13.015811 9.013864 15.612666 -4.442491 -0.388976 6.094230 -2.122842
0.041209 4.761589 0.104074 -13.446967 70.704414 19.492261 4.646051 -6.525037 -0.258752 -2.216918 5.683430 -2.503403 1.773195 -7.413149 2.530970 -2.286900 -14.432506 1.134691 1.665521 -18.976749 -6.723889 0.668196 0.952342 0.677786 18.796006 8.343137 -19.154595 9.867607 -15.754189 9.342727 8.026239 -28.721273 -25.720690 5.002147 5.673899 8.961215 1.014639 -15.229994 -15.840576 49.298198 0.648790 16.547967 10.997832 -2.918814 5.427133 3.947324 15.030445 -4.790995 54.145603 -11.531224 39.577114 14.822868 -12.116718 5.216739 10.584593 22.322034 -6.330707 43.729804 -23.567106 23.151298 19.922055 -7.132056 -2.492563 -10.881219 -15.146955 -4.448466 10.378001 -12.614088 -0.862497 34.940051 -16.030920 -1.108168 -11.877105 4.984360 -1.753944 -14.250628 -32.936533 6.917929 -14.327471 -27.367364 38.418644 -6.806168 1.833836 -2.709613 1.608487 3.896833 23.868997 -56.487802 6.088744 -37.686161 -12.187191 -3.658841 -1.994964 -11.042341 31.956387 27.868790 -73.373522 -9.896313 -69.891782 -13.297707 -19.924645 -1.779025 -29.635999 38.159124 38.272613 -24.689567 -13.366110 -24.871863 -61.296493 -23.431216 -56.888623 36.024743 -31.547905 3.792523 -6.358000 -17.305045 -3.435564 -28.609625 -25.684747 -5.629058 -13.027968 -7.286676 -10.422063 20.608984 29.213238 -26.113774 -3.956954 29.746508 10.170318 9.386810 17.247080 -5.245992 -0.004333 7.233347 -2.699620
0.008276 4.727180 0.113778 -13.922927 70.430643 20.169543 4.600801 -6.412721 -0.095267 -2.298931 5.580705 -2.704537 1.715237 -7.625575 2.220725 -2.428361 -14.407281 1.572854 0.637733 -20.284654 -6.841894 0.766697 0.843169 0.933437 18.831603 9.642616 -18.781856 5.282471 -10.589139 7.901345 7.445720 -32.518477 -30.855676 4.412405 8.338508 7.489084 1.876052 -15.012080 -15.739528 46.127153 1.037253 16.840586 9.678600 -2.124105 4.853740 2.884987 16.421534 -4.721928 55.279791 -9.719919 39.976647 14.553531 -9.915889 4.739573 8.701177 24.042122 -5.434547 45.981299 -22.085071 24.415983 19.586548 -6.314760 -2.617063 -9.616814 -13.135973 -2.688288 11.986466 -11.782679 0.266900 34.335599 -15.689263 -1.323865 -12.803208 4.913726 -2.203971 -15.026490 -31.280037 4.031424 -13.849635 -27.760788 37.701794 -2.544982 -0.868658 4.162444 3.872008 4.094416 22.373382 -57.982984 6.371955 -35.272077 -13.106296 -3.396325 -2.097831 -7.022008 32.492998 24.418846 -75.171933 -8.279586 -65.932621 -15.755347 -20.180224 -1.947225 -25.858700 39.232812 36.070637 -24.142809 -10.639966 -23.467688 -64.074301 -19.865505 -57.027840 31.921637 -32.525878 2.335588 -7.059242 -16.551860 -4.226583 -30.825459 -25.512788 -5.367963 -13.219636 -7.593628 -10.009227 19.706501 28.731977 -21.606820 -1.727657 30.667089 8.264650 9.840351 15.281697 -5.936533 0.574143 7.077060 -3.575858
-0.019669 4.680662 0.095829 -13.978171 70.035735 20.146383 4.557633 -6.443046 0.172935 -2.560684 5.495723 -2.908850 1.700617 -7.624924 1.942906 -2.422482 -14.283119 1.940409 -0.295326 -21.363539 -6.826726 0.918518 0.798623 1.140442 18.542637 10.616304 -18.744220 1.515618 -5.291880 7.470705 7.540723 -36.121524 -35.644645 4.422278 11.179683 5.521891 2.985387 -14.383209 -15.094904 42.428162 0.543041 16.645456 8.105949 -1.062394 4.278577 2.373876 17.562995 -5.451374 55.136093 -7.490967 41.216578 14.561195 -7.775348 4.249691 7.010497 24.564975 -5.366714 46.642384 -19.408616 24.782397 19.324980 -5.672142 -1.801791 -8.571038 -10.971774 -1.054755 12.762278 -10.146450 1.326546 34.871477 -14.834292 -0.320630 -13.845966 4.540832 -2.306362 -16.627626 -30.364221 0.101203 -13.932152 -29.079228 35.626828 1.236143 -3.823949 10.057419 5.277253 4.469496 20.691678 -58.194159 7.421867 -34.787058 -13.299930 -3.225551 -2.307670 -4.078369 32.191335 21.793551 -75.166247 -6.183718 -64.174670 -16.378354 -20.073362 -2.059782 -23.404051 39.776671 33.728390 -25.530828 -8.505677 -23.545577 -62.922686 -16.976125 -55.968707 26.759470 -32.969908 1.594416 -7.631876 -16.110114 -5.184313 -33.875277 -24.388740 -7.690390 -13.448216 -7.036766 -9.498800 18.635047 27.499478 -17.333793 0.569346 29.570936 6.152777 10.747218 13.145076 -6.700434 0.748878 5.888371 -3.765845
-0.048961 4.635368 0.086434 -13.901960 69.819036 20.221912 4.370378 -6.625576 0.217749 -2.834053 5.320934 -3.038758 1.688617 -7.664560 1.644420 -2.469646 -14.244862 2.060587 -1.200414 -22.360723 -6.631911 1.005194 0.600095 1.091311 18.024015 11.664498 -18.772579 -1.520456 -0.101430 7.117240 8.194870 -40.177540 -39.999412 3.861890 14.277131 3.582336 4.019306 -12.963535 -14.945761 37.745030 1.264358 16.797514 7.948838 -0.855546 3.724240 2.049192 19.172882 -6.814105 54.197731 -5.241602 42.631852 14.883682 -5.742607 5.082265 5.313103 25.237632 -7.197309 46.391530 -15.955923 25.147614 19.097722 -4.964542 -0.420786 -9.285698 -7.457465 -0.653784 14.087694 -8.479657 1.655904 34.565995 -13.474113 0.674066 -14.729522 3.858107 -2.487128 -19.288440 -30.532771 -4.892351 -13.726277 -30.424365 32.812457 5.901956 -7.133598 12.374099 6.594716 4.412691 19.783489 -62.396200 6.268701 -35.829106 -13.304242 -2.901771 -2.149885 -0.864406 30.962605 20.474594 -79.251262 -5.289441 -65.540124 -14.518545 -19.802029 -0.780690 -21.255828 40.473441 32.808576 -28.791320 -9.806811 -25.775925 -62.780460 -17.895848 -54.835584 23.547246 -32.491823 1.416322 -8.365137 -15.932888 -4.216004 -36.380797 -23.652268 -8.582572 -13.494303 -6.510463 -8.747747 17.786733 26.249469 -13.948099 2.080684 28.034552 4.906280 11.079518 11.612077 -7.360239 0.076182 5.244166 -3.617171
-0.076236 4.581252 0.073452 -13.929101 69.714610 20.353101 4.433210 -6.982188 0.481201 -3.267273 5.203744 -3.364168 1.584886 -7.702061 1.476182 -2.445869 -14.360647 2.277496 -2.006258 -23.259188 -6.705455 1.125884 0.726600 1.059530 17.485627 12.501124 -18.612234 -5.195097 4.467843 7.231131 9.947509 -44.388957 -43.856967 0.700865 17.308015 1.182623 4.914255 -11.720481 -14.680973 35.157357 1.474294 15.034909 7.443688 -0.208476 3.126056 1.306300 20.490091 -7.541235 53.687143 -3.166086 42.908856 15.646309 -5.185765 6.211577 3.563234 25.699268 -7.883004 45.918380 -13.539309 23.536009 19.321955 -4.817092 0.578100 -11.125150 -3.403733 -2.234433 15.554633 -7.333279 1.427861 34.353241 -11.888402 1.522972 -15.527930 3.194040 -2.559198 -23.667181 -31.574314 -11.390251 -13.969608 -31.409500 28.265510 12.901347 -9.407023 13.577935 8.063218 3.492653 17.515433 -66.866434 2.624218 -37.313716 -12.735076 -4.349379 -2.278342 3.735647 29.366868 17.520373 -84.413963 -7.297170 -67.016501 -12.121617 -20.395313 0.257746 -18.834235 42.049651 31.883930 -30.678859 -13.364457 -29.640194 -66.320998 -21.526556 -56.492187 23.130090 -31.713459 1.751252 -8.806395 -16.018910 -2.404641 -36.695490 -22.638689 -8.461290 -13.629059 -5.798455 -8.036730 16.933609 25.210674 -11.057506 2.862341 26.674858 4.762654 11.381768 10.246780 -7.368907 -0.439354 5.184421 -3.343096
-0.099775 4.522754 0.063832 -13.947896 69.750944 20.433930 4.596464 -7.490555 0.688439 -3.706819 5.150041 -3.525899 1.523651 -7.890935 1.371007 -2.449787 -14.406990 2.416917 -2.753406 -24.343963 -6.785044 1.215687 0.874301 0.987804 16.887461 12.953072 -18.486509 -8.764295 8.528897 7.135531 12.706429 -48.160780 -47.132381 -4.611631 19.493200 -1.293450 4.991897 -9.287449 -14.408364 34.359786 2.322401 12.652370 6.277858 0.135070 2.381091 -1.031427 22.125759 -7.563149 52.568057 -1.031659 41.712269 16.495595 -5.235046 8.369802 1.825204 26.301657 -9.534765 43.994338 -11.008035 21.186385 19.704148 -4.824880 1.990840 -13.505712 -0.641884 -4.328633 16.451326 -5.917870 -0.251643 36.045961 -11.474132 2.557263 -16.118120 2.271188 -2.547595 -29.990203 -33.914980 -19.342536 -13.932681 -29.902199 23.386725 20.319716 -11.696240 16.517183 10.062584 1.693373 14.644207 -68.734517 -3.766780 -37.511054 -12.073649 -4.788448 -1.665607 8.476725 28.507704 13.823540 -88.994820 -13.046027 -67.652972 -10.308936 -19.833387 0.509692 -16.378682 44.553829 32.312746 -29.800133 -18.505009 -30.323429 -72.652987 -23.539052 -58.795259 24.895806 -32.055743 1.034406 -9.091600 -16.354732 0.189374 -35.959063 -22.927171 -7.070219 -13.777158 -4.818178 -7.238250 15.745943 23.720281 -7.712653 3.369794 25.675785 4.736789 11.415249 9.156715 -6.968786 -0.596669 5.495163 -3.376704
-0.118847 4.466453 0.043763 -14.534624 70.151965 21.113520 4.727746 -8.085866 0.892033 -3.987063 4.961781 -3.753295 1.418402 -8.097175 1.453002 -2.574181 -14.488550 2.387498 -3.529237 -25.745604 -7.144309 1.140623 0.997630 0.959832 16.267980 12.860459 -17.897332 -12.028098 11.978636 6.800981 15.908889 -51.774735 -49.653739 -10.519466 20.797270 -3.183958 4.708004 -6.785916 -14.274147 34.724681 2.168421 10.420839 5.338205 0.352675 1.200475 -3.379908 24.198470 -7.895394 51.486209 -1.035351 40.762227 16.890129 -5.670831 10.221501 0.278046 26.860890 -11.099248 42.391561 -10.413734 18.801479 19.985669 -6.478654 2.774044 -14.736101 0.335378 -5.960017 16.492074 -5.976896 -1.741785 37.247334 -13.049518 1.315656 -16.880351 1.076493 -2.206259 -39.023160 -36.470979 -28.347122 -12.609488 -26.394352 19.556549 25.167223 -12.322993 19.739281 12.516062 0.851533 13.420970 -69.528717 -7.255719 -37.335671 -11.510976 -5.292972 -1.514612 12.633205 29.453667 11.747713 -91.738450 -17.318467 -69.615608 -9.184141 -18.999103 -0.075486 -12.631537 47.185413 32.562210 -27.382525 -20.181796 -27.783246 -78.176451 -22.475882 -63.114403 27.577410 -33.780504 -0.663661 -8.870501 -16.625065 2.983622 -34.657954 -23.362356 -5.878102 -13.925406 -4.035568 -6.313607 14.290866 21.122925 -4.104955 3.810943 25.050581 4.519276 10.075854 8.092521 -5.587909 -0.282930 5.671669 -3.111977
-0.115174 4.422493 0.053019 -15.058739 70.748683 21.838737 4.636357 -8.431127 1.067469 -4.297692 4.610731 -3.940810 1.286964 -8.234464 1.523355 -2.689900 -14.858455 2.325117 -4.086399 -27.044962 -7.550990 1.097907 1.025178 0.844398 15.697546 12.694249 -16.859516 -14.595512 13.536151 6.711768 17.922354 -54.563898 -52.800329 -16.528719 20.111140 -4.031268 2.322951 -3.924594 -15.482379 37.293255 0.308109 9.214321 4.446393 0.383067 -0.124746 -6.045007 26.011717 -8.728202 52.552385 -2.304419 37.087540 17.039288 -5.398742 11.094758 -1.331774 27.197561 -12.823160 43.196233 -9.344968 17.228995 19.096584 -8.690610 1.587873 -14.620999 0.932638 -6.680088 16.333972 -7.008741 -1.986305 36.737008 -16.001226 -0.831841 -17.984093 -0.210611 -1.942724 -50.456296 -39.242569 -37.588445 -10.531683 -20.286974 15.796114 25.263496 -11.810316 20.659935 14.528970 0.892840 14.604709 -69.205246 -7.938428 -37.926234 -10.440359 -5.893201 -0.902250 14.863306 32.876038 12.997102 -94.170488 -18.275019 -73.154898 -8.938081 -18.160796 -0.773781 -11.803004 49.232182 37.405799 -20.527225 -17.517647 -22.293255 -84.491275 -16.275412 -71.033880 31.454590 -37.052578 -1.142879 -8.327024 -17.894152 5.140696 -34.183464 -24.615972 -5.454124 -14.393368 -3.365737 -5.643856 12.853098 18.495724 -2.215945 2.630923 24.224095 6.072837 8.469817 6.735144 -4.628499 -0.578886 4.881999 -2.229116
-0.111107 4.380977 0.056380 -16.485895 71.343188 23.315587 4.686556 -8.578639 1.482845 -4.582337 4.194243 -4.282137 1.198293 -8.448255 1.719197 -2.832143 -15.413419 2.193830 -4.468623 -28.431184 -8.124098 0.996085 0.831481 0.681694 15.335192 12.890240 -15.505173 -16.023102 12.648085 6.778028 16.596994 -56.330609 -59.262348 -22.725350 18.113235 -3.256313 -0.910431 -2.126437 -17.206735 38.144390 -2.046868 6.497980 3.218081 0.660781 -0.957035 -8.142584 26.625408 -9.801539 54.276636 -2.995522 32.668991 17.494833 -5.343991 11.006551 -2.721505 26.486288 -14.080246 43.174123 -9.253897 14.463497 18.558945 -9.909393 -0.762267 -15.018839 0.577221 -6.952547 14.517327 -8.148758 -1.855177 33.877402 -19.319519 -3.766838 -19.210190 -1.329919 -1.860981 -62.257690 -41.921581 -46.401721 -9.301476 -12.811031 13.176062 22.439856 -11.653264 18.517025 14.349503 -1.265781 15.396311 -66.505731 -8.016490 -37.783472 -9.219701 -7.040959 -1.203427 15.269255 35.969105 15.609252 -95.234130 -18.191047 -77.022092 -9.452807 -17.725313 -1.151757 -12.710542 49.083289 43.062888 -13.139123 -10.766347 -15.432634 -86.545364 -9.484731 -80.887846 34.835099 -41.287610 -4.166029 -8.446474 -18.477160 4.725091 -30.813183 -26.720664 -5.000232 -14.620795 -2.738589 -5.179590 11.258322 16.245606 -0.982221 0.423669 22.808057 8.594102 7.203099 5.503281 -3.733978 -1.218743 3.750152 -1.366216
-0.092808 4.356842 0.064559 -18.335494 71.786777 25.079896 4.650921 -8.445194 1.841571 -4.790920 3.681018 -4.471524 1.174449 -8.693522 1.901421 -2.904933 -16.196400 2.046266 -5.096667 -29.822451 -8.817597 1.011744 0.752436 0.501969 14.720128 12.876492 -14.351000 -16.727978 11.088808 8.219260 12.519207 -58.250964 -68.200520 -27.513008 14.472055 -1.105023 -5.545464 -1.476946 -18.608454 35.800346 -6.697997 2.608574 1.227611 1.196340 -1.389499 -11.126857 26.186880 -10.863357 54.903139 -6.688603 27.492163 18.543012 -4.361231 9.973281 -5.590309 24.393006 -15.119846 40.982266 -11.690559 10.244119 18.850215 -9.688643 -4.379634 -15.909421 -0.139497 -6.640152 12.240987 -9.771853 -2.259281 31.116532 -19.830379 -5.933092 -20.848686 -1.999882 -2.063020 -69.194941 -44.216471 -51.022189 -9.180897 -7.937624 11.379231 17.956061 -12.093495 13.251359 12.362212 -4.502597 14.401708 -64.026196 -7.905820 -36.510830 -7.744249 -8.303787 -0.733915 14.530049 36.716061 16.575382 -94.903525 -17.510910 -78.718410 -9.170514 -16.314765 -1.090497 -12.929269 48.049076 44.456200 -9.467223 -4.202051 -12.298132 -84.175419 -5.833702 -89.092521 32.414827 -44.660794 -9.296224 -8.689225 -18.273357 1.780923 -26.757488 -28.371695 -5.354013 -14.821804 -2.513644 -4.755804 9.958269 14.527942 -0.035041 -1.575663 21.112277 10.722817 5.873078 4.529533 -2.881235 -1.363818 3.196683 -0.591347
-0.075111 4.338764 0.073520 -20.680075 72.218569 27.275519 4.483061 -8.203444 2.072791 -4.908659 3.055615 -4.285088 1.155972 -8.998494 2.136669 -2.949249 -16.874660 1.766945 -5.567487 -30.983729 -9.620276 1.006843 0.493262 0.385979 13.836541 12.574820 -12.586659 -16.864936 10.115505 10.580795 6.360202 -61.634565 -76.780826 -28.658116 9.850006 -0.115376 -9.774435 -1.574748 -18.506555 34.527173 -8.511505 3.273677 -0.217439 1.509696 -1.125938 -15.199800 25.036449 -10.000225 55.395030 -12.104168 28.682413 17.950053 -4.496571 8.949854 -8.698581 21.196431 -14.351021 38.424434 -15.256696 7.628151 17.497531 -9.339334 -6.771068 -16.944404 -1.135433 -4.815664 9.677521 -10.879082 -2.843322 26.576486 -17.883178 -5.286598 -23.205677 -3.005995 -2.189131 -70.164291 -46.089152 -50.729952 -9.813873 -5.777847 10.796385 14.858536 -10.757536 9.736686 11.374641 -6.307642 14.018377 -64.381675 -7.029850 -37.933591 -6.960633 -9.694953 -1.018866 13.971882 37.968434 16.855372 -95.466513 -14.937486 -83.722646 -7.922521 -14.038867 -0.737988 -13.341144 47.898429 43.686189 -6.987416 -1.067726 -11.106087 -84.306933 -5.492687 -96.447351 30.109668 -46.397430 -12.066992 -9.342704 -19.057487 -0.710102 -25.035718 -28.450653 -7.360657 -14.998229 -2.714485 -4.551778 8.360523 13.094270 0.190753 -2.776907 19.401172 11.997415 5.053406 4.358550 -1.548564 -0.538352 3.299024 -0.536557
-0.059662 4.315246 0.070745 -23.218635 72.609995 29.518264 4.290314 -7.908861 2.264338 -4.920552 2.234447 -4.014535 1.131876 -9.613502 2.506451 -3.122672 -17.477562 1.454057 -5.799114 -31.607663 -10.409984 1.110500 0.526868 0.404595 12.039510 11.736516 -9.287022 -17.004198 10.216672 13.247572 -2.617728 -66.569686 -86.011191 -28.329625 5.196985 -2.585487 -9.565074 -2.455046 -16.433720 36.183854 -8.465857 8.936884 -0.103638 0.422670 0.009757 -16.666264 21.907284 -7.761584 54.051784 -13.379425 32.182838 16.411438 -7.254406 7.627641 -10.021771 18.039321 -11.697621 35.007208 -17.357702 7.470834 15.823869 -8.352835 -6.979196 -16.480352 -3.412413 -2.223234 7.889735 -10.822159 -2.016146 23.773621 -15.921723 -3.227687 -25.682127 -4.618896 -2.258824 -65.748213 -47.385012 -45.819928 -10.530597 -5.461839 10.810042 13.676646 -8.528305 8.576552 11.114486 -6.237422 13.761909 -66.355915 -7.729135 -39.788719 -7.165844 -10.717487 -1.916393 13.700958 39.809602 16.931624 -96.591413 -13.478550 -87.213466 -8.038119 -12.859476 -0.728666 -14.779374 48.744250 43.301206 -5.506981 -0.302832 -10.235863 -85.961274 -3.529430 -100.720337 29.101938 -44.385890 -12.580276 -9.510835 -20.662287 -2.030418 -24.244927 -28.357106 -8.110279 -14.944433 -3.258131 -4.679311 6.868660 11.985623 -0.233395 -4.139216 17.628357 13.134689 5.099311 4.333662 -1.418001 -0.203821 4.387244 -0.425502
-0.054668 4.273072 0.061327 -24.683137 72.972173 30.686525 3.929320 -7.651715 2.263068 -5.053257 1.554763 -3.601026 1.167903 -10.387941 2.892917 -3.328003 -17.517628 1.223253 -5.843628 -31.818387 -11.268789 1.108220 0.176552 0.294753 9.642878 9.974915 -6.140973 -16.592888 8.713375 15.571374 -15.449376 -71.868955 -96.625009 -29.452010 1.191266 -8.885315 -3.537162 -6.003330 -11.737773 39.973895 -5.051858 17.855209 2.069315 -3.132425 0.989760 -13.473552 14.730900 -4.366276 54.564422 -12.168224 40.429250 16.335026 -12.529052 6.713540 -8.171641 8.194405 -6.724527 29.994095 -15.432283 8.747921 18.566891 -7.869887 -2.919702 -12.574156 -11.240413 1.130342 8.343793 -11.249525 0.695359 24.365058 -15.145849 -0.105968 -27.962211 -5.861431 -2.417467 -58.560434 -48.297352 -38.920018 -11.437063 -6.117148 11.318075 13.297599 -6.461124 7.542422 12.109775 -5.521605 14.532081 -69.417846 -8.236448 -42.122858 -7.204250 -10.734248 -2.900346 13.881048 40.692720 17.239179 -99.018124 -12.775671 -88.999684 -8.063726 -12.051604 -0.906030 -17.438685 49.449433 43.824256 -5.395200 -1.178673 -11.152120 -87.749677 -3.392002 -102.488307 30.165505 -40.981096 -11.441361 -8.470162 -21.006964 -1.234873 -24.674003 -28.797166 -8.411391 -14.986538 -3.669481 -4.851140 5.538459 11.309101 -0.281328 -5.080904 15.543424 13.996654 4.968333 3.994599 -0.708327 -0.223690 5.644181 0.549366
-0.048297 4.221272 0.055137 -25.640062 73.327217 31.395519 3.521553 -7.641807 2.029251 -5.150163 1.030303 -3.137802 1.178965 -11.088323 3.253617 -3.351773 -17.552765 1.188529 -6.002242 -31.950272 -12.036289 1.072021 -0.225284 0.286659 6.900861 7.772196 -4.844845 -15.136910 3.177123 17.826956 -45.358474 -76.805406 -119.586682 -32.411292 2.727678 -14.547936 5.279686 -9.007265 -7.353383 45.427399 -4.958205 26.658966 4.102190 -9.816052 1.839148 -5.043107 5.977068 -1.600886 61.844234 -10.772161 51.900063 14.620091 -16.308704 2.815388 -0.782525 -3.851612 -3.176333 30.641361 -15.356874 11.211618 24.922282 -11.539387 3.660986 -2.921310 -23.772662 3.371418 12.416921 -19.416404 4.198244 30.056208 -18.023919 3.522820 -29.528145 -6.879725 -2.462449 -50.543271 -49.204182 -30.964661 -12.286110 -6.996828 12.428617 13.621993 -4.154015 6.577056 13.529257 -4.898578 16.169488 -73.149647 -7.590442 -44.162463 -7.057329 -10.563879 -3.440044 13.669477 41.797547 18.683491 -102.614303 -12.117775 -90.959289 -7.801492 -12.059394 -1.330045 -21.361891 50.055844 45.171024 -6.411982 -3.226726 -13.391070 -89.616853 -4.495248 -102.819335 32.703104 -38.361434 -10.430450 -6.454176 -21.949095 0.983889 -24.457930 -28.598069 -7.027653 -15.229339 -3.973493 -5.346339 4.183820 11.004716 -0.589516 -5.955333 14.287921 14.455714 6.139410 3.249393 -1.009427 0.721768 5.795881 1.061661
-0.044788 4.179861 0.049433 -25.863806 73.773197 31.348715 3.104136 -7.603110 1.581393 -5.220166 0.486982 -2.530792 1.287562 -11.649071 3.378233 -3.281057 -17.516521 1.327309 -5.714360 -31.395642 -12.198376 0.928408 -0.653226 0.240835 4.156030 5.701208 -4.919060 -10.881460 -6.459747 19.161882 -72.290398 -76.450129 -140.279683 -33.240295 5.507717 -10.589780 10.074289 -11.982663 -4.479192 58.106160 -5.854705 29.626922 7.229420 -16.206131 2.865188 2.617009 0.241311 -1.054038 72.851695 -8.891368 52.711200 12.063287 -18.418511 3.154331 4.934808 -10.992224 -3.407823 30.943508 -21.109406 10.033960 30.585171 -13.479287 4.110316 4.208023 -35.423453 5.371087 12.232568 -23.230442 1.466480 32.003999 -17.401663 5.350091 -30.499892 -8.257592 -2.033895 -42.309052 -49.787204 -22.483094 -13.323754 -8.167826 13.807919 13.153337 -2.514587 5.983255 13.603012 -3.556911 18.309508 -74.791453 -5.173321 -46.549847 -6.663322 -10.282415 -3.815954 12.229311 43.432675 21.233416 -103.909917 -10.987997 -93.179112 -7.450777 -11.699165 -1.456426 -26.464404 51.241687 48.059459 -8.797153 -6.261006 -17.549508 -87.583789 -7.719955 -100.935474 33.730936 -36.567062 -9.388789 -5.584055 -22.603877 2.917270 -25.370729 -28.312914 -6.095627 -15.634619 -3.860548 -6.207934 3.342898 10.784907 -0.863504 -6.577760 12.956090 15.708447 6.664794 1.331016 -1.015290 1.235269 7.195465 0.880611
-0.033257 4.175488 0.044098 -25.338605 74.215381 30.489082 2.812854 -7.574706 1.104060 -5.287761 0.052446 -1.880187 1.539220 -12.054687 3.382168 -3.253828 -17.109187 1.584648 -5.395183 -30.605745 -12.077650 0.838433 -0.751194 0.199766 2.326038 4.417548 -5.227710 -4.029390 -17.077110 19.713766 -75.130181 -75.872685 -139.121506 -28.742643 4.483971 -1.412119 9.129543 -15.589553 -7.106762 65.417611 -10.497261 25.353555 9.499101 -12.977712 4.858783 6.622175 -4.876596 -3.982927 74.484096 -10.858807 43.197789 11.444282 -15.274738 5.252286 6.965833 -13.587737 -6.568797 35.201314 -26.912434 9.705582 30.283792 -15.376962 4.576793 14.011787 -45.317524 8.869003 13.719561 -24.227437 -5.475231 36.541508 -19.744422 1.524127 -30.367635 -8.740677 -0.990179 -36.904535 -50.320659 -16.134604 -14.255123 -9.654369 15.405884 11.714539 -1.020475 3.975195 11.863373 -1.791167 20.235404 -73.668188 -1.915215 -47.869660 -6.839652 -9.796331 -4.058186 9.523068 44.302885 23.682776 -100.379878 -10.977499 -93.812096 -6.652782 -11.651539 -1.585716 -29.370340 50.810682 48.712798 -12.343323 -10.298215 -21.880874 -84.673467 -13.018803 -96.457172 34.312603 -35.140251 -7.818106 -5.032682 -23.353704 4.280545 -25.611586 -28.155637 -5.712070 -16.191273 -3.595393 -7.357227 2.953541 10.608240 -1.561127 -7.069292 11.801416 16.485093 7.214836 1.505785 -0.575793 1.171424 6.672772 0.503223
-0.023509 4.196131 0.037841 -24.567534 74.800352 29.330691 2.674046 -7.906632 0.710651 -5.051184 0.052171 -1.316563 1.775063 -12.188415 3.455610 -3.261693 -16.230888 1.774702 -4.955963 -29.362851 -11.663818 0.733472 -0.530519 0.166116 2.355263 4.345283 -5.865270 6.468927 -28.343896 20.603823 -46.121826 -77.110362 -106.430659 -24.409656 3.446541 6.753204 6.717004 -15.567862 -9.812576 65.758584 -10.821255 24.043207 11.549627 -11.752965 5.340111 6.716518 -4.963217 -6.359325 71.823480 -9.592678 40.405103 12.944561 -16.237272 7.477982 8.858978 -12.613037 -7.765749 39.125174 -28.562810 8.531786 27.830655 -15.193038 5.928587 20.347059 -46.649782 11.797948 18.599695 -26.360282 -12.995401 30.866825 -10.500246 -1.562166 -29.341685 -8.490375 0.334443 -34.213107 -51.043458 -11.826068 -15.451390 -10.902783 16.108650 9.512781 0.880082 2.156889 8.692145 -1.963585 21.391146 -70.824653 1.527311 -47.130938 -6.958554 -9.292575 -3.833179 5.690766 44.322477 26.269189 -96.299772 -10.564981 -92.422601 -5.937466 -12.242874 -2.187572 -31.031504 49.805325 48.493836 -17.292075 -14.331611 -26.824560 -80.394935 -18.317751 -90.021397 34.669968 -33.928835 -5.552889 -5.706031 -24.981271 5.152111 -27.114915 -27.616370 -5.900338 -17.075229 -3.407472 -9.108595 2.902339 10.199553 -2.892418 -7.104310 10.974653 15.775241 7.228895 3.343767 -0.863274 0.057765 6.473365 -0.371410
-0.009738 4.228270 0.036208 -23.944056 75.272118 28.285478 2.721617 -8.232073 0.555655 -4.653373 0.375130 -0.947778 1.967425 -12.152818 3.406457 -3.305303 -15.164002 2.019273 -3.899005 -26.276079 -11.028059 0.490743 -0.130381 0.179065 4.256823 4.907570 -7.317085 19.017626 -37.509857 24.286139 -5.157883 -72.089781 -60.806307 -21.266899 0.313740 10.406976 4.496688 -13.388127 -11.392207 65.998057 -8.905913 22.559397 12.336352 -11.387010 4.854256 6.923252 -1.837634 -7.752842 69.057377 -6.967021 39.561328 14.944188 -16.379109 7.720329 11.309049 -8.649749 -7.898791 40.796771 -27.853368 6.360489 26.739423 -14.453223 4.769209 23.419060 -46.193595 14.560096 21.810515 -26.455469 -16.006011 25.432862 -5.890722 -3.022833 -28.006694 -7.846776 1.668282 -32.737364 -51.691889 -8.920290 -16.370988 -11.962926 16.808374 7.539289 2.639741 0.885140 7.282890 -2.770387 21.956771 -68.090544 4.010443 -44.894122 -6.685369 -7.854111 -3.429945 3.746502 43.739852 27.264273 -92.975129 -10.704038 -89.583019 -4.953709 -11.964147 -1.574464 -30.825140 49.448854 47.094682 -20.296603 -15.683410 -29.970388 -76.191077 -21.931158 -83.693800 35.321154 -31.325715 -4.571015 -6.671594 -25.568626 5.083133 -28.369298 -26.844776 -5.909259 -18.034966 -2.763017 -11.037633 2.970947 10.058015 -4.532126 -7.177129 11.384419 14.815877 6.025719 4.327530 -0.916223 -0.110837 6.028375 -0.567250
0.004964 4.259457 0.048691 -23.540739 75.973177 27.386367 2.688608 -8.412541 0.424118 -4.171810 0.674593 -0.765116 2.120160 -12.164737 3.356406 -3.315838 -14.353052 2.360685 -3.124392 -23.268162 -10.427329 0.342009 -0.043969 0.330868 7.077743 5.269252 -9.615719 33.732045 -43.835164 32.337640 10.120956 -60.433129 -40.185352 -19.221759 -4.031523 11.560343 1.708994 -11.196570 -11.018715 67.787437 -7.791166 22.480479 12.272371 -10.954139 4.265290 5.306018 2.208804 -7.452169 69.541431 -6.705714 41.013374 15.282663 -15.587528 7.242891 11.808140 -3.734071 -8.445579 42.378677 -25.963693 7.961022 26.348535 -13.672687 4.721210 22.142442 -44.283469 15.423619 23.346762 -26.464464 -15.422784 24.041960 -4.761155 -3.458122 -26.858669 -7.505230 2.662576 -31.544875 -51.614348 -6.745572 -16.270452 -12.909010 17.741019 5.603694 4.131691 -0.003559 7.392567 -3.496843 22.201863 -65.833355 3.980296 -42.525620 -6.523519 -7.203386 -3.229250 2.655705 43.269696 27.706739 -91.474853 -12.938307 -89.064810 -3.629538 -11.615835 -1.301863 -29.339774 48.813384 45.004738 -21.334281 -16.844413 -30.452692 -74.214925 -23.858570 -79.805766 35.773454 -28.889676 -3.471929 -7.138377 -25.603862 4.354864 -29.064505 -25.177095 -6.716777 -19.202297 -2.108628 -13.319679 3.310002 10.567475 -6.124717 -7.868533 12.583936 13.690997 4.683324 5.476273 -1.658018 -0.460955 5.111047 -0.242306
0.027029 4.306676 0.048386 -22.144733 76.656544 25.403280 2.580657 -8.340884 0.207400 -3.634350 1.008205 -0.616826 2.277707 -12.179076 3.456267 -3.375986 -13.637295 2.478791 -2.911426 -21.453466 -9.741811 0.508045 0.320286 0.533890 10.378012 5.169916 -13.392634 47.990961 -46.750259 42.257223 16.265384 -47.952603 -29.249337 -16.916685 -7.700716 12.088774 -1.182701 -9.644394 -9.859977 69.511663 -6.492638 22.166662 11.893935 -10.312213 3.508820 3.137945 4.647680 -7.087408 69.880812 -5.524887 41.179588 15.027436 -14.298474 6.079811 10.746162 -0.314264 -9.404066 45.439071 -24.014277 11.055382 25.500058 -12.356608 4.483753 17.089319 -40.419152 13.311805 26.064047 -26.152272 -13.244420 24.471432 -4.338208 -3.605670 -25.711069 -6.965037 3.519351 -30.399572 -51.014851 -4.734808 -16.170493 -14.205117 18.937384 3.935951 5.143642 -0.118093 8.497172 -3.091135 22.745177 -64.812682 5.354039 -41.861099 -6.811771 -6.764917 -2.874353 2.224023 42.311560 27.719544 -89.265194 -13.860514 -87.477931 -3.427532 -11.966074 -1.534518 -27.771942 48.176256 43.109613 -21.895132 -16.754468 -30.321916 -72.168694 -25.625565 -77.383951 35.828193 -28.846476 -3.012854 -7.196578 -25.838024 3.763216 -29.016105 -23.491625 -7.503575 -20.417346 -1.548442 -15.537591 3.482479 11.515324 -7.878351 -8.509313 13.595600 11.805333 3.413871 7.701628 -2.799517 -0.555158 4.045860 0.276766
0.048333 4.372253 0.039753 -20.779725 77.203354 23.451288 2.466057 -8.232328 0.001942 -3.128424 1.267021 -0.491475 2.411283 -12.083321 3.564729 -3.424773 -13.171368 2.542262 -2.968717 -20.292103 -9.239964 0.504382 0.468744 0.850925 13.997420 4.429063 -17.641477 58.582843 -45.602191 49.122598 19.746734 -35.264773 -21.086213 -12.041462 -9.670797 10.949446 -3.605015 -9.992298 -8.349911 70.517278 -4.970732 19.963247 11.403255 -8.389050 1.652034 1.253702 5.817109 -6.188556 69.770932 -4.123322 39.509522 15.090546 -13.045467 5.377936 9.882603 2.678301 -9.375963 46.971531 -20.911004 14.472246 24.688202 -11.088879 4.587618 11.620839 -37.662228 13.432681 29.574559 -25.630219 -9.994953 25.061382 -4.171761 -4.830101 -24.375165 -6.217027 4.306730 -29.327995 -50.579088 -2.772571 -16.303097 -14.567164 20.246250 2.118199 5.855017 -0.621093 9.082129 -2.459461 23.940547 -63.588755 7.721562 -41.417796 -7.365690 -5.965620 -3.509736 1.171925 41.383137 28.143905 -86.944583 -13.904173 -85.222973 -3.737443 -12.221982 -1.200358 -27.881397 47.029491 41.964521 -22.334709 -16.488191 -30.126248 -68.058972 -27.335555 -72.798776 35.722415 -29.916033 -2.374747 -6.868351 -26.018914 3.097574 -28.661661 -22.236995 -7.303932 -21.546353 -0.747662 -17.856001 3.495476 12.458262 -10.452238 -9.704370 13.464893 10.626631 2.266007 10.579597 -3.436567 -0.518790 3.547466 0.497183
0.075801 4.446704 0.025413 -20.000221 77.480236 21.965735 2.413477 -7.936956 -0.230090 -2.512933 1.424343 -0.357499 2.497532 -11.960106 3.736647 -3.355123 -13.066971 2.576954 -3.187023 -19.305702 -8.705844 0.538048 0.625451 1.035489 17.319338 2.830704 -21.090798 63.237022 -43.016981 50.129556 18.719352 -23.304339 -16.644179 -9.634214 -8.225946 10.796075 -4.452429 -9.567458 -9.167436 73.743314 -4.824274 21.634281 11.004633 -7.201588 1.050084 1.082723 7.216530 -6.904269 71.835244 -5.028934 41.155074 14.793614 -12.016538 4.853108 10.991671 5.132169 -10.224258 49.168941 -22.372353 19.794124 24.090264 -10.891654 4.640141 5.771992 -36.560076 11.346459 29.976750 -27.970433 -7.874392 28.056431 -5.292569 -5.088988 -22.459599 -4.650275 4.596710 -28.536847 -50.403826 -0.919879 -16.102847 -14.915990 21.649176 -0.281843 6.298589 -0.811338 9.321292 -0.865104 25.034073 -63.012979 9.683345 -42.371644 -7.521247 -4.921602 -3.522728 0.256037 41.264709 28.832049 -85.947891 -12.603239 -84.151093 -4.047333 -12.627757 -1.223705 -28.486076 46.625471 41.590908 -23.678386 -16.275720 -31.069564 -64.342251 -27.530860 -69.165611 35.806692 -30.333447 -2.165774 -6.951020 -26.152485 2.304616 -28.052608 -21.360185 -7.229436 -22.585903 -0.121879 -20.122664 3.826538 13.847333 -13.821497 -10.773162 12.289495 11.674026 2.120012 11.841657 -4.771129 -0.839643 3.308642 0.758346
0.092116 4.537322 0.034888 -18.426959 77.793678 19.539036 2.285311 -7.633003 -0.307089 -2.024591 1.606621 -0.248649 2.464736 -11.688568 4.045788 -3.220198 -13.153303 2.656880 -3.600402 -18.756531 -8.342119 0.434452 0.718121 1.153732 19.831212 1.531191 -22.766917 66.203718 -40.055357 49.306511 12.528653 -13.353416 -15.942541 -9.901281 -2.839894 11.151283 -1.550568 -9.722828 -10.204569 76.023510 -1.746776 26.655269 11.401917 -6.197432 1.064328 3.865147 7.634338 -7.283839 72.998625 -3.482923 45.117147 14.360149 -11.646983 5.678347 15.550934 6.294078 -10.382829 50.423453 -21.013098 26.179666 26.119428 -10.025907 5.803673 1.892816 -37.568926 8.330922 27.242801 -29.533152 -4.472966 35.796875 -8.559256 -6.572683 -20.639450 -2.866501 4.389945 -27.217318 -49.131671 1.288678 -16.237351 -15.838436 23.295697 -2.696963 6.376257 -1.922683 9.137318 0.495697 26.375953 -62.603111 10.806073 -42.292660 -7.830384 -4.767413 -3.484572 -1.450494 41.143814 30.021992 -85.269249 -10.968854 -83.498739 -5.117797 -13.545847 -1.741899 -29.420092 46.268823 40.836298 -25.067004 -16.428355 -31.834455 -62.115033 -27.588279 -66.491830 35.984148 -30.122965 -1.441177 -6.455777 -26.431499 1.757069 -27.080550 -20.527241 -7.074626 -23.649689 0.511418 -22.567082 4.570888 15.251100 -19.295946 -11.947118 10.720931 15.643530 2.817637 11.940515 -5.330335 -1.120800 2.744852 0.580294
0.116747 4.622666 0.046787 -16.159560 77.631284 16.523925 2.308107 -7.488881 -0.121825 -1.697074 1.843229 -0.246726 2.323854 -11.264929 4.253328 -3.102773 -13.019541 2.574142 -4.115352 -18.560337 -8.206247 0.365005 0.721509 1.164404 22.765290 0.713892 -22.593615 63.327652 -39.279762 44.660464 7.372612 -10.371287 -18.603776 -11.693218 -0.856914 11.429819 -0.576161 -9.445603 -10.277750 79.013349 3.630903 29.372499 12.013777 -5.718903 0.923430 4.910216 8.108623 -6.596746 74.702285 -0.288903 48.471975 13.466920 -12.133285 5.407503 17.435684 6.908871 -9.888940 50.308268 -19.803750 27.687898 27.998882 -9.203288 7.033511 -1.652906 -39.005660 4.239842 19.068017 -26.955023 -3.853527 43.469816 -12.949538 -6.987654 -19.116617 -1.603871 3.862116 -23.844035 -46.915712 4.995936 -16.373488 -17.076499 25.286499 -5.811310 6.403846 -2.972062 8.272129 1.809476 27.908546 -61.530535 11.927551 -42.377395 -7.893981 -5.089191 -3.507760 -4.332425 41.285148 31.952965 -83.632550 -9.103912 -83.852218 -5.880085 -14.044047 -2.119946 -31.514930 45.865925 40.921004 -25.710515 -16.392952 -33.148911 -58.984958 -27.987225 -63.740049 36.756476 -29.813143 -0.728473 -6.337140 -26.150650 0.510406 -25.823166 -19.878802 -6.521385 -24.393357 1.056613 -24.591680 5.161954 16.058729 -23.752493 -12.575746 10.770748 18.206336 2.692147 11.740606 -4.662776 -1.328466 2.027748 0.380698
0.148195 4.696853 0.046335 -14.721258 77.106259 14.492725 2.504259 -7.361653 0.255305 -1.645329 2.155060 -0.398108 2.076613 -10.760255 4.323771 -2.900755 -13.022954 2.353606 -4.426013 -18.788913 -8.119699 0.217794 0.933704 0.975763 23.532007 0.131957 -22.649766 56.288049 -41.859599 37.497639 8.268375 -14.318051 -19.601531 -12.838180 1.299970 10.552158 -1.608341 -9.293120 -9.988842 79.355671 4.659019 28.355335 11.991736 -5.704394 0.774814 4.014061 8.330440 -6.670154 76.519687 0.090643 47.758681 12.579444 -12.649866 4.169877 16.306306 6.052473 -10.421982 49.694117 -21.375128 24.063794 28.541707 -8.168044 6.413152 -6.734909 -39.013650 -0.178199 14.377821 -25.216906 -5.272056 45.153487 -15.559950 -6.280423 -17.559666 -0.443906 3.055357 -20.451356 -43.855225 8.806021 -16.442784 -18.261017 27.287569 -9.504428 6.626864 -4.739113 7.394442 2.463649 28.906599 -59.828332 13.297582 -43.166332 -7.691359 -5.942759 -3.443618 -6.587319 39.657244 33.499471 -79.276209 -7.975500 -81.965502 -6.125240 -15.393020 -2.534058 -32.068726 44.211883 40.216967 -26.077050 -15.298110 -35.178947 -53.701659 -28.624810 -59.100217 39.690214 -30.052953 -1.180626 -6.979503 -26.039780 -0.486890 -24.927741 -20.290310 -6.606409 -24.910059 1.506478 -26.839091 5.834106 16.993740 -27.776764 -13.243827 11.280053 20.874717 2.118655 12.061083 -3.964074 -1.378131 1.212472 -0.208305
0.170934 4.757979 0.045917 -13.238576 76.215295 12.768314 2.706196 -6.860668 0.368430 -1.726443 2.496234 -0.619375 1.772453 -10.298775 4.409017 -2.638742 -12.991388 2.159406 -4.828550 -19.100236 -7.921463 0.049805 0.967361 0.697991 22.950456 0.424807 -22.920571 46.832410 -45.336856 29.222721 11.404589 -21.567890 -20.891411 -13.010952 2.926910 8.710609 -2.166879 -9.858863 -9.502925 78.604435 1.673629 24.490905 11.391187 -6.003705 0.034755 3.421512 7.463556 -6.419623 77.715132 -3.665263 43.272486 12.630376 -12.114495 2.554113 13.414860 3.398925 -10.947375 48.031045 -25.757145 16.323842 27.826776 -9.093807 3.859555 -10.799347 -37.545784 -2.926773 11.129082 -24.863874 -7.506198 42.381893 -19.243527 -6.167444 -16.327125 0.430489 2.351535 -17.820045 -41.426776 10.824543 -17.276076 -18.924234 28.089493 -11.245948 6.145742 -6.066295 5.633835 2.483984 29.262685 -59.806718 12.777035 -43.826137 -7.766328 -6.652974 -3.518751 -9.185328 38.508701 34.843384 -77.834224 -7.300543 -81.958020 -6.223782 -16.230826 -2.422673 -33.929291 42.849109 40.295878 -27.370827 -14.956956 -37.288451 -51.089623 -27.476347 -56.366797 42.128821 -31.965009 -2.988721 -7.814433 -27.623552 -0.297606 -24.146576 -20.460959 -5.568469 -25.162285 1.808304 -28.246122 6.524275 17.789205 -29.439314 -13.027550 12.640341 21.600687 2.077628 12.970965 -4.421699 -1.569421 0.556759 -0.651477
0.198704 4.794034 0.048141 -11.743785 75.223508 11.340151 2.788097 -6.274858 0.217579 -1.858281 3.037705 -0.865241 1.465906 -9.961610 4.391467 -2.549275 -13.194043 1.965620 -5.541531 -19.310101 -7.884517 0.136659 0.785442 0.602760 21.964398 1.190339 -23.131222 40.579441 -46.101087 23.409046 12.479955 -29.486868 -24.029292 -12.772214 3.565718 6.352299 -1.266816 -10.251770 -8.523772 77.187965 -0.327953 22.984274 9.476056 -6.240012 -1.001886 4.305884 6.066317 -5.962476 77.351374 -5.662262 39.506789 12.146754 -11.180855 1.082828 11.248497 0.490315 -10.680825 44.712725 -28.220748 10.376417 26.394813 -8.827011 0.794983 -11.884850 -35.640823 -3.994048 9.081333 -24.503637 -8.122118 39.834794 -20.897611 -6.907299 -15.310588 1.323015 1.869012 -15.980606 -39.736593 11.537552 -18.368997 -18.958516 27.111630 -11.397700 4.611967 -7.815543 3.377167 2.068936 28.475722 -60.102554 11.852095 -44.960467 -7.405386 -5.721530 -2.683183 -11.355575 37.688946 36.400227 -78.479780 -6.254298 -82.649326 -6.477521 -15.752621 -2.130550 -34.563726 41.624443 41.305223 -31.291454 -14.656086 -41.358763 -48.585881 -25.907629 -52.954508 43.071467 -33.780379 -1.668132 -9.647316 -29.954821 -0.908261 -25.651156 -20.341766 -6.177435 -25.167039 2.135091 -29.372706 7.024552 18.609281 -30.925400 -13.128130 13.444818 23.340886 2.625736 13.758096 -5.054623 -1.903381 0.046900 -1.007112
0.212118 4.820354 0.060141 -10.711747 74.497201 10.380474 2.773944 -5.906899 0.191089 -2.031530 3.506285 -1.161459 1.208219 -9.663268 4.289499 -2.604652 -13.286799 1.763225 -6.614360 -19.591831 -7.920999 0.404822 0.641589 0.565785 21.410719 1.847702 -23.072459 36.733026 -45.354143 19.533500 12.684343 -36.295742 -27.697137 -12.243297 4.102137 3.821727 -0.129924 -9.796544 -7.092230 76.615367 -2.151770 22.682512 8.623236 -6.224851 -1.026187 5.111899 5.612917 -5.052634 76.789856 -6.782994 38.555267 11.440052 -9.613612 0.096644 9.649101 -0.779863 -9.528809 44.090547 -29.507347 8.493238 24.657068 -7.760009 -0.726060 -9.861615 -36.008552 -2.363137 8.503476 -23.953579 -8.031655 38.383884 -20.557326 -6.728698 -14.388861 2.214931 1.259073 -14.217697 -38.784829 12.696838 -19.388498 -19.388839 26.128764 -10.869139 3.446957 -9.384698 2.572250 1.747015 27.526033 -61.693652 9.564301 -44.952334 -7.504878 -4.794666 -2.381814 -13.008463 37.958901 37.797215 -81.952391 -5.715769 -83.609285 -6.601658 -15.938740 -2.229089 -35.923603 41.457863 43.434552 -35.754974 -14.208524 -45.104950 -48.186797 -25.722747 -51.853260 44.028955 -35.192904 0.770086 -10.604588 -30.442046 -0.531208 -26.940183 -21.240578 -6.233453 -24.966697 2.345748 -29.788665 7.410868 18.776395 -31.540054 -14.158355 14.019335 24.587090 2.801928 13.493090 -4.737083 -1.740664 -0.029220 -1.213457
0.228316 4.829489 0.054704 -9.411293 73.841919 9.424228 2.635296 -5.710990 0.023417 -2.240708 4.004503 -1.426079 0.953250 -9.486678 4.229522 -2.768715 -13.383656 1.555321 -7.977508 -19.459271 -8.178279 0.672905 0.373492 0.554967 20.782348 2.472230 -22.644676 34.412087 -44.178913 16.619661 12.332580 -42.347326 -31.599279 -11.404646 4.858131 2.295230 1.016685 -8.496440 -6.058418 75.423684 -3.182663 22.484376 8.302097 -6.141348 -0.524030 5.634717 5.920207 -4.421996 76.411153 -7.275931 39.088030 10.758094 -8.115330 0.501757 8.309734 -1.295787 -8.634666 43.723479 -29.637217 8.217967 23.867584 -6.906026 -1.294029 -6.415014 -37.905699 0.036430 8.977835 -22.631249 -7.227576 38.128455 -19.778746 -5.550074 -13.595277 2.667671 0.567357 -13.037166 -37.479743 13.281976 -20.011665 -21.097911 26.151857 -11.435074 2.299878 -9.269389 2.946618 1.027691 27.926831 -62.272645 9.398370 -44.045195 -7.360565 -4.310883 -2.467705 -12.911027 37.909505 38.724326 -83.110796 -5.247954 -83.485142 -6.573056 -16.114018 -2.633070 -35.989722 41.187034 45.840491 -37.430389 -12.957495 -46.709726 -48.378824 -26.653274 -51.987504 43.984312 -34.870193 0.865471 -10.966883 -30.875589 -0.566880 -27.505973 -21.905553 -6.212352 -24.987142 2.670417 -30.431603 7.836227 18.829952 -31.995874 -15.657967 14.767421 25.581574 2.854630 13.316834 -4.368160 -1.713549 -0.022841 -1.187760
0.243960 4.843775 0.049401 -8.380160 73.270391 8.820894 2.565907 -5.469633 -0.174081 -2.578228 4.401949 -1.596846 0.845772 -9.355079 4.139470 -3.019478 -13.344527 1.559870 -9.098441 -19.524172 -8.663654 0.752608 0.402836 0.579188 20.070929 3.034561 -22.002173 32.324054 -43.011252 14.148612 12.163051 -48.027982 -35.546363 -10.743560 5.989397 2.588347 1.503484 -7.926642 -5.059226 74.439250 -4.876279 22.458413 8.392382 -6.196766 0.452074 5.658629 5.672947 -3.353089 75.954362 -8.722396 39.320287 10.993528 -7.881798 1.474792 7.197723 -2.135640 -7.772135 42.880941 -30.161703 7.277086 23.643783 -6.712659 -1.819802 -1.888629 -40.523166 2.168910 9.652977 -20.231999 -7.272503 38.566047 -18.957193 -4.397049 -12.928189 3.128032 -0.095137 -12.210955 -36.636009 13.747724 -20.325779 -22.876461 26.723724 -12.170465 1.951325 -8.709594 3.418836 1.138580 27.678712 -61.941650 9.616569 -43.309204 -7.566394 -4.094463 -3.191366 -12.317324 37.984624 38.645548 -82.130717 -5.196280 -82.826518 -7.029534 -16.551716 -2.914877 -35.345067 41.138331 46.966888 -37.609441 -11.578308 -46.770955 -48.150185 -26.785439 -50.735913 42.855876 -34.133533 1.893055 -11.719913 -30.196343 -1.166382 -28.350150 -21.746200 -7.284696 -25.133937 3.041137 -31.273527 8.265109 19.396087 -32.425476 -16.368569 15.128497 26.879739 2.488649 12.097473 -4.250754 -1.868379 0.148755 -1.282181
0.247366 4.855190 0.034760 -8.467192 72.987493 9.096751 2.552927 -5.517081 -0.250194 -2.788942 4.658030 -1.704249 0.792792 -9.346494 4.058908 -3.290852 -13.289742 1.653012 -9.973079 -19.584447 -9.065943 0.918234 0.517100 0.766846 19.252497 3.600651 -21.218101 30.762501 -41.858929 12.508974 11.603507 -53.361480 -39.702592 -9.352440 6.415138 2.975536 2.084448 -8.237418 -4.358872 73.323784 -7.014311 21.576663 9.134860 -6.303349 1.624394 5.761393 4.814472 -2.807135 75.490245 -10.638485 38.876505 12.163224 -8.165416 2.801785 6.709290 -3.431423 -7.243925 42.634526 -30.611558 6.213175 23.457308 -6.550041 -2.226273 4.222799 -43.164476 4.094131 10.158126 -17.088067 -8.513780 40.516437 -17.125492 -3.061445 -12.392293 3.584696 -0.584268 -11.357097 -35.674396 13.920137 -20.453654 -24.594010 27.447099 -13.223567 1.904855 -8.460778 3.362785 1.154680 27.617190 -61.111209 9.370974 -42.022706 -7.742962 -3.800559 -3.357509 -11.995508 37.702689 38.338783 -81.199841 -5.620384 -81.359695 -7.512250 -16.709956 -3.303576 -35.190914 40.565924 47.724109 -37.867408 -10.483327 -46.443204 -47.581957 -25.733932 -49.717297 42.017942 -33.660189 2.457193 -12.063827 -29.310974 -1.508816 -29.009365 -22.243280 -7.497112 -25.018121 3.309664 -32.076649 9.224731 19.720210 -32.900728 -17.083022 15.764739 27.648324 2.661509 11.169997 -4.760737 -2.109146 0.378036 -1.204080
0.251854 4.870918 0.030656 -8.818720 72.888801 9.483580 2.464609 -5.731697 -0.129538 -2.916864 5.043855 -1.783898 0.741189 -9.454823 3.931969 -3.516395 -13.222708 1.651824 -10.572796 -19.591709 -9.228030 0.919364 0.563322 0.797668 18.020218 4.562909 -19.979710 30.274183 -41.237224 12.279792 9.909909 -59.082542 -43.448406 -7.923020 6.736350 2.095303 3.971393 -8.376717 -4.528633 70.969018 -7.511339 19.524564 10.066697 -6.324305 2.898634 7.761472 4.328766 -2.758802 73.519618 -12.269386 37.259539 13.864164 -9.512687 3.555765 7.756870 -3.600877 -6.875792 41.964405 -30.613151 6.088240 23.267256 -6.947363 -1.796645 10.872076 -42.378525 6.067540 9.706830 -14.938429 -9.026815 42.865573 -15.322202 -1.030241 -11.891800 3.671263 -1.000122 -10.677295 -34.857286 14.114579 -20.545410 -25.797243 28.236083 -13.928583 1.566194 -8.458907 3.100668 1.329984 26.799242 -60.454003 8.908360 -41.301441 -8.034364 -3.570790 -3.143589 -12.104996 37.328816 38.086283 -80.510429 -5.339204 -80.315142 -7.800619 -16.361874 -3.354174 -35.251271 39.809701 48.312864 -38.234058 -9.818137 -46.523000 -47.589873 -23.907967 -49.323966 41.077685 -33.711820 2.682820 -12.243204 -28.801762 -2.074363 -29.370677 -22.339924 -7.711680 -24.865870 3.516926 -32.706868 10.470719 19.777409 -34.030142 -17.802715 18.011678 28.242722 2.627220 10.294776 -4.597935 -2.492390 0.166578 -1.327016
0.248641 4.873118 0.039926 -9.440926 72.702684 10.135238 2.424986 -5.953736 0.015380 -2.995623 5.462064 -1.909067 0.744106 -9.647537 3.837008 -3.719802 -13.216753 1.662795 -10.660596 -19.682526 -9.200994 0.887660 0.575661 0.867795 16.904119 5.718709 -18.652925 30.219229 -41.318369 12.781332 6.738940 -65.276083 -48.410319 -6.682435 8.207233 1.917995 5.619937 -8.520380 -5.087334 68.064111 -8.913548 16.811474 11.314237 -6.327381 3.580110 8.825782 4.040718 -2.671917 72.520260 -14.882900 37.134456 15.381412 -10.562352 3.461607 8.092453 -3.403640 -6.703924 42.039857 -30.914113 6.561242 23.676244 -7.442695 -1.304823 15.439816 -40.629466 7.538097 9.160210 -14.237192 -9.243210 44.095896 -14.601562 -0.387675 -11.584143 3.852722 -1.439478 -10.106815 -34.232966 14.203976 -20.631988 -27.294884 29.125119 -14.589106 0.611409 -8.389956 3.004858 1.649867 26.148829 -59.870080 7.969924 -40.278748 -8.318320 -3.963695 -3.256313 -11.652584 36.667029 37.388291 -79.749266 -5.957179 -79.076746 -8.172143 -15.585651 -3.174199 -35.001303 38.627650 48.372233 -38.481781 -10.175535 -45.386958 -47.073917 -22.207190 -48.291148 39.808310 -33.242307 2.294528 -12.028293 -27.643364 -1.918807 -29.709552 -21.465488 -7.966733 -24.863587 4.024814 -33.455257 11.957159 20.424918 -34.644307 -18.186420 19.523765 28.269320 2.487124 9.192737 -5.054598 -2.670902 -0.220993 -1.614453
0.246306 4.871442 0.037484 -10.303451 72.227526 11.165126 2.431382 -5.908140 0.075075 -2.991491 5.671201 -2.130630 0.830509 -9.673699 3.780531 -3.921191 -13.139086 1.691489 -10.486665 -19.642008 -9.061597 0.958584 0.583229 1.037961 16.171569 6.771607 -17.596378 30.136852 -41.615039 13.112838 2.082887 -70.132951 -54.874083 -6.119973 9.414954 2.641696 6.935615 -8.809410 -5.381190 66.137106 -11.599343 14.644175 11.854664 -5.536268 2.835237 9.338079 3.395390 -2.607375 72.886222 -18.012338 37.542200 15.547176 -9.914591 1.988849 7.905914 -3.273070 -6.400898 42.074641 -32.376546 6.428593 23.632800 -7.711999 -1.562464 17.404175 -39.947823 8.044905 8.669109 -14.158716 -9.421696 43.705804 -14.021685 -1.384274 -11.543173 3.908524 -1.931111 -9.479263 -33.481233 14.084946 -20.770779 -29.078555 30.417960 -15.156406 -1.035449 -7.763485 3.577093 2.460680 25.358158 -59.272388 7.484543 -39.029317 -9.115271 -4.305715 -3.489397 -10.154616 36.575641 35.948747 -78.947695 -6.273226 -77.111427 -8.641114 -15.155278 -3.304178 -33.922010 38.547805 48.023483 -37.666433 -9.989837 -43.665440 -46.895980 -21.051133 -47.867589 38.060739 -32.261314 2.071144 -11.405956 -26.455591 -1.460794 -30.291878 -20.075638 -8.738655 -24.543638 4.787760 -33.913962 13.611352 20.923151 -35.483386 -18.462823 20.806299 28.834996 3.072741 8.553385 -5.613968 -2.999960 -0.187177 -1.771486
0.241470 4.862882 0.035385 -10.837179 71.756342 11.808687 2.426886 -5.900686 0.219051 -2.938678 5.692190 -2.377062 0.987677 -9.829538 3.710720 -3.992683 -13.022186 1.752771 -10.115058 -19.342981 -8.658960 1.072371 0.512234 1.245104 15.818537 7.795447 -17.177379 30.172461 -41.767437 13.159812 -4.837849 -73.556507 -63.470309 -6.379477 10.060832 3.075000 7.419848 -9.579228 -5.443625 65.504972 -13.596646 12.533806 11.924220 -5.178549 1.789722 9.191921 3.137772 -2.691426 74.441045 -20.513772 37.126975 15.468386 -8.801095 0.462224 7.555812 -3.018365 -6.851103 42.849190 -33.427536 5.633239 23.650692 -7.626122 -2.078933 18.955758 -39.875734 7.943057 8.126558 -15.081424 -9.545442 43.378582 -13.410389 -2.577590 -11.738484 3.899505 -2.349186 -8.982987 -32.445121 14.507748 -21.258557 -30.725993 31.358315 -15.526673 -3.048138 -7.224648 4.387007 3.616631 25.323295 -58.298945 6.881724 -37.378943 -9.759090 -4.589213 -3.882484 -8.058667 36.325231 34.045662 -78.972022 -6.914007 -74.150057 -8.986027 -14.473298 -3.034121 -32.555605 38.475360 48.075208 -37.334945 -9.602158 -41.551460 -46.909968 -20.594666 -47.452519 36.177214 -31.016418 2.043592 -11.631717 -24.972206 -1.170024 -31.073736 -19.239697 -9.179277 -24.193273 5.773507 -34.043862 15.466266 20.677729 -36.359190 -18.443401 21.836540 28.867923 3.175548 8.186715 -6.039407 -3.131848 0.240096 -2.160661
0.236808 4.842097 0.012186 -10.942364 71.261113 12.159574 2.480762 -5.882585 0.167930 -2.944509 5.725640 -2.569324 1.111222 -10.041266 3.649800 -4.040202 -12.995513 1.925430 -9.544115 -19.201682 -8.152038 1.279261 0.565213 1.386220 15.806875 8.875489 -16.946745 29.759883 -41.764096 12.601776 -13.104939 -76.016572 -73.004871 -7.102117 9.740253 3.632500 7.219266 -9.486628 -5.443805 66.020990 -16.192060 11.345396 11.587439 -5.242770 1.291297 9.042494 3.693382 -2.869453 75.821524 -22.678771 36.185357 15.461802 -7.844805 -0.092264 6.820956 -2.026061 -7.509802 42.952814 -34.143414 5.096698 24.092445 -8.345066 -2.664185 18.881930 -39.358055 6.904003 7.424688 -16.009119 -9.624831 43.775612 -13.379547 -3.745554 -12.060904 3.751258 -2.655544 -8.735712 -31.708677 14.900082 -21.544054 -32.222903 32.367962 -15.757428 -5.628518 -6.041110 5.252011 5.364692 24.846635 -57.150706 6.034819 -35.277217 -10.026085 -4.701721 -4.256233 -5.840521 36.070812 32.026033 -78.398865 -7.721308 -70.273751 -9.292476 -13.966919 -2.551773 -31.283853 39.146699 48.334797 -35.892946 -10.469684 -38.781853 -47.064489 -21.680537 -46.502291 34.407099 -29.223839 2.744240 -12.312579 -23.328572 -1.625938 -31.673292 -18.406621 -9.133366 -23.843485 6.705660 -34.269748 17.136622 20.088301 -37.688474 -18.304030 22.847790 30.196309 3.046830 7.272094 -5.740432 -3.289358 1.214410 -2.647461
0.229543 4.812484 -0.001864 -11.192172 70.641811 12.818459 2.515445 -5.893322 0.171119 -2.810920 5.665591 -2.751228 1.200368 -10.008441 3.527666 -4.004540 -13.082737 2.128646 -8.564964 -19.509669 -7.547152 1.383501 0.688881 1.446588 15.883967 9.650815 -16.984965 28.920109 -42.001893 10.514332 -25.515783 -77.086381 -86.917767 -7.838631 9.791516 3.918591 8.548906 -10.049642 -4.811069 64.827990 -17.811798 10.282542 11.591496 -5.742570 0.717215 9.683203 3.750705 -2.834350 75.566796 -23.853883 34.927217 16.084423 -7.708734 -0.372459 6.437987 -1.426308 -7.386528 41.312531 -34.069452 4.335897 24.357459 -9.122922 -3.043772 18.831839 -37.531956 6.474749 6.779976 -16.618322 -9.266553 44.493278 -13.532247 -4.520416 -12.490857 3.559002 -3.072810 -8.599709 -31.006128 15.183187 -21.969019 -33.818399 33.222986 -15.935316 -9.387666 -3.167202 8.296349 3.566249 26.598315 -56.575713 8.365953 -31.942853 -11.319373 -4.193088 -5.093613 -2.826918 35.054053 29.643814 -76.791572 -8.169425 -65.706447 -9.399829 -12.817037 -2.399202 -28.553093 41.120014 47.769695 -35.454742 -12.578924 -36.750256 -45.748150 -22.048953 -44.078999 32.891958 -27.965686 2.377128 -12.473965 -21.157413 -1.923422 -32.559787 -18.303587 -9.548325 -23.404911 7.584904 -34.094817 18.582781 19.236326 -38.087356 -17.129477 23.792760 31.383375 3.104043 6.994996 -5.553518 -2.826497 1.470450 -3.095122
0.228006 4.783983 -0.026142 -10.807804 69.951575 12.814742 2.405898 -5.964837 0.254322 -2.662245 5.591883 -3.041515 1.275015 -10.064208 3.481180 -3.758844 -13.117231 2.393636 -7.427416 -19.820242 -6.911589 1.443019 0.654745 1.338754 16.073551 10.360518 -17.311181 27.655087 -42.851435 6.824473 -36.518135 -76.467344 -99.378918 -9.746577 10.892786 5.154047 10.405192 -11.213159 -4.584594 63.226965 -19.731269 9.959854 11.901585 -6.449221 0.293878 11.151901 2.695429 -2.867500 75.168251 -25.881381 34.246284 16.772207 -8.078928 -1.140673 6.649470 -2.061516 -7.293076 39.121508 -33.753504 3.797993 24.770678 -10.224629 -3.428766 18.543275 -36.893688 6.407990 6.160108 -17.015911 -8.549774 45.025718 -14.830301 -4.953216 -13.091382 3.544367 -3.245357 -8.358160 -30.745790 15.121053 -22.949959 -35.525674 33.986352 -15.220038 -11.475723 -1.686830 9.503477 2.760344 26.556934 -55.804858 7.910508 -30.047142 -12.182081 -4.283597 -5.864113 -1.460497 35.129967 28.678682 -76.593631 -8.589567 -64.779575 -8.678938 -11.687452 -2.513203 -26.998037 43.476154 48.203448 -35.500435 -14.033228 -36.010307 -45.051404 -21.948747 -43.995123 33.278504 -27.667363 3.267775 -13.145075 -19.459084 -1.959050 -33.820174 -18.579558 -10.217841 -22.890270 7.972047 -32.967546 19.021453 17.500446 -39.018624 -15.283261 23.444972 31.733944 3.055473 6.546274 -4.750616 -2.362676 1.452251 -2.649551
0.222884 4.748162 -0.036728 -10.197842 69.350302 12.421146 2.234155 -6.075586 0.347988 -2.518936 5.465003 -3.338499 1.318276 -10.115893 3.366926 -3.366355 -13.206478 2.690503 -5.857089 -20.809925 -6.072772 1.270105 0.925581 1.311590 16.239756 10.953016 -17.945723 25.668862 -43.676776 2.264799 -38.725488 -75.534006 -103.948087 -11.555057 12.377367 6.374832 11.619830 -11.297550 -4.600208 62.559032 -20.594875 11.091772 12.498015 -6.185192 -0.070604 12.069647 2.450624 -2.617441 75.994852 -27.116666 34.848852 17.148998 -8.228120 -1.723899 6.992213 -2.057313 -6.862325 38.626996 -34.443575 4.152409 24.816359 -10.640820 -3.161312 18.554343 -36.517062 7.306592 6.050003 -17.585673 -7.483511 45.876693 -17.042581 -4.149528 -13.755151 3.629016 -3.552144 -7.978455 -30.783794 15.524316 -24.145116 -37.110875 34.387870 -14.735956 -12.800225 -0.775402 9.726947 2.268085 25.901565 -54.664912 7.263132 -29.972734 -12.095411 -4.251563 -5.693617 -0.634755 35.560820 27.967358 -75.837727 -8.715860 -65.109581 -8.154811 -10.851685 -2.790210 -25.420823 45.407971 47.967731 -34.681568 -14.216882 -35.241860 -44.821397 -21.318177 -44.472026 34.078950 -27.569768 3.893521 -13.474671 -18.388288 -1.679037 -34.915796 -18.520367 -10.509896 -22.615230 8.062674 -31.884786 18.995789 15.690628 -39.766353 -13.306606 23.709443 31.832801 3.441651 5.640752 -4.139651 -2.191752 1.996799 -2.520145
0.232073 4.703918 -0.049933 -9.828277 68.829299 12.055426 2.074626 -6.290132 0.380487 -2.301307 5.350675 -3.487125 1.342119 -9.934105 3.349849 -2.977573 -13.571873 3.008372 -4.145678 -21.955186 -5.377677 1.129546 1.059001 1.105926 16.434574 11.690199 -18.728255 23.694208 -44.210329 -1.659471 -35.254847 -74.603506 -102.624331 -12.592452 15.140390 6.818577 12.021670 -10.896770 -4.601524 62.987825 -19.824172 13.898930 13.603363 -5.537670 0.434442 12.293840 2.462102 -2.372080 77.473968 -26.366238 38.110710 17.912330 -8.517771 -1.336745 7.059761 -2.512679 -6.347324 40.956291 -35.311944 6.297366 24.885972 -11.032819 -2.397648 19.816156 -37.551639 9.758453 5.954876 -18.555473 -7.967531 46.447459 -18.262472 -3.891887 -14.529889 3.710714 -3.918478 -7.530977 -31.190099 16.229421 -25.341231 -38.572172 33.966120 -14.967190 -13.349931 -0.440340 9.144387 1.732994 25.784256 -53.752791 6.898369 -30.073218 -11.618471 -4.324664 -5.919318 -0.366117 36.250785 27.703749 -75.238923 -9.284714 -65.435060 -7.926461 -10.789325 -2.930374 -23.761042 46.223999 47.092389 -34.447825 -13.904491 -34.812615 -45.469060 -20.835263 -45.069874 34.760484 -28.265407 3.213687 -14.239635 -18.867594 -0.911058 -35.140249 -18.463460 -10.376068 -22.171365 7.958903 -30.195249 18.251959 13.881972 -39.888053 -10.672597 24.225041 31.341085 3.221465 3.996029 -4.393980 -2.333085 2.054626 -2.632813
0.235383 4.674188 -0.068024 -9.555287 68.578266 11.751938 1.977868 -6.626136 0.307920 -2.121185 5.225783 -3.508965 1.351260 -9.644681 3.351152 -2.483197 -14.087552 3.259151 -2.851664 -22.998952 -4.759063 0.986873 1.225618 1.143965 16.553666 12.304899 -19.074790 22.084281 -44.422253 -3.558436 -27.981081 -74.012396 -96.499189 -12.686046 17.277976 5.980742 11.354803 -10.992589 -4.483296 62.967553 -17.552814 15.765609 14.672174 -4.861782 1.222003 11.887696 2.019288 -1.515869 78.092095 -24.877245 41.081153 18.905195 -9.041117 -0.636354 7.328165 -3.468605 -5.301893 43.612283 -35.662526 8.729916 25.522263 -10.817825 -1.777859 21.924042 -39.211595 12.163222 6.227688 -19.506185 -7.197611 47.342212 -19.095375 -2.886414 -15.549291 3.723852 -4.421475 -6.977006 -32.360872 16.766655 -26.443199 -40.113309 33.437712 -14.466426 -13.092334 1.012244 8.651662 1.089787 25.621812 -51.971348 6.859228 -30.549841 -11.507361 -4.360214 -5.950093 0.342634 35.751466 27.441582 -73.391470 -9.157338 -64.283739 -8.236227 -10.829395 -3.059505 -20.232857 46.014848 44.676980 -33.575161 -13.394243 -33.525851 -45.928855 -19.691380 -44.753351 35.811471 -28.852639 2.341156 -15.174402 -18.319107 -0.909764 -35.095349 -18.351667 -11.158473 -21.802845 7.753739 -28.832994 17.540125 12.737041 -39.772678 -8.342648 24.314539 30.629670 2.284898 2.798663 -4.552173 -2.456184 1.962494 -2.809411
0.237187 4.640320 -0.071705 -9.618817 68.416329 11.708822 1.881226 -7.056986 0.123279 -1.974195 5.269437 -3.394224 1.384810 -9.576881 3.283282 -1.938320 -14.553254 3.464639 -1.936606 -23.749180 -4.181422 1.089800 1.414138 0.932445 16.355653 13.031148 -19.396327 20.754601 -44.079802 -4.528807 -19.549107 -73.208806 -88.518647 -11.944529 18.746825 5.609913 10.848159 -10.614230 -4.372889 62.069806 -16.280406 16.630291 15.153770 -4.711724 2.160915 11.458788 1.644763 -1.579002 76.701851 -22.949795 40.853283 19.833713 -9.621306 0.650546 7.397297 -2.978977 -4.997829 44.344207 -35.363093 10.148729 26.485609 -11.062266 -0.569326 23.241343 -40.462517 13.583389 6.441670 -19.933400 -7.115012 47.499359 -19.126359 -2.103106 -16.502125 3.811622 -4.366536 -6.380620 -33.894150 17.315433 -27.285952 -41.483658 32.825444 -14.156873 -12.438412 1.586744 8.126987 0.271030 25.451651 -50.384065 6.778240 -29.836872 -11.287140 -3.790225 -5.367546 0.840565 35.344414 28.075737 -72.025103 -8.261795 -62.713285 -8.269555 -10.752988 -2.860858 -17.952818 45.312135 43.765766 -32.663616 -11.950139 -31.971691 -45.658168 -19.185809 -44.441991 36.278784 -29.211027 1.758796 -15.272009 -18.490807 -0.545312 -35.247775 -17.841974 -11.457137 -21.558394 7.591119 -27.782217 17.014468 12.199772 -38.824375 -6.758863 24.392441 29.449947 2.381484 2.997622 -5.258730 -2.497445 2.152861 -3.125248
0.250602 4.631599 -0.070427 -9.836010 68.313822 11.829979 1.887685 -7.328203 -0.183288 -1.836153 5.216104 -3.255577 1.463841 -9.232529 3.371483 -1.583918 -15.077649 3.564950 -1.078417 -24.650916 -3.621472 1.350245 1.688593 0.624399 15.786972 13.808822 -19.668417 19.521984 -43.252221 -5.125693 -11.404339 -72.448502 -81.089429 -10.606098 19.252497 4.537792 9.818366 -9.747378 -3.782432 60.735997 -13.862136 15.543159 15.340879 -3.650429 3.268956 10.301267 2.515697 -0.950117 74.275953 -21.123868 38.428324 20.832355 -9.170824 1.936709 7.112422 -2.519663 -4.617957 43.266187 -33.436538 10.353365 26.434179 -11.170973 1.190444 24.854102 -39.717580 14.137149 7.631825 -19.053498 -6.165448 48.448178 -19.568225 -0.389006 -17.374930 3.857196 -4.326250 -6.084721 -35.774029 17.852978 -27.639075 -42.722213 32.216315 -13.672729 -11.377235 3.235982 8.384761 0.098622 24.800993 -49.896320 6.963872 -29.481417 -11.185941 -3.446348 -5.584812 2.250899 34.930368 27.595598 -71.223774 -7.075960 -61.562032 -8.122160 -10.548229 -2.505469 -14.717380 44.738510 41.736698 -31.647238 -10.364885 -30.236114 -45.677096 -18.719466 -44.581767 36.697712 -29.975438 1.593488 -15.788014 -18.101307 -0.549562 -35.698864 -17.681364 -12.495171 -21.423830 7.332784 -27.187629 16.334140 11.986263 -38.736703 -5.791409 23.742219 29.370199 2.672002 3.723564 -6.223032 -2.305606 1.880072 -3.227487
0.248288 4.627836 -0.063277 -10.047797 68.257554 11.683240 1.791560 -7.466333 -0.418927 -1.675917 5.115913 -3.049771 1.519216 -9.113228 3.501083 -1.028717 -15.346558 3.764244 -0.499202 -25.140379 -3.091655 1.424219 1.884985 0.419089 15.240174 14.666287 -20.000766 18.721983 -42.339968 -5.340858 -6.810630 -71.957139 -77.751451 -9.872432 19.344408 4.176614 9.206312 -8.134096 -3.519019 59.369889 -12.471886 15.079296 15.465837 -3.453617 4.005460 9.723884 3.594657 -0.827806 72.270186 -20.823918 37.248267 20.969990 -8.826088 2.363045 6.865040 -1.454787 -4.832103 42.429907 -32.244633 10.281051 25.641403 -10.991963 2.690038 26.098468 -38.977854 13.638994 8.405495 -18.716361 -6.151014 48.119596 -18.754702 0.612271 -18.060594 3.908161 -4.101393 -5.745230 -37.280729 18.199742 -27.544995 -43.370932 32.140669 -13.355534 -11.350993 4.130926 8.794378 0.172350 24.510100 -50.576478 7.369064 -28.926119 -10.807323 -3.049439 -4.984301 3.526251 34.512747 27.784602 -70.759739 -5.452434 -59.976786 -7.621673 -10.092890 -2.191883 -12.349806 44.175043 41.095031 -31.101102 -8.560100 -29.098211 -46.234441 -18.296049 -45.018600 37.406029 -30.066930 1.217035 -16.422649 -18.117610 -0.971588 -36.097743 -17.782494 -12.878961 -21.253597 7.072094 -26.564022 15.864764 11.997677 -38.044542 -4.611166 22.648384 28.142996 2.994647 3.872287 -6.553561 -2.558198 1.879914 -2.948584
0.244176 4.639734 -0.062037 -10.087451 68.244153 11.453209 1.720452 -7.606197 -0.761617 -1.663701 5.156735 -2.794794 1.570388 -8.896386 3.642486 -0.503750 -15.699409 3.939116 -0.242263 -25.379103 -2.775651 1.389642 1.720949 0.186261 14.827129 14.868701 -20.341848 17.692096 -41.474684 -5.349797 -6.881364 -70.561767 -79.581168 -9.652574 19.913416 3.483735 9.029733 -7.192011 -2.556517 59.179436 -12.245957 15.846796 15.613868 -3.467026 4.270916 9.182050 3.961418 0.306801 71.527880 -21.422341 37.075089 20.573526 -7.616390 1.592763 6.562686 -1.006807 -4.157483 42.590012 -32.193379 10.808438 25.373689 -11.259328 3.970711 27.374586 -38.191712 14.541309 8.582735 -18.604715 -6.350686 46.840281 -18.752868 1.543888 -18.450897 3.966746 -3.806215 -5.559982 -38.773344 18.470131 -26.941093 -43.497880 32.730910 -13.149750 -10.966409 4.332365 8.757774 0.517050 24.244736 -50.666786 7.778565 -28.794877 -10.395814 -2.755552 -4.790511 4.182249 34.741165 28.028688 -70.239894 -4.213131 -59.822825 -7.254757 -9.987141 -1.644082 -11.191158 44.182435 41.075197 -30.606062 -7.430110 -28.820061 -47.249934 -18.542180 -45.740366 38.302139 -30.156122 1.024836 -17.191545 -18.203839 -1.103751 -37.278260 -18.759088 -13.730200 -21.158532 6.906471 -25.955036 15.573646 11.757030 -37.427750 -3.538426 21.998008 26.983240 3.611371 3.982051 -7.135070 -2.631583 1.698670 -3.114861
0.238174 4.659581 -0.070311 -9.862134 68.278493 11.213059 1.767492 -7.624918 -0.818115 -1.679161 5.232613 -2.683320 1.451808 -8.547270 3.799487 -0.335648 -15.947831 3.657992 -0.133374 -25.731124 -2.552142 1.466597 1.749144 0.012661 14.852431 14.843786 -20.610216 18.642585 -41.552888 -3.945289 -6.387364 -68.942115 -79.160790 -10.147239 20.205560 1.486697 9.175915 -6.903439 -1.570760 58.881146 -11.576753 16.882918 15.976732 -3.152840 4.527356 8.643686 4.056249 1.489656 72.490613 -20.316329 39.355521 20.862050 -6.225869 1.583024 6.522350 0.123638 -2.760820 43.192154 -32.298582 12.508180 25.831322 -11.425263 5.532978 30.279508 -37.397176 18.007453 8.898996 -17.844436 -5.958658 45.728086 -18.348653 2.859766 -18.451513 4.066092 -3.711526 -5.494405 -40.416294 18.535175 -26.277027 -43.744147 33.722740 -12.770816 -10.322715 4.715491 8.503833 0.757598 24.388757 -50.962374 8.597053 -28.990650 -9.996632 -2.626598 -4.515550 4.091359 34.028700 28.228462 -69.294351 -3.236382 -59.325308 -6.680077 -9.750962 -1.488410 -9.811892 43.559604 40.098542 -29.329114 -5.948616 -28.143154 -48.745401 -18.950237 -46.811789 38.483375 -30.365706 -0.102013 -17.291451 -18.243131 -1.120912 -37.722345 -19.461151 -15.003194 -21.303563 6.773588 -25.925055 15.411100 12.073895 -37.125446 -2.560834 21.534852 27.009141 4.027521 3.503486 -7.764317 -2.738338 1.394558 -2.893292
0.227857 4.677484 -0.090568 -9.773480 68.740231 11.213954 1.780286 -7.719474 -0.765290 -1.681574 5.259497 -2.550959 1.337421 -8.537891 3.904957 -0.315308 -15.884291 3.436376 -0.190271 -26.058569 -2.688347 1.400978 1.640633 0.059943 15.079349 14.674204 -20.690523 20.832489 -42.621613 -1.898658 -6.065043 -66.643304 -76.729221 -10.876694 20.071091 1.249401 9.002846 -6.836262 -1.265706 57.882743 -11.599351 17.693928 16.522413 -3.828241 5.090634 8.480824 4.059658 2.297858 73.548139 -20.318128 41.178204 21.471868 -6.266652 2.202264 6.048557 2.313529 -2.254552 45.253385 -34.082128 14.339139 25.388628 -11.517366 5.458712 32.124449 -38.307895 19.637492 8.619084 -17.520678 -6.593428 45.595955 -18.484875 2.910771 -18.464990 3.941942 -3.509163 -5.807244 -41.382644 18.332051 -25.748631 -43.555121 34.094871 -12.636019 -9.964364 4.840810 9.312369 2.115490 24.679159 -51.245589 10.048674 -30.746187 -9.844734 -2.476682 -5.057240 5.107204 33.574698 27.980918 -68.576418 -1.700363 -59.569870 -6.605909 -9.729032 -1.383447 -8.219302 43.669988 38.765048 -27.463363 -5.022354 -27.114569 -50.785242 -19.335098 -48.728663 38.122424 -29.717929 -0.621649 -16.829440 -17.606954 -1.375781 -37.024679 -19.480358 -15.525234 -21.356617 6.325109 -25.784698 15.361585 12.503651 -36.975632 -1.804543 20.919566 27.067244 4.234720 2.779688 -7.798628 -2.631260 0.867231 -2.914946
0.226309 4.696015 -0.107928 -9.787164 69.107025 11.333711 1.726905 -7.795595 -0.726891 -1.699999 5.271088 -2.629553 1.264376 -8.436247 4.072955 -0.292885 -16.053725 3.264795 -0.194372 -26.258699 -2.866297 1.378227 1.597398 0.116395 15.218746 14.473838 -20.326802 23.856040 -44.011527 0.794054 -4.351907 -64.314099 -72.345305 -12.666599 19.388111 1.365847 8.314818 -6.390627 -1.035577 56.907601 -11.795164 19.050660 17.701294 -5.008273 6.175349 8.222948 4.420788 3.056748 73.920636 -19.676269 42.968602 22.056655 -6.708052 2.595773 6.038789 1.867877 -2.344806 45.595681 -33.957733 13.103100 24.720595 -11.429430 4.351785 33.995495 -40.225439 21.896313 8.493850 -16.699584 -6.999855 46.276751 -19.594982 1.892567 -18.250028 3.800406 -3.107381 -6.093545 -42.089574 18.380629 -25.785731 -42.901803 33.660299 -12.421320 -9.015882 4.411889 9.874895 3.012771 24.968749 -52.270461 11.270466 -32.518445 -9.567892 -2.386513 -5.034305 5.723986 33.367047 27.310075 -68.177932 -0.859430 -60.145737 -6.386814 -10.102983 -1.584776 -7.522397 43.918143 38.278447 -26.639936 -4.975996 -27.535178 -52.131278 -20.558175 -50.150745 38.314770 -28.493944 0.169919 -15.898718 -16.519641 -1.725349 -36.520880 -19.384144 -15.880150 -21.418642 6.045867 -26.030201 15.312274 12.871117 -35.937006 -2.398891 20.149793 27.573720 4.131221 2.245649 -7.378956 -2.505291 0.642792 -2.918307
