priority,issues,split,source_dataset,annotation_source,text_status,needs_human_review,filename,primary_caption,n_captions
P0,P0_TOO_LONG;P1_OVER_NARRATIVE,train,animo4d_L4_safe,animo4d_official_text,present,False,PZ_Bactrian_Camel_Juvenile_bactrian_camel_juvenile__animationnotmotionextractedlocomotion_manisetecfccfaf__bactrian_camel_juvenile_fightreacttodie_220.npy,The juvenile bactrian camel fights reacts and then dies,3
P0,P0_TOO_LONG;P1_OVER_NARRATIVE,train,animo4d_L4_safe,animo4d_official_text,present,False,PZ_European_Fallow_Deer_Juvenile_european_fallow_deer_juvenile__animationnotmotionextractedfighting_manisetaa1d0ef7__european_fallow_deer_juvenile_fightvictorytaunt_144.npy,The juvenile fallow deer fights wins and then taunts its opponent,3
P0,P0_TOO_LONG;P1_OVER_NARRATIVE;P1_SOURCE_ACTION_ARTIFACT,train,animo4d_L4_safe,animo4d_official_text,present,False,PZ_Giant_Otter_Juvenile_giant_otter_juvenile__animationnotmotionextractedlocomotion_manisetd4154e76__giant_otter_juvenile_gimmick_103.npy,The juvenile giant otter performs a playful gimmick by diving and then surfacing with a splash,3
P0,P0_TOO_LONG;P1_OVER_NARRATIVE,train,animo4d_L4_safe,animo4d_official_text,present,False,PZ_Saiga_Male_saiga_male__animationnotmotionextractedfighting_manisetcf7c23b4__saiga_male_fighttauntreact_120.npy,The male saiga fights taunts and then reacts swiftly,3
P0,P0_TOO_SHORT_PLACEHOLDER,train,animo4d_L4_safe,animo4d_official_text,present,False,PZ_Tamworth_Pig_Male_tamworth_pig_male__animationnotmotionextractedfighting_manisetdfc6f239__tamworth_pig_male_swimbasetoswimtreadwater_336.npy,The male Tamworth pig swims to a point and then treads water,7
P0,P0_BAD_REPEATED_TOKEN;P0_TOO_LONG;P2_PUNCT_OR_CASE_ODD,train,animo4d_L4_safe,animo4d_official_text,present,False,PZ_Wisent_Male_wisent_male__animationnotmotionextractedlocomotion_manisetd142891d__wisent_male_matingcourtship_457.npy,The male wisent approaches cautiously and then engages in a mating courtship display,3
P1,P1_OVER_NARRATIVE;P2_ANIMAL_LEVEL_GENERIC;P2_GENERIC_CREATURE_CLASS,val,truebones,collected,present,False,Alligator___Catch_11.npy,An alligator snaps its jaws shut abruptly to catch prey.,5
P1,P1_OVER_NARRATIVE;P2_ANIMAL_LEVEL_GENERIC;P2_GENERIC_CREATURE_CLASS,val,truebones,collected,present,False,Bear___SwatLeft_74.npy,An animal raises its left front paw and swats forward forcefully.,5
P1,P1_OVER_NARRATIVE;P2_ANIMAL_LEVEL_GENERIC;P2_GENERIC_CREATURE_CLASS,val,truebones,collected,present,False,BrownBear___Attack_122.npy,"An animal stands on all fours, rears up, and lunges forward to bite with its powerful jaws.",5
P1,P1_OVER_NARRATIVE;P2_ANIMAL_LEVEL_GENERIC;P2_GENERIC_CREATURE_CLASS,val,truebones,collected,present,False,Crocodile___Idle_257.npy,An ambush predator slightly opens its mouth and gently wags its tail while facing forward.,5
P1,P1_AI_DRAFT_REMAINING;P1_BAD_ARTICLE_A_ANIMAL;P2_ANIMAL_LEVEL_GENERIC;P2_GENERIC_CREATURE_CLASS,val,truebones,codex_draft_from_contact_sheets_and_action_name,codex_draft,True,Deer___Gallop_271.npy,A deer gallops through a short gait cycle.,6
P1,P1_OVER_NARRATIVE;P2_ANIMAL_LEVEL_GENERIC,val,truebones,collected,present,False,Eagle___FloattUp_312.npy,An animal with large wings is floating upwards vertically.,5
P1,P1_AI_DRAFT_REMAINING;P2_ANIMAL_LEVEL_GENERIC;P2_GENERIC_CREATURE_CLASS,val,truebones,codex_draft_from_contact_sheets_and_action_name,codex_draft,True,Elephant___Idle1_316.npy,An elephant holds an idle pose with small body adjustments.,6
P1,P1_AI_DRAFT_REMAINING;P1_BAD_ARTICLE_A_ANIMAL;P2_ANIMAL_LEVEL_GENERIC;P2_GENERIC_CREATURE_CLASS,val,truebones,codex_draft_from_contact_sheets_and_action_name,codex_draft,True,Fox_-_Run_362.npy,A fox runs through a short gait cycle.,6
P1,P1_OVER_NARRATIVE;P2_ANIMAL_LEVEL_GENERIC;P2_GENERIC_CREATURE_CLASS,val,truebones,collected,present,False,KingCobra___GetUp_507.npy,An animal raises its upper body while coiling its tail.,5
P1,P1_OVER_NARRATIVE;P2_ANIMAL_LEVEL_GENERIC,val,truebones,collected,present,False,Lion___Walk_532.npy,An animal walks forward slowly with its mouth open.,5
P1,P1_AI_DRAFT_REMAINING;P1_BAD_ARTICLE_A_ANIMAL;P2_ANIMAL_LEVEL_GENERIC;P2_GENERIC_CREATURE_CLASS,val,truebones,codex_draft_from_contact_sheets_and_action_name,codex_draft,True,Lynx___Idle4_552.npy,A lynx holds an idle pose with small body adjustments.,6
P1,P1_AI_DRAFT_REMAINING;P1_BAD_ARTICLE_A_ANIMAL;P2_ANIMAL_LEVEL_GENERIC;P2_GENERIC_CREATURE_CLASS,val,truebones,codex_draft_from_contact_sheets_and_action_name,codex_draft,True,Monkey___Attack4_570.npy,A monkey lunges or strikes in an attack motion.,6
P1,P1_OVER_NARRATIVE,val,animo4d_L4_safe,animo4d_official_text,present,False,PZ_Aardvark_Female_aardvark_female__animationmotionextractedfighting_manisetee389e88__aardvark_female_fightchaseoff_2.npy,The female aardvark fights and then chases off the intruder,3
P1,P1_OVER_NARRATIVE,val,animo4d_L4_safe,animo4d_official_text,present,False,PZ_Addax_Female_addax_female__animationmotionextractedfighting_manisetadb82aa__addax_female_fightchaseoff_1.npy,The female addax fights and then chases off the intruder,3
P1,P1_OVER_NARRATIVE,val,animo4d_L4_safe,animo4d_official_text,present,False,PZ_Addax_Male_addax_male__animationnotmotionextractedfighting_maniset2efebb61__addax_male_fightvictorytaunt_83.npy,The male addax fights achieves victory and then taunts his opponent,3
P1,P1_OVER_NARRATIVE,val,animo4d_L4_safe,animo4d_official_text,present,False,PZ_Alpine_Goat_Female_alpine_goat_female__animationmotionextractedfighting_maniset9bdec1a4__alpine_goat_female_fightvictorytaunt_9.npy,The female alpine goat fights wins and then taunts her opponent,3
P1,P1_SOURCE_ACTION_ARTIFACT,val,animo4d_L4_safe,animo4d_official_text,present,False,PZ_Alpine_Goat_Female_alpine_goat_female__animationnotmotionextractedbehaviour_manisetd02b5790__alpine_goat_female_standgimmick01_70.npy,The female alpine goat stands still as a gimmick,3
P1,P1_OVER_NARRATIVE,val,animo4d_L4_safe,animo4d_official_text,present,False,PZ_Amur_Leopard_Juvenile_amur_leopard_juvenile__animationmotionextractedfighting_maniset2ebd930c__amur_leopard_juvenile_fighttaunt_5.npy,The juvenile Amur leopard fights and then taunts its opponent,3
P1,P1_SOURCE_ACTION_ARTIFACT,val,animo4d_L4_safe,animo4d_official_text,present,False,PZ_Arctic_Wolf_Female_arctic_wolf_female__animationnotmotionextractedfighting_maniset2001d71b__arctic_wolf_female_standgimmick01_169.npy,The female arctic wolf stands still as a gimmick,3
P1,P1_SOURCE_ACTION_ARTIFACT,val,animo4d_L4_safe,animo4d_official_text,present,False,PZ_Asian_Small_Clawed_Otter_Juvenile_asian_small_clawed_otter_juvenile__animationnotmotionextractedlocomotion_maniset3547edfb__asian_small_clawed_otter_juvenile_gimmick_252.npy,The juvenile clawed otter performs a playful gimmick by diving into the water and then emerging with a fish,3
P1,P1_OVER_NARRATIVE,val,animo4d_L4_safe,animo4d_official_text,present,False,PZ_Asian_Water_Monitor_Male_asian_water_monitor_male__animationmotionextractedbehaviour_maniset6ecdb144__asian_water_monitor_male_fightchaseoff_12.npy,The male water monitor fights and then chases off its opponent,3
P1,P1_OVER_NARRATIVE,val,animo4d_L4_safe,animo4d_official_text,present,False,PZ_Asian_Water_Monitor_Male_asian_water_monitor_male__animationnotmotionextractedlocomotion_maniseta70c6982__asian_water_monitor_male_fightchaseoff_516.npy,The male water monitor fights and then chases off its opponent,3
P1,P1_OVER_NARRATIVE,val,animo4d_L4_safe,animo4d_official_text,present,False,PZ_Asian_Water_Monitor_Male_asian_water_monitor_male__animationnotmotionextractedlocomotion_maniseta70c6982__asian_water_monitor_male_fighttaunt_517.npy,The male water monitor fights and then taunts its opponent,3
P1,P1_OVER_NARRATIVE,val,animo4d_L4_safe,animo4d_official_text,present,False,PZ_Babirusa_Juvenile_babirusa_juvenile__animationnotmotionextractedfighting_maniset3eef4691__babirusa_juvenile_fruitspiketreein_143.npy,The juvenile babirusa climbs the fruit spike tree and then enters inside,3
P1,P1_OVER_NARRATIVE,val,animo4d_L4_safe,animo4d_official_text,present,False,PZ_Babirusa_Male_babirusa_male__animationnotmotionextractedfighting_manisetc0f1e1ee__babirusa_male_fightvictorytaunt_129.npy,The male babirusa engages in a fight emerges victorious and then taunts its opponent,3
P1,P1_SOURCE_ACTION_ARTIFACT,val,animo4d_L4_safe,animo4d_official_text,present,False,PZ_Babirusa_Male_babirusa_male__animationnotmotionextractedfighting_manisetc0f1e1ee__babirusa_male_standgimmick01_148.npy,The male babirusa stands still as part of its playful gimmick,3
P1,P1_SOURCE_ACTION_ARTIFACT,val,animo4d_L4_safe,animo4d_official_text,present,False,PZ_Bactrian_Camel_Female_bactrian_camel_female__animationnotmotionextractedfighting_maniset2b182a71__bactrian_camel_female_standgimmick01_169.npy,The female Bactrian camel stands still as a gimmick,3
P1,P1_SOURCE_ACTION_ARTIFACT,val,animo4d_L4_safe,animo4d_official_text,present,False,PZ_Bactrian_Camel_Juvenile_bactrian_camel_juvenile__animationnotmotionextractedfighting_maniset6aa2e2c9__bactrian_camel_juvenile_standgimmick01_160.npy,The juvenile bactrian camel stands still as a gimmick,3
P1,P1_OVER_NARRATIVE,val,animo4d_L4_safe,animo4d_official_text,present,False,PZ_Bactrian_Camel_Male_bactrian_camel_male__animationmotionextractedfighting_maniset75fe2e4__bactrian_camel_male_fightchaseoff_1.npy,The male bactrian camel fights and then chases off the intruder,3
P1,P1_OVER_NARRATIVE,val,animo4d_L4_safe,animo4d_official_text,present,False,PZ_Bactrian_Camel_Male_bactrian_camel_male__animationmotionextractedlocomotion_maniset3131ca6a__bactrian_camel_male_fighttaunt_7.npy,The male bactrian camel fights and then taunts its opponent,3
P1,P1_SOURCE_ACTION_ARTIFACT,val,animo4d_L4_safe,animo4d_official_text,present,False,PZ_Bactrian_Camel_Male_bactrian_camel_male__animationnotmotionextractedlocomotion_manisetef04758c__bactrian_camel_male_standgimmick01_252.npy,The male bactrian camel stands still employing a clever gimmick,3
P1,P1_OVER_NARRATIVE,val,animo4d_L4_safe,animo4d_official_text,present,False,PZ_Bairds_Tapir_Male_bairds_tapir_male__animationnotmotionextractedfighting_maniset35a5c83f__bairds_tapir_male_fighttaunt_128.npy,The male Bairds tapir fights and then taunts its opponent,1
P1,P1_OVER_NARRATIVE,val,animo4d_L4_safe,animo4d_official_text,present,False,PZ_Bengal_Tiger_Female_bengal_tiger_female__animationmotionextractedpounce_maniset13e1ddd6__bengal_tiger_female_fighttaunt_135.npy,The female Bengal tiger fights and then taunts her opponent,3
P1,P1_OVER_NARRATIVE,val,animo4d_L4_safe,animo4d_official_text,present,False,PZ_Bengal_Tiger_Female_bengal_tiger_female__animationnotmotionextractedfighting_maniset1a246b35__bengal_tiger_female_fighttauntreact_345.npy,The female Bengal tiger fights taunts her opponent and then reacts swiftly,3
P1,P1_OVER_NARRATIVE,val,animo4d_L4_safe,animo4d_official_text,present,False,PZ_Bengal_Tiger_Male_bengal_tiger_male__animationmotionextractedlocomotion_manisete954492e__bengal_tiger_male_fighttaunt_36.npy,The male Bengal tiger fights and then taunts its opponent,3
P1,P1_OVER_NARRATIVE,val,animo4d_L4_safe,animo4d_official_text,present,False,PZ_Binturong_Juvenile_binturong_juvenile__animationnotmotionextractedfighting_maniset6dcad344__binturong_juvenile_fightvictorytaunt_231.npy,The juvenile binturong fights wins and then taunts,3
P1,P1_OVER_NARRATIVE,val,animo4d_L4_safe,animo4d_official_text,present,False,PZ_Black_Rhino_Male_black_rhino_male__animationnotmotionextractedlocomotion_manisetbd3692ae__black_rhino_male_fightvictorytaunt_498.npy,The male black rhino charges forward in a victorious taunt after the fight,3
P1,P1_SOURCE_ACTION_ARTIFACT,val,animo4d_L4_safe,animo4d_official_text,present,False,PZ_Black_Wildebeest_Female_black_wildebeest_female__animationnotmotionextractedbehaviour_maniset31aeadb9__black_wildebeest_female_standgimmick01_85.npy,The female black wildebeest stands still as a gimmick,3
P1,P1_OVER_NARRATIVE,val,animo4d_L4_safe,animo4d_official_text,present,False,PZ_Black_Wildebeest_Juvenile_black_wildebeest_juvenile__animationmotionextractedlocomotion_maniset4f4ea4ab__black_wildebeest_juvenile_fightchaseoff_2.npy,The juvenile black wildebeest fights and then chases off the intruder,3
P1,P1_OVER_NARRATIVE,val,animo4d_L4_safe,animo4d_official_text,present,False,PZ_Blue_Wildebeest_Female_blue_wildebeest_female__animationnotmotionextractedfighting_manisetbf8b7bb8__blue_wildebeest_female_fightchaseoff_131.npy,The female blue wildebeest fights and then chases off the intruder,3
P1,P1_SOURCE_ACTION_ARTIFACT,val,animo4d_L4_safe,animo4d_official_text,present,False,PZ_Blue_Wildebeest_Juvenile_blue_wildebeest_juvenile__animationnotmotionextractedbehaviour_manisete1d7cafa__blue_wildebeest_juvenile_standgimmick01_87.npy,The juvenile blue wildebeest stands still as a gimmick,3
P1,P1_OVER_NARRATIVE,val,animo4d_L4_safe,animo4d_official_text,present,False,PZ_Bongo_Female_bongo_female__animationnotmotionextractedlocomotion_maniset9765e8a3__bongo_female_fighttauntreact_219.npy,The female bongo fights taunts her opponent and then reacts swiftly,3
P1,P1_OVER_NARRATIVE,val,animo4d_L4_safe,animo4d_official_text,present,False,PZ_Bongo_Juvenile_bongo_juvenile__animationnotmotionextractedlocomotion_maniset66c98ffb__bongo_juvenile_fighttaunt_193.npy,The juvenile bongo fights and then taunts its opponent,3
P1,P1_OVER_NARRATIVE,val,animo4d_L4_safe,animo4d_official_text,present,False,PZ_California_Sea_Lion_Male_california_sea_lion_male__animationnotmotionextractedfighting_maniset21312b4e__california_sea_lion_male_fighttauntreact_150.npy,The male sea lion fights taunts and then reacts swiftly,3
P1,P1_OVER_NARRATIVE,val,animo4d_L4_safe,animo4d_official_text,present,False,PZ_Capuchin_Monkey_Female_capuchin_monkey_female__animationnotmotionextractedbehaviour_manisetdac91809__capuchin_monkey_female_fightchaseoff_112.npy,The female capuchin monkey fights and then chases the opponent off,3
P1,P1_SOURCE_ACTION_ARTIFACT,val,animo4d_L4_safe,animo4d_official_text,present,False,PZ_Capuchin_Monkey_Male_capuchin_monkey_male__animationnotmotionextractedbehaviour_maniset273ded7e__capuchin_monkey_male_gimmick_168.npy,The male capuchin monkey performs a playful gimmick by leaping and then somersaulting,3
P1,P1_OVER_NARRATIVE,val,animo4d_L4_safe,animo4d_official_text,present,False,PZ_Caracal_Juvenile_caracal_juvenile__animationmotionextractedfighting_pounce_maniset2d5e358__caracal_juvenile_fighttaunttostand_14.npy,The juvenile caracal fights and taunts before standing still,3
P1,P1_OVER_NARRATIVE,val,animo4d_L4_safe,animo4d_official_text,present,False,PZ_Caracal_Male_caracal_male__animationmotionextractedfighting_manisetbd7ffca3__caracal_male_fightidle_62.npy,The male caracal fights fiercely,3
P1,P1_OVER_NARRATIVE,val,animo4d_L4_safe,animo4d_official_text,present,False,PZ_Cheetah_Female_cheetah_female__animationnotmotionextractedbehaviour_manisete8e0c41d__cheetah_female_fighttaunt_192.npy,The female cheetah fights and then taunts her opponent,3
P1,P1_OVER_NARRATIVE,val,animo4d_L4_safe,animo4d_official_text,present,False,PZ_Cheetah_Juvenile_cheetah_juvenile__animationnotmotionextractedfightingpounce_maniset662de7de__cheetah_juvenile_fightchaseoff_234.npy,The juvenile cheetah fights and then chases off its rival,3
P1,P1_OVER_NARRATIVE,val,animo4d_L4_safe,animo4d_official_text,present,False,PZ_Clouded_Leopard_Male_clouded_leopard_male__animationnotmotionextractedlocomotion_manisetc5b3d17b__clouded_leopard_male_fightidle_223.npy,The male clouded leopard fights fiercely,3
P1,P1_OVER_NARRATIVE,val,animo4d_L4_safe,animo4d_official_text,present,False,PZ_Common_Warthog_Female_common_warthog_female__animationnotmotionextractedlocomotion_manisetb8ccc210__common_warthog_female_fighttaunt_216.npy,The female common warthog fights and then taunts her opponent,3
P1,P1_OVER_NARRATIVE,val,animo4d_L4_safe,animo4d_official_text,present,False,PZ_Cougar_Female_cougar_female__animationmotionextractedlocomotion_maniset6d07f6fc__cougar_female_fightchaseoff_36.npy,The female cougar fights and then chases off her opponent,3
P1,P1_OVER_NARRATIVE,val,animo4d_L4_safe,animo4d_official_text,present,False,PZ_Cougar_Male_cougar_male__animationnotmotionextractedfighting_pounce_maniset145ff6bf__cougar_male_fighttaunttostand_373.npy,The male cougar fights taunts and then stands still,3
P1,P1_OVER_NARRATIVE,val,animo4d_L4_safe,animo4d_official_text,present,False,PZ_Cuviers_Dwarf_Caiman_Female_cuviers_dwarf_caiman_female__animationnotmotionextractedbehaviour_manisetce35b0e0__cuviers_dwarf_caiman_female_fighttaunt_124.npy,The female dwarf caiman fights and then taunts her opponent,3
P1,P1_OVER_NARRATIVE,val,animo4d_L4_safe,animo4d_official_text,present,False,PZ_Dall_Sheep_Female_dall_sheep_female__animationmotionextractedfighting_maniset460d1cd4__dall_sheep_female_fighttaunt_3.npy,The female Dall sheep fights and then taunts her opponent,3
P1,P1_OVER_NARRATIVE,val,animo4d_L4_safe,animo4d_official_text,present,False,PZ_Dall_Sheep_Juvenile_dall_sheep_juvenile__animationmotionextractedfighting_manisetca55806c__dall_sheep_juvenile_fightchaseoff_2.npy,The juvenile Dall sheep fights and then chases off its rival,3
P1,P1_OVER_NARRATIVE,val,animo4d_L4_safe,animo4d_official_text,present,False,PZ_Dall_Sheep_Juvenile_dall_sheep_juvenile__animationnotmotionextractedbehaviour_maniset71b85e58__dall_sheep_juvenile_fighttaunt_68.npy,The juvenile Dall sheep fights and then taunts its opponent,3
P1,P1_OVER_NARRATIVE,val,animo4d_L4_safe,animo4d_official_text,present,False,PZ_Dama_Gazelle_Male_dama_gazelle_male__animationnotmotionextractedfighting_manisetbbe6da89__dama_gazelle_male_fightvictorytaunt_138.npy,The male dama gazelle fights achieves victory and then taunts his opponent,3
P1,P1_OVER_NARRATIVE,val,animo4d_L4_safe,animo4d_official_text,present,False,PZ_Dhole_Female_dhole_female__animationmotionextractedfighting_manisetc8b3eadb__dhole_female_fightchaseoff_2.npy,The female dhole fights and then chases off the intruder,3
P1,P1_SOURCE_ACTION_ARTIFACT,val,animo4d_L4_safe,animo4d_official_text,present,False,PZ_Dingo_Female_dingo_female__animationmotionextractedfighting_manisetc6604663__dingo_female_standgimmick_5.npy,The female dingo stands still as part of her gimmick,3
P1,P1_OVER_NARRATIVE,val,animo4d_L4_safe,animo4d_official_text,present,False,PZ_Dingo_Female_dingo_female__animationnotmotionextractedlocomotion_maniset711a83cb__dingo_female_standtofight_95.npy,The female dingo stands still to fight,3
P1,P1_OVER_NARRATIVE,val,animo4d_L4_safe,animo4d_official_text,present,False,PZ_Dromedary_Camel_Female_dromedary_camel_female__animationmotionextractedfighting_maniset290e2bea__dromedary_camel_female_fighttaunt_3.npy,The female dromedary camel fights and then taunts her opponent,3
P1,P1_OVER_NARRATIVE,val,animo4d_L4_safe,animo4d_official_text,present,False,PZ_Dromedary_Camel_Female_dromedary_camel_female__animationmotionextractedlocomotion_maniseta3492670__dromedary_camel_female_fighttaunt_large_8.npy,The female dromedary camel fights and then taunts the large opponent,3
P1,P1_OVER_NARRATIVE,val,animo4d_L4_safe,animo4d_official_text,present,False,PZ_Dromedary_Camel_Female_dromedary_camel_female__animationmotionextractedlocomotion_maniseta3492670__dromedary_camel_female_fighttauntreact_7.npy,The female dromedary camel fights taunts and then reacts swiftly,3
P1,P1_OVER_NARRATIVE,val,animo4d_L4_safe,animo4d_official_text,present,False,PZ_Dromedary_Camel_Male_dromedary_camel_male__animationnotmotionextractedbehaviour_manisetc430260b__dromedary_camel_male_fightchaseoff_large_69.npy,The male dromedary camel fights and then chases off the large intruder,3
P1,P1_OVER_NARRATIVE,val,animo4d_L4_safe,animo4d_official_text,present,False,PZ_Eurasian_Lynx_Female_eurasian_lynx_female__animationnotmotionextractedfightingpounce_maniset3d12fdae__eurasian_lynx_female_fightreacttodie_274.npy,The female Eurasian lynx fights reacts and then dies,3
P1,P1_OVER_NARRATIVE,val,animo4d_L4_safe,animo4d_official_text,present,False,PZ_Eurasian_Lynx_Male_eurasian_lynx_male__animationmotionextractedpounce_maniset56e1a351__eurasian_lynx_male_fightchaseoff_122.npy,The male Eurasian lynx fights and then chases off its opponent,3
P1,P1_OVER_NARRATIVE,val,animo4d_L4_safe,animo4d_official_text,present,False,PZ_European_Fallow_Deer_Juvenile_european_fallow_deer_juvenile__animationmotionextractedfighting_manisetd0f3c6f5__european_fallow_deer_juvenile_fighttaunt_3.npy,The juvenile fallow deer fights and then taunts its opponent,3
P1,P1_OVER_NARRATIVE,val,animo4d_L4_safe,animo4d_official_text,present,False,PZ_Fossa_Male_fossa_male__animationmotionextractedbehaviour_maniset45a55b00__fossa_male_fighttaunt_31.npy,The male fossa fights and then taunts its opponent,3
P1,P1_OVER_NARRATIVE,val,animo4d_L4_safe,animo4d_official_text,present,False,PZ_Giant_Anteater_Female_giant_anteater_female__animationnotmotionextractedfighting_manisetd41fc940__giant_anteater_female_fightattack_small_104.npy,The female giant anteater fights and then attacks the small prey,3
P1,P1_OVER_NARRATIVE,val,animo4d_L4_safe,animo4d_official_text,present,False,PZ_Giant_Panda_Female_giant_panda_female__animationmotionextractedlocomotion_maniset212314fa__giant_panda_female_fightchaseoff_29.npy,The female giant panda fights and then chases the intruder off,3
P1,P1_OVER_NARRATIVE,val,animo4d_L4_safe,animo4d_official_text,present,False,PZ_Gray_Wolf_Female_gray_wolf_female__animationnotmotionextractedfighting_manisete010c714__gray_wolf_female_fighttaunt_116.npy,The female gray wolf fights and then taunts her opponent,3
P1,P1_OVER_NARRATIVE,val,animo4d_L4_safe,animo4d_official_text,present,False,PZ_Gray_Wolf_Male_gray_wolf_male__animationnotmotionextractedlocomotion_manisetc496c6ef__gray_wolf_male_fighttaunt_167.npy,The male gray wolf fights and then taunts his opponent,3
P1,P1_OVER_NARRATIVE,val,animo4d_L4_safe,animo4d_official_text,present,False,PZ_Highland_Cattle_Female_highland_cattle_female__animationmotionextractedlocomotion_manisetec2f65ce__highland_cattle_female_fightchaseoff_6.npy,The female highland cattle fights and then chases off the intruder,3
P1,P1_OVER_NARRATIVE,val,animo4d_L4_safe,animo4d_official_text,present,False,PZ_Indian_Elephant_Female_indian_elephant_female__animationmotionextractedlocomotion_manisetd4776161__indian_elephant_female_fightchaseoff_2.npy,The female Indian elephant fights and then chases the intruder off,3
P1,P1_SOURCE_ACTION_ARTIFACT,val,animo4d_L4_safe,animo4d_official_text,present,False,PZ_Indian_Elephant_Female_indian_elephant_female__animationnotmotionextractedfighting_manisetce9752dd__indian_elephant_female_standgimmick01_128.npy,The female Indian elephant stands still as a gimmick,3
P1,P1_OVER_NARRATIVE,val,animo4d_L4_safe,animo4d_official_text,present,False,PZ_Indian_Rhinoceros_Male_indian_rhinoceros_male__animationnotmotionextractedfighting_maniset1de8da17__indian_rhinoceros_male_fighttaunt_93.npy,The male Indian rhinoceros engages in a fight and then taunts its opponent,3
P1,P1_OVER_NARRATIVE,val,animo4d_L4_safe,animo4d_official_text,present,False,PZ_Japanese_Macaque_Female_japanese_macaque_female__animationnotmotionextractedfighting_manisetd84f3242__japanese_macaque_female_fightchaseoff_91.npy,The female Japanese macaque fights and then chases off her opponent,3
P1,P1_OVER_NARRATIVE,val,animo4d_L4_safe,animo4d_official_text,present,False,PZ_Komodo_Dragon_Female_komodo_dragon_female__animationnotmotionextractedfighting_maniset43ecf000__komodo_dragon_female_fightchaseoff_140.npy,The female komodo dragon fights and then chases off her opponent,3
P1,P1_OVER_NARRATIVE,val,animo4d_L4_safe,animo4d_official_text,present,False,PZ_Komodo_Dragon_Male_komodo_dragon_male__animationmotionextractedfighting_maniset826b8973__komodo_dragon_male_fightchaseoff_1.npy,The male komodo dragon fights and then chases off its opponent,3
P1,P1_OVER_NARRATIVE,val,animo4d_L4_safe,animo4d_official_text,present,False,PZ_Komodo_Dragon_Male_komodo_dragon_male__animationmotionextractedpounce_maniset501f1296__komodo_dragon_male_fightchaseoff_38.npy,The male komodo dragon fights and then chases off its opponent,3
P1,P1_SOURCE_ACTION_ARTIFACT,val,animo4d_L4_safe,animo4d_official_text,present,False,PZ_Meerkat_Juvenile_meerkat_juvenile__animationnotmotionextractedlocomotion_maniset9f3e78c0__meerkat_juvenile_gimmickloop02_161.npy,The juvenile meerkat performs a playful gimmick by scampering around and then pausing to look up inquisitively,3
P1,P1_SOURCE_ACTION_ARTIFACT,val,animo4d_L4_safe,animo4d_official_text,present,False,PZ_Meerkat_Male_meerkat_male__animationmotionextractedbehaviour_maniset5f721adf__meerkat_male_burrowgimmick_1.npy,The male meerkat performs a burrow gimmick by darting in and out of the entrance,3
P1,P1_SOURCE_ACTION_ARTIFACT,val,animo4d_L4_safe,animo4d_official_text,present,False,PZ_Meerkat_Male_meerkat_male__animationnotmotionextractedlocomotion_maniset8d623e1d__meerkat_male_standtogimmickloop_173.npy,The male meerkat stands still to gimmick,3
P1,P1_OVER_NARRATIVE,val,animo4d_L4_safe,animo4d_official_text,present,False,PZ_Nile_Lechwe_Female_nile_lechwe_female__animationnotmotionextractedbehaviour_manisetdd9116d4__nile_lechwe_female_fightchaseoff_44.npy,The female Nile lechwe fights and then chases off the intruder,3
P1,P1_OVER_NARRATIVE,val,animo4d_L4_safe,animo4d_official_text,present,False,PZ_Nile_Lechwe_Juvenile_nile_lechwe_juvenile__animationmotionextractedfighting_manisetab0c3580__nile_lechwe_juvenile_fighttaunt_2.npy,The juvenile Nile lechwe fights and then taunts its opponent,3
P1,P1_OVER_NARRATIVE,val,animo4d_L4_safe,animo4d_official_text,present,False,PZ_Nile_Lechwe_Juvenile_nile_lechwe_juvenile__animationnotmotionextractedfighting_maniset82ef9c2__nile_lechwe_juvenile_fightchaseoff_56.npy,The juvenile Nile lechwe fights and then chases off its rival,3
P1,P1_OVER_NARRATIVE,val,animo4d_L4_safe,animo4d_official_text,present,False,PZ_Nile_Lechwe_Male_nile_lechwe_male__animationmotionextractedlocomotion_maniset4ada5aa3__nile_lechwe_male_fightchaseoff_2.npy,The male Nile lechwe fights and then chases off the intruder,3
P1,P1_OVER_NARRATIVE,val,animo4d_L4_safe,animo4d_official_text,present,False,PZ_Nine_Banded_Armadillo_Juvenile_nine_banded_armadillo_juvenile__animationnotmotionextractedlocomotion_maniset604a44af__nine_banded_armadillo_juvenile_fightreacttodie_188.npy,The juvenile banded armadillo fights reacts and then dies,3
P1,P1_OVER_NARRATIVE;P1_SOURCE_ACTION_ARTIFACT,val,animo4d_L4_safe,animo4d_official_text,present,False,PZ_North_American_Beaver_Juvenile_north_american_beaver_juvenile__animationnotmotionextractedfighting_maniset89bc070d__north_american_beaver_juvenile_gimmick_158.npy,The juvenile American beaver swims in a playful gimmick,3
P1,P1_OVER_NARRATIVE,val,animo4d_L4_safe,animo4d_official_text,present,False,PZ_Nyala_Female_nyala_female__animationnotmotionextractedlocomotion_maniset117e3ee3__nyala_female_fighttaunt_154.npy,The female nyala fights and then taunts her opponent,3
P1,P1_OVER_NARRATIVE,val,animo4d_L4_safe,animo4d_official_text,present,False,PZ_Okapi_Female_okapi_female__animationnotmotionextractedlocomotion_maniset5eef2e55__okapi_female_fighttauntreact_169.npy,The female okapi fights taunts and then reacts swiftly,3
P1,P1_OVER_NARRATIVE,val,animo4d_L4_safe,animo4d_official_text,present,False,PZ_Okapi_Male_okapi_male__animationmotionextractedlocomotion_maniset8ae72f68__okapi_male_fightchaseoff_5.npy,The male okapi fights and then chases off the intruder,3
P1,P1_OVER_NARRATIVE,val,animo4d_L4_safe,animo4d_official_text,present,False,PZ_Plains_Zebra_Juvenile_plains_zebra_juvenile__animationmotionextractedfighting_maniset21a54391__plains_zebra_juvenile_fighttaunt_3.npy,The juvenile plains zebra fights and then taunts its opponent,3
P1,P1_OVER_NARRATIVE,val,animo4d_L4_safe,animo4d_official_text,present,False,PZ_Plains_Zebra_Juvenile_plains_zebra_juvenile__animationmotionextractedlocomotion_manisetbb61b997__plains_zebra_juvenile_fightchaseoff_5.npy,The juvenile plains zebra fights and then chases off the intruder,3
P1,P1_SOURCE_ACTION_ARTIFACT,val,animo4d_L4_safe,animo4d_official_text,present,False,PZ_Prairie_Dog_Male_prairie_dog_male__animationnotmotionextractedbehaviour_maniseta0ee1e22__prairie_dog_male_standtogimmickloop_85.npy,The male prairie dog stands still to gimmick,3
P1,P1_OVER_NARRATIVE,val,animo4d_L4_safe,animo4d_official_text,present,False,PZ_Prairie_Dog_Male_prairie_dog_male__animationnotmotionextractedlocomotion_maniset3047775e__prairie_dog_male_fighttaunt_170.npy,The male prairie dog fights and then taunts his opponent,3
P1,P1_OVER_NARRATIVE,val,animo4d_L4_safe,animo4d_official_text,present,False,PZ_Proboscis_Monkey_Male_proboscis_monkey_male__animationnotmotionextractedfighting_maniset4792e8e2__proboscis_monkey_male_fightchaseoff_131.npy,The male proboscis monkey fights and then chases off the intruder,3
P1,P1_OVER_NARRATIVE,val,animo4d_L4_safe,animo4d_official_text,present,False,PZ_Pygmy_Hippo_Female_pygmy_hippo_female__animationnotmotionextractedlocomotion_maniset482fb3e4__pygmy_hippo_female_fightvictorytaunt_205.npy,The female pygmy hippo engages in a fight emerges victorious and then taunts her opponent,3
P1,P1_OVER_NARRATIVE,val,animo4d_L4_safe,animo4d_official_text,present,False,PZ_Quokka_Male_quokka_male__animationnotmotionextractedlocomotion_maniset451b2d9d__quokka_male_fightvictorytaunt_103.npy,The male quokka fights wins and then taunts its opponent,3
P1,P1_OVER_NARRATIVE,val,animo4d_L4_safe,animo4d_official_text,present,False,PZ_Raccoon_Male_raccoon_male__animationnotmotionextractedlocomotion_manisetac629d8e__raccoon_male_fightvictorytaunt_235.npy,The male raccoon fights wins and then taunts its opponent,3
P1,P1_OVER_NARRATIVE,val,animo4d_L4_safe,animo4d_official_text,present,False,PZ_Red_Deer_Female_red_deer_female__animationnotmotionextractedfighting_maniset4041d9db__red_deer_female_fightchaseoff_78.npy,The female red deer fights and then chases off the intruder,3
P1,P1_SOURCE_ACTION_ARTIFACT,val,animo4d_L4_safe,animo4d_official_text,present,False,PZ_Red_Fox_Juvenile_red_fox_juvenile__animationnotmotionextractedfighting_maniset3f9bb538__red_fox_juvenile_gimmick01_68.npy,The juvenile red fox performs a playful gimmick,3
P1,P1_OVER_NARRATIVE,val,animo4d_L4_safe,animo4d_official_text,present,False,PZ_Red_Kangaroo_Male_red_kangaroo_male__animationnotmotionextractedbehaviour_manisetaf8b08ce__red_kangaroo_male_fightchaseoff_47.npy,The male red kangaroo fights and then chases off its opponent,3
P1,P1_OVER_NARRATIVE,val,animo4d_L4_safe,animo4d_official_text,present,False,PZ_Red_River_Hog_Juvenile_red_river_hog_juvenile__animationnotmotionextractedlocomotion_maniset3849c0f2__red_river_hog_juvenile_fightchaseoff_138.npy,The juvenile river hog fights and then chases off its opponent,3
P1,P1_OVER_NARRATIVE,val,animo4d_L4_safe,animo4d_official_text,present,False,PZ_Red_River_Hog_Juvenile_red_river_hog_juvenile__animationnotmotionextractedlocomotion_maniset3849c0f2__red_river_hog_juvenile_fighttaunt_143.npy,The juvenile river hog fights and then taunts its opponent,3
P1,P1_OVER_NARRATIVE,val,animo4d_L4_safe,animo4d_official_text,present,False,PZ_Reticulated_Giraffe_Male_reticulated_giraffe_male__animationnotmotionextractedlocomotion_maniset2a56d1e7__reticulated_giraffe_male_fighttauntreact_123.npy,The male reticulated giraffe fights taunts and then reacts swiftly,3
P1,P1_OVER_NARRATIVE,val,animo4d_L4_safe,animo4d_official_text,present,False,PZ_Sable_Antelope_Female_sable_antelope_female__animationnotmotionextractedbehaviour_maniset7f532b39__sable_antelope_female_fightchaseoff_48.npy,The female sable antelope fights and then chases off the intruder,3
P1,P1_OVER_NARRATIVE,val,animo4d_L4_safe,animo4d_official_text,present,False,PZ_Saiga_Female_saiga_female__animationmotionextractedfighting_manisetd743b97d__saiga_female_fightreacttodie_5.npy,The female saiga fights reacts and then dies,3
P1,P1_SOURCE_ACTION_ARTIFACT,val,animo4d_L4_safe,animo4d_official_text,present,False,PZ_Saiga_Female_saiga_female__animationnotmotionextractedbehaviour_manisetfe131869__saiga_female_gimmick_74.npy,The female saiga performs a unique gimmicklike movement,3
P1,P1_OVER_NARRATIVE,val,animo4d_L4_safe,animo4d_official_text,present,False,PZ_Saiga_Juvenile_saiga_juvenile__animationnotmotionextractedfighting_maniset28b0fb57__saiga_juvenile_fighttaunt_99.npy,The juvenile saiga fights and then taunts its opponent,3
P1,P1_OVER_NARRATIVE,val,animo4d_L4_safe,animo4d_official_text,present,False,PZ_Saiga_Juvenile_saiga_juvenile__animationnotmotionextractedlocomotion_manisetbe607f3d__saiga_juvenile_fightreact_157.npy,The juvenile saiga reacts to the fight by fleeing,3
P1,P1_OVER_NARRATIVE,val,animo4d_L4_safe,animo4d_official_text,present,False,PZ_Saiga_Male_saiga_male__animationmotionextractedlocomotion_maniset23741078__saiga_male_fightreacttodie_8.npy,The male saiga fights reacts and then dies,3
P1,P1_OVER_NARRATIVE,val,animo4d_L4_safe,animo4d_official_text,present,False,PZ_Sand_Cat_Juvenile_sand_cat_juvenile__animationnotmotionextractedbehaviour_maniset6e6bed00__sand_cat_juvenile_fightchaseoff_191.npy,The juvenile sand cat fights and then chases off its opponent,3
P1,P1_OVER_NARRATIVE,val,animo4d_L4_safe,animo4d_official_text,present,False,PZ_Sand_Cat_Juvenile_sand_cat_juvenile__animationnotmotionextractedbehaviour_maniset6e6bed00__sand_cat_juvenile_fighttaunt_194.npy,The juvenile sand cat fights and then taunts its opponent,1
P1,P1_OVER_NARRATIVE,val,animo4d_L4_safe,animo4d_official_text,present,False,PZ_Scimitar_Horned_Oryx_Female_scimitar_horned_oryx_female__animationnotmotionextractedlocomotion_maniset2b2b2962__scimitar_horned_oryx_female_fighttaunt_161.npy,The female horned oryx fights and then taunts her opponent,3
P1,P1_SOURCE_ACTION_ARTIFACT,val,animo4d_L4_safe,animo4d_official_text,present,False,PZ_Scimitar_Horned_Oryx_Male_scimitar_horned_oryx_male__animationnotmotionextractedbehaviour_maniset617be95b__scimitar_horned_oryx_male_standgimmick01_59.npy,The male horned oryx stands still as a gimmick,3
P1,P1_OVER_NARRATIVE,val,animo4d_L4_safe,animo4d_official_text,present,False,PZ_Siberian_Tiger_Female_siberian_tiger_female__animationnotmotionextractedlocomotion_maniset41feb363__siberian_tiger_female_fightchaseoff_251.npy,The female Siberian tiger fights and then chases off her opponent,3
P1,P1_OVER_NARRATIVE,val,animo4d_L4_safe,animo4d_official_text,present,False,PZ_Siberian_Tiger_Male_siberian_tiger_male__animationnotmotionextractedfighting_maniset3fff1132__siberian_tiger_male_fighttaunt_172.npy,The male Siberian tiger fights and then taunts its opponent,3
P1,P1_OVER_NARRATIVE,val,animo4d_L4_safe,animo4d_official_text,present,False,PZ_Siberian_Tiger_Male_siberian_tiger_male__animationnotmotionextractedlocomotion_maniset582c0a98__siberian_tiger_male_fightchaseoff_226.npy,The male Siberian tiger fights and then chases off its opponent,3
P1,P1_OVER_NARRATIVE,val,animo4d_L4_safe,animo4d_official_text,present,False,PZ_Somali_Wild_Ass_Juvenile_somali_wild_ass_juvenile__animationnotmotionextractedfighting_manisetf995cae8__somali_wild_ass_juvenile_fightflee_96.npy,The juvenile wild ass fights and then flees,3
P1,P1_SOURCE_ACTION_ARTIFACT,val,animo4d_L4_safe,animo4d_official_text,present,False,PZ_Somali_Wild_Ass_Male_somali_wild_ass_male__animationnotmotionextractedfighting_maniset6fedd2c5__somali_wild_ass_male_gimmick_291.npy,The male wild ass performs a playful gimmick by trotting in circles,3
P1,P1_OVER_NARRATIVE,val,animo4d_L4_safe,animo4d_official_text,present,False,PZ_Southern_White_Rhinoceros_Female_southern_white_rhinoceros_female__animationnotmotionextractedfighting_maniset762bed32__southern_white_rhinoceros_female_fightreacttodie_102.npy,The female white rhinoceros fights fiercely reacts defensively and then collapses to die,3
P1,P1_OVER_NARRATIVE,val,animo4d_L4_safe,animo4d_official_text,present,False,PZ_Spectacled_Caiman_Male_spectacled_caiman_male__animationmotionextractedlocomotion_maniset82527ffc__spectacled_caiman_male_fightchaseoff_8.npy,The male spectacled caiman fights and then chases off its rival,3
P1,P1_SOURCE_ACTION_ARTIFACT,val,animo4d_L4_safe,animo4d_official_text,present,False,PZ_Standard_Donkey_Male_standard_donkey_male__animationmotionextractedlocomotion_maniset6569664c__standard_donkey_male_gimmick_99.npy,The male standard donkey performs a playful gimmick by trotting in circles,3
P1,P1_OVER_NARRATIVE,val,animo4d_L4_safe,animo4d_official_text,present,False,PZ_Striped_Hyena_Male_striped_hyena_male__animationmotionextractedfighting_maniset9f402564__striped_hyena_male_fightchaseoff_60.npy,The male striped hyena fights and then chases off its opponent,3
P1,P1_SOURCE_ACTION_ARTIFACT,val,animo4d_L4_safe,animo4d_official_text,present,False,PZ_Takin_Male_takin_male__animationnotmotionextractedfighting_maniset4360f71__takin_male_standgimmick01_316.npy,The male takin stands still as a gimmick,3
P1,P1_SOURCE_ACTION_ARTIFACT,val,animo4d_L4_safe,animo4d_official_text,present,False,PZ_Tasmanian_Devil_Female_tasmanian_devil_female__animationnotmotionextractedbehaviour_maniset2c94a132__tasmanian_devil_female_standgimmick_163.npy,The female Tasmanian devil stands still as a gimmick,3
P1,P1_SOURCE_ACTION_ARTIFACT,val,animo4d_L4_safe,animo4d_official_text,present,False,PZ_Tasmanian_Devil_Female_tasmanian_devil_female__animationnotmotionextractedfighting_maniset3d18a08__tasmanian_devil_female_standgimmick_244.npy,The female Tasmanian devil stands still as a gimmick,3
P1,P1_OVER_NARRATIVE,val,animo4d_L4_safe,animo4d_official_text,present,False,PZ_Thomsons_Gazelle_Male_thomsons_gazelle_male__animationnotmotionextractedfighting_manisetfe8bbb84__thomsons_gazelle_male_fighttaunt_86.npy,The male Thomsons gazelle fights and then taunts its opponent,3
P1,P1_OVER_NARRATIVE,val,animo4d_L4_safe,animo4d_official_text,present,False,PZ_Wild_Water_Buffalo_Female_wild_water_buffalo_female__animationmotionextractedlocomotion_manisetbd88d09f__wild_water_buffalo_female_fightchaseoff_6.npy,The female water buffalo fights and then chases off the intruder,3
P1,P1_OVER_NARRATIVE,val,animo4d_L4_safe,animo4d_official_text,present,False,PZ_Wisent_Male_wisent_male__animationmotionextractedfighting_manisetc8381d35__wisent_male_fightattack_89.npy,The male wisent fights and then attacks,3
P1,P1_OVER_NARRATIVE,val,animo4d_L4_safe,animo4d_official_text,present,False,PZ_Wisent_Male_wisent_male__animationnotmotionextractedfighting_maniset53591537__wisent_male_fighttaunt_356.npy,The male wisent fights and then taunts his opponent,3
P1,P1_OVER_NARRATIVE,val,animo4d_L4_safe,animo4d_official_text,present,False,PZ_Wisent_Male_wisent_male__animationnotmotionextractedfighting_maniset53591537__wisent_male_fightvictorytaunt_358.npy,The male wisent fights achieves victory and then taunts his opponent,3
P1,P1_OVER_NARRATIVE,val,animo4d_L4_safe,animo4d_official_text,present,False,PZ_Wolverine_Juvenile_wolverine_juvenile__animationmotionextractedfighting_pounce_maniseta2295a6c__wolverine_juvenile_fightchaseoff_2.npy,The juvenile wolverine fights and then chases off its opponent,3
P1,P1_OVER_NARRATIVE,val,animo4d_L4_safe,animo4d_official_text,present,False,PZ_Wolverine_Male_wolverine_male__animationmotionextractedlocomotion_maniset66f68fbd__wolverine_male_fightvictorytaunt_356.npy,The male wolverine fights achieves victory and then taunts its opponent,3
P1,P1_OVER_NARRATIVE,val,animo4d_L4_safe,animo4d_official_text,present,False,PZ_Wolverine_Male_wolverine_male__animationnotmotionextractedbehaviour_manisetc0d6efa3__wolverine_male_fighttaunt_460.npy,The male wolverine fights and then taunts its opponent,3
P1,P1_OVER_NARRATIVE,val,animo4d_L4_safe,animo4d_official_text,present,False,PZ_Wolverine_Male_wolverine_male__animationnotmotionextractedfighting_manisetfd9b8839__wolverine_male_fighttaunt_569.npy,The male wolverine fights and then taunts its opponent,3
P1,P1_OVER_NARRATIVE,val,animo4d_L4_safe,animo4d_official_text,present,False,PZ_Wolverine_Male_wolverine_male__animationnotmotionextractedlocomotion_manisetedaaad1f__wolverine_male_fighttauntreact_686.npy,The male wolverine fights taunts and then reacts swiftly,3
P1,P1_OVER_NARRATIVE;P2_ANIMAL_LEVEL_GENERIC;P2_GENERIC_CREATURE_CLASS,val,truebones,collected,present,False,PolarBear___Run_641.npy,An animal is running forward with dynamic limb movements.,5
P1,P1_OVER_NARRATIVE;P2_ANIMAL_LEVEL_GENERIC,val,truebones,collected,present,False,Raptor2___EggTend_704.npy,An animal quickly picks up food from the ground and remains vigilant while eating.,5
P1,P1_OVER_NARRATIVE;P2_ANIMAL_LEVEL_GENERIC,val,truebones,collected,present,False,Raptor2___IdleAlert_698.npy,"An animal stands still, breathing with subtle body movements and a swaying tail.",5
P1,P1_OVER_NARRATIVE;P2_ANIMAL_LEVEL_GENERIC,val,truebones,collected,present,False,Raptor3___AttackRight_737.npy,"The animal twists its body to the right and lunges forward with its right foot, simulating a biting attack.",5
P1,P1_OVER_NARRATIVE;P2_ANIMAL_LEVEL_GENERIC,val,truebones,collected,present,False,Raptor___FastWalk_689.npy,An animal is walking quickly with its head held high and tail swaying for balance.,5
P1,P1_AI_DRAFT_REMAINING;P1_BAD_ARTICLE_A_ANIMAL;P2_ANIMAL_LEVEL_GENERIC;P2_GENERIC_CREATURE_CLASS,val,truebones,codex_draft_from_contact_sheets_and_action_name,codex_draft,True,Rat___Scamper_750.npy,A rat runs through a short gait cycle.,6
P1,P1_REST_POSE;P2_ANIMAL_LEVEL_GENERIC,val,truebones,collected,present,False,Scorpion-2___Idle_850.npy,Rest pose of an animal with its tail drooping forward.,5
P1,P1_AI_DRAFT_REMAINING;P1_BAD_ARTICLE_A_ANIMAL;P2_ANIMAL_LEVEL_GENERIC;P2_GENERIC_CREATURE_CLASS,val,truebones,codex_draft_from_contact_sheets_and_action_name,codex_draft,True,Scorpion-2___stand_ready_851.npy,A scorpion holds an idle pose with small body adjustments.,5
P1,P1_AI_DRAFT_REMAINING;P1_BAD_ARTICLE_A_ANIMAL;P2_ANIMAL_LEVEL_GENERIC;P2_GENERIC_CREATURE_CLASS,val,truebones,codex_draft_from_contact_sheets_and_action_name,codex_draft,True,Trex___hit_leg_976.npy,A T. rex strikes forward with its body.,6
P1,P1_AI_DRAFT_REMAINING;P1_BAD_ARTICLE_A_ANIMAL;P2_ANIMAL_LEVEL_GENERIC;P2_GENERIC_CREATURE_CLASS,val,truebones,codex_draft_from_contact_sheets_and_action_name,codex_draft,True,Trex___hit_torso_right_971.npy,A T. rex strikes forward with its body.,6
P1,P1_AI_DRAFT_REMAINING;P1_BAD_ARTICLE_A_ANIMAL;P2_ANIMAL_LEVEL_GENERIC;P2_GENERIC_CREATURE_CLASS,val,truebones,codex_draft_from_contact_sheets_and_action_name,codex_draft,True,Trex___idle_attack_to_run_left_967.npy,A T. rex holds an idle pose with small body adjustments.,6
P1,P1_AI_DRAFT_REMAINING;P1_BAD_ARTICLE_A_ANIMAL;P2_ANIMAL_LEVEL_GENERIC;P2_GENERIC_CREATURE_CLASS,val,truebones,codex_draft_from_contact_sheets_and_action_name,codex_draft,True,Trex___long_death_992.npy,A T. rex collapses or falls into a low pose.,6
P1,P1_OVER_NARRATIVE;P2_ANIMAL_LEVEL_GENERIC,val,truebones,collected,present,False,Tyranno___Attack_1064.npy,An animal prepares to attack by raising its head and striking downward powerfully.,5
P1,P1_OVER_NARRATIVE;P2_ANIMAL_LEVEL_GENERIC;P2_GENERIC_CREATURE_CLASS,train,truebones,collected,present,False,Alligator___BigMouth_5.npy,An alligator sways its head and wags its tail.,5
P1,P1_OVER_NARRATIVE;P2_ANIMAL_LEVEL_GENERIC;P2_GENERIC_CREATURE_CLASS,train,truebones,collected,present,False,Alligator___Bite1_13.npy,"An alligator swings its head and tail, then lunges forward to bite.",5
P1,P1_OVER_NARRATIVE;P2_ANIMAL_LEVEL_GENERIC;P2_GENERIC_CREATURE_CLASS,train,truebones,collected,present,False,Alligator___Bite2_9.npy,"The alligator lunges forward, snapping its jaws and swinging its tail.",5
P1,P1_OVER_NARRATIVE;P2_ANIMAL_LEVEL_GENERIC;P2_GENERIC_CREATURE_CLASS,train,truebones,collected,present,False,Alligator___Bite3_18.npy,"The alligator lunges, bites its prey, and pulls it backward.",5
P1,P1_OVER_NARRATIVE;P2_ANIMAL_LEVEL_GENERIC;P2_GENERIC_CREATURE_CLASS,train,truebones,collected,present,False,Alligator___Bite4_10.npy,An alligator charges forward and bites forcefully.,5
P1,P1_OVER_NARRATIVE;P2_ANIMAL_LEVEL_GENERIC;P2_GENERIC_CREATURE_CLASS,train,truebones,collected,present,False,Alligator___Bite5_4.npy,"The alligator captures prey, drags it, and violently shakes its head.",5
P1,P1_OVER_NARRATIVE;P2_ANIMAL_LEVEL_GENERIC;P2_GENERIC_CREATURE_CLASS,train,truebones,collected,present,False,Alligator___Bite6_6.npy,"An alligator steps back, charges forward, and bites forcefully.",5
P1,P1_OVER_NARRATIVE;P2_ANIMAL_LEVEL_GENERIC;P2_GENERIC_CREATURE_CLASS,train,truebones,collected,present,False,Alligator___Bite7_8.npy,An alligator chews its prey while walking forward steadily.,5
P1,P1_OVER_NARRATIVE;P2_ANIMAL_LEVEL_GENERIC;P2_GENERIC_CREATURE_CLASS,train,truebones,collected,present,False,Alligator___DIe_16.npy,The alligator writhes in pain before going limp and dying.,5
P1,P1_OVER_NARRATIVE;P2_ANIMAL_LEVEL_GENERIC;P2_GENERIC_CREATURE_CLASS,train,truebones,collected,present,False,Alligator___Dash2_15.npy,An alligator charges forward and rams its prey.,5
P1,P1_OVER_NARRATIVE;P2_ANIMAL_LEVEL_GENERIC;P2_GENERIC_CREATURE_CLASS,train,truebones,collected,present,False,Alligator___Dash_21.npy,"An alligator attacks by dashing forward, biting, shaking its prey, and retreating.",5
P1,P1_OVER_NARRATIVE;P2_GENERIC_CREATURE_CLASS,train,truebones,collected,present,False,Alligator___DeadUp_22.npy,A still alligator lifts its head and attempts to stand.,5
P1,P1_OVER_NARRATIVE;P2_ANIMAL_LEVEL_GENERIC;P2_GENERIC_CREATURE_CLASS,train,truebones,collected,present,False,Alligator___DieLoop_7.npy,"The alligator thrashes in pain and then becomes still, assuming a death pose.",5
P1,P1_OVER_NARRATIVE;P2_ANIMAL_LEVEL_GENERIC;P2_GENERIC_CREATURE_CLASS,train,truebones,collected,present,False,Alligator___Shake_19.npy,The alligator violently shakes its head while tearing at something with its jaws.,5
P1,P1_OVER_NARRATIVE;P2_ANIMAL_LEVEL_GENERIC;P2_GENERIC_CREATURE_CLASS,train,truebones,collected,present,False,Alligator___StandIdle_17.npy,An alligator tilts its head side-to-side while wagging its tail.,5
P1,P1_OVER_NARRATIVE;P2_ANIMAL_LEVEL_GENERIC;P2_GENERIC_CREATURE_CLASS,train,truebones,collected,present,False,Alligator___Throw2_20.npy,An alligator shakes its head and throws an object from its mouth.,5
P1,P1_OVER_NARRATIVE;P2_ANIMAL_LEVEL_GENERIC;P2_GENERIC_CREATURE_CLASS,train,truebones,collected,present,False,Alligator___Throw_1.npy,An alligator shakes its head and throws an object from its mouth.,5
P1,P1_OVER_NARRATIVE;P2_ANIMAL_LEVEL_GENERIC;P2_GENERIC_CREATURE_CLASS,train,truebones,collected,present,False,Alligator___Walk1_12.npy,"The alligator crawls forward, gently swaying its tail and head.",5
P1,P1_OVER_NARRATIVE;P2_ANIMAL_LEVEL_GENERIC;P2_GENERIC_CREATURE_CLASS,train,truebones,collected,present,False,Alligator___Walk2_2.npy,"The alligator waddles forward, turns right, steps forward again, then retreats slightly.",5
P1,P1_OVER_NARRATIVE;P2_ANIMAL_LEVEL_GENERIC;P2_GENERIC_CREATURE_CLASS,train,truebones,collected,present,False,Alligator___Walk2_3.npy,"The alligator waddles forward, turns right, steps forward again, then retreats slightly.",5
P1,P1_OVER_NARRATIVE;P2_ANIMAL_LEVEL_GENERIC;P2_GENERIC_CREATURE_CLASS,train,truebones,collected,present,False,Alligator___Walk3_14.npy,"The alligator slowly walks forward, swaying its head and tail.",5
P1,P1_REST_POSE;P2_ANIMAL_LEVEL_GENERIC,train,truebones,collected,present,False,Anaconda___Tired_34.npy,Rest pose of an anaconda with its head drooping down.,5
P1,P1_AI_DRAFT_REMAINING;P2_ANIMAL_LEVEL_GENERIC;P2_GENERIC_CREATURE_CLASS,train,truebones,codex_draft_from_contact_sheets_and_action_name,codex_draft,True,Ant___Idle3_49.npy,An ant holds an idle pose with small body adjustments.,6
P1,P1_REST_POSE;P2_GENERIC_CREATURE_CLASS,train,truebones,collected,present,False,Ant___Idle_45.npy,Rest pose of animal.,5
P1,P1_AI_DRAFT_REMAINING;P1_BAD_ARTICLE_A_ANIMAL;P2_ANIMAL_LEVEL_GENERIC;P2_GENERIC_CREATURE_CLASS,train,truebones,codex_draft_from_contact_sheets_and_action_name,codex_draft,True,Bear___AngerySwat_89.npy,A bear swings a front limb in a swatting motion.,6
P1,P1_OVER_NARRATIVE;P2_ANIMAL_LEVEL_GENERIC;P2_GENERIC_CREATURE_CLASS,train,truebones,collected,present,False,Bear___BackUp_85.npy,An animal is cautiously walking backward.,5
P1,P1_AI_DRAFT_REMAINING;P1_BAD_ARTICLE_A_ANIMAL;P2_ANIMAL_LEVEL_GENERIC;P2_GENERIC_CREATURE_CLASS,train,truebones,codex_draft_from_contact_sheets_and_action_name,codex_draft,True,Bear___BearRun_93.npy,A bear runs through a short gait cycle.,6
P1,P1_AI_DRAFT_REMAINING;P1_BAD_ARTICLE_A_ANIMAL;P2_ANIMAL_LEVEL_GENERIC;P2_GENERIC_CREATURE_CLASS,train,truebones,codex_draft_from_contact_sheets_and_action_name,codex_draft,True,Bear___Bite_71.npy,A bear snaps or bites forward.,6
P1,P1_AI_DRAFT_REMAINING;P1_BAD_ARTICLE_A_ANIMAL;P2_ANIMAL_LEVEL_GENERIC;P2_GENERIC_CREATURE_CLASS,train,truebones,codex_draft_from_contact_sheets_and_action_name,codex_draft,True,Bear___CatchFish_84.npy,A bear performs a short catch fish movement.,6
P1,P1_OVER_NARRATIVE;P2_ANIMAL_LEVEL_GENERIC;P2_GENERIC_CREATURE_CLASS,train,truebones,collected,present,False,Bear___Feast_86.npy,"An animal is enjoying a meal, leaning forward and chewing its food.",5
P1,P1_AI_DRAFT_REMAINING;P1_BAD_ARTICLE_A_ANIMAL;P2_ANIMAL_LEVEL_GENERIC;P2_GENERIC_CREATURE_CLASS,train,truebones,codex_draft_from_contact_sheets_and_action_name,codex_draft,True,Bear___FishBite_73.npy,A bear snaps or bites forward.,6
P1,P1_OVER_NARRATIVE;P2_ANIMAL_LEVEL_GENERIC;P2_GENERIC_CREATURE_CLASS,train,truebones,collected,present,False,Bear___GetUp_91.npy,An animal rolls from lying on its side to standing up.,5
P1,P1_OVER_NARRATIVE;P2_ANIMAL_LEVEL_GENERIC;P2_GENERIC_CREATURE_CLASS,train,truebones,collected,present,False,Bear___GroundPaw_87.npy,An animal begins digging the ground with its right front paw.,5
P1,P1_OVER_NARRATIVE;P2_ANIMAL_LEVEL_GENERIC;P2_GENERIC_CREATURE_CLASS,train,truebones,collected,present,False,Bear___Growl_77.npy,An animal stands on all fours and roars fiercely.,5
P1,P1_OVER_NARRATIVE;P2_ANIMAL_LEVEL_GENERIC;P2_GENERIC_CREATURE_CLASS,train,truebones,collected,present,False,Bear___IdlePant_82.npy,"An animal stands still, breathing, with its head and neck moving up and down.",5
P1,P1_OVER_NARRATIVE;P2_ANIMAL_LEVEL_GENERIC;P2_GENERIC_CREATURE_CLASS,train,truebones,collected,present,False,Bear___Idle_72.npy,"An animal stands still, breathing, with its head and neck moving up and down.",5
P1,P1_OVER_NARRATIVE;P2_ANIMAL_LEVEL_GENERIC;P2_GENERIC_CREATURE_CLASS,train,truebones,collected,present,False,Bear___JumpBite_76.npy,"An animal crouches, then lunges forward and jumps to bite something powerfully.",5
P1,P1_OVER_NARRATIVE;P2_ANIMAL_LEVEL_GENERIC;P2_GENERIC_CREATURE_CLASS,train,truebones,collected,present,False,Bear___LayDown_81.npy,"An animal transitions from standing to lying down, appearing to prepare for sleep.",5
P1,P1_OVER_NARRATIVE;P2_ANIMAL_LEVEL_GENERIC;P2_GENERIC_CREATURE_CLASS,train,truebones,collected,present,False,Bear___RiseRoar_79.npy,An animal rises onto its hind legs and roars loudly.,5
P1,P1_AI_DRAFT_REMAINING;P1_BAD_ARTICLE_A_ANIMAL;P2_ANIMAL_LEVEL_GENERIC;P2_GENERIC_CREATURE_CLASS,train,truebones,codex_draft_from_contact_sheets_and_action_name,codex_draft,True,Bear___RunningBear_88.npy,A bear runs through a short gait cycle.,6
P1,P1_OVER_NARRATIVE;P2_ANIMAL_LEVEL_GENERIC;P2_GENERIC_CREATURE_CLASS,train,truebones,collected,present,False,Bear___SlowWalk_96.npy,"An animal is walking slowly, starting with its left front paw.",5
P1,P1_OVER_NARRATIVE;P2_ANIMAL_LEVEL_GENERIC;P2_GENERIC_CREATURE_CLASS,train,truebones,collected,present,False,Bear___Stalking_70.npy,An animal is slowly and cautiously stalking something.,5
P1,P1_OVER_NARRATIVE;P2_ANIMAL_LEVEL_GENERIC;P2_GENERIC_CREATURE_CLASS,train,truebones,collected,present,False,Bear___Stand_90.npy,An animal stands up on its hind legs and then lowers its front paws back to the ground.,5
P1,P1_OVER_NARRATIVE;P2_ANIMAL_LEVEL_GENERIC;P2_GENERIC_CREATURE_CLASS,train,truebones,collected,present,False,Bear___SwatRight_78.npy,An animal swiftly raises its right paw and swats downward to attack.,5
P1,P1_OVER_NARRATIVE;P2_ANIMAL_LEVEL_GENERIC;P2_GENERIC_CREATURE_CLASS,train,truebones,collected,present,False,Bear___TipLeft_98.npy,An animal falls to the left.,5
P1,P1_AI_DRAFT_REMAINING;P1_BAD_ARTICLE_A_ANIMAL;P2_ANIMAL_LEVEL_GENERIC;P2_GENERIC_CREATURE_CLASS,train,truebones,codex_draft_from_contact_sheets_and_action_name,codex_draft,True,Bear___Trot_95.npy,A bear trots through a short gait cycle.,6
P1,P1_AI_DRAFT_REMAINING;P1_BAD_ARTICLE_A_ANIMAL;P2_ANIMAL_LEVEL_GENERIC;P2_GENERIC_CREATURE_CLASS,train,truebones,codex_draft_from_contact_sheets_and_action_name,codex_draft,True,Bear___Trotting_83.npy,A bear trots through a short gait cycle.,6
P1,P1_OVER_NARRATIVE;P2_ANIMAL_LEVEL_GENERIC;P2_GENERIC_CREATURE_CLASS,train,truebones,collected,present,False,Bear___Turn180_75.npy,An animal turns 180 degrees to the left.,5
P1,P1_OVER_NARRATIVE;P2_ANIMAL_LEVEL_GENERIC;P2_GENERIC_CREATURE_CLASS,train,truebones,collected,present,False,Bear___TurnLeft_92.npy,An animal turns left 90 degrees and walks forward.,5
P1,P1_OVER_NARRATIVE;P2_ANIMAL_LEVEL_GENERIC;P2_GENERIC_CREATURE_CLASS,train,truebones,collected,present,False,Bear___WakeUp_94.npy,An animal wakes up and stands from a lying position.,5
P1,P1_OVER_NARRATIVE;P2_ANIMAL_LEVEL_GENERIC;P2_GENERIC_CREATURE_CLASS,train,truebones,collected,present,False,Bear___WalkForward_97.npy,An animal walks slowly forward with a steady posture.,5
P1,P1_OVER_NARRATIVE;P2_ANIMAL_LEVEL_GENERIC;P2_GENERIC_CREATURE_CLASS,train,truebones,collected,present,False,Bear___WetShake_80.npy,An animal shakes its head and body to remove water while standing on all fours.,5
P1,P1_AI_DRAFT_REMAINING;P1_BAD_ARTICLE_A_ANIMAL;P2_ANIMAL_LEVEL_GENERIC;P2_GENERIC_CREATURE_CLASS,train,truebones,codex_draft_from_contact_sheets_and_action_name,codex_draft,True,Bird___FlyFast_116.npy,A bird moves through a flying motion with its wings extended.,5
P1,P1_REST_POSE;P2_ANIMAL_LEVEL_GENERIC;P2_GENERIC_CREATURE_CLASS,train,truebones,collected,present,False,Bird___IdleLoop_107.npy,Rest pose of an animal.,5
P1,P1_OVER_NARRATIVE;P2_ANIMAL_LEVEL_GENERIC;P2_GENERIC_CREATURE_CLASS,train,truebones,collected,present,False,BrownBear___Attack2_129.npy,"An animal stands on all fours, rears up, and lunges forward to bite with its powerful jaws.",5
P1,P1_OVER_NARRATIVE;P2_ANIMAL_LEVEL_GENERIC;P2_GENERIC_CREATURE_CLASS,train,truebones,collected,present,False,BrownBear___Attack3_133.npy,"An animal stands on all fours, raises its upper body, and smashes with its right paw while roaring.",5
P1,P1_OVER_NARRATIVE;P2_ANIMAL_LEVEL_GENERIC;P2_GENERIC_CREATURE_CLASS,train,truebones,collected,present,False,BrownBear___Charge_131.npy,An animal crouches and charges forward to body slam an opponent.,5
P1,P1_OVER_NARRATIVE;P2_ANIMAL_LEVEL_GENERIC;P2_GENERIC_CREATURE_CLASS,train,truebones,collected,present,False,BrownBear___DeathLoop_137.npy,"An animal lies on its left side, slightly heaving as if breathing.",5
P1,P1_OVER_NARRATIVE;P2_ANIMAL_LEVEL_GENERIC;P2_GENERIC_CREATURE_CLASS,train,truebones,collected,present,False,BrownBear___EatFish_138.npy,"An animal hunts and catches a fish, shaking its head to secure its catch.",5
P1,P1_OVER_NARRATIVE;P2_ANIMAL_LEVEL_GENERIC;P2_GENERIC_CREATURE_CLASS,train,truebones,collected,present,False,BrownBear___EatFish_139.npy,"An animal hunts and catches a fish, shaking its head to secure its catch.",5
P1,P1_OVER_NARRATIVE;P2_ANIMAL_LEVEL_GENERIC;P2_GENERIC_CREATURE_CLASS,train,truebones,collected,present,False,BrownBear___Falling_119.npy,"An animal stumbles backward, shakes its head, roars, and collapses to the right.",5
P1,P1_OVER_NARRATIVE;P2_ANIMAL_LEVEL_GENERIC;P2_GENERIC_CREATURE_CLASS,train,truebones,collected,present,False,BrownBear___Idle_118.npy,"An animal stands still, with its body subtly rising and falling as it breathes.",5
P1,P1_OVER_NARRATIVE;P2_ANIMAL_LEVEL_GENERIC;P2_GENERIC_CREATURE_CLASS,train,truebones,collected,present,False,BrownBear___Limp_120.npy,An animal limps forward with a problematic right hind leg.,5
P1,P1_OVER_NARRATIVE;P2_ANIMAL_LEVEL_GENERIC;P2_GENERIC_CREATURE_CLASS,train,truebones,collected,present,False,BrownBear___Limping_128.npy,An animal limps forward with a problematic right hind leg.,5
P1,P1_OVER_NARRATIVE;P2_ANIMAL_LEVEL_GENERIC;P2_GENERIC_CREATURE_CLASS,train,truebones,collected,present,False,BrownBear___Ready_134.npy,"An animal is in a ready stance, prepared to attack or defend against an opponent.",5
P1,P1_OVER_NARRATIVE;P2_ANIMAL_LEVEL_GENERIC;P2_GENERIC_CREATURE_CLASS,train,truebones,collected,present,False,BrownBear___RiseAttack_125.npy,An animal rises on its hind legs and performs an attack motion with its front paws.,5
P1,P1_OVER_NARRATIVE;P2_ANIMAL_LEVEL_GENERIC;P2_GENERIC_CREATURE_CLASS,train,truebones,collected,present,False,BrownBear___RiseSwat_132.npy,An animal prepares to rise and swats with its powerful arms.,5
P1,P1_OVER_NARRATIVE;P2_ANIMAL_LEVEL_GENERIC;P2_GENERIC_CREATURE_CLASS,train,truebones,collected,present,False,BrownBear___Rise_126.npy,An animal rises on its hind legs and performs an attack motion with its front paws.,5
P1,P1_OVER_NARRATIVE;P2_ANIMAL_LEVEL_GENERIC;P2_GENERIC_CREATURE_CLASS,train,truebones,collected,present,False,BrownBear___RunLoop_127.npy,An animal energetically bounds forward with rhythmic bouncing motion.,5
P1,P1_OVER_NARRATIVE;P2_ANIMAL_LEVEL_GENERIC;P2_GENERIC_CREATURE_CLASS,train,truebones,collected,present,False,BrownBear___ScratchEar_124.npy,"An animal turns its head left, then right, and scratches its left neck with its left paw.",5
P1,P1_OVER_NARRATIVE;P2_ANIMAL_LEVEL_GENERIC;P2_GENERIC_CREATURE_CLASS,train,truebones,collected,present,False,BrownBear___SitClean_123.npy,"An animal sits down, cleans its right front paw, and stands back up.",5
P1,P1_OVER_NARRATIVE;P2_ANIMAL_LEVEL_GENERIC;P2_GENERIC_CREATURE_CLASS,train,truebones,collected,present,False,BrownBear___Sleepy_130.npy,"An animal stands with its head drooping towards the ground, barely maintaining balance.",5
P1,P1_OVER_NARRATIVE;P2_ANIMAL_LEVEL_GENERIC;P2_GENERIC_CREATURE_CLASS,train,truebones,collected,present,False,BrownBear___SlowWalk_135.npy,An animal walks slowly forward with its head lowered.,5
P1,P1_OVER_NARRATIVE;P2_ANIMAL_LEVEL_GENERIC;P2_GENERIC_CREATURE_CLASS,train,truebones,collected,present,False,BrownBear___Twitching_121.npy,An animal suddenly loses balance and falls to its left side.,5
P1,P1_OVER_NARRATIVE;P2_ANIMAL_LEVEL_GENERIC;P2_GENERIC_CREATURE_CLASS,train,truebones,collected,present,False,BrownBear___WalkLoop_136.npy,"An animal walks forward in a low, crouched position.",5
P1,P1_REST_POSE;P2_ANIMAL_LEVEL_GENERIC;P2_GENERIC_CREATURE_CLASS,train,truebones,collected,present,False,Camel___IdleLoop_180.npy,Rest pose of an animal.,5
P1,P1_AI_DRAFT_REMAINING;P1_BAD_ARTICLE_A_ANIMAL;P2_ANIMAL_LEVEL_GENERIC;P2_GENERIC_CREATURE_CLASS,train,truebones,codex_draft_from_contact_sheets_and_action_name,codex_draft,True,Centipede___Idle3_203.npy,A centipede holds an idle pose with small body adjustments.,6
P1,P1_AI_DRAFT_REMAINING;P1_BAD_ARTICLE_A_ANIMAL;P1_SOURCE_ACTION_ARTIFACT;P2_ANIMAL_LEVEL_GENERIC;P2_GENERIC_CREATURE_CLASS,train,truebones,codex_draft_from_contact_sheets_and_action_name,codex_draft,True,Centipede___Take_001_200.npy,A centipede performs a short take 001 movement.,6
P1,P1_AI_DRAFT_REMAINING;P1_BAD_ARTICLE_A_ANIMAL;P2_ANIMAL_LEVEL_GENERIC;P2_GENERIC_CREATURE_CLASS,train,truebones,codex_draft_from_contact_sheets_and_action_name,codex_draft,True,Cricket___IdlePissed_249.npy,A cricket holds an idle pose with small body adjustments.,6
P1,P1_AI_DRAFT_REMAINING;P1_BAD_ARTICLE_A_ANIMAL;P2_ANIMAL_LEVEL_GENERIC;P2_GENERIC_CREATURE_CLASS,train,truebones,codex_draft_from_contact_sheets_and_action_name,codex_draft,True,Cricket___Idle_242.npy,A cricket holds an idle pose with small body adjustments.,6
P1,P1_OVER_NARRATIVE;P2_ANIMAL_LEVEL_GENERIC;P2_GENERIC_CREATURE_CLASS,train,truebones,collected,present,False,Crocodile___Attack_259.npy,"An ambush predator lunges forward, opens its mouth wide, and bites down forcefully while its tail moves side to side.",5
P1,P1_OVER_NARRATIVE;P2_ANIMAL_LEVEL_GENERIC;P2_GENERIC_CREATURE_CLASS,train,truebones,collected,present,False,Crocodile___Bite_256.npy,An ambush predator opens its mouth in a biting motion while moving its tail.,5
P1,P1_OVER_NARRATIVE;P2_ANIMAL_LEVEL_GENERIC;P2_GENERIC_CREATURE_CLASS,train,truebones,collected,present,False,Crocodile___Bounce_262.npy,"An ambush predator bounces and then collapses onto the ground, appearing unconscious.",5
P1,P1_OVER_NARRATIVE;P2_ANIMAL_LEVEL_GENERIC;P2_GENERIC_CREATURE_CLASS,train,truebones,collected,present,False,Crocodile___Die_264.npy,"An ambush predator is attacked, struggles, and collapses forward unconscious.",5
P1,P1_OVER_NARRATIVE;P2_ANIMAL_LEVEL_GENERIC;P2_GENERIC_CREATURE_CLASS,train,truebones,collected,present,False,Crocodile___GetUp_266.npy,An ambush predator attempts to stand up on its four legs.,5
P1,P1_OVER_NARRATIVE;P2_ANIMAL_LEVEL_GENERIC;P2_GENERIC_CREATURE_CLASS,train,truebones,collected,present,False,Crocodile___HeavyBreathe_260.npy,An ambush predator lifts its head and breathes deeply while its tail sways.,5
P1,P1_OVER_NARRATIVE;P2_ANIMAL_LEVEL_GENERIC;P2_GENERIC_CREATURE_CLASS,train,truebones,collected,present,False,Crocodile___NormalBreath_263.npy,An ambush predator breathes gently while slightly turning its head to the left.,5
P1,P1_OVER_NARRATIVE;P2_ANIMAL_LEVEL_GENERIC;P2_GENERIC_CREATURE_CLASS,train,truebones,collected,present,False,Crocodile___Running_265.npy,An ambush predator runs forward rapidly with its mouth open and tail swinging side to side.,5
P1,P1_OVER_NARRATIVE;P1_REST_POSE;P2_ANIMAL_LEVEL_GENERIC;P2_GENERIC_CREATURE_CLASS,train,truebones,collected,present,False,Crocodile___SleepLoop_258.npy,Rest pose of an ambush predator.,5
P1,P1_OVER_NARRATIVE;P2_ANIMAL_LEVEL_GENERIC;P2_GENERIC_CREATURE_CLASS,train,truebones,collected,present,False,Crocodile___TailWhip_255.npy,An ambush predator performs a tail whip by twisting its body and tail to strike something forcefully.,5
P1,P1_OVER_NARRATIVE;P2_ANIMAL_LEVEL_GENERIC;P2_GENERIC_CREATURE_CLASS,train,truebones,collected,present,False,Crocodile___Yawning_261.npy,An ambush predator yawns while lying on the ground.,5
P1,P1_AI_DRAFT_REMAINING;P1_BAD_ARTICLE_A_ANIMAL;P2_ANIMAL_LEVEL_GENERIC;P2_GENERIC_CREATURE_CLASS,train,truebones,codex_draft_from_contact_sheets_and_action_name,codex_draft,True,Deer___Trot_286.npy,A deer trots through a short gait cycle.,6
P1,P1_OVER_NARRATIVE;P2_ANIMAL_LEVEL_GENERIC,train,truebones,collected,present,False,Eagle___EggSteal_302.npy,"An animal hovers, ready to snatch an egg with its talons.",5
P1,P1_OVER_NARRATIVE;P2_ANIMAL_LEVEL_GENERIC,train,truebones,collected,present,False,Eagle___FloatDown_311.npy,An animal flaps its wings while floating in the air.,5
P1,P1_OVER_NARRATIVE;P2_ANIMAL_LEVEL_GENERIC,train,truebones,collected,present,False,Eagle___FlyLoop_306.npy,An animal with wide wings flaps powerfully while hovering in the sky.,5
P1,P1_OVER_NARRATIVE;P2_ANIMAL_LEVEL_GENERIC,train,truebones,collected,present,False,Eagle___GlideLoop_307.npy,An animal with large wings gracefully glides through the sky.,5
P1,P1_OVER_NARRATIVE;P2_ANIMAL_LEVEL_GENERIC,train,truebones,collected,present,False,Eagle___IdleNest_303.npy,An animal sitting on its nest suddenly spreads its wings and scratches its left side with its beak.,5
P1,P1_OVER_NARRATIVE;P2_ANIMAL_LEVEL_GENERIC,train,truebones,collected,present,False,Eagle___Landing_313.npy,An animal flaps its wings twice and lands.,5
P1,P1_OVER_NARRATIVE;P2_ANIMAL_LEVEL_GENERIC,train,truebones,collected,present,False,Eagle___RideWind_310.npy,"An animal is soaring in the sky, flapping its wings with its head facing downward.",5
P1,P1_OVER_NARRATIVE;P2_ANIMAL_LEVEL_GENERIC,train,truebones,collected,present,False,Eagle___Shot_308.npy,An animal is struck and falls to the ground with its wings spread.,5
P1,P1_OVER_NARRATIVE;P2_ANIMAL_LEVEL_GENERIC,train,truebones,collected,present,False,Eagle___Strike1_305.npy,An animal swiftly ascends and then strikes downward with its powerful talons.,5
P1,P1_OVER_NARRATIVE;P2_ANIMAL_LEVEL_GENERIC,train,truebones,collected,present,False,Eagle___Strike2_304.npy,An animal strikes forward with its talons and beak after a backward push.,5
P1,P1_OVER_NARRATIVE;P2_ANIMAL_LEVEL_GENERIC,train,truebones,collected,present,False,Eagle___TakeOff_309.npy,An animal unfolds its wings and takes off into the sky.,5
P1,P1_AI_DRAFT_REMAINING;P2_ANIMAL_LEVEL_GENERIC;P2_GENERIC_CREATURE_CLASS,train,truebones,codex_draft_from_contact_sheets_and_action_name,codex_draft,True,Elephant___Attack1_327.npy,An elephant lunges or strikes in an attack motion.,6
P1,P1_AI_DRAFT_REMAINING;P2_ANIMAL_LEVEL_GENERIC;P2_GENERIC_CREATURE_CLASS,train,truebones,codex_draft_from_contact_sheets_and_action_name,codex_draft,True,Elephant___Attack2_321.npy,An elephant lunges or strikes in an attack motion.,6
P1,P1_AI_DRAFT_REMAINING;P2_ANIMAL_LEVEL_GENERIC;P2_GENERIC_CREATURE_CLASS,train,truebones,codex_draft_from_contact_sheets_and_action_name,codex_draft,True,Elephant___DownIn_319.npy,An elephant lowers its body toward the ground.,6
P1,P1_AI_DRAFT_REMAINING;P2_ANIMAL_LEVEL_GENERIC;P2_GENERIC_CREATURE_CLASS,train,truebones,codex_draft_from_contact_sheets_and_action_name,codex_draft,True,Elephant___DownLoop_324.npy,An elephant lowers its body toward the ground.,6
P1,P1_AI_DRAFT_REMAINING;P2_ANIMAL_LEVEL_GENERIC;P2_GENERIC_CREATURE_CLASS,train,truebones,codex_draft_from_contact_sheets_and_action_name,codex_draft,True,Elephant___DownOut_318.npy,An elephant lowers its body toward the ground.,6
P1,P1_AI_DRAFT_REMAINING;P2_ANIMAL_LEVEL_GENERIC;P2_GENERIC_CREATURE_CLASS,train,truebones,codex_draft_from_contact_sheets_and_action_name,codex_draft,True,Elephant___Idle3_317.npy,An elephant holds an idle pose with small body adjustments.,6
P1,P1_AI_DRAFT_REMAINING;P1_SOURCE_ACTION_ARTIFACT;P2_ANIMAL_LEVEL_GENERIC;P2_GENERIC_CREATURE_CLASS,train,truebones,codex_draft_from_contact_sheets_and_action_name,codex_draft,True,Elephant___Take_001_315.npy,An elephant performs a short take 001 movement.,6
P1,P1_AI_DRAFT_REMAINING;P2_ANIMAL_LEVEL_GENERIC;P2_GENERIC_CREATURE_CLASS,train,truebones,codex_draft_from_contact_sheets_and_action_name,codex_draft,True,Elephant___idle2_314.npy,An elephant holds an idle pose with small body adjustments.,6
P1,P1_AI_DRAFT_REMAINING;P1_BAD_ARTICLE_A_ANIMAL;P2_ANIMAL_LEVEL_GENERIC;P2_GENERIC_CREATURE_CLASS,train,truebones,codex_draft_from_contact_sheets_and_action_name,codex_draft,True,Fox_-_Attack1_361.npy,A fox lunges or strikes in an attack motion.,6
P1,P1_AI_DRAFT_REMAINING;P1_BAD_ARTICLE_A_ANIMAL;P2_ANIMAL_LEVEL_GENERIC;P2_GENERIC_CREATURE_CLASS,train,truebones,codex_draft_from_contact_sheets_and_action_name,codex_draft,True,Fox_-_Attack2_364.npy,A fox lunges or strikes in an attack motion.,6
P1,P1_AI_DRAFT_REMAINING;P1_BAD_ARTICLE_A_ANIMAL;P2_ANIMAL_LEVEL_GENERIC;P2_GENERIC_CREATURE_CLASS,train,truebones,codex_draft_from_contact_sheets_and_action_name,codex_draft,True,Fox_-_Attack3_367.npy,A fox lunges or strikes in an attack motion.,6
P1,P1_AI_DRAFT_REMAINING;P1_BAD_ARTICLE_A_ANIMAL;P2_ANIMAL_LEVEL_GENERIC;P2_GENERIC_CREATURE_CLASS,train,truebones,codex_draft_from_contact_sheets_and_action_name,codex_draft,True,Fox_-_Attack4_357.npy,A fox lunges or strikes in an attack motion.,6
P1,P1_AI_DRAFT_REMAINING;P1_BAD_ARTICLE_A_ANIMAL;P2_ANIMAL_LEVEL_GENERIC;P2_GENERIC_CREATURE_CLASS,train,truebones,codex_draft_from_contact_sheets_and_action_name,codex_draft,True,Fox_-_Die2_366.npy,A fox collapses or falls into a low pose.,6
P1,P1_AI_DRAFT_REMAINING;P1_BAD_ARTICLE_A_ANIMAL;P2_ANIMAL_LEVEL_GENERIC;P2_GENERIC_CREATURE_CLASS,train,truebones,codex_draft_from_contact_sheets_and_action_name,codex_draft,True,Fox_-_Die_363.npy,A fox collapses or falls into a low pose.,6
P1,P1_AI_DRAFT_REMAINING;P1_BAD_ARTICLE_A_ANIMAL;P2_ANIMAL_LEVEL_GENERIC;P2_GENERIC_CREATURE_CLASS,train,truebones,codex_draft_from_contact_sheets_and_action_name,codex_draft,True,Fox_-_Idle1_360.npy,A fox holds an idle pose with small body adjustments.,6
P1,P1_AI_DRAFT_REMAINING;P1_BAD_ARTICLE_A_ANIMAL;P2_ANIMAL_LEVEL_GENERIC;P2_GENERIC_CREATURE_CLASS,train,truebones,codex_draft_from_contact_sheets_and_action_name,codex_draft,True,Fox_-_Idle2_356.npy,A fox holds an idle pose with small body adjustments.,6
P1,P1_AI_DRAFT_REMAINING;P1_BAD_ARTICLE_A_ANIMAL;P2_ANIMAL_LEVEL_GENERIC;P2_GENERIC_CREATURE_CLASS,train,truebones,codex_draft_from_contact_sheets_and_action_name,codex_draft,True,Fox_-_Idle3_368.npy,A fox holds an idle pose with small body adjustments.,6
P1,P1_AI_DRAFT_REMAINING;P1_BAD_ARTICLE_A_ANIMAL;P2_ANIMAL_LEVEL_GENERIC;P2_GENERIC_CREATURE_CLASS,train,truebones,codex_draft_from_contact_sheets_and_action_name,codex_draft,True,Fox_-_Idle3_369.npy,A fox holds an idle pose with small body adjustments.,6
P1,P1_AI_DRAFT_REMAINING;P1_BAD_ARTICLE_A_ANIMAL;P2_ANIMAL_LEVEL_GENERIC;P2_GENERIC_CREATURE_CLASS,train,truebones,codex_draft_from_contact_sheets_and_action_name,codex_draft,True,Fox_-_Idle4_371.npy,A fox holds an idle pose with small body adjustments.,6
P1,P1_AI_DRAFT_REMAINING;P1_BAD_ARTICLE_A_ANIMAL;P2_ANIMAL_LEVEL_GENERIC;P2_GENERIC_CREATURE_CLASS,train,truebones,codex_draft_from_contact_sheets_and_action_name,codex_draft,True,Fox_-_Idle4_372.npy,A fox holds an idle pose with small body adjustments.,6
P1,P1_AI_DRAFT_REMAINING;P1_BAD_ARTICLE_A_ANIMAL;P2_ANIMAL_LEVEL_GENERIC;P2_GENERIC_CREATURE_CLASS,train,truebones,codex_draft_from_contact_sheets_and_action_name,codex_draft,True,Fox_-_Idle5_358.npy,A fox holds an idle pose with small body adjustments.,6
P1,P1_AI_DRAFT_REMAINING;P1_BAD_ARTICLE_A_ANIMAL;P2_ANIMAL_LEVEL_GENERIC;P2_GENERIC_CREATURE_CLASS,train,truebones,codex_draft_from_contact_sheets_and_action_name,codex_draft,True,Fox_-_Idle5_359.npy,A fox holds an idle pose with small body adjustments.,6
P1,P1_AI_DRAFT_REMAINING;P1_BAD_ARTICLE_A_ANIMAL;P2_ANIMAL_LEVEL_GENERIC;P2_GENERIC_CREATURE_CLASS,train,truebones,codex_draft_from_contact_sheets_and_action_name,codex_draft,True,Fox_-_Idle_1_370.npy,A fox holds an idle pose with small body adjustments.,6
P1,P1_AI_DRAFT_REMAINING;P1_BAD_ARTICLE_A_ANIMAL;P2_ANIMAL_LEVEL_GENERIC;P2_GENERIC_CREATURE_CLASS,train,truebones,codex_draft_from_contact_sheets_and_action_name,codex_draft,True,Fox_-_Walk_365.npy,A fox walks through a short gait cycle.,6
P1,P1_REST_POSE;P2_GENERIC_CREATURE_CLASS,train,truebones,collected,present,False,Goat___Idle_392.npy,Rest pose of animal.,5
P1,P1_AI_DRAFT_REMAINING;P1_BAD_ARTICLE_A_ANIMAL;P2_ANIMAL_LEVEL_GENERIC;P2_GENERIC_CREATURE_CLASS,train,truebones,codex_draft_from_contact_sheets_and_action_name,codex_draft,True,Hamster___Run_404.npy,A hamster runs through a short gait cycle.,6
P1,P1_AI_DRAFT_REMAINING;P1_BAD_ARTICLE_A_ANIMAL;P1_SOURCE_ACTION_ARTIFACT;P2_ANIMAL_LEVEL_GENERIC;P2_GENERIC_CREATURE_CLASS,train,truebones,codex_draft_from_contact_sheets_and_action_name,codex_draft,True,HermitCrab___Take_001_411.npy,A hermit crab performs a short take 001 movement.,6
P1,P1_REST_POSE;P2_ANIMAL_LEVEL_GENERIC;P2_GENERIC_CREATURE_CLASS,train,truebones,collected,present,False,Horse___Idle3_440.npy,Rest pose of an animal.,5
P1,P1_AI_DRAFT_REMAINING;P1_BAD_ARTICLE_A_ANIMAL;P2_ANIMAL_LEVEL_GENERIC;P2_GENERIC_CREATURE_CLASS,train,truebones,codex_draft_from_contact_sheets_and_action_name,codex_draft,True,Hound___Idle_462.npy,A hound holds an idle pose with small body adjustments.,6
P1,P1_OVER_NARRATIVE;P2_ANIMAL_LEVEL_GENERIC;P2_GENERIC_CREATURE_CLASS,train,truebones,collected,present,False,Isopetra___Attack3_483.npy,An animal prepares and executes an attack by lunging forward to bite its opponent.,5
P1,P1_OVER_NARRATIVE;P2_ANIMAL_LEVEL_GENERIC;P2_GENERIC_CREATURE_CLASS,train,truebones,collected,present,False,KingCobra___Attack2_503.npy,An animal coils its tail and strikes forward to bite with its fangs.,5
P1,P1_OVER_NARRATIVE;P2_ANIMAL_LEVEL_GENERIC;P2_GENERIC_CREATURE_CLASS,train,truebones,collected,present,False,KingCobra___Attack_500.npy,"An animal coils, retracts its head, and strikes forward quickly.",5
P1,P1_OVER_NARRATIVE;P2_ANIMAL_LEVEL_GENERIC;P2_GENERIC_CREATURE_CLASS,train,truebones,collected,present,False,KingCobra___Bite_498.npy,An animal lunges forward and circles left before returning to its original position.,5
P1,P1_OVER_NARRATIVE;P2_ANIMAL_LEVEL_GENERIC;P2_GENERIC_CREATURE_CLASS,train,truebones,collected,present,False,KingCobra___CircleBite_502.npy,An animal lunges forward and circles left before returning to its original position.,5
P1,P1_OVER_NARRATIVE;P2_ANIMAL_LEVEL_GENERIC;P2_GENERIC_CREATURE_CLASS,train,truebones,collected,present,False,KingCobra___IdleLoop_504.npy,"An animal raises its head, looks around, and then lowers it back down.",5
P1,P1_OVER_NARRATIVE;P2_ANIMAL_LEVEL_GENERIC;P2_GENERIC_CREATURE_CLASS,train,truebones,collected,present,False,KingCobra___IdleLoop_505.npy,"An animal raises its head, looks around, and then lowers it back down.",5
P1,P1_OVER_NARRATIVE;P2_ANIMAL_LEVEL_GENERIC;P2_GENERIC_CREATURE_CLASS,train,truebones,collected,present,False,KingCobra___Idle_499.npy,"An animal is poised with its lower body on the ground and upper body raised, staring ahead.",5
P1,P1_OVER_NARRATIVE;P2_ANIMAL_LEVEL_GENERIC;P2_GENERIC_CREATURE_CLASS,train,truebones,collected,present,False,KingCobra___Killed_506.npy,An animal is struck and collapses as it dies.,5
P1,P1_AI_DRAFT_REMAINING;P1_BAD_ARTICLE_A_ANIMAL;P2_ANIMAL_LEVEL_GENERIC,train,truebones,codex_draft_from_contact_sheets_and_action_name,codex_draft,True,KingCobra___Steady_501.npy,A king cobra holds an idle pose with small body adjustments.,6
P1,P1_OVER_NARRATIVE;P2_ANIMAL_LEVEL_GENERIC;P2_GENERIC_CREATURE_CLASS,train,truebones,collected,present,False,Leapord___PounceSwipe_519.npy,"An animal leaps and swipes at its opponent with its front paws, then retreats while staying low.",5
P1,P1_OVER_NARRATIVE;P2_ANIMAL_LEVEL_GENERIC;P2_GENERIC_CREATURE_CLASS,train,truebones,collected,present,False,Leapord___Pounce_522.npy,"An animal leaps and swipes at its opponent with its front paws, then retreats while staying low.",5
P1,P1_OVER_NARRATIVE;P2_ANIMAL_LEVEL_GENERIC,train,truebones,collected,present,False,Lion___Attack1_538.npy,"An animal raises its front paws and upper body, then strikes forward with its left paw.",5
P1,P1_OVER_NARRATIVE;P2_ANIMAL_LEVEL_GENERIC,train,truebones,collected,present,False,Lion___Attack_525.npy,"An animal raises its front paws and upper body, then strikes forward with its left paw.",5
P1,P1_OVER_NARRATIVE;P2_ANIMAL_LEVEL_GENERIC,train,truebones,collected,present,False,Lion___DeathIdle_527.npy,"An animal lies on its right side, nearing the end of its life.",5
P1,P1_OVER_NARRATIVE;P2_ANIMAL_LEVEL_GENERIC,train,truebones,collected,present,False,Lion___Die2_534.npy,"An animal is shot from the left side, causing it to fall to the ground appearing lifeless.",5
P1,P1_OVER_NARRATIVE;P2_ANIMAL_LEVEL_GENERIC,train,truebones,collected,present,False,Lion___Die_531.npy,"An animal is shot from the left side, causing it to fall to the ground appearing lifeless.",5
P1,P1_OVER_NARRATIVE;P2_ANIMAL_LEVEL_GENERIC,train,truebones,collected,present,False,Lion___GetUp_537.npy,An animal rises from lying on its right side to a standing position.,5
P1,P1_OVER_NARRATIVE;P2_ANIMAL_LEVEL_GENERIC,train,truebones,collected,present,False,Lion___Growl_528.npy,An animal lowers its body and growls fiercely while moving its tail in circles.,5
P1,P1_OVER_NARRATIVE;P2_ANIMAL_LEVEL_GENERIC,train,truebones,collected,present,False,Lion___JumpBite_526.npy,"An animal crouches, steps back, and leaps forward to bite.",5
P1,P1_OVER_NARRATIVE;P2_ANIMAL_LEVEL_GENERIC,train,truebones,collected,present,False,Lion___LeapBite_523.npy,"An animal steps back, then leaps forward to bite.",5
P1,P1_OVER_NARRATIVE;P2_ANIMAL_LEVEL_GENERIC,train,truebones,collected,present,False,Lion___Run_533.npy,"An animal runs with its mouth open, its tail swinging up and down.",5
P1,P1_OVER_NARRATIVE;P2_ANIMAL_LEVEL_GENERIC,train,truebones,collected,present,False,Lion___SlowIdle_524.npy,"An animal stands still on all fours, tail swaying, looking forward with its mouth open.",5
P1,P1_OVER_NARRATIVE;P2_ANIMAL_LEVEL_GENERIC,train,truebones,collected,present,False,Lion___Sniff_535.npy,An animal sniffs the ground with its head lowered.,5
P1,P1_OVER_NARRATIVE;P2_ANIMAL_LEVEL_GENERIC,train,truebones,collected,present,False,Lion___Swatting_536.npy,An animal rears up and swats with its front paws before landing back down.,5
P1,P1_OVER_NARRATIVE;P2_ANIMAL_LEVEL_GENERIC,train,truebones,collected,present,False,Lion___Yawn_529.npy,"An animal stands on all fours, spreads its front legs, and yawns while tilting its head upward.",5
P1,P1_OVER_NARRATIVE;P2_ANIMAL_LEVEL_GENERIC,train,truebones,collected,present,False,Lion___Yawn_530.npy,"An animal stands on all fours, spreads its front legs, and yawns while tilting its head upward.",5
P1,P1_OVER_NARRATIVE;P2_ANIMAL_LEVEL_GENERIC;P2_GENERIC_CREATURE_CLASS,train,truebones,collected,present,False,Lynx___Attack2_545.npy,"An animal crouches, steps back, then leaps forward to bite its opponent fiercely.",5
P1,P1_AI_DRAFT_REMAINING;P1_BAD_ARTICLE_A_ANIMAL;P2_ANIMAL_LEVEL_GENERIC;P2_GENERIC_CREATURE_CLASS,train,truebones,codex_draft_from_contact_sheets_and_action_name,codex_draft,True,Monkey___Attack1_579.npy,A monkey lunges or strikes in an attack motion.,6
P1,P1_AI_DRAFT_REMAINING;P1_BAD_ARTICLE_A_ANIMAL;P2_ANIMAL_LEVEL_GENERIC;P2_GENERIC_CREATURE_CLASS,train,truebones,codex_draft_from_contact_sheets_and_action_name,codex_draft,True,Monkey___Attack2_572.npy,A monkey lunges or strikes in an attack motion.,6
P1,P1_AI_DRAFT_REMAINING;P1_BAD_ARTICLE_A_ANIMAL;P2_ANIMAL_LEVEL_GENERIC;P2_GENERIC_CREATURE_CLASS,train,truebones,codex_draft_from_contact_sheets_and_action_name,codex_draft,True,Monkey___Attack3_578.npy,A monkey lunges or strikes in an attack motion.,6
P1,P1_AI_DRAFT_REMAINING;P1_BAD_ARTICLE_A_ANIMAL;P2_ANIMAL_LEVEL_GENERIC;P2_GENERIC_CREATURE_CLASS,train,truebones,codex_draft_from_contact_sheets_and_action_name,codex_draft,True,Monkey___B1Die_580.npy,A monkey collapses or falls into a low pose.,6
P1,P1_AI_DRAFT_REMAINING;P1_BAD_ARTICLE_A_ANIMAL;P2_ANIMAL_LEVEL_GENERIC;P2_GENERIC_CREATURE_CLASS,train,truebones,codex_draft_from_contact_sheets_and_action_name,codex_draft,True,Monkey___B1Idle_575.npy,A monkey holds an idle pose with small body adjustments.,6
P1,P1_AI_DRAFT_REMAINING;P1_BAD_ARTICLE_A_ANIMAL;P2_ANIMAL_LEVEL_GENERIC;P2_GENERIC_CREATURE_CLASS,train,truebones,codex_draft_from_contact_sheets_and_action_name,codex_draft,True,Monkey___B1Idle_576.npy,A monkey holds an idle pose with small body adjustments.,6
P1,P1_AI_DRAFT_REMAINING;P1_BAD_ARTICLE_A_ANIMAL;P2_ANIMAL_LEVEL_GENERIC;P2_GENERIC_CREATURE_CLASS,train,truebones,codex_draft_from_contact_sheets_and_action_name,codex_draft,True,Monkey___B2Attack_571.npy,A monkey lunges or strikes in an attack motion.,6
P1,P1_AI_DRAFT_REMAINING;P1_BAD_ARTICLE_A_ANIMAL;P2_ANIMAL_LEVEL_GENERIC;P2_GENERIC_CREATURE_CLASS,train,truebones,codex_draft_from_contact_sheets_and_action_name,codex_draft,True,Monkey___Idle1_567.npy,A monkey holds an idle pose with small body adjustments.,6
P1,P1_AI_DRAFT_REMAINING;P1_BAD_ARTICLE_A_ANIMAL;P2_ANIMAL_LEVEL_GENERIC;P2_GENERIC_CREATURE_CLASS,train,truebones,codex_draft_from_contact_sheets_and_action_name,codex_draft,True,Monkey___Idle2_566.npy,A monkey holds an idle pose with small body adjustments.,6
P1,P1_AI_DRAFT_REMAINING;P1_BAD_ARTICLE_A_ANIMAL;P2_ANIMAL_LEVEL_GENERIC;P2_GENERIC_CREATURE_CLASS,train,truebones,codex_draft_from_contact_sheets_and_action_name,codex_draft,True,Monkey___Idle3_568.npy,A monkey holds an idle pose with small body adjustments.,6
P1,P1_AI_DRAFT_REMAINING;P1_BAD_ARTICLE_A_ANIMAL;P2_ANIMAL_LEVEL_GENERIC;P2_GENERIC_CREATURE_CLASS,train,truebones,codex_draft_from_contact_sheets_and_action_name,codex_draft,True,Monkey___Idle3_569.npy,A monkey holds an idle pose with small body adjustments.,6
P1,P1_REST_POSE;P2_ANIMAL_LEVEL_GENERIC,train,truebones,collected,present,False,Ostrich___Idle2_581.npy,Rest pose of an animal.,5
P1,P1_OVER_NARRATIVE,train,animo4d_L4_safe,animo4d_official_text,present,False,PZ_Aardvark_Female_aardvark_female__animationmotionextractedfighting_manisetee389e88__aardvark_female_fighttaunt_5.npy,The female aardvark fights and then taunts her opponent,3
P1,P1_SOURCE_ACTION_ARTIFACT,train,animo4d_L4_safe,animo4d_official_text,present,False,PZ_Aardvark_Female_aardvark_female__animationnotmotionextractedbehaviour_maniset1b75d874__aardvark_female_standgimmick01_67.npy,The female aardvark stands still as part of her gimmick,3
P1,P1_OVER_NARRATIVE,train,animo4d_L4_safe,animo4d_official_text,present,False,PZ_Aardvark_Juvenile_aardvark_juvenile__animationmotionextractedfighting_maniset2b683f20__aardvark_juvenile_fightchaseoff_3.npy,The juvenile aardvark fights and then chases off its opponent,3
P1,P1_OVER_NARRATIVE,train,animo4d_L4_safe,animo4d_official_text,present,False,PZ_Aardvark_Juvenile_aardvark_juvenile__animationmotionextractedfighting_maniset2b683f20__aardvark_juvenile_fighttaunt_7.npy,The juvenile aardvark fights and then taunts its opponent,3
P1,P1_OVER_NARRATIVE,train,animo4d_L4_safe,animo4d_official_text,present,False,PZ_Aardvark_Juvenile_aardvark_juvenile__animationmotionextractedfighting_maniset2b683f20__aardvark_juvenile_fighttauntreact_8.npy,The juvenile aardvark fights taunts and then reacts swiftly,3
P1,P1_OVER_NARRATIVE;P1_SOURCE_ACTION_ARTIFACT,train,animo4d_L4_safe,animo4d_official_text,present,False,PZ_Aardvark_Juvenile_aardvark_juvenile__animationnotmotionextractedbehaviour_maniset828910c__aardvark_juvenile_standgimmick01_63.npy,The juvenile aardvark stands still as a gimmick,3
P1,P1_OVER_NARRATIVE,train,animo4d_L4_safe,animo4d_official_text,present,False,PZ_Aardvark_Male_aardvark_male__animationmotionextractedfighting_manisetef57783d__aardvark_male_fightchaseoff_2.npy,The male aardvark fights and then chases off the intruder,3
P1,P1_OVER_NARRATIVE,train,animo4d_L4_safe,animo4d_official_text,present,False,PZ_Aardvark_Male_aardvark_male__animationmotionextractedfighting_manisetef57783d__aardvark_male_fighttaunt_6.npy,The male aardvark fights and then taunts its opponent,3
P1,P1_SOURCE_ACTION_ARTIFACT,train,animo4d_L4_safe,animo4d_official_text,present,False,PZ_Aardvark_Male_aardvark_male__animationnotmotionextractedbehaviour_maniset32599729__aardvark_male_standgimmick01_71.npy,The male aardvark stands still as part of its gimmick,3
P1,P1_OVER_NARRATIVE,train,animo4d_L4_safe,animo4d_official_text,present,False,PZ_Addax_Female_addax_female__animationnotmotionextractedbehaviour_maniset743be96__addax_female_shake_63.npy,The female addax shakes her head,3
P1,P1_SOURCE_ACTION_ARTIFACT,train,animo4d_L4_safe,animo4d_official_text,present,False,PZ_Addax_Female_addax_female__animationnotmotionextractedbehaviour_maniset743be96__addax_female_standgimmick01_66.npy,The female addax stands still and then performs a small playful gimmick,3
P1,P1_OVER_NARRATIVE,train,animo4d_L4_safe,animo4d_official_text,present,False,PZ_Addax_Female_addax_female__animationnotmotionextractedfighting_manisetac91fe6c__addax_female_fighttaunt_77.npy,The female addax fights and then taunts her opponent,3
P1,P1_OVER_NARRATIVE,train,animo4d_L4_safe,animo4d_official_text,present,False,PZ_Addax_Female_addax_female__animationnotmotionextractedfighting_manisetac91fe6c__addax_female_fightvictorytaunt_80.npy,The female addax fights wins and then taunts her opponent,3
P1,P1_OVER_NARRATIVE,train,animo4d_L4_safe,animo4d_official_text,present,False,PZ_Addax_Juvenile_addax_juvenile__animationmotionextractedfighting_manisetfc54b3c2__addax_juvenile_fightchaseoff_1.npy,The juvenile addax fights and then chases off its opponent,3
P1,P1_SOURCE_ACTION_ARTIFACT,train,animo4d_L4_safe,animo4d_official_text,present,False,PZ_Addax_Juvenile_addax_juvenile__animationnotmotionextractedbehaviour_maniset1f0887ae__addax_juvenile_standgimmick01_64.npy,The juvenile addax stands still as a gimmick,3
P1,P1_OVER_NARRATIVE,train,animo4d_L4_safe,animo4d_official_text,present,False,PZ_Addax_Juvenile_addax_juvenile__animationnotmotionextractedfighting_maniset31e1a184__addax_juvenile_fighttaunt_78.npy,The juvenile addax fights and then taunts its opponent,3
P1,P1_OVER_NARRATIVE,train,animo4d_L4_safe,animo4d_official_text,present,False,PZ_Addax_Juvenile_addax_juvenile__animationnotmotionextractedfighting_maniset31e1a184__addax_juvenile_fighttauntreact_79.npy,The juvenile addax fights taunts its opponent and then reacts swiftly,3
P1,P1_OVER_NARRATIVE,train,animo4d_L4_safe,animo4d_official_text,present,False,PZ_Addax_Juvenile_addax_juvenile__animationnotmotionextractedfighting_maniset31e1a184__addax_juvenile_fightvictorytaunt_81.npy,The juvenile addax fights achieves victory and then taunts its opponent,3
P1,P1_OVER_NARRATIVE,train,animo4d_L4_safe,animo4d_official_text,present,False,PZ_Addax_Male_addax_male__animationmotionextractedfighting_manisetf04eebdf__addax_male_fightchaseoff_1.npy,The male addax fights and then chases off the rival,3
P1,P1_SOURCE_ACTION_ARTIFACT,train,animo4d_L4_safe,animo4d_official_text,present,False,PZ_Addax_Male_addax_male__animationnotmotionextractedbehaviour_manisetd7d38ccb__addax_male_standgimmick01_67.npy,The male addax stands still and then performs a small playful gimmick,3
P1,P1_OVER_NARRATIVE,train,animo4d_L4_safe,animo4d_official_text,present,False,PZ_Addax_Male_addax_male__animationnotmotionextractedfighting_maniset2efebb61__addax_male_fightidle_78.npy,The male addax fights fiercely,3
P1,P1_OVER_NARRATIVE,train,animo4d_L4_safe,animo4d_official_text,present,False,PZ_Addax_Male_addax_male__animationnotmotionextractedfighting_maniset2efebb61__addax_male_fighttaunt_80.npy,The male addax fights and then taunts his opponent,3
P1,P1_OVER_NARRATIVE,train,animo4d_L4_safe,animo4d_official_text,present,False,PZ_Addax_Male_addax_male__animationnotmotionextractedfighting_maniset2efebb61__addax_male_fighttauntreact_81.npy,The male addax fights taunts and then reacts swiftly,3
P1,P1_OVER_NARRATIVE,train,animo4d_L4_safe,animo4d_official_text,present,False,PZ_African_Buffalo_Female_african_buffalo_female__animationmotionextractedfighting_manisetc1220ca9__african_buffalo_female_fightchaseoff_2.npy,The female African buffalo fights and then chases off the intruder,3
P1,P1_OVER_NARRATIVE,train,animo4d_L4_safe,animo4d_official_text,present,False,PZ_African_Buffalo_Female_african_buffalo_female__animationmotionextractedfighting_manisetc1220ca9__african_buffalo_female_fighttaunt_5.npy,The female African buffalo fights and then taunts her opponent,3
P1,P1_OVER_NARRATIVE,train,animo4d_L4_safe,animo4d_official_text,present,False,PZ_African_Buffalo_Female_african_buffalo_female__animationmotionextractedfighting_manisetc1220ca9__african_buffalo_female_fighttauntreact_6.npy,The female African buffalo fights taunts and then reacts swiftly,3
P1,P1_SOURCE_ACTION_ARTIFACT,train,animo4d_L4_safe,animo4d_official_text,present,False,PZ_African_Buffalo_Female_african_buffalo_female__animationnotmotionextractedbehaviour_maniset43f7d795__african_buffalo_female_standgimmick01_71.npy,The female African buffalo stands still as a defensive gimmick,3
P1,P1_OVER_NARRATIVE,train,animo4d_L4_safe,animo4d_official_text,present,False,PZ_African_Buffalo_Female_african_buffalo_female__animationnotmotionextractedfighting_maniset171dcbab__african_buffalo_female_fightvictorytaunt_83.npy,The female African buffalo fights wins and then taunts her defeated opponent,3
P1,P1_OVER_NARRATIVE,train,animo4d_L4_safe,animo4d_official_text,present,False,PZ_African_Buffalo_Juvenile_african_buffalo_juvenile__animationmotionextractedfighting_maniset5e65b981__african_buffalo_juvenile_fightchaseoff_1.npy,The juvenile African buffalo fights and then chases off its opponent,3
P1,P1_OVER_NARRATIVE,train,animo4d_L4_safe,animo4d_official_text,present,False,PZ_African_Buffalo_Juvenile_african_buffalo_juvenile__animationmotionextractedfighting_maniset5e65b981__african_buffalo_juvenile_fighttaunt_3.npy,The juvenile African buffalo fights and then taunts its opponent,3
P1,P1_SOURCE_ACTION_ARTIFACT,train,animo4d_L4_safe,animo4d_official_text,present,False,PZ_African_Buffalo_Juvenile_african_buffalo_juvenile__animationnotmotionextractedbehaviour_maniset5926dc6d__african_buffalo_juvenile_standgimmick01_63.npy,The juvenile African buffalo stands still as a gimmick,3
P1,P1_OVER_NARRATIVE,train,animo4d_L4_safe,animo4d_official_text,present,False,PZ_African_Buffalo_Juvenile_african_buffalo_juvenile__animationnotmotionextractedfighting_maniset6e95ba83__african_buffalo_juvenile_fightreacttodie_73.npy,The juvenile African buffalo fights reacts and then dies,3
P1,P1_OVER_NARRATIVE,train,animo4d_L4_safe,animo4d_official_text,present,False,PZ_African_Buffalo_Juvenile_african_buffalo_juvenile__animationnotmotionextractedfighting_maniset6e95ba83__african_buffalo_juvenile_fightvictorytaunt_75.npy,The juvenile African buffalo fights wins and then taunts its defeated opponent,3
P1,P1_OVER_NARRATIVE,train,animo4d_L4_safe,animo4d_official_text,present,False,PZ_African_Buffalo_Male_african_buffalo_male__animationmotionextractedfighting_manisetbb1cea1e__african_buffalo_male_fightchaseoff_2.npy,The male African buffalo fights and then chases off the intruder,3
P1,P1_OVER_NARRATIVE,train,animo4d_L4_safe,animo4d_official_text,present,False,PZ_African_Buffalo_Male_african_buffalo_male__animationmotionextractedfighting_manisetbb1cea1e__african_buffalo_male_fighttaunt_5.npy,The male African buffalo fights and then taunts his opponent,3
P1,P1_SOURCE_ACTION_ARTIFACT,train,animo4d_L4_safe,animo4d_official_text,present,False,PZ_African_Buffalo_Male_african_buffalo_male__animationnotmotionextractedbehaviour_maniset425f5a0a__african_buffalo_male_standgimmick01_71.npy,The male African buffalo stands still as a defensive gimmick,3
P1,P1_OVER_NARRATIVE,train,animo4d_L4_safe,animo4d_official_text,present,False,PZ_African_Buffalo_Male_african_buffalo_male__animationnotmotionextractedfighting_maniset59682ce0__african_buffalo_male_fightvictorytaunt_84.npy,The male African buffalo fights wins and then taunts its defeated opponent,3
P1,P1_OVER_NARRATIVE,train,animo4d_L4_safe,animo4d_official_text,present,False,PZ_African_Crested_Porcupine_Juvenile_african_crested_porcupine_juvenile__animationnotmotionextractedfighting_manisetc61cbe0a__african_crested_porcupine_juvenile_fightattack_large_61.npy,The juvenile crested porcupine fights and then attacks the large opponent,3
P1,P1_OVER_NARRATIVE,train,animo4d_L4_safe,animo4d_official_text,present,False,PZ_African_Crested_Porcupine_Juvenile_african_crested_porcupine_juvenile__animationnotmotionextractedfighting_manisetc61cbe0a__african_crested_porcupine_juvenile_fightattack_small_62.npy,The juvenile crested porcupine fights and then attacks the small prey,3
P1,P1_OVER_NARRATIVE,train,animo4d_L4_safe,animo4d_official_text,present,False,PZ_African_Crested_Porcupine_Juvenile_african_crested_porcupine_juvenile__animationnotmotionextractedfighting_manisetc61cbe0a__african_crested_porcupine_juvenile_fightchaseoff_63.npy,The juvenile crested porcupine fights and then chases off its opponent,3
P1,P1_OVER_NARRATIVE;P2_GENERIC_CREATURE_CLASS,train,animo4d_L4_safe,animo4d_official_text,present,False,PZ_African_Crested_Porcupine_Male_african_crested_porcupine_male__animationmotionextractedbehaviour_manisetd7be7d8f__african_crested_porcupine_male_fightattack_large_63.npy,The male crested porcupine fights and then attacks the large opponent,3
P1,P1_OVER_NARRATIVE;P2_GENERIC_CREATURE_CLASS,train,animo4d_L4_safe,animo4d_official_text,present,False,PZ_African_Crested_Porcupine_Male_african_crested_porcupine_male__animationmotionextractedbehaviour_manisetd7be7d8f__african_crested_porcupine_male_fightattack_small_64.npy,The male crested porcupine fights and then attacks the small opponent,3
P1,P1_OVER_NARRATIVE,train,animo4d_L4_safe,animo4d_official_text,present,False,PZ_African_Crested_Porcupine_Male_african_crested_porcupine_male__animationmotionextractedbehaviour_manisetd7be7d8f__african_crested_porcupine_male_fightchaseoff_65.npy,The male crested porcupine fights and then chases off the intruder,3
P1,P1_OVER_NARRATIVE,train,animo4d_L4_safe,animo4d_official_text,present,False,PZ_African_Crested_Porcupine_Male_african_crested_porcupine_male__animationmotionextractedbehaviour_manisetd7be7d8f__african_crested_porcupine_male_fightreact_large_69.npy,The male crested porcupine reacts to a fight by moving large distances away,3
P1,P1_OVER_NARRATIVE,train,animo4d_L4_safe,animo4d_official_text,present,False,PZ_African_Crested_Porcupine_Male_african_crested_porcupine_male__animationmotionextractedbehaviour_manisetd7be7d8f__african_crested_porcupine_male_fightvictorytaunt_74.npy,The male crested porcupine engages in a fight emerges victorious and then taunts its opponent,3
P1,P1_SOURCE_ACTION_ARTIFACT,train,animo4d_L4_safe,animo4d_official_text,present,False,PZ_African_Crested_Porcupine_Male_african_crested_porcupine_male__animationmotionextractedbehaviour_manisetd7be7d8f__african_crested_porcupine_male_gimmick_75.npy,The male crested porcupine performs a quirky gimmick,3
P1,P1_OVER_NARRATIVE,train,animo4d_L4_safe,animo4d_official_text,present,False,PZ_African_Crested_Porcupine_Male_african_crested_porcupine_male__animationmotionextractedfighting_maniset11b588e5__african_crested_porcupine_male_fightchaseoff_186.npy,The male crested porcupine fights and then chases off the intruder,3
P1,P1_OVER_NARRATIVE,train,animo4d_L4_safe,animo4d_official_text,present,False,PZ_African_Crested_Porcupine_Male_african_crested_porcupine_male__animationmotionextractedfighting_maniset11b588e5__african_crested_porcupine_male_fightvictorytaunt_188.npy,The male crested porcupine fights wins and then taunts,3
P1,P1_SOURCE_ACTION_ARTIFACT,train,animo4d_L4_safe,animo4d_official_text,present,False,PZ_African_Crested_Porcupine_Male_african_crested_porcupine_male__animationnotmotionextractedbehaviour_manisetb71cfd1__african_crested_porcupine_male_gimmick_293.npy,The male crested porcupine performs a quirky gimmick,3
P1,P1_OVER_NARRATIVE;P2_GENERIC_CREATURE_CLASS,train,animo4d_L4_safe,animo4d_official_text,present,False,PZ_African_Crested_Porcupine_Male_african_crested_porcupine_male__animationnotmotionextractedfighting_maniset8a0484e7__african_crested_porcupine_male_fightattack_large_314.npy,The male crested porcupine fights and then attacks the large opponent,3
P1,P1_OVER_NARRATIVE,train,animo4d_L4_safe,animo4d_official_text,present,False,PZ_African_Crested_Porcupine_Male_african_crested_porcupine_male__animationnotmotionextractedfighting_maniset8a0484e7__african_crested_porcupine_male_fightattack_small_315.npy,The male crested porcupine fights and then attacks the small opponent,3
P1,P1_OVER_NARRATIVE,train,animo4d_L4_safe,animo4d_official_text,present,False,PZ_African_Crested_Porcupine_Male_african_crested_porcupine_male__animationnotmotionextractedfighting_maniset8a0484e7__african_crested_porcupine_male_fighttauntreact_321.npy,The male crested porcupine fights taunts and then reacts defensively,3
P1,P1_OVER_NARRATIVE,train,animo4d_L4_safe,animo4d_official_text,present,False,PZ_African_Elephant_Female_african_elephant_female__animationmotionextractedfighting_maniset8666ddd__african_elephant_female_fightchaseoff_1.npy,The female African elephant fights and then chases off the intruder,3
P1,P1_SOURCE_ACTION_ARTIFACT,train,animo4d_L4_safe,animo4d_official_text,present,False,PZ_African_Elephant_Female_african_elephant_female__animationnotmotionextractedbehaviour_maniset5f542cc9__african_elephant_female_standgimmick01_56.npy,The female African elephant stands still as a gimmick,3
P1,P1_SOURCE_ACTION_ARTIFACT,train,animo4d_L4_safe,animo4d_official_text,present,False,PZ_African_Elephant_Female_african_elephant_female__animationnotmotionextractedbehaviour_maniset5f542cc9__african_elephant_female_standgimmick02_57.npy,The female African elephant stands still as a gimmick,3
P1,P1_OVER_NARRATIVE,train,animo4d_L4_safe,animo4d_official_text,present,False,PZ_African_Elephant_Female_african_elephant_female__animationnotmotionextractedfighting_maniset353b43df__african_elephant_female_fighttaunt_68.npy,The female African elephant fights and then taunts her opponent,3
P1,P1_OVER_NARRATIVE,train,animo4d_L4_safe,animo4d_official_text,present,False,PZ_African_Elephant_Male_african_elephant_male__animationmotionextractedfighting_maniset93af6e52__african_elephant_male_fightchaseoff_1.npy,The male African elephant fights and then chases off the intruder,3
P1,P1_SOURCE_ACTION_ARTIFACT,train,animo4d_L4_safe,animo4d_official_text,present,False,PZ_African_Elephant_Male_african_elephant_male__animationnotmotionextractedbehaviour_maniset607cd23e__african_elephant_male_standgimmick01_70.npy,The male African elephant stands still as a gimmick,3
P1,P1_SOURCE_ACTION_ARTIFACT,train,animo4d_L4_safe,animo4d_official_text,present,False,PZ_African_Elephant_Male_african_elephant_male__animationnotmotionextractedbehaviour_maniset607cd23e__african_elephant_male_standgimmick02_71.npy,The male African elephant stands still as a gimmick,3
P1,P1_OVER_NARRATIVE,train,animo4d_L4_safe,animo4d_official_text,present,False,PZ_African_Elephant_Male_african_elephant_male__animationnotmotionextractedfighting_maniset81a20814__african_elephant_male_fightreact_83.npy,The male African elephant fights and then reacts defensively,3
P1,P1_OVER_NARRATIVE,train,animo4d_L4_safe,animo4d_official_text,present,False,PZ_African_Wild_Dog_Female_african_wild_dog_female__animationmotionextractedfighting_maniset6fc4c976__african_wild_dog_female_fightchaseoff_2.npy,The female wild dog fights and then chases off the intruder,3
P1,P1_OVER_NARRATIVE,train,animo4d_L4_safe,animo4d_official_text,present,False,PZ_African_Wild_Dog_Female_african_wild_dog_female__animationmotionextractedfighting_maniset6fc4c976__african_wild_dog_female_fighttaunt_7.npy,The female wild dog fights and then taunts her opponent,3
P1,P1_SOURCE_ACTION_ARTIFACT,train,animo4d_L4_safe,animo4d_official_text,present,False,PZ_African_Wild_Dog_Female_african_wild_dog_female__animationnotmotionextractedbehaviour_maniset1f3d1162__african_wild_dog_female_standgimmick01_71.npy,The female wild dog stands still as a gimmick,3
P1,P1_SOURCE_ACTION_ARTIFACT,train,animo4d_L4_safe,animo4d_official_text,present,False,PZ_African_Wild_Dog_Juvenile_african_wild_dog_juvenile__animationnotmotionextractedbehaviour_maniset1aa1bd7a__african_wild_dog_juvenile_standgimmick01_66.npy,The juvenile wild dog stands still as a gimmick,1
P1,P1_OVER_NARRATIVE,train,animo4d_L4_safe,animo4d_official_text,present,False,PZ_African_Wild_Dog_Male_african_wild_dog_male__animationmotionextractedfighting_manisetc600fab__african_wild_dog_male_fightchaseoff_2.npy,The male wild dog fights and then chases off the intruder,3
P1,P1_OVER_NARRATIVE,train,animo4d_L4_safe,animo4d_official_text,present,False,PZ_African_Wild_Dog_Male_african_wild_dog_male__animationmotionextractedfighting_manisetc600fab__african_wild_dog_male_fighttaunt_6.npy,The male wild dog fights and then taunts its opponent,3
P1,P1_OVER_NARRATIVE,train,animo4d_L4_safe,animo4d_official_text,present,False,PZ_Alaskan_Moose_Female_alaskan_moose_female__animationmotionextractedfighting_maniset91d0f6dc__alaskan_moose_female_fightchaseoff_1.npy,The female Alaskan moose fights and then chases off the intruder,3
P1,P1_SOURCE_ACTION_ARTIFACT,train,animo4d_L4_safe,animo4d_official_text,present,False,PZ_Alaskan_Moose_Female_alaskan_moose_female__animationnotmotionextractedbehaviour_manisetd6bb44c8__alaskan_moose_female_standgimmick01_57.npy,The female Alaskan moose stands still as a clever gimmick,3
P1,P1_OVER_NARRATIVE,train,animo4d_L4_safe,animo4d_official_text,present,False,PZ_Alaskan_Moose_Female_alaskan_moose_female__animationnotmotionextractedfighting_maniset43ae501e__alaskan_moose_female_fighttaunt_69.npy,The female Alaskan moose fights and then taunts her opponent,3
P1,P1_OVER_NARRATIVE,train,animo4d_L4_safe,animo4d_official_text,present,False,PZ_Alaskan_Moose_Female_alaskan_moose_female__animationnotmotionextractedfighting_maniset43ae501e__alaskan_moose_female_fighttauntreact_70.npy,The female Alaskan moose fights taunts her opponent and then reacts defensively,3
P1,P1_OVER_NARRATIVE,train,animo4d_L4_safe,animo4d_official_text,present,False,PZ_Alaskan_Moose_Female_alaskan_moose_female__animationnotmotionextractedfighting_maniset43ae501e__alaskan_moose_female_fightvictorytaunt_72.npy,The female Alaskan moose fights wins and then taunts her opponent,3
P1,P1_SOURCE_ACTION_ARTIFACT,train,animo4d_L4_safe,animo4d_official_text,present,False,PZ_Alaskan_Moose_Juvenile_alaskan_moose_juvenile__animationnotmotionextractedbehaviour_manisetaa7a6260__alaskan_moose_juvenile_standgimmick01_54.npy,The juvenile Alaskan moose stands still as a clever gimmick,3
P1,P1_OVER_NARRATIVE,train,animo4d_L4_safe,animo4d_official_text,present,False,PZ_Alaskan_Moose_Juvenile_alaskan_moose_juvenile__animationnotmotionextractedfighting_maniset15927b6__alaskan_moose_juvenile_fightreact_64.npy,The juvenile Alaskan moose reacts to the fight by stepping back,3
P1,P1_OVER_NARRATIVE,train,animo4d_L4_safe,animo4d_official_text,present,False,PZ_Alaskan_Moose_Juvenile_alaskan_moose_juvenile__animationnotmotionextractedfighting_maniset15927b6__alaskan_moose_juvenile_fighttaunt_65.npy,The juvenile Alaskan moose fights and then taunts its opponent,3
P1,P1_OVER_NARRATIVE,train,animo4d_L4_safe,animo4d_official_text,present,False,PZ_Alaskan_Moose_Juvenile_alaskan_moose_juvenile__animationnotmotionextractedfighting_maniset15927b6__alaskan_moose_juvenile_fightvictorytaunt_68.npy,The juvenile Alaskan moose fights wins and then taunts its opponent,3
P1,P1_OVER_NARRATIVE,train,animo4d_L4_safe,animo4d_official_text,present,False,PZ_Alaskan_Moose_Male_alaskan_moose_male__animationnotmotionextractedfighting_maniset5f16f893__alaskan_moose_male_fighttaunt_66.npy,The male Alaskan moose fights and then taunts its opponent,3
P1,P1_OVER_NARRATIVE,train,animo4d_L4_safe,animo4d_official_text,present,False,PZ_Alaskan_Moose_Male_alaskan_moose_male__animationnotmotionextractedfighting_maniset5f16f893__alaskan_moose_male_fightvictorytaunt_69.npy,The male Alaskan moose fights wins and then taunts his defeated opponent,3
P1,P1_OVER_NARRATIVE,train,animo4d_L4_safe,animo4d_official_text,present,False,PZ_Aldabra_Giant_Tortoise_Female_aldabra_giant_tortoise_female__animationnotmotionextractedfighting_manisetee292101__aldabra_giant_tortoise_female_fighttaunt_64.npy,The female giant tortoise fights and then taunts her opponent,3
P1,P1_OVER_NARRATIVE,train,animo4d_L4_safe,animo4d_official_text,present,False,PZ_Aldabra_Giant_Tortoise_Male_aldabra_giant_tortoise_male__animationnotmotionextractedfighting_maniset6dd234b6__aldabra_giant_tortoise_male_fighttaunt_67.npy,The male giant tortoise fights and then taunts its opponent,3
P1,P1_OVER_NARRATIVE,train,animo4d_L4_safe,animo4d_official_text,present,False,PZ_Alpaca_Juvenile_alpaca_juvenile__animationmotionextractedfighting_maniset31770cf9__alpaca_juvenile_fightchaseoff_2.npy,The juvenile alpaca fights and then chases off the intruder,3
P1,P1_SOURCE_ACTION_ARTIFACT,train,animo4d_L4_safe,animo4d_official_text,present,False,PZ_Alpaca_Juvenile_alpaca_juvenile__animationnotmotionextractedbehaviour_maniseta03027e5__alpaca_juvenile_standgimmick01_67.npy,The juvenile alpaca stands still as part of its playful gimmick,3
P1,P1_OVER_NARRATIVE,train,animo4d_L4_safe,animo4d_official_text,present,False,PZ_Alpaca_Juvenile_alpaca_juvenile__animationnotmotionextractedfighting_manisetc165c7fb__alpaca_juvenile_fighttaunt_79.npy,The juvenile alpaca fights and then taunts its opponent,3
P1,P1_OVER_NARRATIVE,train,animo4d_L4_safe,animo4d_official_text,present,False,PZ_Alpaca_Juvenile_alpaca_juvenile__animationnotmotionextractedfighting_manisetc165c7fb__alpaca_juvenile_fightvictorytaunt_82.npy,The juvenile alpaca fights wins and then taunts its opponent,3
P1,P1_OVER_NARRATIVE,train,animo4d_L4_safe,animo4d_official_text,present,False,PZ_Alpaca_Male_alpaca_male__animationmotionextractedbehaviour_maniset25b92680__alpaca_male_fightreact_7.npy,The male alpaca fights and then reacts defensively,3
P1,P1_OVER_NARRATIVE,train,animo4d_L4_safe,animo4d_official_text,present,False,PZ_Alpaca_Male_alpaca_male__animationmotionextractedbehaviour_maniset25b92680__alpaca_male_fighttaunt_9.npy,The male alpaca fights and then taunts its opponent,3
P1,P1_OVER_NARRATIVE,train,animo4d_L4_safe,animo4d_official_text,present,False,PZ_Alpaca_Male_alpaca_male__animationmotionextractedbehaviour_maniset25b92680__alpaca_male_fighttauntreact_10.npy,The male alpaca fights taunts and then reacts swiftly,3
P1,P1_SOURCE_ACTION_ARTIFACT,train,animo4d_L4_safe,animo4d_official_text,present,False,PZ_Alpaca_Male_alpaca_male__animationmotionextractedbehaviour_maniset25b92680__alpaca_male_standgimmick01_34.npy,The male alpaca stands still as part of a gimmick,3
P1,P1_SOURCE_ACTION_ARTIFACT,train,animo4d_L4_safe,animo4d_official_text,present,False,PZ_Alpaca_Male_alpaca_male__animationnotmotionextractedbehaviour_maniset1c5da982__alpaca_male_standgimmick01_160.npy,The male alpaca stands still as part of a gimmick,3
P1,P1_OVER_NARRATIVE,train,animo4d_L4_safe,animo4d_official_text,present,False,PZ_Alpaca_Male_alpaca_male__animationnotmotionextractedfighting_maniset361c3e58__alpaca_male_fighttaunt_172.npy,The male alpaca fights and then taunts its opponent,3
P1,P1_OVER_NARRATIVE,train,animo4d_L4_safe,animo4d_official_text,present,False,PZ_Alpaca_Male_alpaca_male__animationnotmotionextractedfighting_maniset361c3e58__alpaca_male_fightvictorytaunt_174.npy,The male alpaca fights wins and then taunts his opponent,3
P1,P1_OVER_NARRATIVE,train,animo4d_L4_safe,animo4d_official_text,present,False,PZ_Alpine_Goat_Female_alpine_goat_female__animationmotionextractedfighting_maniset9bdec1a4__alpine_goat_female_fightchaseoff_3.npy,The female alpine goat fights and then chases the intruder off,3
P1,P1_OVER_NARRATIVE,train,animo4d_L4_safe,animo4d_official_text,present,False,PZ_Alpine_Goat_Female_alpine_goat_female__animationmotionextractedfighting_maniset9bdec1a4__alpine_goat_female_fightreacttodie_6.npy,The female alpine goat fights reacts and then dies,3
P1,P1_OVER_NARRATIVE,train,animo4d_L4_safe,animo4d_official_text,present,False,PZ_Alpine_Goat_Female_alpine_goat_female__animationmotionextractedfighting_maniset9bdec1a4__alpine_goat_female_fighttaunt_7.npy,The female alpine goat fights and then taunts her opponent,3
P1,P1_OVER_NARRATIVE,train,animo4d_L4_safe,animo4d_official_text,present,False,PZ_Alpine_Goat_Juvenile_alpine_goat_juvenile__animationmotionextractedfighting_manisetdb23993c__alpine_goat_juvenile_fightchaseoff_2.npy,The juvenile alpine goat fights and then chases off its rival,3
P1,P1_OVER_NARRATIVE,train,animo4d_L4_safe,animo4d_official_text,present,False,PZ_Alpine_Goat_Juvenile_alpine_goat_juvenile__animationmotionextractedfighting_manisetdb23993c__alpine_goat_juvenile_fighttaunt_4.npy,The juvenile alpine goat fights and then taunts its opponent,3
P1,P1_SOURCE_ACTION_ARTIFACT,train,animo4d_L4_safe,animo4d_official_text,present,False,PZ_Alpine_Goat_Juvenile_alpine_goat_juvenile__animationnotmotionextractedbehaviour_manisetc03a4728__alpine_goat_juvenile_standgimmick01_70.npy,The juvenile alpine goat stands still as a gimmick,3
P1,P1_OVER_NARRATIVE,train,animo4d_L4_safe,animo4d_official_text,present,False,PZ_Alpine_Goat_Male_alpine_goat_male__animationmotionextractedfighting_maniset5fa22459__alpine_goat_male_fightchaseoff_2.npy,The male alpine goat fights and then chases the opponent off,3
P1,P1_OVER_NARRATIVE,train,animo4d_L4_safe,animo4d_official_text,present,False,PZ_Alpine_Goat_Male_alpine_goat_male__animationmotionextractedfighting_maniset5fa22459__alpine_goat_male_fighttaunt_6.npy,The male alpine goat fights and then taunts its opponent,3
P1,P1_OVER_NARRATIVE,train,animo4d_L4_safe,animo4d_official_text,present,False,PZ_Alpine_Goat_Male_alpine_goat_male__animationmotionextractedfighting_maniset5fa22459__alpine_goat_male_fightvictorytaunt_8.npy,The male alpine goat charges forward in a victorious taunt after the fight,3
P1,P1_SOURCE_ACTION_ARTIFACT,train,animo4d_L4_safe,animo4d_official_text,present,False,PZ_Alpine_Goat_Male_alpine_goat_male__animationnotmotionextractedbehaviour_maniseta62c9f45__alpine_goat_male_standgimmick01_69.npy,The male alpine goat stands still as part of its gimmick,3
P1,P1_OVER_NARRATIVE,train,animo4d_L4_safe,animo4d_official_text,present,False,PZ_Alpine_Ibex_Juvenile_alpine_ibex_juvenile__animationmotionextractedfighting_maniseta866fca6__alpine_ibex_juvenile_fightchaseoff_1.npy,The juvenile alpine ibex fights and then chases off its rival,3
P1,P1_OVER_NARRATIVE,train,animo4d_L4_safe,animo4d_official_text,present,False,PZ_Alpine_Ibex_Juvenile_alpine_ibex_juvenile__animationmotionextractedfighting_maniseta866fca6__alpine_ibex_juvenile_fighttaunt_3.npy,The juvenile alpine ibex fights and then taunts its opponent,3
P1,P1_SOURCE_ACTION_ARTIFACT,train,animo4d_L4_safe,animo4d_official_text,present,False,PZ_Alpine_Ibex_Juvenile_alpine_ibex_juvenile__animationnotmotionextractedbehaviour_maniset7bb77492__alpine_ibex_juvenile_standgimmick01_63.npy,The juvenile alpine ibex stands still as a gimmick,3
P1,P1_OVER_NARRATIVE,train,animo4d_L4_safe,animo4d_official_text,present,False,PZ_Alpine_Ibex_Juvenile_alpine_ibex_juvenile__animationnotmotionextractedfighting_maniset13680568__alpine_ibex_juvenile_fightvictorytaunt_76.npy,The juvenile alpine ibex fights wins and then taunts its opponent,3
P1,P1_OVER_NARRATIVE,train,animo4d_L4_safe,animo4d_official_text,present,False,PZ_American_Alligator_Female_american_alligator_female__animationmotionextractedfighting_maniset8d0c90bb__american_alligator_female_fightchaseoff_1.npy,The female American alligator fights and then chases off her opponent,3
P1,P1_OVER_NARRATIVE,train,animo4d_L4_safe,animo4d_official_text,present,False,PZ_American_Alligator_Female_american_alligator_female__animationmotionextractedfighting_maniset8d0c90bb__american_alligator_female_fighttaunt_4.npy,The female American alligator fights and then taunts her opponent,1
P1,P1_OVER_NARRATIVE,train,animo4d_L4_safe,animo4d_official_text,present,False,PZ_American_Alligator_Male_american_alligator_male__animationnotmotionextractedfighting_maniset603a69f2__american_alligator_male_fighttauntreact_69.npy,The male American alligator fights taunts and then reacts swiftly,3
P1,P1_OVER_NARRATIVE,train,animo4d_L4_safe,animo4d_official_text,present,False,PZ_American_Alligator_Male_american_alligator_male__animationnotmotionextractedfighting_maniset603a69f2__american_alligator_male_fighttostand_70.npy,The male American alligator fights and then stands still,3
P1,P1_OVER_NARRATIVE,train,animo4d_L4_safe,animo4d_official_text,present,False,PZ_American_Bison_Female_american_bison_female__animationmotionextractedfighting_manisetf99e4db9__american_bison_female_fightchaseoff_2.npy,The female American bison fights and then chases off the intruder,3
P1,P1_OVER_NARRATIVE,train,animo4d_L4_safe,animo4d_official_text,present,False,PZ_American_Bison_Female_american_bison_female__animationmotionextractedfighting_manisetf99e4db9__american_bison_female_fighttaunt_6.npy,The female American bison fights and then taunts her opponent,3
P1,P1_OVER_NARRATIVE,train,animo4d_L4_safe,animo4d_official_text,present,False,PZ_American_Bison_Female_american_bison_female__animationmotionextractedfighting_manisetf99e4db9__american_bison_female_fighttauntreact_7.npy,The female American bison fights taunts and then reacts swiftly,3
P1,P1_SOURCE_ACTION_ARTIFACT,train,animo4d_L4_safe,animo4d_official_text,present,False,PZ_American_Bison_Female_american_bison_female__animationnotmotionextractedbehaviour_maniset18ec28a5__american_bison_female_standgimmick01_62.npy,The female American bison stands still as a gimmick,3
P1,P1_OVER_NARRATIVE,train,animo4d_L4_safe,animo4d_official_text,present,False,PZ_American_Bison_Female_american_bison_female__animationnotmotionextractedfighting_maniset15aa98bb__american_bison_female_fightvictorytaunt_73.npy,The female American bison fights wins and then taunts her opponent,3
P1,P1_SOURCE_ACTION_ARTIFACT,train,animo4d_L4_safe,animo4d_official_text,present,False,PZ_American_Bison_Juvenile_american_bison_juvenile__animationnotmotionextractedbehaviour_maniset3c73b17d__american_bison_juvenile_standgimmick01_63.npy,The juvenile American bison stands still as part of a playful gimmick,3
P1,P1_OVER_NARRATIVE,train,animo4d_L4_safe,animo4d_official_text,present,False,PZ_American_Bison_Male_american_bison_male__animationmotionextractedfighting_manisetba75a72e__american_bison_male_fightchaseoff_2.npy,The male American bison fights and then chases off the intruder,3
P1,P1_OVER_NARRATIVE,train,animo4d_L4_safe,animo4d_official_text,present,False,PZ_American_Bison_Male_american_bison_male__animationmotionextractedfighting_manisetba75a72e__american_bison_male_fightreact_4.npy,The male American bison charges forward and then reacts fiercely in the fight,3
P1,P1_OVER_NARRATIVE,train,animo4d_L4_safe,animo4d_official_text,present,False,PZ_American_Bison_Male_american_bison_male__animationmotionextractedfighting_manisetba75a72e__american_bison_male_fighttaunt_6.npy,The male American bison charges forward in a fight and then taunts with a snort,3
P1,P1_OVER_NARRATIVE,train,animo4d_L4_safe,animo4d_official_text,present,False,PZ_American_Bison_Male_american_bison_male__animationmotionextractedfighting_manisetba75a72e__american_bison_male_fighttauntreact_7.npy,The male American bison fights taunts and then reacts swiftly,3
P1,P1_SOURCE_ACTION_ARTIFACT,train,animo4d_L4_safe,animo4d_official_text,present,False,PZ_American_Bison_Male_american_bison_male__animationnotmotionextractedbehaviour_maniset40ec271a__american_bison_male_standgimmick01_64.npy,The male American bison stands still as a protective gimmick,3
P1,P1_OVER_NARRATIVE,train,animo4d_L4_safe,animo4d_official_text,present,False,PZ_American_Bison_Male_american_bison_male__animationnotmotionextractedfighting_maniset93e75f0__american_bison_male_fightvictorytaunt_77.npy,The male American bison fights wins and then taunts,3
P1,P1_OVER_NARRATIVE,train,animo4d_L4_safe,animo4d_official_text,present,False,PZ_Amur_Leopard_Juvenile_amur_leopard_juvenile__animationmotionextractedfighting_maniset2ebd930c__amur_leopard_juvenile_fightchaseoff_1.npy,The juvenile Amur leopard fights and then chases off its opponent,3
P1,P1_OVER_NARRATIVE,train,animo4d_L4_safe,animo4d_official_text,present,False,PZ_Amur_Leopard_Juvenile_amur_leopard_juvenile__animationnotmotionextractedfighting_manisetcd8b504e__amur_leopard_juvenile_fightidle_93.npy,The juvenile Amur leopard fights with its sibling,3
P1,P1_OVER_NARRATIVE,train,animo4d_L4_safe,animo4d_official_text,present,False,PZ_Amur_Leopard_Male_amur_leopard_male__animationmotionextractedfighting_manisetaa27b629__amur_leopard_male_fightchaseoff_1.npy,The male Amur leopard fights and then chases off the intruder,3
P1,P1_OVER_NARRATIVE,train,animo4d_L4_safe,animo4d_official_text,present,False,PZ_Amur_Leopard_Male_amur_leopard_male__animationmotionextractedlocomotion_manisetce8bb82f__amur_leopard_male_fightchaseoff_33.npy,The male Amur leopard fights and then chases off its opponent,3
P1,P1_OVER_NARRATIVE,train,animo4d_L4_safe,animo4d_official_text,present,False,PZ_Amur_Leopard_Male_amur_leopard_male__animationmotionextractedlocomotion_manisetce8bb82f__amur_leopard_male_fightreacttofendoff_35.npy,The male Amur leopard fights and reacts swiftly to fend off the threat,3
P1,P1_OVER_NARRATIVE,train,animo4d_L4_safe,animo4d_official_text,present,False,PZ_Amur_Leopard_Male_amur_leopard_male__animationmotionextractedpounce_manisetf8e1a10c__amur_leopard_male_fightchaseoff_120.npy,The male Amur leopard fights and then chases off the intruder,3
P1,P1_OVER_NARRATIVE,train,animo4d_L4_safe,animo4d_official_text,present,False,PZ_Amur_Leopard_Male_amur_leopard_male__animationmotionextractedpounce_manisetf8e1a10c__amur_leopard_male_fightreacttofendoff_122.npy,The male Amur leopard fights and reacts swiftly to fend off the threat,3
P1,P1_OVER_NARRATIVE,train,animo4d_L4_safe,animo4d_official_text,present,False,PZ_Amur_Leopard_Male_amur_leopard_male__animationmotionextractedpounce_manisetf8e1a10c__amur_leopard_male_fighttaunttostand_125.npy,The male Amur leopard fights taunts and then stands still,3
P1,P1_OVER_NARRATIVE,train,animo4d_L4_safe,animo4d_official_text,present,False,PZ_Amur_Leopard_Male_amur_leopard_male__animationnotmotionextractedbehaviour_manisetc6cf0115__amur_leopard_male_fightchaseoff_216.npy,The male Amur leopard fights and then chases off the intruder,3
P1,P1_OVER_NARRATIVE,train,animo4d_L4_safe,animo4d_official_text,present,False,PZ_Amur_Leopard_Male_amur_leopard_male__animationnotmotionextractedfighting_maniset9f1c952b__amur_leopard_male_fight_pouncefromrunturnl_336.npy,The male Amur leopard fights pounces runs and then turns left,3
P1,P1_OVER_NARRATIVE,train,animo4d_L4_safe,animo4d_official_text,present,False,PZ_Amur_Leopard_Male_amur_leopard_male__animationnotmotionextractedfighting_maniset9f1c952b__amur_leopard_male_fightchaseoff_326.npy,The male Amur leopard fights and then chases off the intruder,3
P1,P1_OVER_NARRATIVE,train,animo4d_L4_safe,animo4d_official_text,present,False,PZ_Amur_Leopard_Male_amur_leopard_male__animationnotmotionextractedfighting_maniset9f1c952b__amur_leopard_male_fightidle_328.npy,The male Amur leopard fights fiercely,3
P1,P1_OVER_NARRATIVE,train,animo4d_L4_safe,animo4d_official_text,present,False,PZ_Amur_Leopard_Male_amur_leopard_male__animationnotmotionextractedlocomotion_maniset51ece311__amur_leopard_male_fightchaseoff_457.npy,The male Amur leopard fights and then chases off the intruder,3
P1,P1_OVER_NARRATIVE,train,animo4d_L4_safe,animo4d_official_text,present,False,PZ_Amur_Leopard_Male_amur_leopard_male__animationnotmotionextractedlocomotion_maniset51ece311__amur_leopard_male_fighttaunttostand_464.npy,The male Amur leopard fights taunts and then stands still,3
P1,P1_SOURCE_ACTION_ARTIFACT,train,animo4d_L4_safe,animo4d_official_text,present,False,PZ_Arctic_Fox_Juvenile_arctic_fox_juvenile__animationnotmotionextractedbehaviour_maniset873b1f0d__arctic_fox_juvenile_gimmick01_47.npy,The juvenile arctic fox performs a playful gimmick by leaping and then rolling over,3
P1,P1_OVER_NARRATIVE;P1_SOURCE_ACTION_ARTIFACT,train,animo4d_L4_safe,animo4d_official_text,present,False,PZ_Arctic_Fox_Juvenile_arctic_fox_juvenile__animationnotmotionextractedlocomotion_manisetddd85f09__arctic_fox_juvenile_gimmick01_106.npy,The juvenile arctic fox performs a playful gimmick by leaping and then rolling over,3
P1,P1_OVER_NARRATIVE,train,animo4d_L4_safe,animo4d_official_text,present,False,PZ_Arctic_Fox_Male_arctic_fox_male__animationmotionextractedfighting_maniset10403cbe__arctic_fox_male_fightchaseoff_2.npy,The male arctic fox fights and then chases the intruder off,3
P1,P1_OVER_NARRATIVE,train,animo4d_L4_safe,animo4d_official_text,present,False,PZ_Arctic_Fox_Male_arctic_fox_male__animationmotionextractedfighting_maniset10403cbe__arctic_fox_male_fighttaunt_6.npy,The male arctic fox fights and then taunts its opponent,3
P1,P1_OVER_NARRATIVE,train,animo4d_L4_safe,animo4d_official_text,present,False,PZ_Arctic_Fox_Male_arctic_fox_male__animationmotionextractedlocomotion_maniset3ff8144__arctic_fox_male_fightchaseoff_9.npy,The male arctic fox fights and then chases the intruder off,3
P1,P1_OVER_NARRATIVE,train,animo4d_L4_safe,animo4d_official_text,present,False,PZ_Arctic_Fox_Male_arctic_fox_male__animationmotionextractedlocomotion_maniset3ff8144__arctic_fox_male_fighttaunt_13.npy,The male arctic fox fights and then taunts its opponent,3
P1,P1_OVER_NARRATIVE,train,animo4d_L4_safe,animo4d_official_text,present,False,PZ_Arctic_Fox_Male_arctic_fox_male__animationmotionextractedlocomotion_maniset3ff8144__arctic_fox_male_fighttauntreact_14.npy,The male arctic fox fights taunts and then reacts swiftly,3
P1,P1_OVER_NARRATIVE,train,animo4d_L4_safe,animo4d_official_text,present,False,PZ_Arctic_Fox_Male_arctic_fox_male__animationnotmotionextractedbehaviour_manisetb47b4caa__arctic_fox_male_fightchaseoff_64.npy,The male arctic fox fights and then chases off the intruder,3
P1,P1_OVER_NARRATIVE,train,animo4d_L4_safe,animo4d_official_text,present,False,PZ_Arctic_Fox_Male_arctic_fox_male__animationnotmotionextractedbehaviour_manisetb47b4caa__arctic_fox_male_fighttaunt_68.npy,The male arctic fox fights and then taunts its opponent,3
P1,P1_OVER_NARRATIVE,train,animo4d_L4_safe,animo4d_official_text,present,False,PZ_Arctic_Wolf_Female_arctic_wolf_female__animationmotionextractedfighting_maniset447e4419__arctic_wolf_female_fightflee_1.npy,The female arctic wolf fights fiercely and then flees swiftly,3
P1,P1_OVER_NARRATIVE,train,animo4d_L4_safe,animo4d_official_text,present,False,PZ_Arctic_Wolf_Female_arctic_wolf_female__animationmotionextractedfighting_maniset447e4419__arctic_wolf_female_fighttaunt_5.npy,The female arctic wolf fights and then taunts her opponent,3
P1,P1_OVER_NARRATIVE,train,animo4d_L4_safe,animo4d_official_text,present,False,PZ_Arctic_Wolf_Female_arctic_wolf_female__animationmotionextractedfighting_maniset447e4419__arctic_wolf_female_fighttauntreact_6.npy,The female arctic wolf fights taunts her opponent and then reacts swiftly,3
P1,P1_OVER_NARRATIVE,train,animo4d_L4_safe,animo4d_official_text,present,False,PZ_Arctic_Wolf_Female_arctic_wolf_female__animationmotionextractedlocomotion_manisetac57be1f__arctic_wolf_female_fightreact_small_10.npy,The female arctic wolf fights and then reacts by moving away from the smaller opponent,3
P1,P1_OVER_NARRATIVE,train,animo4d_L4_safe,animo4d_official_text,present,False,PZ_Arctic_Wolf_Female_arctic_wolf_female__animationmotionextractedlocomotion_manisetac57be1f__arctic_wolf_female_fighttaunt_11.npy,The female arctic wolf fights and then taunts her opponent,3
P1,P1_OVER_NARRATIVE,train,animo4d_L4_safe,animo4d_official_text,present,False,PZ_Arctic_Wolf_Female_arctic_wolf_female__animationmotionextractedlocomotion_manisetac57be1f__arctic_wolf_female_fighttauntreact_12.npy,The female arctic wolf fights taunts her opponent and then reacts swiftly,3
P1,P1_OVER_NARRATIVE,train,animo4d_L4_safe,animo4d_official_text,present,False,PZ_Arctic_Wolf_Female_arctic_wolf_female__animationnotmotionextractedbehaviour_maniset160c7f05__arctic_wolf_female_fightreact_small_73.npy,The female arctic wolf fights and then reacts by moving away from the smaller opponent,3
P1,P1_OVER_NARRATIVE,train,animo4d_L4_safe,animo4d_official_text,present,False,PZ_Arctic_Wolf_Female_arctic_wolf_female__animationnotmotionextractedbehaviour_maniset160c7f05__arctic_wolf_female_fighttaunt_74.npy,The female arctic wolf fights and then taunts her opponent,3
P1,P1_OVER_NARRATIVE,train,animo4d_L4_safe,animo4d_official_text,present,False,PZ_Arctic_Wolf_Female_arctic_wolf_female__animationnotmotionextractedbehaviour_maniset160c7f05__arctic_wolf_female_fighttauntreact_75.npy,The female arctic wolf fights taunts her opponent and then reacts swiftly,3
P1,P1_SOURCE_ACTION_ARTIFACT,train,animo4d_L4_safe,animo4d_official_text,present,False,PZ_Arctic_Wolf_Female_arctic_wolf_female__animationnotmotionextractedbehaviour_maniset160c7f05__arctic_wolf_female_standgimmick01_87.npy,The female arctic wolf stands still as a gimmick,3
P1,P1_OVER_NARRATIVE,train,animo4d_L4_safe,animo4d_official_text,present,False,PZ_Arctic_Wolf_Female_arctic_wolf_female__animationnotmotionextractedfighting_maniset2001d71b__arctic_wolf_female_fightreact_small_154.npy,The female arctic wolf fights and then reacts by moving away from the smaller opponent,3
P1,P1_OVER_NARRATIVE,train,animo4d_L4_safe,animo4d_official_text,present,False,PZ_Arctic_Wolf_Female_arctic_wolf_female__animationnotmotionextractedfighting_maniset2001d71b__arctic_wolf_female_fighttaunt_155.npy,The female arctic wolf fights and then taunts her opponent,3
P1,P1_OVER_NARRATIVE,train,animo4d_L4_safe,animo4d_official_text,present,False,PZ_Arctic_Wolf_Female_arctic_wolf_female__animationnotmotionextractedlocomotion_maniset66819d01__arctic_wolf_female_fighttaunt_238.npy,The female arctic wolf fights and then taunts her opponent,3
P1,P1_OVER_NARRATIVE,train,animo4d_L4_safe,animo4d_official_text,present,False,PZ_Arctic_Wolf_Female_arctic_wolf_female__animationnotmotionextractedlocomotion_maniset66819d01__arctic_wolf_female_fighttauntreact_239.npy,The female arctic wolf fights taunts her opponent and then reacts swiftly,3
P1,P1_SOURCE_ACTION_ARTIFACT,train,animo4d_L4_safe,animo4d_official_text,present,False,PZ_Arctic_Wolf_Female_arctic_wolf_female__animationnotmotionextractedlocomotion_maniset66819d01__arctic_wolf_female_standgimmick01_258.npy,The female arctic wolf stands still as a gimmick,3
P1,P1_OVER_NARRATIVE,train,animo4d_L4_safe,animo4d_official_text,present,False,PZ_Arctic_Wolf_Male_arctic_wolf_male__animationmotionextractedfighting_maniset5e24858e__arctic_wolf_male_fightflee_2.npy,The male arctic wolf fights fiercely and then flees swiftly,3
P1,P1_OVER_NARRATIVE,train,animo4d_L4_safe,animo4d_official_text,present,False,PZ_Arctic_Wolf_Male_arctic_wolf_male__animationmotionextractedfighting_maniset5e24858e__arctic_wolf_male_fightreact_small_5.npy,The male arctic wolf fights and then reacts by moving away from the smaller opponent,3
P1,P1_OVER_NARRATIVE,train,animo4d_L4_safe,animo4d_official_text,present,False,PZ_Arctic_Wolf_Male_arctic_wolf_male__animationmotionextractedfighting_maniset5e24858e__arctic_wolf_male_fighttaunt_6.npy,The male arctic wolf fights and then taunts its opponent,3
P1,P1_OVER_NARRATIVE,train,animo4d_L4_safe,animo4d_official_text,present,False,PZ_Arctic_Wolf_Male_arctic_wolf_male__animationmotionextractedlocomotion_manisetc97bb214__arctic_wolf_male_fightflee_9.npy,The male arctic wolf fights fiercely and then flees swiftly,3
P1,P1_OVER_NARRATIVE,train,animo4d_L4_safe,animo4d_official_text,present,False,PZ_Arctic_Wolf_Male_arctic_wolf_male__animationmotionextractedlocomotion_manisetc97bb214__arctic_wolf_male_fightreact_small_12.npy,The male arctic wolf fights and then reacts by moving away from the smaller opponent,3
P1,P1_OVER_NARRATIVE,train,animo4d_L4_safe,animo4d_official_text,present,False,PZ_Arctic_Wolf_Male_arctic_wolf_male__animationmotionextractedlocomotion_manisetc97bb214__arctic_wolf_male_fighttaunt_13.npy,The male arctic wolf fights and then taunts his opponent,3
P1,P1_OVER_NARRATIVE,train,animo4d_L4_safe,animo4d_official_text,present,False,PZ_Arctic_Wolf_Male_arctic_wolf_male__animationnotmotionextractedbehaviour_maniset4b43657a__arctic_wolf_male_fightreact_small_76.npy,The male arctic wolf fights and then reacts by moving away from the smaller opponent,3
P1,P1_OVER_NARRATIVE,train,animo4d_L4_safe,animo4d_official_text,present,False,PZ_Arctic_Wolf_Male_arctic_wolf_male__animationnotmotionextractedbehaviour_maniset4b43657a__arctic_wolf_male_fightreacttodie_75.npy,The male arctic wolf fights reacts swiftly and then dies,3
P1,P1_OVER_NARRATIVE,train,animo4d_L4_safe,animo4d_official_text,present,False,PZ_Arctic_Wolf_Male_arctic_wolf_male__animationnotmotionextractedbehaviour_maniset4b43657a__arctic_wolf_male_fighttaunt_77.npy,The male arctic wolf fights and then taunts its opponent,3
P1,P1_SOURCE_ACTION_ARTIFACT,train,animo4d_L4_safe,animo4d_official_text,present,False,PZ_Arctic_Wolf_Male_arctic_wolf_male__animationnotmotionextractedbehaviour_maniset4b43657a__arctic_wolf_male_standgimmick01_91.npy,The male arctic wolf stands still as part of its hunting gimmick,3
P1,P1_OVER_NARRATIVE,train,animo4d_L4_safe,animo4d_official_text,present,False,PZ_Arctic_Wolf_Male_arctic_wolf_male__animationnotmotionextractedfighting_maniset15f29c50__arctic_wolf_male_fightidle_153.npy,The male arctic wolf fights fiercely,3
P1,P1_OVER_NARRATIVE,train,animo4d_L4_safe,animo4d_official_text,present,False,PZ_Arctic_Wolf_Male_arctic_wolf_male__animationnotmotionextractedfighting_maniset15f29c50__arctic_wolf_male_fightreact_small_156.npy,The male arctic wolf fights and then reacts by moving away from the smaller opponent,3
P1,P1_OVER_NARRATIVE,train,animo4d_L4_safe,animo4d_official_text,present,False,PZ_Arctic_Wolf_Male_arctic_wolf_male__animationnotmotionextractedfighting_maniset15f29c50__arctic_wolf_male_fighttaunt_157.npy,The male arctic wolf fights and then taunts its opponent,3
P1,P1_OVER_NARRATIVE,train,animo4d_L4_safe,animo4d_official_text,present,False,PZ_Arctic_Wolf_Male_arctic_wolf_male__animationnotmotionextractedfighting_maniset15f29c50__arctic_wolf_male_fighttauntreact_158.npy,The male arctic wolf fights taunts and then reacts swiftly,3
P1,P1_SOURCE_ACTION_ARTIFACT,train,animo4d_L4_safe,animo4d_official_text,present,False,PZ_Arctic_Wolf_Male_arctic_wolf_male__animationnotmotionextractedfighting_maniset15f29c50__arctic_wolf_male_standgimmick01_172.npy,The male arctic wolf stands still as a hunting gimmick,3
P1,P1_OVER_NARRATIVE,train,animo4d_L4_safe,animo4d_official_text,present,False,PZ_Arctic_Wolf_Male_arctic_wolf_male__animationnotmotionextractedlocomotion_manisetc50bf4b6__arctic_wolf_male_fightflee_234.npy,The male arctic wolf fights and then flees,3
P1,P1_OVER_NARRATIVE,train,animo4d_L4_safe,animo4d_official_text,present,False,PZ_Arctic_Wolf_Male_arctic_wolf_male__animationnotmotionextractedlocomotion_manisetc50bf4b6__arctic_wolf_male_fightreacttodie_237.npy,The male arctic wolf fights reacts swiftly and then succumbs to death,3
P1,P1_OVER_NARRATIVE,train,animo4d_L4_safe,animo4d_official_text,present,False,PZ_Arctic_Wolf_Male_arctic_wolf_male__animationnotmotionextractedlocomotion_manisetc50bf4b6__arctic_wolf_male_fighttaunt_239.npy,The male arctic wolf fights and then taunts his opponent,3
P1,P1_SOURCE_ACTION_ARTIFACT,train,animo4d_L4_safe,animo4d_official_text,present,False,PZ_Arctic_Wolf_Male_arctic_wolf_male__animationnotmotionextractedlocomotion_manisetc50bf4b6__arctic_wolf_male_standgimmick01_260.npy,The male arctic wolf stands still as a hunting gimmick,3
P1,P1_OVER_NARRATIVE,train,animo4d_L4_safe,animo4d_official_text,present,False,PZ_Asian_Small_Clawed_Otter_Juvenile_asian_small_clawed_otter_juvenile__animationmotionextractedfighting_maniset396a3493__asian_small_clawed_otter_juvenile_fightchaseoff_1.npy,The juvenile clawed otter fights and then chases off its opponent,3
P1,P1_OVER_NARRATIVE,train,animo4d_L4_safe,animo4d_official_text,present,False,PZ_Asian_Small_Clawed_Otter_Juvenile_asian_small_clawed_otter_juvenile__animationmotionextractedfighting_maniset396a3493__asian_small_clawed_otter_juvenile_fightvictorytaunt_3.npy,The juvenile clawed otter fights wins and then taunts its opponent,3
P1,P1_OVER_NARRATIVE,train,animo4d_L4_safe,animo4d_official_text,present,False,PZ_Asian_Small_Clawed_Otter_Juvenile_asian_small_clawed_otter_juvenile__animationmotionextractedlocomotion_maniset1e5b5b99__asian_small_clawed_otter_juvenile_fightchaseoff_11.npy,The juvenile clawed otter fights and then chases off its opponent,3
P1,P1_OVER_NARRATIVE,train,animo4d_L4_safe,animo4d_official_text,present,False,PZ_Asian_Small_Clawed_Otter_Juvenile_asian_small_clawed_otter_juvenile__animationmotionextractedlocomotion_maniset1e5b5b99__asian_small_clawed_otter_juvenile_fightflee_12.npy,The juvenile clawed otter fights and then flees,3
P1,P1_OVER_NARRATIVE,train,animo4d_L4_safe,animo4d_official_text,present,False,PZ_Asian_Small_Clawed_Otter_Juvenile_asian_small_clawed_otter_juvenile__animationmotionextractedlocomotion_maniset1e5b5b99__asian_small_clawed_otter_juvenile_fightvictorytaunt_13.npy,The juvenile clawed otter fights wins and then taunts its opponent,3
P1,P1_OVER_NARRATIVE,train,animo4d_L4_safe,animo4d_official_text,present,False,PZ_Asian_Small_Clawed_Otter_Juvenile_asian_small_clawed_otter_juvenile__animationnotmotionextractedbehaviour_manisetf336497f__asian_small_clawed_otter_juvenile_fightchaseoff_77.npy,The juvenile clawed otter fights and then chases off its opponent,3
P1,P1_OVER_NARRATIVE,train,animo4d_L4_safe,animo4d_official_text,present,False,PZ_Asian_Small_Clawed_Otter_Juvenile_asian_small_clawed_otter_juvenile__animationnotmotionextractedbehaviour_manisetf336497f__asian_small_clawed_otter_juvenile_fightvictorytaunt_79.npy,The juvenile clawed otter fights wins and then taunts its opponent,3
P1,P1_SOURCE_ACTION_ARTIFACT,train,animo4d_L4_safe,animo4d_official_text,present,False,PZ_Asian_Small_Clawed_Otter_Juvenile_asian_small_clawed_otter_juvenile__animationnotmotionextractedbehaviour_manisetf336497f__asian_small_clawed_otter_juvenile_gimmick_80.npy,The juvenile clawed otter performs a playful gimmick by flipping into the water,3
P1,P1_OVER_NARRATIVE,train,animo4d_L4_safe,animo4d_official_text,present,False,PZ_Asian_Small_Clawed_Otter_Juvenile_asian_small_clawed_otter_juvenile__animationnotmotionextractedfighting_maniset2162bb15__asian_small_clawed_otter_juvenile_fightchaseoff_158.npy,The juvenile clawed otter fights and then chases off its rival,3
P1,P1_OVER_NARRATIVE,train,animo4d_L4_safe,animo4d_official_text,present,False,PZ_Asian_Small_Clawed_Otter_Juvenile_asian_small_clawed_otter_juvenile__animationnotmotionextractedfighting_maniset2162bb15__asian_small_clawed_otter_juvenile_fightreact_160.npy,The juvenile clawed otter reacts by swiftly diving underwater to evade the fight,3
P1,P1_OVER_NARRATIVE,train,animo4d_L4_safe,animo4d_official_text,present,False,PZ_Asian_Small_Clawed_Otter_Juvenile_asian_small_clawed_otter_juvenile__animationnotmotionextractedfighting_maniset2162bb15__asian_small_clawed_otter_juvenile_fightvictorytaunt_165.npy,The juvenile clawed otter fights wins and then taunts its opponent,3
P1,P1_SOURCE_ACTION_ARTIFACT,train,animo4d_L4_safe,animo4d_official_text,present,False,PZ_Asian_Small_Clawed_Otter_Juvenile_asian_small_clawed_otter_juvenile__animationnotmotionextractedfighting_maniset2162bb15__asian_small_clawed_otter_juvenile_gimmick_166.npy,The juvenile clawed otter performs a playful gimmick by flipping over and then swimming away,3
P1,P1_OVER_NARRATIVE,train,animo4d_L4_safe,animo4d_official_text,present,False,PZ_Asian_Small_Clawed_Otter_Juvenile_asian_small_clawed_otter_juvenile__animationnotmotionextractedlocomotion_maniset3547edfb__asian_small_clawed_otter_juvenile_fightchaseoff_244.npy,The juvenile clawed otter fights and then chases off its opponent,3
P1,P1_OVER_NARRATIVE,train,animo4d_L4_safe,animo4d_official_text,present,False,PZ_Asian_Small_Clawed_Otter_Juvenile_asian_small_clawed_otter_juvenile__animationnotmotionextractedlocomotion_maniset3547edfb__asian_small_clawed_otter_juvenile_fightvictorytaunt_251.npy,The juvenile clawed otter fights wins and then taunts its opponent,3
P1,P1_OVER_NARRATIVE;P2_GENERIC_CREATURE_CLASS,train,animo4d_L4_safe,animo4d_official_text,present,False,PZ_Asian_Small_Clawed_Otter_Male_asian_small_clawed_otter_male__animationmotionextractedfighting_maniset4fcaac30__asian_small_clawed_otter_male_fightchaseoff_1.npy,The male clawed otter fights and then chases off the intruder,3
P1,P1_OVER_NARRATIVE,train,animo4d_L4_safe,animo4d_official_text,present,False,PZ_Asian_Small_Clawed_Otter_Male_asian_small_clawed_otter_male__animationmotionextractedfighting_maniset4fcaac30__asian_small_clawed_otter_male_fightvictorytaunt_3.npy,The male clawed otter fights achieves victory and then taunts,3
P1,P1_OVER_NARRATIVE;P2_GENERIC_CREATURE_CLASS,train,animo4d_L4_safe,animo4d_official_text,present,False,PZ_Asian_Small_Clawed_Otter_Male_asian_small_clawed_otter_male__animationmotionextractedlocomotion_manisetd93859b6__asian_small_clawed_otter_male_fightchaseoff_11.npy,The male clawed otter fights and then chases off the intruder,3
P1,P1_OVER_NARRATIVE,train,animo4d_L4_safe,animo4d_official_text,present,False,PZ_Asian_Small_Clawed_Otter_Male_asian_small_clawed_otter_male__animationmotionextractedlocomotion_manisetd93859b6__asian_small_clawed_otter_male_fightvictorytaunt_13.npy,The male clawed otter fights wins and then taunts his opponent,3
P1,P1_OVER_NARRATIVE,train,animo4d_L4_safe,animo4d_official_text,present,False,PZ_Asian_Small_Clawed_Otter_Male_asian_small_clawed_otter_male__animationnotmotionextractedbehaviour_manisetb26f0e1c__asian_small_clawed_otter_male_fightchaseoff_64.npy,The male clawed otter fights and then chases off the intruder,3
P1,P1_OVER_NARRATIVE,train,animo4d_L4_safe,animo4d_official_text,present,False,PZ_Asian_Small_Clawed_Otter_Male_asian_small_clawed_otter_male__animationnotmotionextractedbehaviour_manisetb26f0e1c__asian_small_clawed_otter_male_fightvictorytaunt_66.npy,The male clawed otter fights achieves victory and then taunts his opponent,3
P1,P1_SOURCE_ACTION_ARTIFACT,train,animo4d_L4_safe,animo4d_official_text,present,False,PZ_Asian_Small_Clawed_Otter_Male_asian_small_clawed_otter_male__animationnotmotionextractedbehaviour_manisetb26f0e1c__asian_small_clawed_otter_male_gimmick_67.npy,The male clawed otter performs a playful gimmick by flipping over in the water,3
P1,P1_OVER_NARRATIVE,train,animo4d_L4_safe,animo4d_official_text,present,False,PZ_Asian_Small_Clawed_Otter_Male_asian_small_clawed_otter_male__animationnotmotionextractedfighting_maniset777b472__asian_small_clawed_otter_male_fightchaseoff_132.npy,The male clawed otter fights and then chases off its opponent,3
P1,P1_OVER_NARRATIVE,train,animo4d_L4_safe,animo4d_official_text,present,False,PZ_Asian_Small_Clawed_Otter_Male_asian_small_clawed_otter_male__animationnotmotionextractedfighting_maniset777b472__asian_small_clawed_otter_male_fightreact_134.npy,The male clawed otter fights and then reacts swiftly,3
P1,P1_OVER_NARRATIVE,train,animo4d_L4_safe,animo4d_official_text,present,False,PZ_Asian_Small_Clawed_Otter_Male_asian_small_clawed_otter_male__animationnotmotionextractedfighting_maniset777b472__asian_small_clawed_otter_male_fightvictorytaunt_139.npy,The male clawed otter fights achieves victory and then taunts,3
P1,P1_SOURCE_ACTION_ARTIFACT,train,animo4d_L4_safe,animo4d_official_text,present,False,PZ_Asian_Small_Clawed_Otter_Male_asian_small_clawed_otter_male__animationnotmotionextractedfighting_maniset777b472__asian_small_clawed_otter_male_gimmick_140.npy,The male clawed otter performs a playful gimmick by flipping and splashing in the water,3
P1,P1_OVER_NARRATIVE,train,animo4d_L4_safe,animo4d_official_text,present,False,PZ_Asian_Small_Clawed_Otter_Male_asian_small_clawed_otter_male__animationnotmotionextractedlocomotion_maniseta5c44dd8__asian_small_clawed_otter_male_fightchaseoff_206.npy,The male clawed otter fights and then chases off the intruder,3
P1,P1_OVER_NARRATIVE,train,animo4d_L4_safe,animo4d_official_text,present,False,PZ_Asian_Small_Clawed_Otter_Male_asian_small_clawed_otter_male__animationnotmotionextractedlocomotion_maniseta5c44dd8__asian_small_clawed_otter_male_fightvictorytaunt_213.npy,The male clawed otter fights wins and then taunts his opponent,3
P1,P1_SOURCE_ACTION_ARTIFACT,train,animo4d_L4_safe,animo4d_official_text,present,False,PZ_Asian_Small_Clawed_Otter_Male_asian_small_clawed_otter_male__animationnotmotionextractedlocomotion_maniseta5c44dd8__asian_small_clawed_otter_male_gimmick_214.npy,The male clawed otter performs a playful gimmick by flipping and splashing in the water,3
P1,P1_OVER_NARRATIVE,train,animo4d_L4_safe,animo4d_official_text,present,False,PZ_Asian_Water_Monitor_Male_asian_water_monitor_male__animationmotionextractedbehaviour_maniset6ecdb144__asian_water_monitor_male_fighttaunt_13.npy,The male water monitor fights and then taunts its opponent,3
P1,P1_OVER_NARRATIVE,train,animo4d_L4_safe,animo4d_official_text,present,False,PZ_Asian_Water_Monitor_Male_asian_water_monitor_male__animationmotionextractedfighting_maniseta08a4b5a__asian_water_monitor_male_fightchaseoff_96.npy,The male water monitor fights and then chases off its opponent,3
P1,P1_OVER_NARRATIVE,train,animo4d_L4_safe,animo4d_official_text,present,False,PZ_Asian_Water_Monitor_Male_asian_water_monitor_male__animationmotionextractedfighting_maniseta08a4b5a__asian_water_monitor_male_fighttaunt_97.npy,The male water monitor fights and then taunts its opponent,3
P1,P1_OVER_NARRATIVE,train,animo4d_L4_safe,animo4d_official_text,present,False,PZ_Asian_Water_Monitor_Male_asian_water_monitor_male__animationmotionextractedfighting_pounce_manisetc6e58b2c__asian_water_monitor_male_fightchaseoff_180.npy,The male water monitor fights and then chases off the intruder,3
P1,P1_OVER_NARRATIVE,train,animo4d_L4_safe,animo4d_official_text,present,False,PZ_Asian_Water_Monitor_Male_asian_water_monitor_male__animationmotionextractedfighting_pounce_manisetc6e58b2c__asian_water_monitor_male_fighttaunt_181.npy,The male water monitor fights and then taunts its opponent,3
P1,P1_OVER_NARRATIVE,train,animo4d_L4_safe,animo4d_official_text,present,False,PZ_Asian_Water_Monitor_Male_asian_water_monitor_male__animationmotionextractedlocomotion_manisetb1a77de0__asian_water_monitor_male_fightchaseoff_264.npy,The male water monitor fights and then chases off its opponent,3
P1,P1_OVER_NARRATIVE,train,animo4d_L4_safe,animo4d_official_text,present,False,PZ_Asian_Water_Monitor_Male_asian_water_monitor_male__animationmotionextractedlocomotion_manisetb1a77de0__asian_water_monitor_male_fighttaunt_265.npy,The male water monitor fights and then taunts its opponent,3
P1,P1_OVER_NARRATIVE,train,animo4d_L4_safe,animo4d_official_text,present,False,PZ_Asian_Water_Monitor_Male_asian_water_monitor_male__animationnotmotionextractedbehaviour_manisetb8c83746__asian_water_monitor_male_fightchaseoff_348.npy,The male water monitor fights and then chases off its opponent,3
P1,P1_OVER_NARRATIVE,train,animo4d_L4_safe,animo4d_official_text,present,False,PZ_Asian_Water_Monitor_Male_asian_water_monitor_male__animationnotmotionextractedbehaviour_manisetb8c83746__asian_water_monitor_male_fighttaunt_349.npy,The male water monitor fights and then taunts its opponent,3
P1,P1_OVER_NARRATIVE,train,animo4d_L4_safe,animo4d_official_text,present,False,PZ_Asian_Water_Monitor_Male_asian_water_monitor_male__animationnotmotionextractedbehaviour_manisetb8c83746__asian_water_monitor_male_fighttauntreact_350.npy,The male water monitor fights taunts and then reacts swiftly,3
P1,P1_OVER_NARRATIVE,train,animo4d_L4_safe,animo4d_official_text,present,False,PZ_Asian_Water_Monitor_Male_asian_water_monitor_male__animationnotmotionextractedbehaviour_manisetb8c83746__asian_water_monitor_male_standtofight_366.npy,The male water monitor stands still to fight,3
P1,P1_OVER_NARRATIVE,train,animo4d_L4_safe,animo4d_official_text,present,False,PZ_Asian_Water_Monitor_Male_asian_water_monitor_male__animationnotmotionextractedfighting_manisetb8408b1c__asian_water_monitor_male_fightchaseoff_432.npy,The male water monitor fights and then chases off its opponent,3
P1,P1_OVER_NARRATIVE,train,animo4d_L4_safe,animo4d_official_text,present,False,PZ_Asian_Water_Monitor_Male_asian_water_monitor_male__animationnotmotionextractedfighting_manisetb8408b1c__asian_water_monitor_male_fighttaunt_433.npy,The male water monitor fights and then taunts its opponent,3
P1,P1_OVER_NARRATIVE,train,animo4d_L4_safe,animo4d_official_text,present,False,PZ_B_W_Ruffed_Lemur_Female_b_w_ruffed_lemur_female__animationmotionextractedfighting_maniset9c749130__b_w_ruffed_lemur_female_fightchaseoff_4.npy,The female ruffed lemur fights and then chases off the intruder,3
P1,P1_OVER_NARRATIVE,train,animo4d_L4_safe,animo4d_official_text,present,False,PZ_B_W_Ruffed_Lemur_Female_b_w_ruffed_lemur_female__animationmotionextractedlocomotion_maniset824cbeb6__b_w_ruffed_lemur_female_fightchaseoff_35.npy,The female ruffed lemur fights and then chases off the intruder,3
P1,P1_OVER_NARRATIVE,train,animo4d_L4_safe,animo4d_official_text,present,False,PZ_B_W_Ruffed_Lemur_Female_b_w_ruffed_lemur_female__animationnotmotionextractedbehaviour_manisete92df31c__b_w_ruffed_lemur_female_fightchaseoff_119.npy,The female ruffed lemur fights and then chases off the intruder,3
P1,P1_OVER_NARRATIVE,train,animo4d_L4_safe,animo4d_official_text,present,False,PZ_B_W_Ruffed_Lemur_Female_b_w_ruffed_lemur_female__animationnotmotionextractedfighting_maniset47395972__b_w_ruffed_lemur_female_fightchaseoff_218.npy,The female ruffed lemur fights and then chases off the intruder,3
P1,P1_OVER_NARRATIVE,train,animo4d_L4_safe,animo4d_official_text,present,False,PZ_B_W_Ruffed_Lemur_Female_b_w_ruffed_lemur_female__animationnotmotionextractedfighting_maniset47395972__b_w_ruffed_lemur_female_fighttaunt_220.npy,The female ruffed lemur fights and then taunts her opponent,3
P1,P1_OVER_NARRATIVE,train,animo4d_L4_safe,animo4d_official_text,present,False,PZ_B_W_Ruffed_Lemur_Female_b_w_ruffed_lemur_female__animationnotmotionextractedfighting_maniset47395972__b_w_ruffed_lemur_female_fighttauntreact_221.npy,The female ruffed lemur fights taunts her opponent and then reacts swiftly,3
P1,P1_OVER_NARRATIVE,train,animo4d_L4_safe,animo4d_official_text,present,False,PZ_B_W_Ruffed_Lemur_Female_b_w_ruffed_lemur_female__animationnotmotionextractedlocomotion_maniset87d072d8__b_w_ruffed_lemur_female_fightchaseoff_336.npy,The female ruffed lemur fights and then chases off the intruder,3
P1,P1_OVER_NARRATIVE,train,animo4d_L4_safe,animo4d_official_text,present,False,PZ_B_W_Ruffed_Lemur_Female_b_w_ruffed_lemur_female__animationnotmotionextractedlocomotion_maniset87d072d8__b_w_ruffed_lemur_female_fighttaunt_338.npy,The female ruffed lemur fights and then taunts her opponent,3
P1,P1_OVER_NARRATIVE,train,animo4d_L4_safe,animo4d_official_text,present,False,PZ_B_W_Ruffed_Lemur_Female_b_w_ruffed_lemur_female__animationnotmotionextractedlocomotion_maniset87d072d8__b_w_ruffed_lemur_female_fighttauntreact_339.npy,The female ruffed lemur fights taunts her opponent and then reacts swiftly,3
P1,P1_OVER_NARRATIVE,train,animo4d_L4_safe,animo4d_official_text,present,False,PZ_B_W_Ruffed_Lemur_Male_b_w_ruffed_lemur_male__animationmotionextractedfighting_maniseted26a0e5__b_w_ruffed_lemur_male_fightchaseoff_4.npy,The male ruffed lemur fights and then chases off the intruder,3
P1,P1_OVER_NARRATIVE;P2_GENERIC_CREATURE_CLASS,train,animo4d_L4_safe,animo4d_official_text,present,False,PZ_B_W_Ruffed_Lemur_Male_b_w_ruffed_lemur_male__animationmotionextractedlocomotion_manisetf839a0eb__b_w_ruffed_lemur_male_fightchaseoff_35.npy,The male ruffed lemur fights and then chases off the intruder,3
P1,P1_OVER_NARRATIVE,train,animo4d_L4_safe,animo4d_official_text,present,False,PZ_B_W_Ruffed_Lemur_Male_b_w_ruffed_lemur_male__animationnotmotionextractedbehaviour_maniset727ae7d1__b_w_ruffed_lemur_male_fightchaseoff_119.npy,The male ruffed lemur fights and then chases off the intruder,3
P1,P1_OVER_NARRATIVE,train,animo4d_L4_safe,animo4d_official_text,present,False,PZ_B_W_Ruffed_Lemur_Male_b_w_ruffed_lemur_male__animationnotmotionextractedfighting_manisetebe79ce7__b_w_ruffed_lemur_male_fightchaseoff_218.npy,The male ruffed lemur fights and then chases off the intruder,3
P1,P1_OVER_NARRATIVE,train,animo4d_L4_safe,animo4d_official_text,present,False,PZ_B_W_Ruffed_Lemur_Male_b_w_ruffed_lemur_male__animationnotmotionextractedfighting_manisetebe79ce7__b_w_ruffed_lemur_male_fighttaunt_220.npy,The male ruffed lemur fights and then taunts his opponent,3
P1,P1_OVER_NARRATIVE,train,animo4d_L4_safe,animo4d_official_text,present,False,PZ_B_W_Ruffed_Lemur_Male_b_w_ruffed_lemur_male__animationnotmotionextractedlocomotion_maniset982d68cd__b_w_ruffed_lemur_male_fightchaseoff_336.npy,The male ruffed lemur fights and then chases off the intruder,3
P1,P1_OVER_NARRATIVE,train,animo4d_L4_safe,animo4d_official_text,present,False,PZ_B_W_Ruffed_Lemur_Male_b_w_ruffed_lemur_male__animationnotmotionextractedlocomotion_maniset982d68cd__b_w_ruffed_lemur_male_fighttaunt_338.npy,The male ruffed lemur fights and then taunts his opponent,3
P1,P1_SOURCE_ACTION_ARTIFACT,train,animo4d_L4_safe,animo4d_official_text,present,False,PZ_Babirusa_Female_babirusa_female__animationnotmotionextractedbehaviour_maniset145163a3__babirusa_female_standgimmick01_71.npy,The female babirusa stands still and then performs a playful gimmick,3
P1,P1_OVER_NARRATIVE,train,animo4d_L4_safe,animo4d_official_text,present,False,PZ_Babirusa_Female_babirusa_female__animationnotmotionextractedfighting_maniset87e8fc39__babirusa_female_fighttaunt_129.npy,The female babirusa fights and then taunts her opponent,3
P1,P1_OVER_NARRATIVE,train,animo4d_L4_safe,animo4d_official_text,present,False,PZ_Babirusa_Female_babirusa_female__animationnotmotionextractedfighting_maniset87e8fc39__babirusa_female_fighttauntreact_130.npy,The female babirusa fights taunts her opponent and then reacts swiftly,3
P1,P1_OVER_NARRATIVE,train,animo4d_L4_safe,animo4d_official_text,present,False,PZ_Babirusa_Female_babirusa_female__animationnotmotionextractedfighting_maniset87e8fc39__babirusa_female_fightvictorytaunt_132.npy,The female babirusa fights achieves victory and then taunts her opponent,3
P1,P1_SOURCE_ACTION_ARTIFACT,train,animo4d_L4_safe,animo4d_official_text,present,False,PZ_Babirusa_Female_babirusa_female__animationnotmotionextractedfighting_maniset87e8fc39__babirusa_female_standgimmick01_150.npy,The female babirusa stands still as part of her gimmick,3
P1,P1_OVER_NARRATIVE,train,animo4d_L4_safe,animo4d_official_text,present,False,PZ_Babirusa_Female_babirusa_female__animationnotmotionextractedlocomotion_maniset992211f__babirusa_female_fighttaunt_209.npy,The female babirusa fights and then taunts her opponent,3
P1,P1_OVER_NARRATIVE,train,animo4d_L4_safe,animo4d_official_text,present,False,PZ_Babirusa_Female_babirusa_female__animationnotmotionextractedlocomotion_maniset992211f__babirusa_female_fighttauntreact_210.npy,The female babirusa fights taunts and then reacts swiftly,3
P1,P1_OVER_NARRATIVE,train,animo4d_L4_safe,animo4d_official_text,present,False,PZ_Babirusa_Female_babirusa_female__animationnotmotionextractedlocomotion_maniset992211f__babirusa_female_fightvictorytaunt_212.npy,The female babirusa fights achieves victory and then taunts her opponent,3
P1,P1_SOURCE_ACTION_ARTIFACT,train,animo4d_L4_safe,animo4d_official_text,present,False,PZ_Babirusa_Female_babirusa_female__animationnotmotionextractedlocomotion_maniset992211f__babirusa_female_standgimmick01_235.npy,The female babirusa stands still and then performs a playful gimmick,3
P1,P1_SOURCE_ACTION_ARTIFACT,train,animo4d_L4_safe,animo4d_official_text,present,False,PZ_Babirusa_Juvenile_babirusa_juvenile__animationnotmotionextractedbehaviour_maniseta613a3fb__babirusa_juvenile_standgimmick01_75.npy,The juvenile babirusa stands still as a gimmick,3
P1,P1_OVER_NARRATIVE,train,animo4d_L4_safe,animo4d_official_text,present,False,PZ_Babirusa_Juvenile_babirusa_juvenile__animationnotmotionextractedfighting_maniset3eef4691__babirusa_juvenile_fightattack_136.npy,The juvenile babirusa fights and then attacks,3
P1,P1_OVER_NARRATIVE,train,animo4d_L4_safe,animo4d_official_text,present,False,PZ_Babirusa_Juvenile_babirusa_juvenile__animationnotmotionextractedfighting_maniset3eef4691__babirusa_juvenile_fighttaunt_139.npy,The juvenile babirusa fights and then taunts its opponent,3
P1,P1_OVER_NARRATIVE,train,animo4d_L4_safe,animo4d_official_text,present,False,PZ_Babirusa_Juvenile_babirusa_juvenile__animationnotmotionextractedfighting_maniset3eef4691__babirusa_juvenile_fightvictorytaunt_142.npy,The juvenile babirusa fights achieves victory and then taunts its opponent,3
P1,P1_SOURCE_ACTION_ARTIFACT,train,animo4d_L4_safe,animo4d_official_text,present,False,PZ_Babirusa_Juvenile_babirusa_juvenile__animationnotmotionextractedfighting_maniset3eef4691__babirusa_juvenile_standgimmick01_159.npy,The juvenile babirusa stands still as a gimmick,3
P1,P1_OVER_NARRATIVE,train,animo4d_L4_safe,animo4d_official_text,present,False,PZ_Babirusa_Juvenile_babirusa_juvenile__animationnotmotionextractedlocomotion_maniset14e5d777__babirusa_juvenile_fighttaunt_224.npy,The juvenile babirusa fights and then taunts its opponent,3
P1,P1_OVER_NARRATIVE,train,animo4d_L4_safe,animo4d_official_text,present,False,PZ_Babirusa_Juvenile_babirusa_juvenile__animationnotmotionextractedlocomotion_maniset14e5d777__babirusa_juvenile_fightvictorytaunt_227.npy,The juvenile babirusa fights achieves victory and then taunts its opponent,3
P1,P1_SOURCE_ACTION_ARTIFACT,train,animo4d_L4_safe,animo4d_official_text,present,False,PZ_Babirusa_Juvenile_babirusa_juvenile__animationnotmotionextractedlocomotion_maniset14e5d777__babirusa_juvenile_standgimmick01_249.npy,The juvenile babirusa stands still as a gimmick,3
P1,P1_SOURCE_ACTION_ARTIFACT,train,animo4d_L4_safe,animo4d_official_text,present,False,PZ_Babirusa_Male_babirusa_male__animationnotmotionextractedbehaviour_manisetb32a8a98__babirusa_male_standgimmick01_71.npy,The male babirusa stands still and then performs a playful gimmick,3
P1,P1_OVER_NARRATIVE,train,animo4d_L4_safe,animo4d_official_text,present,False,PZ_Babirusa_Male_babirusa_male__animationnotmotionextractedfighting_manisetc0f1e1ee__babirusa_male_fighttaunt_126.npy,The male babirusa fights and then taunts its opponent,3
P1,P1_OVER_NARRATIVE,train,animo4d_L4_safe,animo4d_official_text,present,False,PZ_Babirusa_Male_babirusa_male__animationnotmotionextractedlocomotion_manisetc350d954__babirusa_male_fighttaunt_204.npy,The male babirusa fights and then taunts its opponent,3
P1,P1_OVER_NARRATIVE,train,animo4d_L4_safe,animo4d_official_text,present,False,PZ_Babirusa_Male_babirusa_male__animationnotmotionextractedlocomotion_manisetc350d954__babirusa_male_fighttauntreact_205.npy,The male babirusa fights taunts and then reacts swiftly,3
P1,P1_OVER_NARRATIVE,train,animo4d_L4_safe,animo4d_official_text,present,False,PZ_Babirusa_Male_babirusa_male__animationnotmotionextractedlocomotion_manisetc350d954__babirusa_male_fightvictorytaunt_207.npy,The male babirusa fights achieves victory and then taunts his opponent,3
P1,P1_SOURCE_ACTION_ARTIFACT,train,animo4d_L4_safe,animo4d_official_text,present,False,PZ_Babirusa_Male_babirusa_male__animationnotmotionextractedlocomotion_manisetc350d954__babirusa_male_standgimmick01_231.npy,The male babirusa stands still and then performs a gimmick,3
P1,P1_OVER_NARRATIVE,train,animo4d_L4_safe,animo4d_official_text,present,False,PZ_Bactrian_Camel_Female_bactrian_camel_female__animationmotionextractedfighting_maniset2a064eef__bactrian_camel_female_fightchaseoff_1.npy,The female bactrian camel fights and then chases off the intruder,3
P1,P1_OVER_NARRATIVE,train,animo4d_L4_safe,animo4d_official_text,present,False,PZ_Bactrian_Camel_Female_bactrian_camel_female__animationmotionextractedfighting_maniset2a064eef__bactrian_camel_female_fighttaunt_3.npy,The female bactrian camel fights and then taunts her opponent,3
P1,P1_OVER_NARRATIVE,train,animo4d_L4_safe,animo4d_official_text,present,False,PZ_Bactrian_Camel_Female_bactrian_camel_female__animationmotionextractedfighting_maniset2a064eef__bactrian_camel_female_fighttauntreact_4.npy,The female bactrian camel fights taunts and then reacts swiftly,3
P1,P1_OVER_NARRATIVE,train,animo4d_L4_safe,animo4d_official_text,present,False,PZ_Bactrian_Camel_Female_bactrian_camel_female__animationmotionextractedlocomotion_manisetd9f543f5__bactrian_camel_female_fightchaseoff_5.npy,The female Bactrian camel fights and then chases off the intruder,3
P1,P1_OVER_NARRATIVE,train,animo4d_L4_safe,animo4d_official_text,present,False,PZ_Bactrian_Camel_Female_bactrian_camel_female__animationmotionextractedlocomotion_manisetd9f543f5__bactrian_camel_female_fighttaunt_7.npy,The female bactrian camel fights and then taunts her opponent,3
P1,P1_OVER_NARRATIVE,train,animo4d_L4_safe,animo4d_official_text,present,False,PZ_Bactrian_Camel_Female_bactrian_camel_female__animationnotmotionextractedbehaviour_maniset4004ffdb__bactrian_camel_female_fightchaseoff_65.npy,The female bactrian camel fights and then chases off the intruder,3
P1,P1_OVER_NARRATIVE,train,animo4d_L4_safe,animo4d_official_text,present,False,PZ_Bactrian_Camel_Female_bactrian_camel_female__animationnotmotionextractedbehaviour_maniset4004ffdb__bactrian_camel_female_fighttaunt_67.npy,The female bactrian camel fights and then taunts her opponent,3
P1,P1_OVER_NARRATIVE,train,animo4d_L4_safe,animo4d_official_text,present,False,PZ_Bactrian_Camel_Female_bactrian_camel_female__animationnotmotionextractedbehaviour_maniset4004ffdb__bactrian_camel_female_fighttauntreact_68.npy,The female bactrian camel fights taunts her opponent and then reacts swiftly,3
P1,P1_SOURCE_ACTION_ARTIFACT,train,animo4d_L4_safe,animo4d_official_text,present,False,PZ_Bactrian_Camel_Female_bactrian_camel_female__animationnotmotionextractedbehaviour_maniset4004ffdb__bactrian_camel_female_standgimmick01_86.npy,The female bactrian camel stands still as a gimmick,3
P1,P1_OVER_NARRATIVE,train,animo4d_L4_safe,animo4d_official_text,present,False,PZ_Bactrian_Camel_Female_bactrian_camel_female__animationnotmotionextractedfighting_maniset2b182a71__bactrian_camel_female_fightchaseoff_143.npy,The female Bactrian camel fights and then chases off the intruder,3
P1,P1_OVER_NARRATIVE,train,animo4d_L4_safe,animo4d_official_text,present,False,PZ_Bactrian_Camel_Female_bactrian_camel_female__animationnotmotionextractedfighting_maniset2b182a71__bactrian_camel_female_fighttaunt_148.npy,The female bactrian camel fights and then taunts her opponent,3
P1,P1_OVER_NARRATIVE,train,animo4d_L4_safe,animo4d_official_text,present,False,PZ_Bactrian_Camel_Female_bactrian_camel_female__animationnotmotionextractedfighting_maniset2b182a71__bactrian_camel_female_fightvictorytaunt_151.npy,The female bactrian camel fights wins and then taunts her opponent,3
P1,P1_OVER_NARRATIVE,train,animo4d_L4_safe,animo4d_official_text,present,False,PZ_Bactrian_Camel_Female_bactrian_camel_female__animationnotmotionextractedlocomotion_manisetf09dab57__bactrian_camel_female_fightchaseoff_227.npy,The female bactrian camel fights and then chases off the intruder,3
P1,P1_OVER_NARRATIVE,train,animo4d_L4_safe,animo4d_official_text,present,False,PZ_Bactrian_Camel_Female_bactrian_camel_female__animationnotmotionextractedlocomotion_manisetf09dab57__bactrian_camel_female_fighttaunt_232.npy,The female bactrian camel fights and then taunts her opponent,3
P1,P1_OVER_NARRATIVE,train,animo4d_L4_safe,animo4d_official_text,present,False,PZ_Bactrian_Camel_Female_bactrian_camel_female__animationnotmotionextractedlocomotion_manisetf09dab57__bactrian_camel_female_fighttauntreact_233.npy,The female bactrian camel fights taunts and then reacts swiftly,3
P1,P1_OVER_NARRATIVE,train,animo4d_L4_safe,animo4d_official_text,present,False,PZ_Bactrian_Camel_Female_bactrian_camel_female__animationnotmotionextractedlocomotion_manisetf09dab57__bactrian_camel_female_fightvictorytaunt_235.npy,The female bactrian camel fights wins and then taunts her opponent,3
P1,P1_SOURCE_ACTION_ARTIFACT,train,animo4d_L4_safe,animo4d_official_text,present,False,PZ_Bactrian_Camel_Female_bactrian_camel_female__animationnotmotionextractedlocomotion_manisetf09dab57__bactrian_camel_female_standgimmick01_258.npy,The female Bactrian camel stands still as a gimmick,3
P1,P1_OVER_NARRATIVE,train,animo4d_L4_safe,animo4d_official_text,present,False,PZ_Bactrian_Camel_Juvenile_bactrian_camel_juvenile__animationmotionextractedfighting_maniset9163a547__bactrian_camel_juvenile_fightchaseoff_1.npy,The juvenile bactrian camel fights and then chases the intruder off,3
P1,P1_OVER_NARRATIVE,train,animo4d_L4_safe,animo4d_official_text,present,False,PZ_Bactrian_Camel_Juvenile_bactrian_camel_juvenile__animationmotionextractedfighting_maniset9163a547__bactrian_camel_juvenile_fightflee_2.npy,The juvenile bactrian camel fights and then flees,3
P1,P1_OVER_NARRATIVE,train,animo4d_L4_safe,animo4d_official_text,present,False,PZ_Bactrian_Camel_Juvenile_bactrian_camel_juvenile__animationmotionextractedfighting_maniset9163a547__bactrian_camel_juvenile_fighttaunt_3.npy,The juvenile bactrian camel fights and then taunts its opponent,3
P1,P1_OVER_NARRATIVE,train,animo4d_L4_safe,animo4d_official_text,present,False,PZ_Bactrian_Camel_Juvenile_bactrian_camel_juvenile__animationmotionextractedlocomotion_manisetc246064d__bactrian_camel_juvenile_fightchaseoff_5.npy,The juvenile bactrian camel fights and then chases off the intruder,3
P1,P1_OVER_NARRATIVE,train,animo4d_L4_safe,animo4d_official_text,present,False,PZ_Bactrian_Camel_Juvenile_bactrian_camel_juvenile__animationmotionextractedlocomotion_manisetc246064d__bactrian_camel_juvenile_fighttaunt_7.npy,The juvenile bactrian camel fights and then taunts its opponent,3
P1,P1_OVER_NARRATIVE,train,animo4d_L4_safe,animo4d_official_text,present,False,PZ_Bactrian_Camel_Juvenile_bactrian_camel_juvenile__animationnotmotionextractedbehaviour_maniset8d1f2e33__bactrian_camel_juvenile_fighttaunt_66.npy,The juvenile bactrian camel fights and then taunts its opponent,3
P1,P1_OVER_NARRATIVE,train,animo4d_L4_safe,animo4d_official_text,present,False,PZ_Bactrian_Camel_Juvenile_bactrian_camel_juvenile__animationnotmotionextractedbehaviour_maniset8d1f2e33__bactrian_camel_juvenile_fighttauntreact_67.npy,The juvenile bactrian camel fights taunts and then reacts swiftly,3
P1,P1_SOURCE_ACTION_ARTIFACT,train,animo4d_L4_safe,animo4d_official_text,present,False,PZ_Bactrian_Camel_Juvenile_bactrian_camel_juvenile__animationnotmotionextractedbehaviour_maniset8d1f2e33__bactrian_camel_juvenile_standgimmick01_82.npy,The juvenile bactrian camel stands still as part of its gimmick,3
P1,P1_OVER_NARRATIVE,train,animo4d_L4_safe,animo4d_official_text,present,False,PZ_Bactrian_Camel_Juvenile_bactrian_camel_juvenile__animationnotmotionextractedfighting_maniset6aa2e2c9__bactrian_camel_juvenile_fightattack_137.npy,The juvenile bactrian camel fights and then attacks,3
P1,P1_OVER_NARRATIVE,train,animo4d_L4_safe,animo4d_official_text,present,False,PZ_Bactrian_Camel_Juvenile_bactrian_camel_juvenile__animationnotmotionextractedfighting_maniset6aa2e2c9__bactrian_camel_juvenile_fightchaseoff_138.npy,The juvenile bactrian camel fights and then chases off its opponent,3
P1,P1_OVER_NARRATIVE,train,animo4d_L4_safe,animo4d_official_text,present,False,PZ_Bactrian_Camel_Juvenile_bactrian_camel_juvenile__animationnotmotionextractedfighting_maniset6aa2e2c9__bactrian_camel_juvenile_fighttaunt_142.npy,The juvenile bactrian camel fights and then taunts its opponent,3
P1,P1_OVER_NARRATIVE,train,animo4d_L4_safe,animo4d_official_text,present,False,PZ_Bactrian_Camel_Juvenile_bactrian_camel_juvenile__animationnotmotionextractedfighting_maniset6aa2e2c9__bactrian_camel_juvenile_fightvictorytaunt_145.npy,The juvenile bactrian camel fights wins and then taunts its opponent,3
P1,P1_OVER_NARRATIVE,train,animo4d_L4_safe,animo4d_official_text,present,False,PZ_Bactrian_Camel_Juvenile_bactrian_camel_juvenile__animationnotmotionextractedlocomotion_manisetecfccfaf__bactrian_camel_juvenile_fightchaseoff_217.npy,The juvenile bactrian camel fights and then chases off its opponent,3
P1,P1_OVER_NARRATIVE,train,animo4d_L4_safe,animo4d_official_text,present,False,PZ_Bactrian_Camel_Juvenile_bactrian_camel_juvenile__animationnotmotionextractedlocomotion_manisetecfccfaf__bactrian_camel_juvenile_fighttaunt_221.npy,The juvenile bactrian camel fights and then taunts its opponent,3
P1,P1_OVER_NARRATIVE,train,animo4d_L4_safe,animo4d_official_text,present,False,PZ_Bactrian_Camel_Juvenile_bactrian_camel_juvenile__animationnotmotionextractedlocomotion_manisetecfccfaf__bactrian_camel_juvenile_fightvictorytaunt_224.npy,The juvenile bactrian camel raises its head high and stomps its feet in a fight victory taunt,3
P1,P1_SOURCE_ACTION_ARTIFACT,train,animo4d_L4_safe,animo4d_official_text,present,False,PZ_Bactrian_Camel_Juvenile_bactrian_camel_juvenile__animationnotmotionextractedlocomotion_manisetecfccfaf__bactrian_camel_juvenile_standgimmick01_244.npy,The juvenile bactrian camel stands still as a gimmick,3
P1,P1_OVER_NARRATIVE,train,animo4d_L4_safe,animo4d_official_text,present,False,PZ_Bactrian_Camel_Male_bactrian_camel_male__animationmotionextractedfighting_maniset75fe2e4__bactrian_camel_male_fighttaunt_3.npy,The male bactrian camel fights and then taunts its opponent,3
P1,P1_OVER_NARRATIVE,train,animo4d_L4_safe,animo4d_official_text,present,False,PZ_Bactrian_Camel_Male_bactrian_camel_male__animationmotionextractedlocomotion_maniset3131ca6a__bactrian_camel_male_fightchaseoff_5.npy,The male bactrian camel fights and then chases off the intruder,3
P1,P1_OVER_NARRATIVE,train,animo4d_L4_safe,animo4d_official_text,present,False,PZ_Bactrian_Camel_Male_bactrian_camel_male__animationmotionextractedlocomotion_maniset3131ca6a__bactrian_camel_male_fighttauntreact_8.npy,The male bactrian camel fights taunts and then reacts swiftly,3
P1,P1_OVER_NARRATIVE;P2_GENERIC_CREATURE_CLASS,train,animo4d_L4_safe,animo4d_official_text,present,False,PZ_Bactrian_Camel_Male_bactrian_camel_male__animationnotmotionextractedbehaviour_maniset5659b8d0__bactrian_camel_male_fightchaseoff_64.npy,The male bactrian camel fights and then chases off the intruder,3
P1,P1_OVER_NARRATIVE,train,animo4d_L4_safe,animo4d_official_text,present,False,PZ_Bactrian_Camel_Male_bactrian_camel_male__animationnotmotionextractedbehaviour_maniset5659b8d0__bactrian_camel_male_fighttaunt_66.npy,The male bactrian camel fights and then taunts its opponent,3
P1,P1_SOURCE_ACTION_ARTIFACT,train,animo4d_L4_safe,animo4d_official_text,present,False,PZ_Bactrian_Camel_Male_bactrian_camel_male__animationnotmotionextractedbehaviour_maniset5659b8d0__bactrian_camel_male_standgimmick01_84.npy,The male bactrian camel stands still as a gimmick,3
P1,P1_OVER_NARRATIVE;P2_GENERIC_CREATURE_CLASS,train,animo4d_L4_safe,animo4d_official_text,present,False,PZ_Bactrian_Camel_Male_bactrian_camel_male__animationnotmotionextractedfighting_maniset43902226__bactrian_camel_male_fightchaseoff_141.npy,The male bactrian camel fights and then chases the intruder off,3
P1,P1_OVER_NARRATIVE,train,animo4d_L4_safe,animo4d_official_text,present,False,PZ_Bactrian_Camel_Male_bactrian_camel_male__animationnotmotionextractedfighting_maniset43902226__bactrian_camel_male_fighttaunt_145.npy,The male bactrian camel fights and then taunts its opponent,3
P1,P1_OVER_NARRATIVE,train,animo4d_L4_safe,animo4d_official_text,present,False,PZ_Bactrian_Camel_Male_bactrian_camel_male__animationnotmotionextractedfighting_maniset43902226__bactrian_camel_male_fighttauntreact_146.npy,The male bactrian camel fights taunts and then reacts swiftly,3
P1,P1_OVER_NARRATIVE,train,animo4d_L4_safe,animo4d_official_text,present,False,PZ_Bactrian_Camel_Male_bactrian_camel_male__animationnotmotionextractedfighting_maniset43902226__bactrian_camel_male_fightvictorytaunt_148.npy,The male bactrian camel stomps its feet and then raises its head high in a victory taunt,3
P1,P1_SOURCE_ACTION_ARTIFACT,train,animo4d_L4_safe,animo4d_official_text,present,False,PZ_Bactrian_Camel_Male_bactrian_camel_male__animationnotmotionextractedfighting_maniset43902226__bactrian_camel_male_standgimmick01_165.npy,The male bactrian camel stands still as part of a gimmick,3
P1,P1_OVER_NARRATIVE,train,animo4d_L4_safe,animo4d_official_text,present,False,PZ_Bactrian_Camel_Male_bactrian_camel_male__animationnotmotionextractedlocomotion_manisetef04758c__bactrian_camel_male_fightchaseoff_223.npy,The male bactrian camel fights and then chases off the intruder,3
P1,P1_OVER_NARRATIVE,train,animo4d_L4_safe,animo4d_official_text,present,False,PZ_Bactrian_Camel_Male_bactrian_camel_male__animationnotmotionextractedlocomotion_manisetef04758c__bactrian_camel_male_fighttaunt_227.npy,The male bactrian camel fights and then taunts its opponent,3
P1,P1_OVER_NARRATIVE,train,animo4d_L4_safe,animo4d_official_text,present,False,PZ_Bactrian_Camel_Male_bactrian_camel_male__animationnotmotionextractedlocomotion_manisetef04758c__bactrian_camel_male_fighttauntreact_228.npy,The male bactrian camel fights taunts and then reacts swiftly,3
P1,P1_OVER_NARRATIVE,train,animo4d_L4_safe,animo4d_official_text,present,False,PZ_Bactrian_Camel_Male_bactrian_camel_male__animationnotmotionextractedlocomotion_manisetef04758c__bactrian_camel_male_fightvictorytaunt_230.npy,The male bactrian camel fights wins and then taunts,3
P1,P1_SOURCE_ACTION_ARTIFACT,train,animo4d_L4_safe,animo4d_official_text,present,False,PZ_Bairds_Tapir_Female_bairds_tapir_female__animationnotmotionextractedbehaviour_manisetf2420a74__bairds_tapir_female_standgimmick01_70.npy,The female Bairds tapir stands still as a gimmick,3
P1,P1_OVER_NARRATIVE,train,animo4d_L4_safe,animo4d_official_text,present,False,PZ_Bairds_Tapir_Female_bairds_tapir_female__animationnotmotionextractedfighting_manisetf92fbaca__bairds_tapir_female_fightattack_126.npy,The female Bairds tapir fights and then attacks,3
P1,P1_OVER_NARRATIVE,train,animo4d_L4_safe,animo4d_official_text,present,False,PZ_Bairds_Tapir_Female_bairds_tapir_female__animationnotmotionextractedfighting_manisetf92fbaca__bairds_tapir_female_fighttaunt_130.npy,The female Bairds tapir fights and then taunts her opponent,3
P1,P1_OVER_NARRATIVE,train,animo4d_L4_safe,animo4d_official_text,present,False,PZ_Bairds_Tapir_Female_bairds_tapir_female__animationnotmotionextractedfighting_manisetf92fbaca__bairds_tapir_female_fightvictorytaunt_133.npy,The female Bairds tapir fights achieves victory and then taunts her opponent,3
P1,P1_SOURCE_ACTION_ARTIFACT,train,animo4d_L4_safe,animo4d_official_text,present,False,PZ_Bairds_Tapir_Female_bairds_tapir_female__animationnotmotionextractedfighting_manisetf92fbaca__bairds_tapir_female_standgimmick01_147.npy,The female Bairds tapir stands still as a gimmick,3
P1,P1_OVER_NARRATIVE,train,animo4d_L4_safe,animo4d_official_text,present,False,PZ_Bairds_Tapir_Female_bairds_tapir_female__animationnotmotionextractedlocomotion_maniset2647c030__bairds_tapir_female_fighttaunt_208.npy,The female Bairds tapir fights and then taunts her opponent,3
P1,P1_OVER_NARRATIVE,train,animo4d_L4_safe,animo4d_official_text,present,False,PZ_Bairds_Tapir_Female_bairds_tapir_female__animationnotmotionextractedlocomotion_maniset2647c030__bairds_tapir_female_fightvictorytaunt_211.npy,The female Bairds tapir fights achieves victory and then taunts her opponent,3
P1,P1_SOURCE_ACTION_ARTIFACT,train,animo4d_L4_safe,animo4d_official_text,present,False,PZ_Bairds_Tapir_Female_bairds_tapir_female__animationnotmotionextractedlocomotion_maniset2647c030__bairds_tapir_female_standgimmick01_229.npy,The female Bairds tapir stands still as a clever gimmick,3
P1,P1_SOURCE_ACTION_ARTIFACT,train,animo4d_L4_safe,animo4d_official_text,present,False,PZ_Bairds_Tapir_Juvenile_bairds_tapir_juvenile__animationnotmotionextractedbehaviour_manisetc2c9430c__bairds_tapir_juvenile_standgimmick01_61.npy,The juvenile Bairds tapir stands still as a gimmick,3
P1,P1_OVER_NARRATIVE,train,animo4d_L4_safe,animo4d_official_text,present,False,PZ_Bairds_Tapir_Juvenile_bairds_tapir_juvenile__animationnotmotionextractedfighting_maniset1cdfed62__bairds_tapir_juvenile_fighttaunt_116.npy,The juvenile Bairds tapir fights and then taunts its opponent,3
P1,P1_OVER_NARRATIVE,train,animo4d_L4_safe,animo4d_official_text,present,False,PZ_Bairds_Tapir_Juvenile_bairds_tapir_juvenile__animationnotmotionextractedfighting_maniset1cdfed62__bairds_tapir_juvenile_fightvictorytaunt_119.npy,The juvenile Bairds tapir fights wins and then taunts its opponent,3
P1,P1_SOURCE_ACTION_ARTIFACT,train,animo4d_L4_safe,animo4d_official_text,present,False,PZ_Bairds_Tapir_Juvenile_bairds_tapir_juvenile__animationnotmotionextractedfighting_maniset1cdfed62__bairds_tapir_juvenile_standgimmick01_132.npy,The juvenile Bairds tapir stands still as a gimmick,3
P1,P1_OVER_NARRATIVE,train,animo4d_L4_safe,animo4d_official_text,present,False,PZ_Bairds_Tapir_Juvenile_bairds_tapir_juvenile__animationnotmotionextractedlocomotion_maniset357f7ec8__bairds_tapir_juvenile_fightreact_186.npy,The juvenile Bairds tapir reacts to the fight by fleeing swiftly,3
P1,P1_OVER_NARRATIVE,train,animo4d_L4_safe,animo4d_official_text,present,False,PZ_Bairds_Tapir_Juvenile_bairds_tapir_juvenile__animationnotmotionextractedlocomotion_maniset357f7ec8__bairds_tapir_juvenile_fighttaunt_188.npy,The juvenile Bairds tapir fights and then taunts its opponent,3
P1,P1_OVER_NARRATIVE,train,animo4d_L4_safe,animo4d_official_text,present,False,PZ_Bairds_Tapir_Juvenile_bairds_tapir_juvenile__animationnotmotionextractedlocomotion_maniset357f7ec8__bairds_tapir_juvenile_fightvictorytaunt_191.npy,The juvenile Bairds tapir fights wins and then taunts its opponent,3
P1,P1_SOURCE_ACTION_ARTIFACT,train,animo4d_L4_safe,animo4d_official_text,present,False,PZ_Bairds_Tapir_Juvenile_bairds_tapir_juvenile__animationnotmotionextractedlocomotion_maniset357f7ec8__bairds_tapir_juvenile_standgimmick01_207.npy,The juvenile Bairds tapir stands still as a gimmick,3
P1,P1_OVER_NARRATIVE,train,animo4d_L4_safe,animo4d_official_text,present,False,PZ_Bairds_Tapir_Male_bairds_tapir_male__animationnotmotionextractedfighting_maniset35a5c83f__bairds_tapir_male_fightflee_124.npy,The male Bairds tapir fights and then flees,3
P1,P1_OVER_NARRATIVE,train,animo4d_L4_safe,animo4d_official_text,present,False,PZ_Bairds_Tapir_Male_bairds_tapir_male__animationnotmotionextractedfighting_maniset35a5c83f__bairds_tapir_male_fighttauntreact_129.npy,The male Bairds tapir fights taunts and then reacts swiftly,3
P1,P1_OVER_NARRATIVE,train,animo4d_L4_safe,animo4d_official_text,present,False,PZ_Bairds_Tapir_Male_bairds_tapir_male__animationnotmotionextractedfighting_maniset35a5c83f__bairds_tapir_male_fightvictorytaunt_131.npy,The male Bairds tapir fights achieves victory and then taunts its opponent,3
P1,P1_OVER_NARRATIVE,train,animo4d_L4_safe,animo4d_official_text,present,False,PZ_Bairds_Tapir_Male_bairds_tapir_male__animationnotmotionextractedlocomotion_maniseta1418025__bairds_tapir_male_fighttaunt_206.npy,The male Bairds tapir fights and then taunts its opponent,3
P1,P1_OVER_NARRATIVE,train,animo4d_L4_safe,animo4d_official_text,present,False,PZ_Bairds_Tapir_Male_bairds_tapir_male__animationnotmotionextractedlocomotion_maniseta1418025__bairds_tapir_male_fightvictorytaunt_209.npy,The male Bairds tapir fights achieves victory and then taunts its opponent,3
P1,P1_OVER_NARRATIVE,train,animo4d_L4_safe,animo4d_official_text,present,False,PZ_Bengal_Tiger_Female_bengal_tiger_female__animationmotionextractedfighting_manisete7324cb3__bengal_tiger_female_fightchaseoff_2.npy,The female Bengal tiger fights and then chases off her opponent,3
P1,P1_OVER_NARRATIVE,train,animo4d_L4_safe,animo4d_official_text,present,False,PZ_Bengal_Tiger_Female_bengal_tiger_female__animationmotionextractedfighting_manisete7324cb3__bengal_tiger_female_fighttaunt_7.npy,The female Bengal tiger fights and then taunts her opponent,3
P1,P1_OVER_NARRATIVE,train,animo4d_L4_safe,animo4d_official_text,present,False,PZ_Bengal_Tiger_Female_bengal_tiger_female__animationmotionextractedfighting_manisete7324cb3__bengal_tiger_female_fighttauntreact_8.npy,The female Bengal tiger fights taunts her opponent and then reacts swiftly,3
P1,P1_OVER_NARRATIVE,train,animo4d_L4_safe,animo4d_official_text,present,False,PZ_Bengal_Tiger_Female_bengal_tiger_female__animationmotionextractedlocomotion_maniset24b283b9__bengal_tiger_female_fightchaseoff_37.npy,The female Bengal tiger fights and then chases off her opponent,3
P1,P1_OVER_NARRATIVE,train,animo4d_L4_safe,animo4d_official_text,present,False,PZ_Bengal_Tiger_Female_bengal_tiger_female__animationmotionextractedlocomotion_maniset24b283b9__bengal_tiger_female_fighttaunt_42.npy,The female Bengal tiger fights and then taunts her opponent,3
P1,P1_OVER_NARRATIVE,train,animo4d_L4_safe,animo4d_official_text,present,False,PZ_Bengal_Tiger_Female_bengal_tiger_female__animationmotionextractedlocomotion_maniset24b283b9__bengal_tiger_female_fighttauntreact_43.npy,The female Bengal tiger fights taunts and then reacts swiftly,3
P1,P1_OVER_NARRATIVE,train,animo4d_L4_safe,animo4d_official_text,present,False,PZ_Bengal_Tiger_Female_bengal_tiger_female__animationmotionextractedpounce_maniset13e1ddd6__bengal_tiger_female_fightchaseoff_130.npy,The female Bengal tiger fights and then chases off her opponent,3
P1,P1_OVER_NARRATIVE,train,animo4d_L4_safe,animo4d_official_text,present,False,PZ_Bengal_Tiger_Female_bengal_tiger_female__animationnotmotionextractedbehaviour_maniset2324819f__bengal_tiger_female_fightchaseoff_227.npy,The female Bengal tiger fights and then chases off her opponent,3
P1,P1_OVER_NARRATIVE,train,animo4d_L4_safe,animo4d_official_text,present,False,PZ_Bengal_Tiger_Female_bengal_tiger_female__animationnotmotionextractedbehaviour_maniset2324819f__bengal_tiger_female_fighttaunt_232.npy,The female Bengal tiger fights and then taunts her opponent,3
P1,P1_OVER_NARRATIVE,train,animo4d_L4_safe,animo4d_official_text,present,False,PZ_Bengal_Tiger_Female_bengal_tiger_female__animationnotmotionextractedfighting_maniset1a246b35__bengal_tiger_female_fightchaseoff_337.npy,The female Bengal tiger fights and then chases off the intruder,3
P1,P1_OVER_NARRATIVE,train,animo4d_L4_safe,animo4d_official_text,present,False,PZ_Bengal_Tiger_Female_bengal_tiger_female__animationnotmotionextractedfighting_maniset1a246b35__bengal_tiger_female_fighttaunt_344.npy,The female Bengal tiger fights and then taunts her opponent,3
P1,P1_OVER_NARRATIVE,train,animo4d_L4_safe,animo4d_official_text,present,False,PZ_Bengal_Tiger_Female_bengal_tiger_female__animationnotmotionextractedlocomotion_maniset19a4ae1b__bengal_tiger_female_fightchaseoff_466.npy,The female Bengal tiger fights and then chases off her opponent,3
P1,P1_OVER_NARRATIVE,train,animo4d_L4_safe,animo4d_official_text,present,False,PZ_Bengal_Tiger_Female_bengal_tiger_female__animationnotmotionextractedlocomotion_maniset19a4ae1b__bengal_tiger_female_fighttaunt_473.npy,The female Bengal tiger fights and then taunts her opponent,3
P1,P1_OVER_NARRATIVE,train,animo4d_L4_safe,animo4d_official_text,present,False,PZ_Bengal_Tiger_Female_bengal_tiger_female__animationnotmotionextractedlocomotion_maniset19a4ae1b__bengal_tiger_female_fighttauntreact_474.npy,The female Bengal tiger fights taunts and then reacts swiftly,3
P1,P1_OVER_NARRATIVE,train,animo4d_L4_safe,animo4d_official_text,present,False,PZ_Bengal_Tiger_Male_bengal_tiger_male__animationmotionextractedfighting_manisetab299fa8__bengal_tiger_male_fightreact_1.npy,The male Bengal tiger fights and then reacts swiftly,3
P1,P1_OVER_NARRATIVE,train,animo4d_L4_safe,animo4d_official_text,present,False,PZ_Bengal_Tiger_Male_bengal_tiger_male__animationmotionextractedfighting_manisetab299fa8__bengal_tiger_male_fighttaunt_4.npy,The male Bengal tiger fights and then taunts its opponent,3
P1,P1_OVER_NARRATIVE,train,animo4d_L4_safe,animo4d_official_text,present,False,PZ_Bengal_Tiger_Male_bengal_tiger_male__animationmotionextractedlocomotion_manisete954492e__bengal_tiger_male_fightreacttofendoff_35.npy,The male Bengal tiger fights and reacts swiftly to fend off the threat,3
P1,P1_OVER_NARRATIVE,train,animo4d_L4_safe,animo4d_official_text,present,False,PZ_Bengal_Tiger_Male_bengal_tiger_male__animationmotionextractedlocomotion_manisete954492e__bengal_tiger_male_fighttaunttostand_38.npy,The male Bengal tiger fights taunts and then stands still,3
P1,P1_OVER_NARRATIVE,train,animo4d_L4_safe,animo4d_official_text,present,False,PZ_Bengal_Tiger_Male_bengal_tiger_male__animationmotionextractedpounce_maniset6cbc51eb__bengal_tiger_male_fighttaunt_124.npy,The male Bengal tiger fights and then taunts its opponent,3
P1,P1_OVER_NARRATIVE,train,animo4d_L4_safe,animo4d_official_text,present,False,PZ_Bengal_Tiger_Male_bengal_tiger_male__animationmotionextractedpounce_maniset6cbc51eb__bengal_tiger_male_fighttauntreact_125.npy,The male Bengal tiger fights taunts and then reacts swiftly,3
P1,P1_OVER_NARRATIVE,train,animo4d_L4_safe,animo4d_official_text,present,False,PZ_Bengal_Tiger_Male_bengal_tiger_male__animationnotmotionextractedbehaviour_maniset4565f994__bengal_tiger_male_fightreact_214.npy,The male Bengal tiger fights and then reacts swiftly,3
P1,P1_OVER_NARRATIVE,train,animo4d_L4_safe,animo4d_official_text,present,False,PZ_Bengal_Tiger_Male_bengal_tiger_male__animationnotmotionextractedbehaviour_maniset4565f994__bengal_tiger_male_fightreacttofendoff_216.npy,The male Bengal tiger fights and reacts swiftly to fend off the threat,3
P1,P1_OVER_NARRATIVE,train,animo4d_L4_safe,animo4d_official_text,present,False,PZ_Bengal_Tiger_Male_bengal_tiger_male__animationnotmotionextractedbehaviour_maniset4565f994__bengal_tiger_male_fighttaunt_217.npy,The male Bengal tiger fights and then taunts its opponent,3
P1,P1_OVER_NARRATIVE,train,animo4d_L4_safe,animo4d_official_text,present,False,PZ_Bengal_Tiger_Male_bengal_tiger_male__animationnotmotionextractedbehaviour_maniset4565f994__bengal_tiger_male_fighttauntreact_218.npy,The male Bengal tiger fights taunts and then reacts swiftly,3
P1,P1_OVER_NARRATIVE,train,animo4d_L4_safe,animo4d_official_text,present,False,PZ_Bengal_Tiger_Male_bengal_tiger_male__animationnotmotionextractedfighting_maniset8e4d61ea__bengal_tiger_male_fighttaunt_327.npy,The male Bengal tiger fights and then taunts its opponent,3
P1,P1_OVER_NARRATIVE,train,animo4d_L4_safe,animo4d_official_text,present,False,PZ_Bengal_Tiger_Male_bengal_tiger_male__animationnotmotionextractedlocomotion_manisetd223f750__bengal_tiger_male_fightreacttofendoff_451.npy,The male Bengal tiger fights and reacts swiftly to fend off the threat,3
P1,P1_OVER_NARRATIVE,train,animo4d_L4_safe,animo4d_official_text,present,False,PZ_Bengal_Tiger_Male_bengal_tiger_male__animationnotmotionextractedlocomotion_manisetd223f750__bengal_tiger_male_fighttaunt_452.npy,The male Bengal tiger fights and then taunts its opponent,1
P1,P1_OVER_NARRATIVE,train,animo4d_L4_safe,animo4d_official_text,present,False,PZ_Binturong_Female_binturong_female__animationmotionextractedfighting_manisetf88ef46a__binturong_female_fightchaseoff_1.npy,The female binturong fights and then chases off the intruder,3
P1,P1_OVER_NARRATIVE,train,animo4d_L4_safe,animo4d_official_text,present,False,PZ_Binturong_Female_binturong_female__animationmotionextractedfighting_pounce_maniset31d4d03c__binturong_female_fightchaseoff_3.npy,The female binturong fights and then chases off the intruder,3
P1,P1_OVER_NARRATIVE,train,animo4d_L4_safe,animo4d_official_text,present,False,PZ_Binturong_Female_binturong_female__animationmotionextractedlocomotion_maniset5efa2ef0__binturong_female_fightchaseoff_32.npy,The female binturong fights and then chases off the intruder,3
P1,P1_OVER_NARRATIVE,train,animo4d_L4_safe,animo4d_official_text,present,False,PZ_Binturong_Female_binturong_female__animationnotmotionextractedbehaviour_maniset432cf056__binturong_female_fightchaseoff_110.npy,The female binturong fights and then chases off the intruder,3
P1,P1_SOURCE_ACTION_ARTIFACT,train,animo4d_L4_safe,animo4d_official_text,present,False,PZ_Binturong_Female_binturong_female__animationnotmotionextractedbehaviour_maniset432cf056__binturong_female_standgimmick01_125.npy,The female binturong stands still and then performs a playful gimmick,3
P1,P1_OVER_NARRATIVE,train,animo4d_L4_safe,animo4d_official_text,present,False,PZ_Binturong_Female_binturong_female__animationnotmotionextractedfighting_maniset503c02c__binturong_female_fightchaseoff_206.npy,The female binturong fights and then chases off the intruder,3
P1,P1_OVER_NARRATIVE,train,animo4d_L4_safe,animo4d_official_text,present,False,PZ_Binturong_Female_binturong_female__animationnotmotionextractedfighting_maniset503c02c__binturong_female_fighttaunt_209.npy,The female binturong fights and then taunts her opponent,3
P1,P1_OVER_NARRATIVE,train,animo4d_L4_safe,animo4d_official_text,present,False,PZ_Binturong_Female_binturong_female__animationnotmotionextractedfighting_maniset503c02c__binturong_female_fighttauntreact_210.npy,The female binturong fights taunts and then reacts swiftly,3
P1,P1_OVER_NARRATIVE,train,animo4d_L4_safe,animo4d_official_text,present,False,PZ_Binturong_Female_binturong_female__animationnotmotionextractedfighting_maniset503c02c__binturong_female_fightvictorytaunt_212.npy,The female binturong fights achieves victory and then taunts her opponent,3
P1,P1_SOURCE_ACTION_ARTIFACT,train,animo4d_L4_safe,animo4d_official_text,present,False,PZ_Binturong_Female_binturong_female__animationnotmotionextractedfighting_maniset503c02c__binturong_female_standgimmick01_225.npy,The female binturong stands still and then performs a playful gimmick,3
P1,P1_OVER_NARRATIVE,train,animo4d_L4_safe,animo4d_official_text,present,False,PZ_Binturong_Female_binturong_female__animationnotmotionextractedlocomotion_maniset5d83a692__binturong_female_fightchaseoff_327.npy,The female binturong fights and then chases off the intruder,3
P1,P1_OVER_NARRATIVE,train,animo4d_L4_safe,animo4d_official_text,present,False,PZ_Binturong_Female_binturong_female__animationnotmotionextractedlocomotion_maniset5d83a692__binturong_female_fighttaunt_330.npy,The female binturong fights and then taunts her opponent,3
P1,P1_OVER_NARRATIVE,train,animo4d_L4_safe,animo4d_official_text,present,False,PZ_Binturong_Female_binturong_female__animationnotmotionextractedlocomotion_maniset5d83a692__binturong_female_fighttauntreact_331.npy,The female binturong fights taunts her opponent and then reacts swiftly,3
P1,P1_OVER_NARRATIVE,train,animo4d_L4_safe,animo4d_official_text,present,False,PZ_Binturong_Female_binturong_female__animationnotmotionextractedlocomotion_maniset5d83a692__binturong_female_fightvictorytaunt_333.npy,The female binturong fights emerges victorious and then taunts her opponent,3
P1,P1_SOURCE_ACTION_ARTIFACT,train,animo4d_L4_safe,animo4d_official_text,present,False,PZ_Binturong_Female_binturong_female__animationnotmotionextractedlocomotion_maniset5d83a692__binturong_female_standgimmick01_348.npy,The female binturong stands still and then performs a playful gimmick,3
P1,P1_OVER_NARRATIVE,train,animo4d_L4_safe,animo4d_official_text,present,False,PZ_Binturong_Juvenile_binturong_juvenile__animationmotionextractedfighting_maniset24ab9582__binturong_juvenile_fightchaseoff_1.npy,The juvenile binturong fights and then chases off its opponent,3
P1,P1_OVER_NARRATIVE,train,animo4d_L4_safe,animo4d_official_text,present,False,PZ_Binturong_Juvenile_binturong_juvenile__animationmotionextractedfighting_pounce_maniset99a97b54__binturong_juvenile_fightchaseoff_3.npy,The juvenile binturong fights and then chases off the intruder,3
P1,P1_OVER_NARRATIVE,train,animo4d_L4_safe,animo4d_official_text,present,False,PZ_Binturong_Juvenile_binturong_juvenile__animationmotionextractedlocomotion_maniset9c319c08__binturong_juvenile_fightchaseoff_33.npy,The juvenile binturong fights and then chases off the intruder,3
P1,P1_OVER_NARRATIVE,train,animo4d_L4_safe,animo4d_official_text,present,False,PZ_Binturong_Juvenile_binturong_juvenile__animationnotmotionextractedbehaviour_manisetfa05296e__binturong_juvenile_fightchaseoff_119.npy,The juvenile binturong fights and then chases off its opponent,3
P1,P1_SOURCE_ACTION_ARTIFACT,train,animo4d_L4_safe,animo4d_official_text,present,False,PZ_Binturong_Juvenile_binturong_juvenile__animationnotmotionextractedbehaviour_manisetfa05296e__binturong_juvenile_standgimmick01_136.npy,The juvenile binturong stands still and then performs a gimmick,3
P1,P1_OVER_NARRATIVE,train,animo4d_L4_safe,animo4d_official_text,present,False,PZ_Binturong_Juvenile_binturong_juvenile__animationnotmotionextractedfighting_maniset6dcad344__binturong_juvenile_fightchaseoff_225.npy,The juvenile binturong fights and then chases off the intruder,3
P1,P1_OVER_NARRATIVE,train,animo4d_L4_safe,animo4d_official_text,present,False,PZ_Binturong_Juvenile_binturong_juvenile__animationnotmotionextractedfighting_maniset6dcad344__binturong_juvenile_fighttaunt_228.npy,The juvenile binturong fights and then taunts its opponent,3
P1,P1_SOURCE_ACTION_ARTIFACT,train,animo4d_L4_safe,animo4d_official_text,present,False,PZ_Binturong_Juvenile_binturong_juvenile__animationnotmotionextractedfighting_maniset6dcad344__binturong_juvenile_standgimmick01_246.npy,The juvenile binturong stands still and then performs a playful gimmick,3
P1,P1_OVER_NARRATIVE,train,animo4d_L4_safe,animo4d_official_text,present,False,PZ_Binturong_Juvenile_binturong_juvenile__animationnotmotionextractedlocomotion_maniset2b4e85aa__binturong_juvenile_fightchaseoff_356.npy,The juvenile binturong fights and then chases off the intruder,3
P1,P1_OVER_NARRATIVE,train,animo4d_L4_safe,animo4d_official_text,present,False,PZ_Binturong_Juvenile_binturong_juvenile__animationnotmotionextractedlocomotion_maniset2b4e85aa__binturong_juvenile_fighttaunt_359.npy,The juvenile binturong fights and then taunts its opponent,3
P1,P1_OVER_NARRATIVE,train,animo4d_L4_safe,animo4d_official_text,present,False,PZ_Binturong_Juvenile_binturong_juvenile__animationnotmotionextractedlocomotion_maniset2b4e85aa__binturong_juvenile_fightvictorytaunt_362.npy,The juvenile binturong fights wins and then taunts its opponent,3
P1,P1_SOURCE_ACTION_ARTIFACT,train,animo4d_L4_safe,animo4d_official_text,present,False,PZ_Binturong_Juvenile_binturong_juvenile__animationnotmotionextractedlocomotion_maniset2b4e85aa__binturong_juvenile_standgimmick01_379.npy,The juvenile binturong stands still and then performs a gimmick,3
P1,P1_OVER_NARRATIVE,train,animo4d_L4_safe,animo4d_official_text,present,False,PZ_Binturong_Male_binturong_male__animationmotionextractedfighting_maniset82faed9f__binturong_male_fightchaseoff_1.npy,The male binturong fights and then chases off the intruder,3
P1,P1_OVER_NARRATIVE,train,animo4d_L4_safe,animo4d_official_text,present,False,PZ_Binturong_Male_binturong_male__animationmotionextractedfighting_pounce_maniset630a4231__binturong_male_fightchaseoff_3.npy,The male binturong fights and then chases off the intruder,3
P1,P1_OVER_NARRATIVE,train,animo4d_L4_safe,animo4d_official_text,present,False,PZ_Binturong_Male_binturong_male__animationmotionextractedlocomotion_manisetc479baa5__binturong_male_fightchaseoff_32.npy,The male binturong fights and then chases off the intruder,3
P1,P1_OVER_NARRATIVE,train,animo4d_L4_safe,animo4d_official_text,present,False,PZ_Binturong_Male_binturong_male__animationnotmotionextractedbehaviour_maniset30454e8b__binturong_male_fightchaseoff_112.npy,The male binturong fights and then chases off the intruder,3
P1,P1_SOURCE_ACTION_ARTIFACT,train,animo4d_L4_safe,animo4d_official_text,present,False,PZ_Binturong_Male_binturong_male__animationnotmotionextractedbehaviour_maniset30454e8b__binturong_male_standgimmick01_128.npy,The male binturong stands still and then performs a playful gimmick,3
P1,P1_OVER_NARRATIVE,train,animo4d_L4_safe,animo4d_official_text,present,False,PZ_Binturong_Male_binturong_male__animationnotmotionextractedfighting_manisetc8950d21__binturong_male_fightchaseoff_209.npy,The male binturong fights and then chases off the intruder,3
P1,P1_OVER_NARRATIVE,train,animo4d_L4_safe,animo4d_official_text,present,False,PZ_Binturong_Male_binturong_male__animationnotmotionextractedfighting_manisetc8950d21__binturong_male_fighttaunt_213.npy,The male binturong fights and then taunts its opponent,3
P1,P1_OVER_NARRATIVE,train,animo4d_L4_safe,animo4d_official_text,present,False,PZ_Binturong_Male_binturong_male__animationnotmotionextractedfighting_manisetc8950d21__binturong_male_fighttauntreact_214.npy,The male binturong fights taunts and then reacts swiftly,3
P1,P1_OVER_NARRATIVE,train,animo4d_L4_safe,animo4d_official_text,present,False,PZ_Binturong_Male_binturong_male__animationnotmotionextractedfighting_manisetc8950d21__binturong_male_fightvictorytaunt_216.npy,The male binturong fights achieves victory and then taunts its opponent,3
P1,P1_SOURCE_ACTION_ARTIFACT,train,animo4d_L4_safe,animo4d_official_text,present,False,PZ_Binturong_Male_binturong_male__animationnotmotionextractedfighting_manisetc8950d21__binturong_male_standgimmick01_230.npy,The male binturong stands still and then performs a playful gimmick,3
P1,P1_OVER_NARRATIVE,train,animo4d_L4_safe,animo4d_official_text,present,False,PZ_Binturong_Male_binturong_male__animationnotmotionextractedlocomotion_manisetf22c6607__binturong_male_fightchaseoff_330.npy,The male binturong fights and then chases off the intruder,3
P1,P1_OVER_NARRATIVE,train,animo4d_L4_safe,animo4d_official_text,present,False,PZ_Binturong_Male_binturong_male__animationnotmotionextractedlocomotion_manisetf22c6607__binturong_male_fighttaunt_334.npy,The male binturong fights and then taunts its opponent,3
P1,P1_OVER_NARRATIVE,train,animo4d_L4_safe,animo4d_official_text,present,False,PZ_Binturong_Male_binturong_male__animationnotmotionextractedlocomotion_manisetf22c6607__binturong_male_fighttauntreact_335.npy,The male binturong fights taunts and then reacts swiftly,3
P1,P1_OVER_NARRATIVE,train,animo4d_L4_safe,animo4d_official_text,present,False,PZ_Binturong_Male_binturong_male__animationnotmotionextractedlocomotion_manisetf22c6607__binturong_male_fightvictorytaunt_337.npy,The male binturong fights wins and then taunts his opponent,3
P1,P1_SOURCE_ACTION_ARTIFACT,train,animo4d_L4_safe,animo4d_official_text,present,False,PZ_Binturong_Male_binturong_male__animationnotmotionextractedlocomotion_manisetf22c6607__binturong_male_standgimmick01_353.npy,The male binturong stands still as a gimmick,3
P1,P1_OVER_NARRATIVE,train,animo4d_L4_safe,animo4d_official_text,present,False,PZ_Black_Rhino_Juvenile_black_rhino_juvenile__animationmotionextractedfighting_maniset779710e9__black_rhino_juvenile_fightchaseoff_2.npy,The juvenile black rhino fights and then chases off the intruder,3
P1,P1_OVER_NARRATIVE,train,animo4d_L4_safe,animo4d_official_text,present,False,PZ_Black_Rhino_Juvenile_black_rhino_juvenile__animationmotionextractedlocomotion_maniset25aa72ef__black_rhino_juvenile_fightchaseoff_5.npy,The juvenile black rhino fights and then chases off the intruder,3
P1,P1_OVER_NARRATIVE,train,animo4d_L4_safe,animo4d_official_text,present,False,PZ_Black_Rhino_Juvenile_black_rhino_juvenile__animationnotmotionextractedbehaviour_manisetb04d1bd5__black_rhino_juvenile_fightchaseoff_60.npy,The juvenile black rhino fights and then chases off the intruder,3
P1,P1_OVER_NARRATIVE,train,animo4d_L4_safe,animo4d_official_text,present,False,PZ_Black_Rhino_Juvenile_black_rhino_juvenile__animationnotmotionextractedfighting_maniset38d4ffeb__black_rhino_juvenile_fightchaseoff_130.npy,The juvenile black rhino fights and then chases off the intruder,3
P1,P1_OVER_NARRATIVE,train,animo4d_L4_safe,animo4d_official_text,present,False,PZ_Black_Rhino_Juvenile_black_rhino_juvenile__animationnotmotionextractedfighting_maniset38d4ffeb__black_rhino_juvenile_fighttaunt_134.npy,The juvenile black rhino charges forward in a fight and then taunts its opponent,3
P1,P1_OVER_NARRATIVE,train,animo4d_L4_safe,animo4d_official_text,present,False,PZ_Black_Rhino_Juvenile_black_rhino_juvenile__animationnotmotionextractedlocomotion_maniset935cadd1__black_rhino_juvenile_fightchaseoff_206.npy,The juvenile black rhino fights and then chases off the intruder,3
P1,P1_OVER_NARRATIVE,train,animo4d_L4_safe,animo4d_official_text,present,False,PZ_Black_Rhino_Juvenile_black_rhino_juvenile__animationnotmotionextractedlocomotion_maniset935cadd1__black_rhino_juvenile_fighttaunt_210.npy,The juvenile black rhino charges forward in a fight and then taunts its opponent,3
P1,P1_OVER_NARRATIVE,train,animo4d_L4_safe,animo4d_official_text,present,False,PZ_Black_Rhino_Male_black_rhino_male__animationmotionextractedbehaviour_maniset57276e70__black_rhino_male_fightattack_4.npy,The male black rhino charges forward in a fight and then attacks fiercely,3
P1,P1_OVER_NARRATIVE,train,animo4d_L4_safe,animo4d_official_text,present,False,PZ_Black_Rhino_Male_black_rhino_male__animationmotionextractedbehaviour_maniset57276e70__black_rhino_male_fightchaseoff_5.npy,The male black rhino fights and then chases off the intruder,3
P1,P1_OVER_NARRATIVE,train,animo4d_L4_safe,animo4d_official_text,present,False,PZ_Black_Rhino_Male_black_rhino_male__animationmotionextractedbehaviour_maniset57276e70__black_rhino_male_fighttaunt_10.npy,The male black rhino charges forward in a fight and then taunts its opponent,3
P1,P1_OVER_NARRATIVE,train,animo4d_L4_safe,animo4d_official_text,present,False,PZ_Black_Rhino_Male_black_rhino_male__animationmotionextractedfighting_maniset3abacd86__black_rhino_male_fightchaseoff_102.npy,The male black rhino fights and then chases the opponent off,3
P1,P1_OVER_NARRATIVE,train,animo4d_L4_safe,animo4d_official_text,present,False,PZ_Black_Rhino_Male_black_rhino_male__animationmotionextractedfighting_maniset3abacd86__black_rhino_male_fightreact_105.npy,The male black rhino fights and then reacts defensively,3
P1,P1_OVER_NARRATIVE,train,animo4d_L4_safe,animo4d_official_text,present,False,PZ_Black_Rhino_Male_black_rhino_male__animationmotionextractedfighting_maniset3abacd86__black_rhino_male_fighttaunt_107.npy,The male black rhino charges forward in a fight and then taunts its opponent,3
P1,P1_OVER_NARRATIVE,train,animo4d_L4_safe,animo4d_official_text,present,False,PZ_Black_Rhino_Male_black_rhino_male__animationmotionextractedfighting_maniset3abacd86__black_rhino_male_fightvictorytaunt_110.npy,The male black rhino charges forward in a fight emerges victorious and then taunts its opponent with a headthrust,3
P1,P1_OVER_NARRATIVE,train,animo4d_L4_safe,animo4d_official_text,present,False,PZ_Black_Rhino_Male_black_rhino_male__animationmotionextractedlocomotion_maniset1765360c__black_rhino_male_fightchaseoff_199.npy,The male black rhino fights and then chases off the intruder,3
P1,P1_OVER_NARRATIVE,train,animo4d_L4_safe,animo4d_official_text,present,False,PZ_Black_Rhino_Male_black_rhino_male__animationmotionextractedlocomotion_maniset1765360c__black_rhino_male_fighttaunt_204.npy,The male black rhino charges forward in a fight and then taunts its opponent,3
P1,P1_OVER_NARRATIVE,train,animo4d_L4_safe,animo4d_official_text,present,False,PZ_Black_Rhino_Male_black_rhino_male__animationmotionextractedlocomotion_maniset1765360c__black_rhino_male_fightvictorytaunt_207.npy,The male black rhino charges forward in a victorious taunt after the fight,3
P1,P1_OVER_NARRATIVE,train,animo4d_L4_safe,animo4d_official_text,present,False,PZ_Black_Rhino_Male_black_rhino_male__animationnotmotionextractedbehaviour_manisetb9be2572__black_rhino_male_fightchaseoff_296.npy,The male black rhino fights and then chases off the intruder,3
P1,P1_OVER_NARRATIVE,train,animo4d_L4_safe,animo4d_official_text,present,False,PZ_Black_Rhino_Male_black_rhino_male__animationnotmotionextractedbehaviour_manisetb9be2572__black_rhino_male_fighttaunt_301.npy,The male black rhino charges forward in a fight and then taunts its opponent,3
P1,P1_OVER_NARRATIVE,train,animo4d_L4_safe,animo4d_official_text,present,False,PZ_Black_Rhino_Male_black_rhino_male__animationnotmotionextractedbehaviour_manisetb9be2572__black_rhino_male_fighttauntreact_302.npy,The male black rhino fights taunts and then reacts swiftly,3
P1,P1_OVER_NARRATIVE,train,animo4d_L4_safe,animo4d_official_text,present,False,PZ_Black_Rhino_Male_black_rhino_male__animationnotmotionextractedbehaviour_manisetb9be2572__black_rhino_male_fightvictorytaunt_304.npy,The male black rhino charges victoriously and then raises its head in a taunting stance,3
P1,P1_OVER_NARRATIVE,train,animo4d_L4_safe,animo4d_official_text,present,False,PZ_Black_Rhino_Male_black_rhino_male__animationnotmotionextractedfighting_maniset844cfe48__black_rhino_male_fightchaseoff_393.npy,The male black rhino fights and then chases off the intruder,3
P1,P1_OVER_NARRATIVE,train,animo4d_L4_safe,animo4d_official_text,present,False,PZ_Black_Rhino_Male_black_rhino_male__animationnotmotionextractedfighting_maniset844cfe48__black_rhino_male_fighttaunt_398.npy,The male black rhino charges forward in a fight and then taunts its opponent,3
P1,P1_OVER_NARRATIVE,train,animo4d_L4_safe,animo4d_official_text,present,False,PZ_Black_Rhino_Male_black_rhino_male__animationnotmotionextractedfighting_maniset844cfe48__black_rhino_male_fighttauntreact_399.npy,The male black rhino fights taunts and then reacts swiftly,3
P1,P1_OVER_NARRATIVE,train,animo4d_L4_safe,animo4d_official_text,present,False,PZ_Black_Rhino_Male_black_rhino_male__animationnotmotionextractedfighting_maniset844cfe48__black_rhino_male_fightvictorytaunt_401.npy,The male black rhino charges forward in a fight emerges victorious and then taunts his opponent with a headthrust,3
P1,P1_OVER_NARRATIVE,train,animo4d_L4_safe,animo4d_official_text,present,False,PZ_Black_Rhino_Male_black_rhino_male__animationnotmotionextractedlocomotion_manisetbd3692ae__black_rhino_male_fightchaseoff_490.npy,The male black rhino fights and then chases off the intruder,3
P1,P1_OVER_NARRATIVE,train,animo4d_L4_safe,animo4d_official_text,present,False,PZ_Black_Rhino_Male_black_rhino_male__animationnotmotionextractedlocomotion_manisetbd3692ae__black_rhino_male_fighttaunt_495.npy,The male black rhino charges forward in a fight and then taunts its opponent,3
P1,P1_OVER_NARRATIVE,train,animo4d_L4_safe,animo4d_official_text,present,False,PZ_Black_Wildebeest_Female_black_wildebeest_female__animationmotionextractedfighting_maniset8686fecd__black_wildebeest_female_fightchaseoff_1.npy,The female black wildebeest fights and then chases off the intruder,3
P1,P1_OVER_NARRATIVE,train,animo4d_L4_safe,animo4d_official_text,present,False,PZ_Black_Wildebeest_Female_black_wildebeest_female__animationmotionextractedfighting_maniset8686fecd__black_wildebeest_female_fighttaunt_4.npy,The female black wildebeest fights and then taunts her opponent,3
P1,P1_OVER_NARRATIVE,train,animo4d_L4_safe,animo4d_official_text,present,False,PZ_Black_Wildebeest_Female_black_wildebeest_female__animationmotionextractedlocomotion_manisete4e6b2d3__black_wildebeest_female_fightchaseoff_6.npy,The female black wildebeest fights and then chases off the intruder,3
P1,P1_OVER_NARRATIVE,train,animo4d_L4_safe,animo4d_official_text,present,False,PZ_Black_Wildebeest_Female_black_wildebeest_female__animationmotionextractedlocomotion_manisete4e6b2d3__black_wildebeest_female_fighttaunt_9.npy,The female black wildebeest fights and then taunts her opponent,3
P1,P1_OVER_NARRATIVE,train,animo4d_L4_safe,animo4d_official_text,present,False,PZ_Black_Wildebeest_Female_black_wildebeest_female__animationnotmotionextractedbehaviour_maniset31aeadb9__black_wildebeest_female_fightchaseoff_65.npy,The female black wildebeest fights and then chases off the intruder,3
P1,P1_OVER_NARRATIVE,train,animo4d_L4_safe,animo4d_official_text,present,False,PZ_Black_Wildebeest_Female_black_wildebeest_female__animationnotmotionextractedbehaviour_maniset31aeadb9__black_wildebeest_female_fighttaunt_68.npy,The female black wildebeest fights and then taunts her opponent,3
P1,P1_OVER_NARRATIVE,train,animo4d_L4_safe,animo4d_official_text,present,False,PZ_Black_Wildebeest_Female_black_wildebeest_female__animationnotmotionextractedbehaviour_maniset31aeadb9__black_wildebeest_female_fighttauntreact_69.npy,The female black wildebeest fights taunts her opponent and then reacts swiftly,3
P1,P1_OVER_NARRATIVE,train,animo4d_L4_safe,animo4d_official_text,present,False,PZ_Black_Wildebeest_Female_black_wildebeest_female__animationnotmotionextractedfighting_manisetb820c8cf__black_wildebeest_female_fightchaseoff_141.npy,The female black wildebeest fights and then chases off the intruder,3
P1,P1_OVER_NARRATIVE,train,animo4d_L4_safe,animo4d_official_text,present,False,PZ_Black_Wildebeest_Female_black_wildebeest_female__animationnotmotionextractedfighting_manisetb820c8cf__black_wildebeest_female_fighttaunt_144.npy,The female black wildebeest fights and then taunts her opponent,3
P1,P1_OVER_NARRATIVE,train,animo4d_L4_safe,animo4d_official_text,present,False,PZ_Black_Wildebeest_Female_black_wildebeest_female__animationnotmotionextractedfighting_manisetb820c8cf__black_wildebeest_female_fighttauntreact_145.npy,The female black wildebeest fights taunts her opponent and then reacts swiftly,3
P1,P1_OVER_NARRATIVE,train,animo4d_L4_safe,animo4d_official_text,present,False,PZ_Black_Wildebeest_Female_black_wildebeest_female__animationnotmotionextractedfighting_manisetb820c8cf__black_wildebeest_female_fightvictorytaunt_147.npy,The female black wildebeest fights achieves victory and then taunts her opponent,3
P1,P1_SOURCE_ACTION_ARTIFACT,train,animo4d_L4_safe,animo4d_official_text,present,False,PZ_Black_Wildebeest_Female_black_wildebeest_female__animationnotmotionextractedfighting_manisetb820c8cf__black_wildebeest_female_standgimmick01_163.npy,The female black wildebeest stands still as a gimmick,3
P1,P1_OVER_NARRATIVE,train,animo4d_L4_safe,animo4d_official_text,present,False,PZ_Black_Wildebeest_Female_black_wildebeest_female__animationnotmotionextractedlocomotion_manisetf36a48b5__black_wildebeest_female_fightchaseoff_220.npy,The female black wildebeest fights and then chases off the intruder,3
P1,P1_OVER_NARRATIVE,train,animo4d_L4_safe,animo4d_official_text,present,False,PZ_Black_Wildebeest_Female_black_wildebeest_female__animationnotmotionextractedlocomotion_manisetf36a48b5__black_wildebeest_female_fighttaunt_223.npy,The female black wildebeest fights and then taunts her opponent,3
P1,P1_OVER_NARRATIVE,train,animo4d_L4_safe,animo4d_official_text,present,False,PZ_Black_Wildebeest_Female_black_wildebeest_female__animationnotmotionextractedlocomotion_manisetf36a48b5__black_wildebeest_female_fighttauntreact_224.npy,The female black wildebeest fights taunts her opponent and then reacts swiftly,3
P1,P1_OVER_NARRATIVE,train,animo4d_L4_safe,animo4d_official_text,present,False,PZ_Black_Wildebeest_Female_black_wildebeest_female__animationnotmotionextractedlocomotion_manisetf36a48b5__black_wildebeest_female_fightvictorytaunt_226.npy,The female black wildebeest fights wins and then taunts her opponent,3
P1,P1_SOURCE_ACTION_ARTIFACT,train,animo4d_L4_safe,animo4d_official_text,present,False,PZ_Black_Wildebeest_Female_black_wildebeest_female__animationnotmotionextractedlocomotion_manisetf36a48b5__black_wildebeest_female_standgimmick01_246.npy,The female black wildebeest stands still as a gimmick,3
P1,P1_OVER_NARRATIVE,train,animo4d_L4_safe,animo4d_official_text,present,False,PZ_Black_Wildebeest_Juvenile_black_wildebeest_juvenile__animationmotionextractedfighting_maniset10cfc4a5__black_wildebeest_juvenile_fightchaseoff_1.npy,The juvenile black wildebeest fights and then chases off its rival,3
P1,P1_OVER_NARRATIVE,train,animo4d_L4_safe,animo4d_official_text,present,False,PZ_Black_Wildebeest_Juvenile_black_wildebeest_juvenile__animationnotmotionextractedbehaviour_maniset8febcb91__black_wildebeest_juvenile_fightchaseoff_56.npy,The juvenile black wildebeest fights and then chases off its rival,3
P1,P1_SOURCE_ACTION_ARTIFACT,train,animo4d_L4_safe,animo4d_official_text,present,False,PZ_Black_Wildebeest_Juvenile_black_wildebeest_juvenile__animationnotmotionextractedbehaviour_maniset8febcb91__black_wildebeest_juvenile_standgimmick01_71.npy,The juvenile black wildebeest stands still as a gimmick,3
P1,P1_OVER_NARRATIVE,train,animo4d_L4_safe,animo4d_official_text,present,False,PZ_Black_Wildebeest_Juvenile_black_wildebeest_juvenile__animationnotmotionextractedfighting_maniset5c4c90a7__black_wildebeest_juvenile_fightchaseoff_122.npy,The juvenile black wildebeest fights and then chases off the intruder,3
P1,P1_OVER_NARRATIVE,train,animo4d_L4_safe,animo4d_official_text,present,False,PZ_Black_Wildebeest_Juvenile_black_wildebeest_juvenile__animationnotmotionextractedfighting_maniset5c4c90a7__black_wildebeest_juvenile_fightreact_123.npy,The juvenile black wildebeest fights and then reacts swiftly,3
P1,P1_OVER_NARRATIVE,train,animo4d_L4_safe,animo4d_official_text,present,False,PZ_Black_Wildebeest_Juvenile_black_wildebeest_juvenile__animationnotmotionextractedfighting_maniset5c4c90a7__black_wildebeest_juvenile_fighttaunt_125.npy,The juvenile black wildebeest fights and then taunts its opponent,3
P1,P1_OVER_NARRATIVE,train,animo4d_L4_safe,animo4d_official_text,present,False,PZ_Black_Wildebeest_Juvenile_black_wildebeest_juvenile__animationnotmotionextractedfighting_maniset5c4c90a7__black_wildebeest_juvenile_fighttauntreact_126.npy,The juvenile black wildebeest fights taunts and then reacts swiftly,3
P1,P1_OVER_NARRATIVE,train,animo4d_L4_safe,animo4d_official_text,present,False,PZ_Black_Wildebeest_Juvenile_black_wildebeest_juvenile__animationnotmotionextractedfighting_maniset5c4c90a7__black_wildebeest_juvenile_fightvictorytaunt_128.npy,The juvenile black wildebeest fights wins and then taunts its opponent,3
P1,P1_SOURCE_ACTION_ARTIFACT,train,animo4d_L4_safe,animo4d_official_text,present,False,PZ_Black_Wildebeest_Juvenile_black_wildebeest_juvenile__animationnotmotionextractedfighting_maniset5c4c90a7__black_wildebeest_juvenile_standgimmick01_143.npy,The juvenile black wildebeest stands still as part of its gimmick,3
P1,P1_OVER_NARRATIVE,train,animo4d_L4_safe,animo4d_official_text,present,False,PZ_Black_Wildebeest_Juvenile_black_wildebeest_juvenile__animationnotmotionextractedlocomotion_manisetd5663c8d__black_wildebeest_juvenile_fightchaseoff_195.npy,The juvenile black wildebeest fights and then chases off the intruder,3
P1,P1_OVER_NARRATIVE,train,animo4d_L4_safe,animo4d_official_text,present,False,PZ_Black_Wildebeest_Juvenile_black_wildebeest_juvenile__animationnotmotionextractedlocomotion_manisetd5663c8d__black_wildebeest_juvenile_fighttaunt_198.npy,The juvenile black wildebeest fights and then taunts its opponent,3
P1,P1_OVER_NARRATIVE,train,animo4d_L4_safe,animo4d_official_text,present,False,PZ_Black_Wildebeest_Juvenile_black_wildebeest_juvenile__animationnotmotionextractedlocomotion_manisetd5663c8d__black_wildebeest_juvenile_fightvictorytaunt_201.npy,The juvenile black wildebeest fights wins and then taunts its opponent,3
P1,P1_SOURCE_ACTION_ARTIFACT,train,animo4d_L4_safe,animo4d_official_text,present,False,PZ_Black_Wildebeest_Juvenile_black_wildebeest_juvenile__animationnotmotionextractedlocomotion_manisetd5663c8d__black_wildebeest_juvenile_standgimmick01_221.npy,The juvenile black wildebeest stands still as a gimmick,3
P1,P1_OVER_NARRATIVE,train,animo4d_L4_safe,animo4d_official_text,present,False,PZ_Blue_Wildebeest_Female_blue_wildebeest_female__animationmotionextractedfighting_maniset2203f6f6__blue_wildebeest_female_fightchaseoff_1.npy,The female blue wildebeest fights and then chases off the intruder,3
P1,P1_OVER_NARRATIVE,train,animo4d_L4_safe,animo4d_official_text,present,False,PZ_Blue_Wildebeest_Female_blue_wildebeest_female__animationmotionextractedfighting_maniset2203f6f6__blue_wildebeest_female_fighttaunt_3.npy,The female blue wildebeest fights and then taunts her opponent,3
P1,P1_OVER_NARRATIVE,train,animo4d_L4_safe,animo4d_official_text,present,False,PZ_Blue_Wildebeest_Female_blue_wildebeest_female__animationmotionextractedfighting_maniset2203f6f6__blue_wildebeest_female_fighttauntreact_4.npy,The female blue wildebeest fights taunts her opponent and then reacts swiftly to the counterattack,3
P1,P1_OVER_NARRATIVE,train,animo4d_L4_safe,animo4d_official_text,present,False,PZ_Blue_Wildebeest_Female_blue_wildebeest_female__animationmotionextractedlocomotion_maniset6905977c__blue_wildebeest_female_fightchaseoff_5.npy,The female blue wildebeest fights and then chases off the intruder,3
P1,P1_OVER_NARRATIVE,train,animo4d_L4_safe,animo4d_official_text,present,False,PZ_Blue_Wildebeest_Female_blue_wildebeest_female__animationmotionextractedlocomotion_maniset6905977c__blue_wildebeest_female_fighttaunt_7.npy,The female blue wildebeest fights and then taunts her opponent,3
P1,P1_OVER_NARRATIVE,train,animo4d_L4_safe,animo4d_official_text,present,False,PZ_Blue_Wildebeest_Female_blue_wildebeest_female__animationnotmotionextractedbehaviour_manisetbe91bee2__blue_wildebeest_female_fightchaseoff_59.npy,The female blue wildebeest fights and then chases off the intruder,3
P1,P1_OVER_NARRATIVE,train,animo4d_L4_safe,animo4d_official_text,present,False,PZ_Blue_Wildebeest_Female_blue_wildebeest_female__animationnotmotionextractedbehaviour_manisetbe91bee2__blue_wildebeest_female_fighttaunt_61.npy,The female blue wildebeest fights and then taunts her opponent,1
P1,P1_SOURCE_ACTION_ARTIFACT,train,animo4d_L4_safe,animo4d_official_text,present,False,PZ_Blue_Wildebeest_Female_blue_wildebeest_female__animationnotmotionextractedbehaviour_manisetbe91bee2__blue_wildebeest_female_standgimmick01_79.npy,The female blue wildebeest stands still as a gimmick,3
P1,P1_OVER_NARRATIVE,train,animo4d_L4_safe,animo4d_official_text,present,False,PZ_Blue_Wildebeest_Female_blue_wildebeest_female__animationnotmotionextractedfighting_manisetbf8b7bb8__blue_wildebeest_female_fightidle_133.npy,The female blue wildebeest fiercely fights her opponent,3
P1,P1_OVER_NARRATIVE,train,animo4d_L4_safe,animo4d_official_text,present,False,PZ_Blue_Wildebeest_Female_blue_wildebeest_female__animationnotmotionextractedfighting_manisetbf8b7bb8__blue_wildebeest_female_fighttaunt_135.npy,The female blue wildebeest fights and then taunts her opponent,3
P1,P1_OVER_NARRATIVE,train,animo4d_L4_safe,animo4d_official_text,present,False,PZ_Blue_Wildebeest_Female_blue_wildebeest_female__animationnotmotionextractedfighting_manisetbf8b7bb8__blue_wildebeest_female_fightvictorytaunt_138.npy,The female blue wildebeest fights wins and then taunts her defeated opponent,3
P1,P1_SOURCE_ACTION_ARTIFACT,train,animo4d_L4_safe,animo4d_official_text,present,False,PZ_Blue_Wildebeest_Female_blue_wildebeest_female__animationnotmotionextractedfighting_manisetbf8b7bb8__blue_wildebeest_female_standgimmick01_155.npy,The female blue wildebeest stands still as a gimmick,3
P1,P1_OVER_NARRATIVE,train,animo4d_L4_safe,animo4d_official_text,present,False,PZ_Blue_Wildebeest_Female_blue_wildebeest_female__animationnotmotionextractedlocomotion_maniset4556481e__blue_wildebeest_female_fightchaseoff_208.npy,The female blue wildebeest fights and then chases off the intruder,3
P1,P1_OVER_NARRATIVE,train,animo4d_L4_safe,animo4d_official_text,present,False,PZ_Blue_Wildebeest_Female_blue_wildebeest_female__animationnotmotionextractedlocomotion_maniset4556481e__blue_wildebeest_female_fighttaunt_212.npy,The female blue wildebeest fights and then taunts her opponent,3
P1,P1_OVER_NARRATIVE,train,animo4d_L4_safe,animo4d_official_text,present,False,PZ_Blue_Wildebeest_Female_blue_wildebeest_female__animationnotmotionextractedlocomotion_maniset4556481e__blue_wildebeest_female_fightvictorytaunt_215.npy,The female blue wildebeest fights emerges victorious and then taunts her defeated opponent,3
P1,P1_SOURCE_ACTION_ARTIFACT,train,animo4d_L4_safe,animo4d_official_text,present,False,PZ_Blue_Wildebeest_Female_blue_wildebeest_female__animationnotmotionextractedlocomotion_maniset4556481e__blue_wildebeest_female_standgimmick01_236.npy,The female blue wildebeest stands still as a gimmick,3
P1,P1_OVER_NARRATIVE,train,animo4d_L4_safe,animo4d_official_text,present,False,PZ_Blue_Wildebeest_Juvenile_blue_wildebeest_juvenile__animationmotionextractedfighting_maniset7f6b6b0e__blue_wildebeest_juvenile_fightchaseoff_1.npy,The juvenile blue wildebeest fights and then chases off its rival,3
P1,P1_OVER_NARRATIVE,train,animo4d_L4_safe,animo4d_official_text,present,False,PZ_Blue_Wildebeest_Juvenile_blue_wildebeest_juvenile__animationmotionextractedfighting_maniset7f6b6b0e__blue_wildebeest_juvenile_fighttaunt_4.npy,The juvenile blue wildebeest fights and then taunts its opponent,3
P1,P1_OVER_NARRATIVE,train,animo4d_L4_safe,animo4d_official_text,present,False,PZ_Blue_Wildebeest_Juvenile_blue_wildebeest_juvenile__animationmotionextractedlocomotion_maniset56b95794__blue_wildebeest_juvenile_fightchaseoff_6.npy,The juvenile blue wildebeest fights and then chases off its rival,3
P1,P1_OVER_NARRATIVE,train,animo4d_L4_safe,animo4d_official_text,present,False,PZ_Blue_Wildebeest_Juvenile_blue_wildebeest_juvenile__animationmotionextractedlocomotion_maniset56b95794__blue_wildebeest_juvenile_fighttaunt_9.npy,The juvenile blue wildebeest fights and then taunts its opponent,3
P1,P1_OVER_NARRATIVE,train,animo4d_L4_safe,animo4d_official_text,present,False,PZ_Blue_Wildebeest_Juvenile_blue_wildebeest_juvenile__animationnotmotionextractedbehaviour_manisete1d7cafa__blue_wildebeest_juvenile_fightchaseoff_66.npy,The juvenile blue wildebeest fights and then chases off its rival,3
P1,P1_OVER_NARRATIVE,train,animo4d_L4_safe,animo4d_official_text,present,False,PZ_Blue_Wildebeest_Juvenile_blue_wildebeest_juvenile__animationnotmotionextractedbehaviour_manisete1d7cafa__blue_wildebeest_juvenile_fighttaunt_69.npy,The juvenile blue wildebeest fights and then taunts its opponent,1
P1,P1_OVER_NARRATIVE,train,animo4d_L4_safe,animo4d_official_text,present,False,PZ_Blue_Wildebeest_Juvenile_blue_wildebeest_juvenile__animationnotmotionextractedbehaviour_manisete1d7cafa__blue_wildebeest_juvenile_fighttauntreact_70.npy,The juvenile blue wildebeest fights taunts its opponent and then reacts swiftly,3
P1,P1_OVER_NARRATIVE,train,animo4d_L4_safe,animo4d_official_text,present,False,PZ_Blue_Wildebeest_Juvenile_blue_wildebeest_juvenile__animationnotmotionextractedfighting_manisete92fa1d0__blue_wildebeest_juvenile_fightchaseoff_142.npy,The juvenile blue wildebeest fights and then chases off its rival,3
P1,P1_OVER_NARRATIVE,train,animo4d_L4_safe,animo4d_official_text,present,False,PZ_Blue_Wildebeest_Juvenile_blue_wildebeest_juvenile__animationnotmotionextractedfighting_manisete92fa1d0__blue_wildebeest_juvenile_fightreacttodie_144.npy,The juvenile blue wildebeest fights reacts and then dies,3
P1,P1_OVER_NARRATIVE,train,animo4d_L4_safe,animo4d_official_text,present,False,PZ_Blue_Wildebeest_Juvenile_blue_wildebeest_juvenile__animationnotmotionextractedfighting_manisete92fa1d0__blue_wildebeest_juvenile_fighttaunt_145.npy,The juvenile blue wildebeest fights and then taunts its opponent,3
P1,P1_OVER_NARRATIVE,train,animo4d_L4_safe,animo4d_official_text,present,False,PZ_Blue_Wildebeest_Juvenile_blue_wildebeest_juvenile__animationnotmotionextractedfighting_manisete92fa1d0__blue_wildebeest_juvenile_fightvictorytaunt_148.npy,The juvenile blue wildebeest fights wins and then taunts its opponent,3
P1,P1_SOURCE_ACTION_ARTIFACT,train,animo4d_L4_safe,animo4d_official_text,present,False,PZ_Blue_Wildebeest_Juvenile_blue_wildebeest_juvenile__animationnotmotionextractedfighting_manisete92fa1d0__blue_wildebeest_juvenile_standgimmick01_165.npy,The juvenile blue wildebeest stands still as a gimmick,3
P1,P1_OVER_NARRATIVE,train,animo4d_L4_safe,animo4d_official_text,present,False,PZ_Blue_Wildebeest_Juvenile_blue_wildebeest_juvenile__animationnotmotionextractedlocomotion_maniset524fba36__blue_wildebeest_juvenile_fightchaseoff_221.npy,The juvenile blue wildebeest fights and then chases off its rival,3
P1,P1_OVER_NARRATIVE,train,animo4d_L4_safe,animo4d_official_text,present,False,PZ_Blue_Wildebeest_Juvenile_blue_wildebeest_juvenile__animationnotmotionextractedlocomotion_maniset524fba36__blue_wildebeest_juvenile_fighttaunt_224.npy,The juvenile blue wildebeest fights and then taunts its opponent,3
P1,P1_OVER_NARRATIVE,train,animo4d_L4_safe,animo4d_official_text,present,False,PZ_Blue_Wildebeest_Juvenile_blue_wildebeest_juvenile__animationnotmotionextractedlocomotion_maniset524fba36__blue_wildebeest_juvenile_fightvictorytaunt_227.npy,The juvenile blue wildebeest fights wins and then taunts its opponent,3
P1,P1_SOURCE_ACTION_ARTIFACT,train,animo4d_L4_safe,animo4d_official_text,present,False,PZ_Blue_Wildebeest_Juvenile_blue_wildebeest_juvenile__animationnotmotionextractedlocomotion_maniset524fba36__blue_wildebeest_juvenile_standgimmick01_249.npy,The juvenile blue wildebeest stands still as a gimmick,3
P1,P1_OVER_NARRATIVE,train,animo4d_L4_safe,animo4d_official_text,present,False,PZ_Blue_Wildebeest_Male_blue_wildebeest_male__animationmotionextractedfighting_maniset1f5dd2b__blue_wildebeest_male_fightchaseoff_2.npy,The male blue wildebeest fights and then chases off the rival,3
P1,P1_OVER_NARRATIVE,train,animo4d_L4_safe,animo4d_official_text,present,False,PZ_Blue_Wildebeest_Male_blue_wildebeest_male__animationmotionextractedfighting_maniset1f5dd2b__blue_wildebeest_male_fighttaunt_6.npy,The male blue wildebeest fights and then taunts his opponent,3
P1,P1_OVER_NARRATIVE,train,animo4d_L4_safe,animo4d_official_text,present,False,PZ_Blue_Wildebeest_Male_blue_wildebeest_male__animationmotionextractedlocomotion_maniset1f399031__blue_wildebeest_male_fightchaseoff_9.npy,The male blue wildebeest fights and then chases off the intruder,3
P1,P1_OVER_NARRATIVE,train,animo4d_L4_safe,animo4d_official_text,present,False,PZ_Blue_Wildebeest_Male_blue_wildebeest_male__animationmotionextractedlocomotion_maniset1f399031__blue_wildebeest_male_fighttaunt_13.npy,The male blue wildebeest fights and then taunts his opponent,3
P1,P1_OVER_NARRATIVE,train,animo4d_L4_safe,animo4d_official_text,present,False,PZ_Blue_Wildebeest_Male_blue_wildebeest_male__animationmotionextractedlocomotion_maniset1f399031__blue_wildebeest_male_fighttauntreact_14.npy,The male blue wildebeest fights taunts and then reacts swiftly,3
P1,P1_OVER_NARRATIVE,train,animo4d_L4_safe,animo4d_official_text,present,False,PZ_Blue_Wildebeest_Male_blue_wildebeest_male__animationnotmotionextractedbehaviour_maniseteacd0a17__blue_wildebeest_male_fighttaunt_72.npy,The male blue wildebeest fights and then taunts his opponent,3
P1,P1_OVER_NARRATIVE,train,animo4d_L4_safe,animo4d_official_text,present,False,PZ_Blue_Wildebeest_Male_blue_wildebeest_male__animationnotmotionextractedbehaviour_maniseteacd0a17__blue_wildebeest_male_fighttauntreact_73.npy,The male blue wildebeest fights taunts and then reacts swiftly,3
P1,P1_SOURCE_ACTION_ARTIFACT,train,animo4d_L4_safe,animo4d_official_text,present,False,PZ_Blue_Wildebeest_Male_blue_wildebeest_male__animationnotmotionextractedbehaviour_maniseteacd0a17__blue_wildebeest_male_standgimmick01_90.npy,The male blue wildebeest stands still as a gimmick,3
P1,P1_OVER_NARRATIVE,train,animo4d_L4_safe,animo4d_official_text,present,False,PZ_Blue_Wildebeest_Male_blue_wildebeest_male__animationnotmotionextractedfighting_manisetd2a075ad__blue_wildebeest_male_fightchaseoff_145.npy,The male blue wildebeest fights and then chases off the intruder,3
P1,P1_OVER_NARRATIVE,train,animo4d_L4_safe,animo4d_official_text,present,False,PZ_Blue_Wildebeest_Male_blue_wildebeest_male__animationnotmotionextractedfighting_manisetd2a075ad__blue_wildebeest_male_fighttaunt_150.npy,The male blue wildebeest fights and then taunts his opponent,3
P1,P1_OVER_NARRATIVE,train,animo4d_L4_safe,animo4d_official_text,present,False,PZ_Blue_Wildebeest_Male_blue_wildebeest_male__animationnotmotionextractedfighting_manisetd2a075ad__blue_wildebeest_male_fightvictorytaunt_153.npy,The male blue wildebeest fights achieves victory and then taunts his defeated opponent,3
P1,P1_SOURCE_ACTION_ARTIFACT,train,animo4d_L4_safe,animo4d_official_text,present,False,PZ_Blue_Wildebeest_Male_blue_wildebeest_male__animationnotmotionextractedfighting_manisetd2a075ad__blue_wildebeest_male_standgimmick01_170.npy,The male blue wildebeest stands still as a gimmick,3
P1,P1_OVER_NARRATIVE,train,animo4d_L4_safe,animo4d_official_text,present,False,PZ_Blue_Wildebeest_Male_blue_wildebeest_male__animationnotmotionextractedlocomotion_maniset6d913493__blue_wildebeest_male_fightchaseoff_226.npy,The male blue wildebeest fights and then chases off the rival,3
P1,P1_OVER_NARRATIVE,train,animo4d_L4_safe,animo4d_official_text,present,False,PZ_Blue_Wildebeest_Male_blue_wildebeest_male__animationnotmotionextractedlocomotion_maniset6d913493__blue_wildebeest_male_fighttaunt_231.npy,The male blue wildebeest fights and then taunts his opponent,3
P1,P1_OVER_NARRATIVE,train,animo4d_L4_safe,animo4d_official_text,present,False,PZ_Blue_Wildebeest_Male_blue_wildebeest_male__animationnotmotionextractedlocomotion_maniset6d913493__blue_wildebeest_male_fighttauntreact_232.npy,The male blue wildebeest fights taunts and then reacts swiftly,3
P1,P1_OVER_NARRATIVE,train,animo4d_L4_safe,animo4d_official_text,present,False,PZ_Blue_Wildebeest_Male_blue_wildebeest_male__animationnotmotionextractedlocomotion_maniset6d913493__blue_wildebeest_male_fightvictorytaunt_234.npy,The male blue wildebeest fights achieves victory and then taunts his defeated opponent,3
P1,P1_SOURCE_ACTION_ARTIFACT,train,animo4d_L4_safe,animo4d_official_text,present,False,PZ_Blue_Wildebeest_Male_blue_wildebeest_male__animationnotmotionextractedlocomotion_maniset6d913493__blue_wildebeest_male_standgimmick01_255.npy,The male blue wildebeest stands still as a gimmick,3
P1,P1_OVER_NARRATIVE,train,animo4d_L4_safe,animo4d_official_text,present,False,PZ_Bongo_Female_bongo_female__animationmotionextractedfighting_maniset98c73d3b__bongo_female_fightchaseoff_1.npy,The female bongo fights and then chases off the intruders,3
P1,P1_OVER_NARRATIVE,train,animo4d_L4_safe,animo4d_official_text,present,False,PZ_Bongo_Female_bongo_female__animationmotionextractedlocomotion_maniset80dc7841__bongo_female_fightchaseoff_3.npy,The female bongo fights and then chases off the intruder,3
P1,P1_OVER_NARRATIVE,train,animo4d_L4_safe,animo4d_official_text,present,False,PZ_Bongo_Female_bongo_female__animationnotmotionextractedbehaviour_manisetb4c57a27__bongo_female_fightchaseoff_59.npy,The female bongo fights and then chases off the intruder,3
P1,P1_SOURCE_ACTION_ARTIFACT,train,animo4d_L4_safe,animo4d_official_text,present,False,PZ_Bongo_Female_bongo_female__animationnotmotionextractedbehaviour_manisetb4c57a27__bongo_female_standgimmick01_78.npy,The female bongo stands still as a gimmick,3
P1,P1_OVER_NARRATIVE,train,animo4d_L4_safe,animo4d_official_text,present,False,PZ_Bongo_Female_bongo_female__animationnotmotionextractedfighting_maniset289da1bd__bongo_female_fightchaseoff_133.npy,The female bongo fights and then chases off the intruder,3
P1,P1_OVER_NARRATIVE,train,animo4d_L4_safe,animo4d_official_text,present,False,PZ_Bongo_Female_bongo_female__animationnotmotionextractedfighting_maniset289da1bd__bongo_female_fighttaunt_137.npy,The female bongo fights and then taunts her opponent,3
P1,P1_OVER_NARRATIVE,train,animo4d_L4_safe,animo4d_official_text,present,False,PZ_Bongo_Female_bongo_female__animationnotmotionextractedfighting_maniset289da1bd__bongo_female_fighttauntreact_138.npy,The female bongo fights taunts her opponent and then reacts swiftly,3
P1,P1_OVER_NARRATIVE,train,animo4d_L4_safe,animo4d_official_text,present,False,PZ_Bongo_Female_bongo_female__animationnotmotionextractedfighting_maniset289da1bd__bongo_female_fightvictorytaunt_140.npy,The female bongo fights achieves victory and then taunts her opponent,3
P1,P1_SOURCE_ACTION_ARTIFACT,train,animo4d_L4_safe,animo4d_official_text,present,False,PZ_Bongo_Female_bongo_female__animationnotmotionextractedfighting_maniset289da1bd__bongo_female_standgimmick01_158.npy,The female bongo stands still as part of her gimmick,3
P1,P1_OVER_NARRATIVE,train,animo4d_L4_safe,animo4d_official_text,present,False,PZ_Bongo_Female_bongo_female__animationnotmotionextractedlocomotion_maniset9765e8a3__bongo_female_fightchaseoff_214.npy,The female bongo fights and then chases off the intruder,3
P1,P1_OVER_NARRATIVE,train,animo4d_L4_safe,animo4d_official_text,present,False,PZ_Bongo_Female_bongo_female__animationnotmotionextractedlocomotion_maniset9765e8a3__bongo_female_fighttaunt_218.npy,The female bongo fights and then taunts her opponent,3
P1,P1_OVER_NARRATIVE,train,animo4d_L4_safe,animo4d_official_text,present,False,PZ_Bongo_Female_bongo_female__animationnotmotionextractedlocomotion_maniset9765e8a3__bongo_female_fightvictorytaunt_221.npy,The female bongo fights wins and then taunts her opponent,3
P1,P1_SOURCE_ACTION_ARTIFACT,train,animo4d_L4_safe,animo4d_official_text,present,False,PZ_Bongo_Female_bongo_female__animationnotmotionextractedlocomotion_maniset9765e8a3__bongo_female_standgimmick01_243.npy,The female bongo stands still as part of her gimmick,3
P1,P1_OVER_NARRATIVE,train,animo4d_L4_safe,animo4d_official_text,present,False,PZ_Bongo_Juvenile_bongo_juvenile__animationmotionextractedlocomotion_manisetbfcb7d99__bongo_juvenile_fightchaseoff_2.npy,The juvenile bongo fights and then chases off its rival,3
P1,P1_SOURCE_ACTION_ARTIFACT,train,animo4d_L4_safe,animo4d_official_text,present,False,PZ_Bongo_Juvenile_bongo_juvenile__animationnotmotionextractedbehaviour_maniset33e76b7f__bongo_juvenile_standgimmick01_62.npy,The juvenile bongo stands still as a gimmick,3
P1,P1_OVER_NARRATIVE,train,animo4d_L4_safe,animo4d_official_text,present,False,PZ_Bongo_Juvenile_bongo_juvenile__animationnotmotionextractedfighting_manisetdf635d15__bongo_juvenile_fighttaunt_119.npy,The juvenile bongo fights and then taunts its opponent,3
P1,P1_OVER_NARRATIVE,train,animo4d_L4_safe,animo4d_official_text,present,False,PZ_Bongo_Juvenile_bongo_juvenile__animationnotmotionextractedfighting_manisetdf635d15__bongo_juvenile_fightvictorytaunt_122.npy,The juvenile bongo fights achieves victory and then taunts its opponent,3
P1,P1_SOURCE_ACTION_ARTIFACT,train,animo4d_L4_safe,animo4d_official_text,present,False,PZ_Bongo_Juvenile_bongo_juvenile__animationnotmotionextractedfighting_manisetdf635d15__bongo_juvenile_standgimmick01_135.npy,The juvenile bongo stands still as part of its gimmick,3
P1,P1_OVER_NARRATIVE,train,animo4d_L4_safe,animo4d_official_text,present,False,PZ_Bongo_Juvenile_bongo_juvenile__animationnotmotionextractedlocomotion_maniset66c98ffb__bongo_juvenile_fightchaseoff_191.npy,The juvenile bongo fights and then chases off its rival,3
P1,P1_OVER_NARRATIVE,train,animo4d_L4_safe,animo4d_official_text,present,False,PZ_Bongo_Juvenile_bongo_juvenile__animationnotmotionextractedlocomotion_maniset66c98ffb__bongo_juvenile_fightvictorytaunt_196.npy,The juvenile bongo fights achieves victory and then taunts its opponent,3
P1,P1_SOURCE_ACTION_ARTIFACT,train,animo4d_L4_safe,animo4d_official_text,present,False,PZ_Bongo_Juvenile_bongo_juvenile__animationnotmotionextractedlocomotion_maniset66c98ffb__bongo_juvenile_standgimmick01_210.npy,The juvenile bongo stands still as part of its gimmick,3
P1,P1_OVER_NARRATIVE,train,animo4d_L4_safe,animo4d_official_text,present,False,PZ_Bongo_Male_bongo_male__animationmotionextractedfighting_manisetdc38ce30__bongo_male_fightchaseoff_1.npy,The male bongo fights and then chases off the intruder,3
P1,P1_OVER_NARRATIVE,train,animo4d_L4_safe,animo4d_official_text,present,False,PZ_Bongo_Male_bongo_male__animationmotionextractedlocomotion_maniset53e77bb6__bongo_male_fightchaseoff_3.npy,The male bongo fights and then chases off the intruder,3
P1,P1_OVER_NARRATIVE,train,animo4d_L4_safe,animo4d_official_text,present,False,PZ_Bongo_Male_bongo_male__animationnotmotionextractedbehaviour_maniset53df301c__bongo_male_fightchaseoff_60.npy,The male bongo fights and then chases off the intruder,3
P1,P1_SOURCE_ACTION_ARTIFACT,train,animo4d_L4_safe,animo4d_official_text,present,False,PZ_Bongo_Male_bongo_male__animationnotmotionextractedbehaviour_maniset53df301c__bongo_male_standgimmick01_78.npy,The male bongo stands still as part of its gimmick,3
P1,P1_OVER_NARRATIVE;P2_GENERIC_CREATURE_CLASS,train,animo4d_L4_safe,animo4d_official_text,present,False,PZ_Bongo_Male_bongo_male__animationnotmotionextractedfighting_manisetea775672__bongo_male_fightchaseoff_134.npy,The male bongo fights and then chases off the intruder,3
P1,P1_OVER_NARRATIVE,train,animo4d_L4_safe,animo4d_official_text,present,False,PZ_Bongo_Male_bongo_male__animationnotmotionextractedfighting_manisetea775672__bongo_male_fighttaunt_138.npy,The male bongo fights and then taunts its opponent,3
P1,P1_OVER_NARRATIVE,train,animo4d_L4_safe,animo4d_official_text,present,False,PZ_Bongo_Male_bongo_male__animationnotmotionextractedfighting_manisetea775672__bongo_male_fighttauntreact_139.npy,The male bongo fights taunts and then reacts swiftly,3
P1,P1_OVER_NARRATIVE,train,animo4d_L4_safe,animo4d_official_text,present,False,PZ_Bongo_Male_bongo_male__animationnotmotionextractedfighting_manisetea775672__bongo_male_fightvictorytaunt_141.npy,The male bongo fights achieves victory and then taunts its opponent,3
P1,P1_SOURCE_ACTION_ARTIFACT,train,animo4d_L4_safe,animo4d_official_text,present,False,PZ_Bongo_Male_bongo_male__animationnotmotionextractedfighting_manisetea775672__bongo_male_standgimmick01_158.npy,The male bongo stands still as a gimmick,1
P1,P1_OVER_NARRATIVE,train,animo4d_L4_safe,animo4d_official_text,present,False,PZ_Bongo_Male_bongo_male__animationnotmotionextractedlocomotion_maniset63c4efd8__bongo_male_fightchaseoff_215.npy,The male bongo fights and then chases off the intruder,3
P1,P1_OVER_NARRATIVE,train,animo4d_L4_safe,animo4d_official_text,present,False,PZ_Bongo_Male_bongo_male__animationnotmotionextractedlocomotion_maniset63c4efd8__bongo_male_fighttaunt_219.npy,The male bongo fights and then taunts his opponent,3
P1,P1_OVER_NARRATIVE,train,animo4d_L4_safe,animo4d_official_text,present,False,PZ_Bongo_Male_bongo_male__animationnotmotionextractedlocomotion_maniset63c4efd8__bongo_male_fighttauntreact_220.npy,The male bongo fights taunts and then reacts swiftly,3
P1,P1_SOURCE_ACTION_ARTIFACT,train,animo4d_L4_safe,animo4d_official_text,present,False,PZ_Bongo_Male_bongo_male__animationnotmotionextractedlocomotion_maniset63c4efd8__bongo_male_standgimmick01_244.npy,The male bongo stands still as part of its gimmick,3
P1,P1_OVER_NARRATIVE,train,animo4d_L4_safe,animo4d_official_text,present,False,PZ_California_Sea_Lion_Female_california_sea_lion_female__animationmotionextractedfighting_maniset8c810417__california_sea_lion_female_fightchaseoff_2.npy,The female sea lion fights and then chases off the intruder,3
P1,P1_OVER_NARRATIVE,train,animo4d_L4_safe,animo4d_official_text,present,False,PZ_California_Sea_Lion_Female_california_sea_lion_female__animationmotionextractedfighting_maniset8c810417__california_sea_lion_female_fighttaunt_5.npy,The female sea lion fights and then taunts her opponent,1
P1,P1_OVER_NARRATIVE,train,animo4d_L4_safe,animo4d_official_text,present,False,PZ_California_Sea_Lion_Female_california_sea_lion_female__animationmotionextractedlocomotion_manisetb7964d1d__california_sea_lion_female_fightchaseoff_14.npy,The female sea lion fights and chases off the intruder,3
P1,P1_OVER_NARRATIVE,train,animo4d_L4_safe,animo4d_official_text,present,False,PZ_California_Sea_Lion_Female_california_sea_lion_female__animationmotionextractedlocomotion_manisetb7964d1d__california_sea_lion_female_fighttaunt_17.npy,The female sea lion fights and then taunts her opponent,3
P1,P1_OVER_NARRATIVE,train,animo4d_L4_safe,animo4d_official_text,present,False,PZ_California_Sea_Lion_Female_california_sea_lion_female__animationnotmotionextractedbehaviour_manisetabd65d03__california_sea_lion_female_fightchaseoff_85.npy,The female sea lion fights and chases off the intruder,3
P1,P1_OVER_NARRATIVE,train,animo4d_L4_safe,animo4d_official_text,present,False,PZ_California_Sea_Lion_Female_california_sea_lion_female__animationnotmotionextractedbehaviour_manisetabd65d03__california_sea_lion_female_fighttaunt_89.npy,The female sea lion fights and then taunts her opponent,3
P1,P1_OVER_NARRATIVE,train,animo4d_L4_safe,animo4d_official_text,present,False,PZ_California_Sea_Lion_Female_california_sea_lion_female__animationnotmotionextractedfighting_manisetf5201d99__california_sea_lion_female_fightchaseoff_173.npy,The female sea lion fights and then chases off the intruder,3
P1,P1_OVER_NARRATIVE,train,animo4d_L4_safe,animo4d_official_text,present,False,PZ_California_Sea_Lion_Female_california_sea_lion_female__animationnotmotionextractedfighting_manisetf5201d99__california_sea_lion_female_fighttaunt_178.npy,The female sea lion fights and then taunts her opponent,3
P1,P1_OVER_NARRATIVE,train,animo4d_L4_safe,animo4d_official_text,present,False,PZ_California_Sea_Lion_Female_california_sea_lion_female__animationnotmotionextractedlocomotion_maniset963af27f__california_sea_lion_female_fightchaseoff_266.npy,The female sea lion fights and then chases off the intruder,3
P1,P1_OVER_NARRATIVE,train,animo4d_L4_safe,animo4d_official_text,present,False,PZ_California_Sea_Lion_Female_california_sea_lion_female__animationnotmotionextractedlocomotion_maniset963af27f__california_sea_lion_female_fighttaunt_271.npy,The female sea lion fights and then taunts her opponent,3
P1,P1_OVER_NARRATIVE,train,animo4d_L4_safe,animo4d_official_text,present,False,PZ_California_Sea_Lion_Juvenile_california_sea_lion_juvenile__animationmotionextractedfighting_maniset7d60446f__california_sea_lion_juvenile_fightchaseoff_2.npy,The juvenile sea lion fights and then chases off its rival,3
P1,P1_OVER_NARRATIVE,train,animo4d_L4_safe,animo4d_official_text,present,False,PZ_California_Sea_Lion_Juvenile_california_sea_lion_juvenile__animationmotionextractedfighting_maniset7d60446f__california_sea_lion_juvenile_fighttaunt_5.npy,The juvenile sea lion fights and then taunts its opponent,3
P1,P1_OVER_NARRATIVE,train,animo4d_L4_safe,animo4d_official_text,present,False,PZ_California_Sea_Lion_Juvenile_california_sea_lion_juvenile__animationmotionextractedlocomotion_maniset8c4df975__california_sea_lion_juvenile_fightchaseoff_14.npy,The juvenile sea lion fights and then chases off its rival,3
P1,P1_OVER_NARRATIVE,train,animo4d_L4_safe,animo4d_official_text,present,False,PZ_California_Sea_Lion_Juvenile_california_sea_lion_juvenile__animationmotionextractedlocomotion_maniset8c4df975__california_sea_lion_juvenile_fighttaunt_17.npy,The juvenile sea lion fights and then taunts its opponent,3
P1,P1_OVER_NARRATIVE,train,animo4d_L4_safe,animo4d_official_text,present,False,PZ_California_Sea_Lion_Juvenile_california_sea_lion_juvenile__animationnotmotionextractedbehaviour_maniset32bc755b__california_sea_lion_juvenile_fightchaseoff_59.npy,The juvenile sea lion fights and then chases off its opponent,3
P1,P1_OVER_NARRATIVE,train,animo4d_L4_safe,animo4d_official_text,present,False,PZ_California_Sea_Lion_Juvenile_california_sea_lion_juvenile__animationnotmotionextractedbehaviour_maniset32bc755b__california_sea_lion_juvenile_fighttaunt_62.npy,The juvenile sea lion fights and then taunts its opponent,1
P1,P1_OVER_NARRATIVE,train,animo4d_L4_safe,animo4d_official_text,present,False,PZ_California_Sea_Lion_Juvenile_california_sea_lion_juvenile__animationnotmotionextractedfighting_manisetd6743ff1__california_sea_lion_juvenile_fightchaseoff_116.npy,The juvenile sea lion fights and then chases off its rival,3
P1,P1_OVER_NARRATIVE,train,animo4d_L4_safe,animo4d_official_text,present,False,PZ_California_Sea_Lion_Juvenile_california_sea_lion_juvenile__animationnotmotionextractedlocomotion_maniset6f0880d7__california_sea_lion_juvenile_fightchaseoff_176.npy,The juvenile sea lion fights and then chases off its opponent,3
P1,P1_OVER_NARRATIVE,train,animo4d_L4_safe,animo4d_official_text,present,False,PZ_California_Sea_Lion_Juvenile_california_sea_lion_juvenile__animationnotmotionextractedlocomotion_maniset6f0880d7__california_sea_lion_juvenile_fighttaunt_180.npy,The juvenile sea lion fights and then taunts its opponent,3
P1,P1_OVER_NARRATIVE,train,animo4d_L4_safe,animo4d_official_text,present,False,PZ_California_Sea_Lion_Male_california_sea_lion_male__animationnotmotionextractedfighting_maniset21312b4e__california_sea_lion_male_fighttaunt_149.npy,The male sea lion fights and then taunts his opponent,3
P1,P1_OVER_NARRATIVE,train,animo4d_L4_safe,animo4d_official_text,present,False,PZ_Capuchin_Monkey_Female_capuchin_monkey_female__animationmotionextractedfighting_manisetb844191d__capuchin_monkey_female_fightchaseoff_6.npy,The female capuchin monkey fights and then chases off her opponent,3
P1,P1_OVER_NARRATIVE,train,animo4d_L4_safe,animo4d_official_text,present,False,PZ_Capuchin_Monkey_Female_capuchin_monkey_female__animationmotionextractedfighting_pounce_manisetaab22f__capuchin_monkey_female_fightchaseoff_12.npy,The female capuchin monkey fights and then chases off her opponent,3
P1,P1_OVER_NARRATIVE,train,animo4d_L4_safe,animo4d_official_text,present,False,PZ_Capuchin_Monkey_Female_capuchin_monkey_female__animationmotionextractedlocomotion_maniset89487523__capuchin_monkey_female_fightchaseoff_40.npy,The female capuchin monkey fights and then chases off her opponent,3
P1,P1_SOURCE_ACTION_ARTIFACT,train,animo4d_L4_safe,animo4d_official_text,present,False,PZ_Capuchin_Monkey_Female_capuchin_monkey_female__animationnotmotionextractedbehaviour_manisetdac91809__capuchin_monkey_female_gimmick_115.npy,The female capuchin monkey performs a clever gimmick,3
P1,P1_OVER_NARRATIVE,train,animo4d_L4_safe,animo4d_official_text,present,False,PZ_Capuchin_Monkey_Female_capuchin_monkey_female__animationnotmotionextractedfighting_manisetfbfc5f1f__capuchin_monkey_female_fightchaseoff_203.npy,The female capuchin monkey fights and then chases off her opponent,3
P1,P1_SOURCE_ACTION_ARTIFACT,train,animo4d_L4_safe,animo4d_official_text,present,False,PZ_Capuchin_Monkey_Female_capuchin_monkey_female__animationnotmotionextractedfighting_manisetfbfc5f1f__capuchin_monkey_female_gimmick_209.npy,The female capuchin monkey performs a playful gimmick,3
P1,P1_OVER_NARRATIVE,train,animo4d_L4_safe,animo4d_official_text,present,False,PZ_Capuchin_Monkey_Female_capuchin_monkey_female__animationnotmotionextractedlocomotion_maniset4cc88705__capuchin_monkey_female_fightchaseoff_314.npy,The female capuchin monkey fights and then chases off her opponent,3
P1,P1_SOURCE_ACTION_ARTIFACT,train,animo4d_L4_safe,animo4d_official_text,present,False,PZ_Capuchin_Monkey_Female_capuchin_monkey_female__animationnotmotionextractedlocomotion_maniset4cc88705__capuchin_monkey_female_gimmick_320.npy,The female capuchin monkey performs a clever gimmick,3
P1,P1_SOURCE_ACTION_ARTIFACT,train,animo4d_L4_safe,animo4d_official_text,present,False,PZ_Capuchin_Monkey_Juvenile_capuchin_monkey_juvenile__animationnotmotionextractedbehaviour_manisete94a09e1__capuchin_monkey_juvenile_gimmick_105.npy,The juvenile capuchin monkey performs a playful gimmick by jumping and then somersaulting,3
P1,P1_SOURCE_ACTION_ARTIFACT,train,animo4d_L4_safe,animo4d_official_text,present,False,PZ_Capuchin_Monkey_Juvenile_capuchin_monkey_juvenile__animationnotmotionextractedfighting_maniset566faf7__capuchin_monkey_juvenile_gimmick_200.npy,The juvenile capuchin monkey performs a playful gimmick by jumping and then somersaulting,3
P1,P1_SOURCE_ACTION_ARTIFACT,train,animo4d_L4_safe,animo4d_official_text,present,False,PZ_Capuchin_Monkey_Juvenile_capuchin_monkey_juvenile__animationnotmotionextractedlocomotion_manisetff4d4edd__capuchin_monkey_juvenile_gimmick_318.npy,The juvenile capuchin monkey performs a playful gimmick,3
P1,P1_OVER_NARRATIVE,train,animo4d_L4_safe,animo4d_official_text,present,False,PZ_Capuchin_Monkey_Male_capuchin_monkey_male__animationmotionextractedfighting_manisetdda94992__capuchin_monkey_male_fightchaseoff_4.npy,The male capuchin monkey fights and then chases off the intruder,3
P1,P1_OVER_NARRATIVE,train,animo4d_L4_safe,animo4d_official_text,present,False,PZ_Capuchin_Monkey_Male_capuchin_monkey_male__animationmotionextractedlocomotion_maniset460ad818__capuchin_monkey_male_fightchaseoff_29.npy,The male capuchin monkey fights and then chases the opponent off,3
P1,P1_OVER_NARRATIVE;P2_GENERIC_CREATURE_CLASS,train,animo4d_L4_safe,animo4d_official_text,present,False,PZ_Capuchin_Monkey_Male_capuchin_monkey_male__animationmotionextractedpounce_maniset6044be15__capuchin_monkey_male_fightchaseoff_95.npy,The male capuchin monkey fights and then chases off the intruder,3
P1,P1_OVER_NARRATIVE,train,animo4d_L4_safe,animo4d_official_text,present,False,PZ_Capuchin_Monkey_Male_capuchin_monkey_male__animationnotmotionextractedbehaviour_maniset273ded7e__capuchin_monkey_male_fightchaseoff_166.npy,The male capuchin monkey fights and then chases off the intruder,3
P1,P1_OVER_NARRATIVE,train,animo4d_L4_safe,animo4d_official_text,present,False,PZ_Capuchin_Monkey_Male_capuchin_monkey_male__animationnotmotionextractedfighting_manisetf2e35354__capuchin_monkey_male_fightchaseoff_255.npy,The male capuchin monkey fights and then chases the opponent off,3
P1,P1_SOURCE_ACTION_ARTIFACT,train,animo4d_L4_safe,animo4d_official_text,present,False,PZ_Capuchin_Monkey_Male_capuchin_monkey_male__animationnotmotionextractedfighting_manisetf2e35354__capuchin_monkey_male_gimmick_260.npy,The male capuchin monkey performs a playful gimmick,3
P1,P1_OVER_NARRATIVE,train,animo4d_L4_safe,animo4d_official_text,present,False,PZ_Capuchin_Monkey_Male_capuchin_monkey_male__animationnotmotionextractedlocomotion_maniset89c88dba__capuchin_monkey_male_fightchaseoff_363.npy,The male capuchin monkey fights chases and then drives off the opponent,3
P1,P1_SOURCE_ACTION_ARTIFACT,train,animo4d_L4_safe,animo4d_official_text,present,False,PZ_Capuchin_Monkey_Male_capuchin_monkey_male__animationnotmotionextractedlocomotion_maniset89c88dba__capuchin_monkey_male_gimmick_368.npy,The male capuchin monkey performs a clever gimmick,3
P1,P1_OVER_NARRATIVE,train,animo4d_L4_safe,animo4d_official_text,present,False,PZ_Caracal_Juvenile_caracal_juvenile__animationmotionextractedfighting_maniset29688686__caracal_juvenile_fightchaseoff_1.npy,The juvenile caracal fights and then chases off its opponent,3
P1,P1_OVER_NARRATIVE,train,animo4d_L4_safe,animo4d_official_text,present,False,PZ_Caracal_Juvenile_caracal_juvenile__animationmotionextractedfighting_maniset29688686__caracal_juvenile_fighttaunt_5.npy,The juvenile caracal fights and then taunts its opponent,1
P1,P1_OVER_NARRATIVE,train,animo4d_L4_safe,animo4d_official_text,present,False,PZ_Caracal_Juvenile_caracal_juvenile__animationmotionextractedfighting_pounce_maniset2d5e358__caracal_juvenile_fightchaseoff_8.npy,The juvenile caracal fights and then chases off its opponent,3
P1,P1_OVER_NARRATIVE,train,animo4d_L4_safe,animo4d_official_text,present,False,PZ_Caracal_Juvenile_caracal_juvenile__animationmotionextractedfighting_pounce_maniset2d5e358__caracal_juvenile_fighttaunt_12.npy,The juvenile caracal fights and then taunts its opponent,3
P1,P1_OVER_NARRATIVE,train,animo4d_L4_safe,animo4d_official_text,present,False,PZ_Caracal_Juvenile_caracal_juvenile__animationmotionextractedlocomotion_maniseta8476f0c__caracal_juvenile_fightchaseoff_31.npy,The juvenile caracal fights and then chases off the intruder,3
P1,P1_OVER_NARRATIVE,train,animo4d_L4_safe,animo4d_official_text,present,False,PZ_Caracal_Juvenile_caracal_juvenile__animationmotionextractedlocomotion_maniseta8476f0c__caracal_juvenile_fighttaunt_35.npy,The juvenile caracal fights and then taunts its opponent,1
P1,P1_OVER_NARRATIVE,train,animo4d_L4_safe,animo4d_official_text,present,False,PZ_Caracal_Juvenile_caracal_juvenile__animationnotmotionextractedbehaviour_manisetf314de72__caracal_juvenile_fightchaseoff_113.npy,The juvenile caracal fights and then chases the intruder off,3
P1,P1_OVER_NARRATIVE,train,animo4d_L4_safe,animo4d_official_text,present,False,PZ_Caracal_Juvenile_caracal_juvenile__animationnotmotionextractedbehaviour_manisetf314de72__caracal_juvenile_fighttaunt_117.npy,The juvenile caracal fights and then taunts its opponent,3
P1,P1_OVER_NARRATIVE,train,animo4d_L4_safe,animo4d_official_text,present,False,PZ_Caracal_Juvenile_caracal_juvenile__animationnotmotionextractedfighting_manisetd6a17748__caracal_juvenile_fightchaseoff_208.npy,The juvenile caracal fights and then chases off its opponent,1
P1,P1_OVER_NARRATIVE,train,animo4d_L4_safe,animo4d_official_text,present,False,PZ_Caracal_Juvenile_caracal_juvenile__animationnotmotionextractedfighting_manisetd6a17748__caracal_juvenile_fighttaunt_214.npy,The juvenile caracal fights and then taunts its opponent,3
P1,P1_OVER_NARRATIVE,train,animo4d_L4_safe,animo4d_official_text,present,False,PZ_Caracal_Juvenile_caracal_juvenile__animationnotmotionextractedfighting_manisetd6a17748__caracal_juvenile_fighttostandidle_217.npy,The juvenile caracal fights and then stands still,3
P1,P1_OVER_NARRATIVE,train,animo4d_L4_safe,animo4d_official_text,present,False,PZ_Caracal_Juvenile_caracal_juvenile__animationnotmotionextractedfighting_pounce_maniseta4daac1a__caracal_juvenile_fightchaseoff_307.npy,The juvenile caracal fights and then chases off its opponent,3
P1,P1_OVER_NARRATIVE,train,animo4d_L4_safe,animo4d_official_text,present,False,PZ_Caracal_Juvenile_caracal_juvenile__animationnotmotionextractedfighting_pounce_maniseta4daac1a__caracal_juvenile_fightreacttofendoff_312.npy,The juvenile caracal fights and reacts swiftly to fend off the threat,3
P1,P1_OVER_NARRATIVE,train,animo4d_L4_safe,animo4d_official_text,present,False,PZ_Caracal_Juvenile_caracal_juvenile__animationnotmotionextractedfighting_pounce_maniseta4daac1a__caracal_juvenile_fighttaunt_313.npy,The juvenile caracal fights and then taunts its opponent,3
P1,P1_OVER_NARRATIVE,train,animo4d_L4_safe,animo4d_official_text,present,False,PZ_Caracal_Juvenile_caracal_juvenile__animationnotmotionextractedfighting_pounce_maniseta4daac1a__caracal_juvenile_fighttaunttostand_315.npy,The juvenile caracal fights and then taunts its opponent before standing still,3
P1,P1_OVER_NARRATIVE,train,animo4d_L4_safe,animo4d_official_text,present,False,PZ_Caracal_Juvenile_caracal_juvenile__animationnotmotionextractedlocomotion_maniseta71f8bae__caracal_juvenile_fightchaseoff_427.npy,The juvenile caracal fights and then chases off its opponent,3
P1,P1_OVER_NARRATIVE,train,animo4d_L4_safe,animo4d_official_text,present,False,PZ_Caracal_Juvenile_caracal_juvenile__animationnotmotionextractedlocomotion_maniseta71f8bae__caracal_juvenile_fightpouncefromonspot_429.npy,The juvenile caracal fights by pouncing from a stationary spot,3
P1,P1_OVER_NARRATIVE,train,animo4d_L4_safe,animo4d_official_text,present,False,PZ_Caracal_Juvenile_caracal_juvenile__animationnotmotionextractedlocomotion_maniseta71f8bae__caracal_juvenile_fighttaunt_433.npy,The juvenile caracal fights and then taunts its opponent,3
P1,P1_OVER_NARRATIVE,train,animo4d_L4_safe,animo4d_official_text,present,False,PZ_Caracal_Male_caracal_male__animationmotionextractedbehaviour_maniset9ff4d8cd__caracal_male_fightidle_13.npy,The male caracal fights fiercely,3
P1,P1_OVER_NARRATIVE,train,animo4d_L4_safe,animo4d_official_text,present,False,PZ_Caracal_Male_caracal_male__animationmotionextractedbehaviour_maniset9ff4d8cd__caracal_male_standtofight_23.npy,The male caracal stands still in preparation to fight,3
P1,P1_OVER_NARRATIVE,train,animo4d_L4_safe,animo4d_official_text,present,False,PZ_Caracal_Male_caracal_male__animationmotionextractedpounce_maniset48eb03c6__caracal_male_fightidle_160.npy,The male caracal fights fiercely,3
P1,P1_OVER_NARRATIVE,train,animo4d_L4_safe,animo4d_official_text,present,False,PZ_Caracal_Male_caracal_male__animationnotmotionextractedbehaviour_maniset3c5b218f__caracal_male_fightidle_209.npy,The male caracal fights fiercely,3
P1,P1_OVER_NARRATIVE,train,animo4d_L4_safe,animo4d_official_text,present,False,PZ_Caracal_Male_caracal_male__animationnotmotionextractedfighting_manisetf0524f25__caracal_male_fightidle_307.npy,The male caracal fights fiercely,3
P1,P1_OVER_NARRATIVE,train,animo4d_L4_safe,animo4d_official_text,present,False,PZ_Caracal_Male_caracal_male__animationnotmotionextractedfightingpounce_maniset6c386a38__caracal_male_fightidle_258.npy,The male caracal fights fiercely,3
P1,P1_OVER_NARRATIVE,train,animo4d_L4_safe,animo4d_official_text,present,False,PZ_Caracal_Male_caracal_male__animationnotmotionextractedlocomotion_maniset5b030a0b__caracal_male_fightidle_356.npy,The male caracal fiercely fights with his opponent,3
P1,P1_OVER_NARRATIVE,train,animo4d_L4_safe,animo4d_official_text,present,False,PZ_Cheetah_Female_cheetah_female__animationmotionextractedfighting_maniset74af131__cheetah_female_fightchaseoff_2.npy,The female cheetah fights and then chases off her opponent,3
P1,P1_OVER_NARRATIVE,train,animo4d_L4_safe,animo4d_official_text,present,False,PZ_Cheetah_Female_cheetah_female__animationmotionextractedfighting_maniset74af131__cheetah_female_fightreacttofendoff_4.npy,The female cheetah fights and reacts swiftly to fend off the threat,3
P1,P1_OVER_NARRATIVE,train,animo4d_L4_safe,animo4d_official_text,present,False,PZ_Cheetah_Female_cheetah_female__animationmotionextractedfighting_maniset74af131__cheetah_female_fighttaunt_5.npy,The female cheetah fights and then taunts her opponent,3
P1,P1_OVER_NARRATIVE,train,animo4d_L4_safe,animo4d_official_text,present,False,PZ_Cheetah_Female_cheetah_female__animationmotionextractedfighting_maniset74af131__cheetah_female_fighttauntreact_6.npy,The female cheetah fights taunts her opponent and then reacts swiftly,3
P1,P1_OVER_NARRATIVE,train,animo4d_L4_safe,animo4d_official_text,present,False,PZ_Cheetah_Female_cheetah_female__animationmotionextractedlocomotion_maniset31653737__cheetah_female_fightattack_24.npy,The female cheetah fights and then attacks swiftly,3
P1,P1_OVER_NARRATIVE,train,animo4d_L4_safe,animo4d_official_text,present,False,PZ_Cheetah_Female_cheetah_female__animationmotionextractedlocomotion_maniset31653737__cheetah_female_fightchaseoff_25.npy,The female cheetah fights and then chases off the intruder,3
P1,P1_OVER_NARRATIVE,train,animo4d_L4_safe,animo4d_official_text,present,False,PZ_Cheetah_Female_cheetah_female__animationmotionextractedlocomotion_maniset31653737__cheetah_female_fighttaunt_28.npy,The female cheetah fights and then taunts her opponent,3
P1,P1_OVER_NARRATIVE,train,animo4d_L4_safe,animo4d_official_text,present,False,PZ_Cheetah_Female_cheetah_female__animationmotionextractedlocomotion_maniset31653737__cheetah_female_fighttauntreact_29.npy,The female cheetah fights taunts her opponent and then reacts swiftly,3
P1,P1_OVER_NARRATIVE,train,animo4d_L4_safe,animo4d_official_text,present,False,PZ_Cheetah_Female_cheetah_female__animationmotionextractedpounce_manisetb6eb0114__cheetah_female_fightchaseoff_105.npy,The female cheetah fights and then chases the intruder off,3
P1,P1_OVER_NARRATIVE,train,animo4d_L4_safe,animo4d_official_text,present,False,PZ_Cheetah_Female_cheetah_female__animationmotionextractedpounce_manisetb6eb0114__cheetah_female_fightreacttofendoff_107.npy,The female cheetah fights and reacts swiftly to fend off the threat,3
P1,P1_OVER_NARRATIVE,train,animo4d_L4_safe,animo4d_official_text,present,False,PZ_Cheetah_Female_cheetah_female__animationmotionextractedpounce_manisetb6eb0114__cheetah_female_fighttaunt_108.npy,The female cheetah fights and then taunts her opponent,3
P1,P1_OVER_NARRATIVE,train,animo4d_L4_safe,animo4d_official_text,present,False,PZ_Cheetah_Female_cheetah_female__animationmotionextractedpounce_manisetb6eb0114__cheetah_female_fighttauntreact_109.npy,The female cheetah fights taunts her opponent and then reacts swiftly,3
P1,P1_OVER_NARRATIVE,train,animo4d_L4_safe,animo4d_official_text,present,False,PZ_Cheetah_Female_cheetah_female__animationnotmotionextractedbehaviour_manisete8e0c41d__cheetah_female_fightchaseoff_189.npy,The female cheetah fights and then chases off the intruder,3
P1,P1_OVER_NARRATIVE,train,animo4d_L4_safe,animo4d_official_text,present,False,PZ_Cheetah_Female_cheetah_female__animationnotmotionextractedbehaviour_manisete8e0c41d__cheetah_female_fightreacttofendoff_191.npy,The female cheetah fights and reacts swiftly to fend off the threat,3
P1,P1_OVER_NARRATIVE,train,animo4d_L4_safe,animo4d_official_text,present,False,PZ_Cheetah_Female_cheetah_female__animationnotmotionextractedbehaviour_manisete8e0c41d__cheetah_female_fighttauntreact_193.npy,The female cheetah fights taunts her opponent and then reacts swiftly,3
P1,P1_OVER_NARRATIVE,train,animo4d_L4_safe,animo4d_official_text,present,False,PZ_Cheetah_Female_cheetah_female__animationnotmotionextractedfighting_maniset1e51f633__cheetah_female_fightchaseoff_390.npy,The female cheetah fights and then chases the intruder off,3
P1,P1_OVER_NARRATIVE,train,animo4d_L4_safe,animo4d_official_text,present,False,PZ_Cheetah_Female_cheetah_female__animationnotmotionextractedfighting_maniset1e51f633__cheetah_female_fightidle_391.npy,The female cheetah fiercely fights her opponent,3
P1,P1_OVER_NARRATIVE,train,animo4d_L4_safe,animo4d_official_text,present,False,PZ_Cheetah_Female_cheetah_female__animationnotmotionextractedfighting_maniset1e51f633__cheetah_female_fightreacttofendoff_393.npy,The female cheetah fights and reacts swiftly to fend off the threat,3
P1,P1_OVER_NARRATIVE,train,animo4d_L4_safe,animo4d_official_text,present,False,PZ_Cheetah_Female_cheetah_female__animationnotmotionextractedfighting_maniset1e51f633__cheetah_female_fighttaunt_394.npy,The female cheetah fights and then taunts her opponent,3
P1,P1_OVER_NARRATIVE,train,animo4d_L4_safe,animo4d_official_text,present,False,PZ_Cheetah_Female_cheetah_female__animationnotmotionextractedfighting_maniset1e51f633__cheetah_female_fighttauntreact_395.npy,The female cheetah fights taunts her opponent and then reacts swiftly,3
P1,P1_OVER_NARRATIVE,train,animo4d_L4_safe,animo4d_official_text,present,False,PZ_Cheetah_Female_cheetah_female__animationnotmotionextractedfighting_maniset1e51f633__cheetah_female_fighttaunttostand_396.npy,The female cheetah fights and then taunts her opponent before standing still,3
P1,P1_OVER_NARRATIVE,train,animo4d_L4_safe,animo4d_official_text,present,False,PZ_Cheetah_Female_cheetah_female__animationnotmotionextractedfightingpounce_maniset43b29806__cheetah_female_fightchaseoff_288.npy,The female cheetah fights and then chases the intruder off,3
P1,P1_OVER_NARRATIVE,train,animo4d_L4_safe,animo4d_official_text,present,False,PZ_Cheetah_Female_cheetah_female__animationnotmotionextractedfightingpounce_maniset43b29806__cheetah_female_fighttaunt_292.npy,The female cheetah fights and then taunts her opponent,3
P1,P1_OVER_NARRATIVE,train,animo4d_L4_safe,animo4d_official_text,present,False,PZ_Cheetah_Female_cheetah_female__animationnotmotionextractedfightingpounce_maniset43b29806__cheetah_female_fighttauntreact_293.npy,The female cheetah fights taunts her opponent and then reacts swiftly,3
P1,P1_OVER_NARRATIVE,train,animo4d_L4_safe,animo4d_official_text,present,False,PZ_Cheetah_Female_cheetah_female__animationnotmotionextractedlocomotion_maniset3f7b8819__cheetah_female_fightattack_504.npy,The female cheetah fights and then attacks,3
P1,P1_OVER_NARRATIVE,train,animo4d_L4_safe,animo4d_official_text,present,False,PZ_Cheetah_Female_cheetah_female__animationnotmotionextractedlocomotion_maniset3f7b8819__cheetah_female_fightchaseoff_505.npy,The female cheetah fights and then chases the intruder off,3
P1,P1_OVER_NARRATIVE,train,animo4d_L4_safe,animo4d_official_text,present,False,PZ_Cheetah_Female_cheetah_female__animationnotmotionextractedlocomotion_maniset3f7b8819__cheetah_female_fighttaunt_509.npy,The female cheetah fights and then taunts her opponent,3
P1,P1_OVER_NARRATIVE,train,animo4d_L4_safe,animo4d_official_text,present,False,PZ_Cheetah_Female_cheetah_female__animationnotmotionextractedlocomotion_maniset3f7b8819__cheetah_female_fighttauntreact_510.npy,The female cheetah fights taunts her opponent and then reacts swiftly,3
P1,P1_OVER_NARRATIVE,train,animo4d_L4_safe,animo4d_official_text,present,False,PZ_Cheetah_Juvenile_cheetah_juvenile__animationmotionextractedfighting_manisetd259e009__cheetah_juvenile_fightchaseoff_1.npy,The juvenile cheetah fights and then chases the intruder off,3
P1,P1_OVER_NARRATIVE,train,animo4d_L4_safe,animo4d_official_text,present,False,PZ_Cheetah_Juvenile_cheetah_juvenile__animationmotionextractedfighting_manisetd259e009__cheetah_juvenile_fighttaunt_4.npy,The juvenile cheetah fights and then taunts its opponent,1
P1,P1_OVER_NARRATIVE,train,animo4d_L4_safe,animo4d_official_text,present,False,PZ_Cheetah_Juvenile_cheetah_juvenile__animationmotionextractedlocomotion_manisetb57fd20f__cheetah_juvenile_fightchaseoff_20.npy,The juvenile cheetah fights and then chases off its rival,3
P1,P1_OVER_NARRATIVE,train,animo4d_L4_safe,animo4d_official_text,present,False,PZ_Cheetah_Juvenile_cheetah_juvenile__animationmotionextractedpounce_manisetbe58f6ec__cheetah_juvenile_fightchaseoff_84.npy,The juvenile cheetah fights and then chases off the intruder,3
P1,P1_OVER_NARRATIVE,train,animo4d_L4_safe,animo4d_official_text,present,False,PZ_Cheetah_Juvenile_cheetah_juvenile__animationmotionextractedpounce_manisetbe58f6ec__cheetah_juvenile_fighttaunt_87.npy,The juvenile cheetah fights and then taunts its opponent,1
P1,P1_OVER_NARRATIVE,train,animo4d_L4_safe,animo4d_official_text,present,False,PZ_Cheetah_Juvenile_cheetah_juvenile__animationnotmotionextractedbehaviour_manisetdbfd0af5__cheetah_juvenile_fightchaseoff_151.npy,The juvenile cheetah fights and then chases off the intruder,3
P1,P1_OVER_NARRATIVE,train,animo4d_L4_safe,animo4d_official_text,present,False,PZ_Cheetah_Juvenile_cheetah_juvenile__animationnotmotionextractedbehaviour_manisetdbfd0af5__cheetah_juvenile_fightreacttodie_152.npy,The juvenile cheetah fights reacts and then dies,3
P1,P1_OVER_NARRATIVE,train,animo4d_L4_safe,animo4d_official_text,present,False,PZ_Cheetah_Juvenile_cheetah_juvenile__animationnotmotionextractedbehaviour_manisetdbfd0af5__cheetah_juvenile_fighttaunt_154.npy,The juvenile cheetah fights and then taunts its opponent,3
P1,P1_OVER_NARRATIVE,train,animo4d_L4_safe,animo4d_official_text,present,False,PZ_Cheetah_Juvenile_cheetah_juvenile__animationnotmotionextractedfighting_maniset137ea70b__cheetah_juvenile_fightchaseoff_321.npy,The juvenile cheetah fights and then chases off the intruder,3
P1,P1_OVER_NARRATIVE,train,animo4d_L4_safe,animo4d_official_text,present,False,PZ_Cheetah_Juvenile_cheetah_juvenile__animationnotmotionextractedfighting_maniset137ea70b__cheetah_juvenile_fightreacttofendoff_325.npy,The juvenile cheetah fights and reacts swiftly to fend off the threat,3
P1,P1_OVER_NARRATIVE,train,animo4d_L4_safe,animo4d_official_text,present,False,PZ_Cheetah_Juvenile_cheetah_juvenile__animationnotmotionextractedfighting_maniset137ea70b__cheetah_juvenile_fighttaunt_326.npy,The juvenile cheetah fights and then taunts its opponent,1
P1,P1_OVER_NARRATIVE,train,animo4d_L4_safe,animo4d_official_text,present,False,PZ_Cheetah_Juvenile_cheetah_juvenile__animationnotmotionextractedfightingpounce_maniset662de7de__cheetah_juvenile_fighttaunt_239.npy,The juvenile cheetah fights and then taunts its opponent,3
P1,P1_OVER_NARRATIVE,train,animo4d_L4_safe,animo4d_official_text,present,False,PZ_Cheetah_Juvenile_cheetah_juvenile__animationnotmotionextractedlocomotion_maniset6ac4e4f1__cheetah_juvenile_fightchaseoff_420.npy,The juvenile cheetah fights and then chases off its opponent,3
P1,P1_OVER_NARRATIVE,train,animo4d_L4_safe,animo4d_official_text,present,False,PZ_Cheetah_Juvenile_cheetah_juvenile__animationnotmotionextractedlocomotion_maniset6ac4e4f1__cheetah_juvenile_fightreacttofendoff_424.npy,The juvenile cheetah fights and reacts swiftly to fend off the threat,3
P1,P1_OVER_NARRATIVE,train,animo4d_L4_safe,animo4d_official_text,present,False,PZ_Cheetah_Juvenile_cheetah_juvenile__animationnotmotionextractedlocomotion_maniset6ac4e4f1__cheetah_juvenile_fighttaunt_425.npy,The juvenile cheetah fights and then taunts its opponent,3
P1,P1_OVER_NARRATIVE,train,animo4d_L4_safe,animo4d_official_text,present,False,PZ_Cheetah_Juvenile_cheetah_juvenile__animationnotmotionextractedlocomotion_maniset6ac4e4f1__cheetah_juvenile_fighttostandidle_427.npy,The juvenile cheetah fights to stand still,3
P1,P1_OVER_NARRATIVE,train,animo4d_L4_safe,animo4d_official_text,present,False,PZ_Cheetah_Male_cheetah_male__animationmotionextractedfighting_maniseta3330ca6__cheetah_male_fightchaseoff_2.npy,The male cheetah fights and then chases the intruder off,3
P1,P1_OVER_NARRATIVE,train,animo4d_L4_safe,animo4d_official_text,present,False,PZ_Cheetah_Male_cheetah_male__animationmotionextractedfighting_maniseta3330ca6__cheetah_male_fighttaunt_6.npy,The male cheetah fights and then taunts its opponent,3
P1,P1_OVER_NARRATIVE,train,animo4d_L4_safe,animo4d_official_text,present,False,PZ_Cheetah_Male_cheetah_male__animationmotionextractedlocomotion_maniset7228052c__cheetah_male_fightchaseoff_28.npy,The male cheetah fights and then chases the intruder off,3
P1,P1_OVER_NARRATIVE,train,animo4d_L4_safe,animo4d_official_text,present,False,PZ_Cheetah_Male_cheetah_male__animationmotionextractedlocomotion_maniset7228052c__cheetah_male_fighttaunt_32.npy,The male cheetah fights and then taunts its opponent,3
P1,P1_OVER_NARRATIVE,train,animo4d_L4_safe,animo4d_official_text,present,False,PZ_Cheetah_Male_cheetah_male__animationmotionextractedpounce_maniset10078da9__cheetah_male_fightchaseoff_114.npy,The male cheetah fights and then chases off the intruder,3
P1,P1_OVER_NARRATIVE,train,animo4d_L4_safe,animo4d_official_text,present,False,PZ_Cheetah_Male_cheetah_male__animationmotionextractedpounce_maniset10078da9__cheetah_male_fightreacttodie_116.npy,The male cheetah fights reacts swiftly and then dies,3
P1,P1_OVER_NARRATIVE,train,animo4d_L4_safe,animo4d_official_text,present,False,PZ_Cheetah_Male_cheetah_male__animationmotionextractedpounce_maniset10078da9__cheetah_male_fighttaunt_118.npy,The male cheetah fights and then taunts its opponent,3
P1,P1_OVER_NARRATIVE,train,animo4d_L4_safe,animo4d_official_text,present,False,PZ_Cheetah_Male_cheetah_male__animationmotionextractedpounce_maniset10078da9__cheetah_male_fighttauntreact_119.npy,The male cheetah fights taunts and then reacts swiftly,3
P1,P1_OVER_NARRATIVE,train,animo4d_L4_safe,animo4d_official_text,present,False,PZ_Cheetah_Male_cheetah_male__animationnotmotionextractedbehaviour_maniset49938492__cheetah_male_fightattack_203.npy,The male cheetah fights and then attacks swiftly,3
P1,P1_OVER_NARRATIVE,train,animo4d_L4_safe,animo4d_official_text,present,False,PZ_Cheetah_Male_cheetah_male__animationnotmotionextractedbehaviour_maniset49938492__cheetah_male_fightchaseoff_204.npy,The male cheetah fights and then chases the intruder off,3
P1,P1_OVER_NARRATIVE,train,animo4d_L4_safe,animo4d_official_text,present,False,PZ_Cheetah_Male_cheetah_male__animationnotmotionextractedbehaviour_maniset49938492__cheetah_male_fighttaunt_208.npy,The male cheetah fights and then taunts its opponent,3
P1,P1_OVER_NARRATIVE,train,animo4d_L4_safe,animo4d_official_text,present,False,PZ_Cheetah_Male_cheetah_male__animationnotmotionextractedbehaviour_maniset49938492__cheetah_male_fighttauntreact_209.npy,The male cheetah fights taunts its opponent and then reacts swiftly,3
P1,P1_OVER_NARRATIVE,train,animo4d_L4_safe,animo4d_official_text,present,False,PZ_Cheetah_Male_cheetah_male__animationnotmotionextractedfighting_maniset9b001568__cheetah_male_fightchaseoff_418.npy,The male cheetah fights and then chases off its rival,3
P1,P1_OVER_NARRATIVE,train,animo4d_L4_safe,animo4d_official_text,present,False,PZ_Cheetah_Male_cheetah_male__animationnotmotionextractedfighting_maniset9b001568__cheetah_male_fighttaunt_424.npy,The male cheetah fights and then taunts its opponent,3
P1,P1_OVER_NARRATIVE,train,animo4d_L4_safe,animo4d_official_text,present,False,PZ_Cheetah_Male_cheetah_male__animationnotmotionextractedfighting_maniset9b001568__cheetah_male_fighttauntreact_425.npy,The male cheetah fights taunts his opponent and then reacts swiftly,3
P1,P1_OVER_NARRATIVE,train,animo4d_L4_safe,animo4d_official_text,present,False,PZ_Cheetah_Male_cheetah_male__animationnotmotionextractedfightingpounce_maniset7667055b__cheetah_male_fightchaseoff_309.npy,The male cheetah fights and then chases off the intruder,3
P1,P1_OVER_NARRATIVE,train,animo4d_L4_safe,animo4d_official_text,present,False,PZ_Cheetah_Male_cheetah_male__animationnotmotionextractedfightingpounce_maniset7667055b__cheetah_male_fighttaunt_315.npy,The male cheetah fights and then taunts its opponent,3
P1,P1_OVER_NARRATIVE,train,animo4d_L4_safe,animo4d_official_text,present,False,PZ_Cheetah_Male_cheetah_male__animationnotmotionextractedfightingpounce_maniset7667055b__cheetah_male_fighttauntreact_316.npy,The male cheetah fights taunts and then reacts swiftly,3
P1,P1_OVER_NARRATIVE,train,animo4d_L4_safe,animo4d_official_text,present,False,PZ_Cheetah_Male_cheetah_male__animationnotmotionextractedlocomotion_maniset97e039ce__cheetah_male_fightchaseoff_540.npy,The male cheetah fights and then chases off the intruder,3
P1,P1_OVER_NARRATIVE,train,animo4d_L4_safe,animo4d_official_text,present,False,PZ_Cheetah_Male_cheetah_male__animationnotmotionextractedlocomotion_maniset97e039ce__cheetah_male_fightreacttofendoff_545.npy,The male cheetah fights and reacts swiftly to fend off the threat,3
P1,P1_OVER_NARRATIVE,train,animo4d_L4_safe,animo4d_official_text,present,False,PZ_Cheetah_Male_cheetah_male__animationnotmotionextractedlocomotion_maniset97e039ce__cheetah_male_fighttaunt_546.npy,The male cheetah fights and then taunts its opponent,3
P1,P1_OVER_NARRATIVE;P1_SOURCE_ACTION_ARTIFACT,train,animo4d_L4_safe,animo4d_official_text,present,False,PZ_Chinese_Pangolin_Female_chinese_pangolin_female__animationnotmotionextractedbehaviour_maniset56739708__chinese_pangolin_female_standgimmick01_62.npy,The female Chinese pangolin stands still as a protective gimmick,3
P1,P1_SOURCE_ACTION_ARTIFACT,train,animo4d_L4_safe,animo4d_official_text,present,False,PZ_Chinese_Pangolin_Female_chinese_pangolin_female__animationnotmotionextractedlocomotion_maniset5d0ec1c4__chinese_pangolin_female_standgimmick01_130.npy,The female Chinese pangolin stands still as a protective gimmick,3
P1,P1_OVER_NARRATIVE,train,animo4d_L4_safe,animo4d_official_text,present,False,PZ_Clouded_Leopard_Female_clouded_leopard_female__animationmotionextractedlocomotion_manisetb2ce0064__clouded_leopard_female_fightreacttofendoff_38.npy,The female clouded leopard fights and reacts swiftly to fend off the threat,3
P1,P1_OVER_NARRATIVE,train,animo4d_L4_safe,animo4d_official_text,present,False,PZ_Clouded_Leopard_Female_clouded_leopard_female__animationmotionextractedlocomotion_manisetb2ce0064__clouded_leopard_female_fighttaunttostand_41.npy,The female clouded leopard fights taunts and then stands still,3
P1,P1_OVER_NARRATIVE,train,animo4d_L4_safe,animo4d_official_text,present,False,PZ_Clouded_Leopard_Female_clouded_leopard_female__animationnotmotionextractedbehaviour_maniset16b45bca__clouded_leopard_female_fightflee_122.npy,The female clouded leopard fights fiercely and then flees swiftly,3
P1,P1_OVER_NARRATIVE,train,animo4d_L4_safe,animo4d_official_text,present,False,PZ_Clouded_Leopard_Female_clouded_leopard_female__animationnotmotionextractedbehaviour_maniset16b45bca__clouded_leopard_female_fighttaunttostand_126.npy,The female clouded leopard fights taunts and then stands still,3
P1,P1_OVER_NARRATIVE,train,animo4d_L4_safe,animo4d_official_text,present,False,PZ_Clouded_Leopard_Female_clouded_leopard_female__animationnotmotionextractedfighting_maniset9d11bea0__clouded_leopard_female_deepswimdiveout_214.npy,The female clouded leopard swims deeply and then dives out of the water,3
P1,P1_OVER_NARRATIVE,train,animo4d_L4_safe,animo4d_official_text,present,False,PZ_Clouded_Leopard_Female_clouded_leopard_female__animationnotmotionextractedfighting_maniset9d11bea0__clouded_leopard_female_fightflee_220.npy,The female clouded leopard fights fiercely and then flees swiftly,3
P1,P1_OVER_NARRATIVE,train,animo4d_L4_safe,animo4d_official_text,present,False,PZ_Clouded_Leopard_Female_clouded_leopard_female__animationnotmotionextractedfighting_maniset9d11bea0__clouded_leopard_female_fightidle_221.npy,The female clouded leopard fights fiercely,3
P1,P1_OVER_NARRATIVE,train,animo4d_L4_safe,animo4d_official_text,present,False,PZ_Clouded_Leopard_Female_clouded_leopard_female__animationnotmotionextractedfighting_pounce_manisetdf48ed72__clouded_leopard_female_fightattack_319.npy,The female clouded leopard fights and then attacks,3
P1,P1_OVER_NARRATIVE,train,animo4d_L4_safe,animo4d_official_text,present,False,PZ_Clouded_Leopard_Female_clouded_leopard_female__animationnotmotionextractedfighting_pounce_manisetdf48ed72__clouded_leopard_female_fightidle_322.npy,The female clouded leopard fights fiercely,3
P1,P1_OVER_NARRATIVE,train,animo4d_L4_safe,animo4d_official_text,present,False,PZ_Clouded_Leopard_Female_clouded_leopard_female__animationnotmotionextractedlocomotion_maniset3093bf06__clouded_leopard_female_fightidle_441.npy,The female clouded leopard fights fiercely,3
P1,P1_OVER_NARRATIVE,train,animo4d_L4_safe,animo4d_official_text,present,False,PZ_Clouded_Leopard_Male_clouded_leopard_male__animationnotmotionextractedfighting_maniset1c68de95__clouded_leopard_male_fightidle_112.npy,The male clouded leopard fights fiercely,3
P1,P1_SOURCE_ACTION_ARTIFACT,train,animo4d_L4_safe,animo4d_official_text,present,False,PZ_Common_Warthog_Female_common_warthog_female__animationnotmotionextractedbehaviour_maniset31dd1454__common_warthog_female_standgimmick01_74.npy,The female common warthog stands still as a gimmick,3
P1,P1_OVER_NARRATIVE,train,animo4d_L4_safe,animo4d_official_text,present,False,PZ_Common_Warthog_Female_common_warthog_female__animationnotmotionextractedfighting_maniset18beccaa__common_warthog_female_fighttaunt_133.npy,The female common warthog fights and then taunts her opponent,3
P1,P1_OVER_NARRATIVE,train,animo4d_L4_safe,animo4d_official_text,present,False,PZ_Common_Warthog_Female_common_warthog_female__animationnotmotionextractedfighting_maniset18beccaa__common_warthog_female_fightvictorytaunt_136.npy,The female common warthog fights achieves victory and then taunts her opponent,3
P1,P1_SOURCE_ACTION_ARTIFACT,train,animo4d_L4_safe,animo4d_official_text,present,False,PZ_Common_Warthog_Female_common_warthog_female__animationnotmotionextractedfighting_maniset18beccaa__common_warthog_female_standgimmick01_156.npy,The female common warthog stands still as a gimmick,3
P1,P1_OVER_NARRATIVE,train,animo4d_L4_safe,animo4d_official_text,present,False,PZ_Common_Warthog_Female_common_warthog_female__animationnotmotionextractedlocomotion_manisetb8ccc210__common_warthog_female_fightvictorytaunt_219.npy,The female common warthog fights wins and then taunts her opponent,3
P1,P1_SOURCE_ACTION_ARTIFACT,train,animo4d_L4_safe,animo4d_official_text,present,False,PZ_Common_Warthog_Female_common_warthog_female__animationnotmotionextractedlocomotion_manisetb8ccc210__common_warthog_female_standgimmick01_243.npy,The female common warthog stands still and then performs a playful gimmick,3
P1,P1_SOURCE_ACTION_ARTIFACT,train,animo4d_L4_safe,animo4d_official_text,present,False,PZ_Common_Warthog_Juvenile_common_warthog_juvenile__animationnotmotionextractedbehaviour_maniset554e44ec__common_warthog_juvenile_standgimmick01_77.npy,The juvenile common warthog stands still and then performs a playful gimmick,3
P1,P1_OVER_NARRATIVE,train,animo4d_L4_safe,animo4d_official_text,present,False,PZ_Common_Warthog_Juvenile_common_warthog_juvenile__animationnotmotionextractedfighting_maniset5c7af742__common_warthog_juvenile_fighttaunt_135.npy,The juvenile common warthog fights and then taunts its opponent,3
P1,P1_SOURCE_ACTION_ARTIFACT,train,animo4d_L4_safe,animo4d_official_text,present,False,PZ_Common_Warthog_Juvenile_common_warthog_juvenile__animationnotmotionextractedfighting_maniset5c7af742__common_warthog_juvenile_standgimmick01_157.npy,The juvenile common warthog stands still and then performs a playful gimmick,3
P1,P1_OVER_NARRATIVE,train,animo4d_L4_safe,animo4d_official_text,present,False,PZ_Common_Warthog_Juvenile_common_warthog_juvenile__animationnotmotionextractedlocomotion_maniset7d4c78a8__common_warthog_juvenile_fightreact_214.npy,The juvenile common warthog reacts to a fight by fleeing,3
P1,P1_OVER_NARRATIVE,train,animo4d_L4_safe,animo4d_official_text,present,False,PZ_Common_Warthog_Juvenile_common_warthog_juvenile__animationnotmotionextractedlocomotion_maniset7d4c78a8__common_warthog_juvenile_fighttaunt_216.npy,The juvenile common warthog fights and then taunts its opponent,3
P1,P1_SOURCE_ACTION_ARTIFACT,train,animo4d_L4_safe,animo4d_official_text,present,False,PZ_Common_Warthog_Juvenile_common_warthog_juvenile__animationnotmotionextractedlocomotion_maniset7d4c78a8__common_warthog_juvenile_standgimmick01_242.npy,The juvenile common warthog stands still and then performs a playful gimmick,3
P1,P1_SOURCE_ACTION_ARTIFACT,train,animo4d_L4_safe,animo4d_official_text,present,False,PZ_Common_Warthog_Male_common_warthog_male__animationnotmotionextractedbehaviour_maniset44005b09__common_warthog_male_standgimmick01_64.npy,The male common warthog stands still as a gimmick,3
P1,P1_OVER_NARRATIVE,train,animo4d_L4_safe,animo4d_official_text,present,False,PZ_Common_Warthog_Male_common_warthog_male__animationnotmotionextractedfighting_maniset1886e21f__common_warthog_male_fighttaunt_114.npy,The male common warthog fights and then taunts his opponent,3
P1,P1_OVER_NARRATIVE,train,animo4d_L4_safe,animo4d_official_text,present,False,PZ_Common_Warthog_Male_common_warthog_male__animationnotmotionextractedfighting_maniset1886e21f__common_warthog_male_fightvictorytaunt_117.npy,The male common warthog fights wins and then taunts his defeated opponent,3
P1,P1_SOURCE_ACTION_ARTIFACT,train,animo4d_L4_safe,animo4d_official_text,present,False,PZ_Common_Warthog_Male_common_warthog_male__animationnotmotionextractedfighting_maniset1886e21f__common_warthog_male_standgimmick01_135.npy,The male common warthog stands still as a gimmick,3
P1,P1_OVER_NARRATIVE,train,animo4d_L4_safe,animo4d_official_text,present,False,PZ_Common_Warthog_Male_common_warthog_male__animationnotmotionextractedlocomotion_manisete0dc8a05__common_warthog_male_fighttaunt_186.npy,The male common warthog fights and then taunts his opponent,3
P1,P1_OVER_NARRATIVE,train,animo4d_L4_safe,animo4d_official_text,present,False,PZ_Common_Warthog_Male_common_warthog_male__animationnotmotionextractedlocomotion_manisete0dc8a05__common_warthog_male_fightvictorytaunt_189.npy,The male common warthog engages in a fight emerges victorious and then taunts his opponent,3
P1,P1_SOURCE_ACTION_ARTIFACT,train,animo4d_L4_safe,animo4d_official_text,present,False,PZ_Common_Warthog_Male_common_warthog_male__animationnotmotionextractedlocomotion_manisete0dc8a05__common_warthog_male_standgimmick01_211.npy,The male common warthog stands still as a gimmick,3
P1,P1_OVER_NARRATIVE,train,animo4d_L4_safe,animo4d_official_text,present,False,PZ_Cougar_Female_cougar_female__animationmotionextractedfighting_manisetb0c29676__cougar_female_fightchaseoff_2.npy,The female cougar fights and then chases the intruder off,3
P1,P1_OVER_NARRATIVE,train,animo4d_L4_safe,animo4d_official_text,present,False,PZ_Cougar_Female_cougar_female__animationmotionextractedfighting_manisetb0c29676__cougar_female_fighttauntreact_6.npy,The female cougar fights taunts her opponent and then reacts swiftly to the counterattack,3
P1,P1_OVER_NARRATIVE,train,animo4d_L4_safe,animo4d_official_text,present,False,PZ_Cougar_Female_cougar_female__animationmotionextractedfighting_pounce_maniseta2151748__cougar_female_fightchaseoff_9.npy,The female cougar fights and then chases off the intruder,3
P1,P1_OVER_NARRATIVE,train,animo4d_L4_safe,animo4d_official_text,present,False,PZ_Cougar_Female_cougar_female__animationmotionextractedfighting_pounce_maniseta2151748__cougar_female_fighttauntreact_13.npy,The female cougar fights taunts her opponent and then reacts swiftly,3
P1,P1_OVER_NARRATIVE,train,animo4d_L4_safe,animo4d_official_text,present,False,PZ_Cougar_Female_cougar_female__animationmotionextractedlocomotion_maniset6d07f6fc__cougar_female_fightreactdie_39.npy,The female cougar fights reacts defensively and then dies,3
P1,P1_OVER_NARRATIVE,train,animo4d_L4_safe,animo4d_official_text,present,False,PZ_Cougar_Female_cougar_female__animationmotionextractedlocomotion_maniset6d07f6fc__cougar_female_fighttauntreact_40.npy,The female cougar fights taunts her opponent and then reacts swiftly,3
P1,P1_OVER_NARRATIVE,train,animo4d_L4_safe,animo4d_official_text,present,False,PZ_Cougar_Female_cougar_female__animationnotmotionextractedbehaviour_manisetb3b7de62__cougar_female_fightchaseoff_130.npy,The female cougar fights and then chases the intruder off,3
P1,P1_OVER_NARRATIVE,train,animo4d_L4_safe,animo4d_official_text,present,False,PZ_Cougar_Female_cougar_female__animationnotmotionextractedbehaviour_manisetb3b7de62__cougar_female_fightreact_132.npy,The female cougar fights and then reacts swiftly,3
P1,P1_OVER_NARRATIVE,train,animo4d_L4_safe,animo4d_official_text,present,False,PZ_Cougar_Female_cougar_female__animationnotmotionextractedbehaviour_manisetb3b7de62__cougar_female_fighttauntreact_134.npy,The female cougar fights taunts her opponent and then reacts swiftly,3
P1,P1_OVER_NARRATIVE,train,animo4d_L4_safe,animo4d_official_text,present,False,PZ_Cougar_Female_cougar_female__animationnotmotionextractedfighting_manisetcda3bb38__cougar_female_fightchaseoff_241.npy,The female cougar fights and then chases off her opponent,3
P1,P1_OVER_NARRATIVE,train,animo4d_L4_safe,animo4d_official_text,present,False,PZ_Cougar_Female_cougar_female__animationnotmotionextractedfighting_manisetcda3bb38__cougar_female_fightidle_243.npy,The female cougar fights fiercely,3
P1,P1_OVER_NARRATIVE,train,animo4d_L4_safe,animo4d_official_text,present,False,PZ_Cougar_Female_cougar_female__animationnotmotionextractedfighting_manisetcda3bb38__cougar_female_fightreactdie_245.npy,The female cougar fights reacts and then dies,3
P1,P1_OVER_NARRATIVE,train,animo4d_L4_safe,animo4d_official_text,present,False,PZ_Cougar_Female_cougar_female__animationnotmotionextractedfighting_manisetcda3bb38__cougar_female_fighttauntreact_246.npy,The female cougar fights taunts her opponent and then reacts swiftly,3
P1,P1_OVER_NARRATIVE,train,animo4d_L4_safe,animo4d_official_text,present,False,PZ_Cougar_Female_cougar_female__animationnotmotionextractedfighting_pounce_maniset7c0d140a__cougar_female_fightchaseoff_355.npy,The female cougar fights and then chases off her opponent,3
P1,P1_OVER_NARRATIVE,train,animo4d_L4_safe,animo4d_official_text,present,False,PZ_Cougar_Female_cougar_female__animationnotmotionextractedfighting_pounce_maniset7c0d140a__cougar_female_fighttauntreact_360.npy,The female cougar fights taunts her opponent and then reacts swiftly,3
P1,P1_OVER_NARRATIVE,train,animo4d_L4_safe,animo4d_official_text,present,False,PZ_Cougar_Female_cougar_female__animationnotmotionextractedlocomotion_maniset1c82479e__cougar_female_fightchaseoff_485.npy,The female cougar fights and then chases off her opponent,3
P1,P1_OVER_NARRATIVE,train,animo4d_L4_safe,animo4d_official_text,present,False,PZ_Cougar_Female_cougar_female__animationnotmotionextractedlocomotion_maniset1c82479e__cougar_female_fightreactdie_489.npy,The female cougar fights reacts and then dies,3
P1,P1_OVER_NARRATIVE,train,animo4d_L4_safe,animo4d_official_text,present,False,PZ_Cougar_Female_cougar_female__animationnotmotionextractedlocomotion_maniset1c82479e__cougar_female_fighttauntreact_490.npy,The female cougar fights taunts her opponent and then reacts swiftly,3
P1,P1_OVER_NARRATIVE,train,animo4d_L4_safe,animo4d_official_text,present,False,PZ_Cougar_Female_cougar_female__animationnotmotionextractedlocomotion_maniset1c82479e__cougar_female_fighttaunttostand_491.npy,The female cougar fights taunts and then stands still,3
P1,P1_OVER_NARRATIVE,train,animo4d_L4_safe,animo4d_official_text,present,False,PZ_Cougar_Female_cougar_female__animationnotmotionextractedlocomotion_maniset1c82479e__cougar_female_fighttostand_492.npy,The female cougar fights and then stands still,3
P1,P1_OVER_NARRATIVE,train,animo4d_L4_safe,animo4d_official_text,present,False,PZ_Cougar_Male_cougar_male__animationmotionextractedfighting_maniset69869cab__cougar_male_fightchaseoff_2.npy,The male cougar fights and then chases off its opponent,3
P1,P1_OVER_NARRATIVE,train,animo4d_L4_safe,animo4d_official_text,present,False,PZ_Cougar_Male_cougar_male__animationmotionextractedfighting_maniset69869cab__cougar_male_fighttauntreact_6.npy,The male cougar fights taunts and then reacts swiftly,3
P1,P1_OVER_NARRATIVE,train,animo4d_L4_safe,animo4d_official_text,present,False,PZ_Cougar_Male_cougar_male__animationmotionextractedfighting_maniset69869cab__cougar_male_fighttaunttostand_7.npy,The male cougar fights taunts and then stands still,3
P1,P1_OVER_NARRATIVE,train,animo4d_L4_safe,animo4d_official_text,present,False,PZ_Cougar_Male_cougar_male__animationmotionextractedfighting_pounce_manisetdc35563d__cougar_male_fightchaseoff_9.npy,The male cougar fights and then chases off the intruder,3
P1,P1_OVER_NARRATIVE,train,animo4d_L4_safe,animo4d_official_text,present,False,PZ_Cougar_Male_cougar_male__animationmotionextractedlocomotion_maniset581e0fb1__cougar_male_fightchaseoff_39.npy,The male cougar fights and then chases off the intruder,3
P1,P1_OVER_NARRATIVE,train,animo4d_L4_safe,animo4d_official_text,present,False,PZ_Cougar_Male_cougar_male__animationmotionextractedlocomotion_maniset581e0fb1__cougar_male_fightflee_40.npy,The male cougar fights and then flees,3
P1,P1_OVER_NARRATIVE,train,animo4d_L4_safe,animo4d_official_text,present,False,PZ_Cougar_Male_cougar_male__animationmotionextractedlocomotion_maniset581e0fb1__cougar_male_fightreactdie_42.npy,The male cougar fights reacts and then dies,3
P1,P1_OVER_NARRATIVE,train,animo4d_L4_safe,animo4d_official_text,present,False,PZ_Cougar_Male_cougar_male__animationmotionextractedlocomotion_maniset581e0fb1__cougar_male_fighttaunttostand_44.npy,The male cougar fights taunts and then stands still,3
P1,P1_OVER_NARRATIVE,train,animo4d_L4_safe,animo4d_official_text,present,False,PZ_Cougar_Male_cougar_male__animationnotmotionextractedbehaviour_manisetf8e54997__cougar_male_fightchaseoff_136.npy,The male cougar fights and then chases the intruder off,3
P1,P1_OVER_NARRATIVE,train,animo4d_L4_safe,animo4d_official_text,present,False,PZ_Cougar_Male_cougar_male__animationnotmotionextractedbehaviour_manisetf8e54997__cougar_male_fighttaunttostand_141.npy,The male cougar fights taunts and then stands still,3
P1,P1_OVER_NARRATIVE,train,animo4d_L4_safe,animo4d_official_text,present,False,PZ_Cougar_Male_cougar_male__animationnotmotionextractedfighting_manisetd6a2d52d__cougar_male_fightchaseoff_250.npy,The male cougar fights and then chases off the intruder,3
P1,P1_OVER_NARRATIVE,train,animo4d_L4_safe,animo4d_official_text,present,False,PZ_Cougar_Male_cougar_male__animationnotmotionextractedfighting_manisetd6a2d52d__cougar_male_fightidle_252.npy,The male cougar fights fiercely,3
P1,P1_OVER_NARRATIVE,train,animo4d_L4_safe,animo4d_official_text,present,False,PZ_Cougar_Male_cougar_male__animationnotmotionextractedfighting_manisetd6a2d52d__cougar_male_fighttauntreact_255.npy,The male cougar fights taunts and then reacts swiftly,3
P1,P1_OVER_NARRATIVE,train,animo4d_L4_safe,animo4d_official_text,present,False,PZ_Cougar_Male_cougar_male__animationnotmotionextractedfighting_pounce_maniset145ff6bf__cougar_male_fightchaseoff_367.npy,The male cougar fights and then chases the intruder off,3
P1,P1_OVER_NARRATIVE,train,animo4d_L4_safe,animo4d_official_text,present,False,PZ_Cougar_Male_cougar_male__animationnotmotionextractedfighting_pounce_maniset145ff6bf__cougar_male_fightidle_369.npy,The male cougar fights fiercely,3
P1,P1_OVER_NARRATIVE,train,animo4d_L4_safe,animo4d_official_text,present,False,PZ_Cougar_Male_cougar_male__animationnotmotionextractedlocomotion_maniset62b75413__cougar_male_fightchaseoff_502.npy,The male cougar fights and then chases off the intruder,3
P1,P1_OVER_NARRATIVE,train,animo4d_L4_safe,animo4d_official_text,present,False,PZ_Cougar_Male_cougar_male__animationnotmotionextractedlocomotion_maniset62b75413__cougar_male_fightidle_504.npy,The male cougar fights fiercely,3
P1,P1_OVER_NARRATIVE,train,animo4d_L4_safe,animo4d_official_text,present,False,PZ_Cougar_Male_cougar_male__animationnotmotionextractedlocomotion_maniset62b75413__cougar_male_fighttauntreact_507.npy,The male cougar fights taunts its opponent and then reacts swiftly,3
P1,P1_OVER_NARRATIVE,train,animo4d_L4_safe,animo4d_official_text,present,False,PZ_Cuviers_Dwarf_Caiman_Female_cuviers_dwarf_caiman_female__animationmotionextractedfighting_maniset850ccaf4__cuviers_dwarf_caiman_female_fightchaseoff_1.npy,The female dwarf caiman fights and then chases off the intruder,3
P1,P1_OVER_NARRATIVE,train,animo4d_L4_safe,animo4d_official_text,present,False,PZ_Cuviers_Dwarf_Caiman_Female_cuviers_dwarf_caiman_female__animationmotionextractedfighting_maniset850ccaf4__cuviers_dwarf_caiman_female_fighttaunt_4.npy,The female dwarf caiman fights and then taunts her opponent,3
P1,P1_OVER_NARRATIVE,train,animo4d_L4_safe,animo4d_official_text,present,False,PZ_Cuviers_Dwarf_Caiman_Female_cuviers_dwarf_caiman_female__animationmotionextractedlocomotion_manisetc343a7a__cuviers_dwarf_caiman_female_fightchaseoff_10.npy,The female dwarf caiman fights and then chases off the intruder,3
P1,P1_OVER_NARRATIVE,train,animo4d_L4_safe,animo4d_official_text,present,False,PZ_Cuviers_Dwarf_Caiman_Female_cuviers_dwarf_caiman_female__animationmotionextractedlocomotion_manisetc343a7a__cuviers_dwarf_caiman_female_fighttaunt_13.npy,The female dwarf caiman fights and then taunts her opponent,3
P1,P1_OVER_NARRATIVE,train,animo4d_L4_safe,animo4d_official_text,present,False,PZ_Cuviers_Dwarf_Caiman_Female_cuviers_dwarf_caiman_female__animationmotionextractedpounce_maniseteb9a6cb7__cuviers_dwarf_caiman_female_fightchaseoff_64.npy,The female dwarf caiman fights and then chases off the intruder,3
P1,P1_OVER_NARRATIVE,train,animo4d_L4_safe,animo4d_official_text,present,False,PZ_Cuviers_Dwarf_Caiman_Female_cuviers_dwarf_caiman_female__animationmotionextractedpounce_maniseteb9a6cb7__cuviers_dwarf_caiman_female_fighttaunt_67.npy,The female dwarf caiman fights and then taunts her opponent,3
P1,P1_OVER_NARRATIVE,train,animo4d_L4_safe,animo4d_official_text,present,False,PZ_Cuviers_Dwarf_Caiman_Female_cuviers_dwarf_caiman_female__animationnotmotionextractedbehaviour_manisetce35b0e0__cuviers_dwarf_caiman_female_fightchaseoff_121.npy,The female dwarf caiman fights and then chases off the intruder,3
P1,P1_OVER_NARRATIVE,train,animo4d_L4_safe,animo4d_official_text,present,False,PZ_Cuviers_Dwarf_Caiman_Female_cuviers_dwarf_caiman_female__animationnotmotionextractedfighting_manisete8eed636__cuviers_dwarf_caiman_female_fightchaseoff_190.npy,The female dwarf caiman fights and then chases off the intruder,3
P1,P1_OVER_NARRATIVE,train,animo4d_L4_safe,animo4d_official_text,present,False,PZ_Cuviers_Dwarf_Caiman_Female_cuviers_dwarf_caiman_female__animationnotmotionextractedlocomotion_manisetcdbeb19c__cuviers_dwarf_caiman_female_fightchaseoff_263.npy,The female dwarf caiman fights and then chases off the intruder,3
P1,P1_OVER_NARRATIVE,train,animo4d_L4_safe,animo4d_official_text,present,False,PZ_Cuviers_Dwarf_Caiman_Female_cuviers_dwarf_caiman_female__animationnotmotionextractedlocomotion_manisetcdbeb19c__cuviers_dwarf_caiman_female_fighttaunt_267.npy,The female dwarf caiman fights and then taunts her opponent,3
P1,P1_OVER_NARRATIVE,train,animo4d_L4_safe,animo4d_official_text,present,False,PZ_Dall_Sheep_Female_dall_sheep_female__animationmotionextractedfighting_maniset460d1cd4__dall_sheep_female_fightchaseoff_1.npy,The female Dall sheep fights and then chases off the intruder,3
P1,P1_OVER_NARRATIVE,train,animo4d_L4_safe,animo4d_official_text,present,False,PZ_Dall_Sheep_Female_dall_sheep_female__animationmotionextractedfighting_maniset460d1cd4__dall_sheep_female_fightflee_2.npy,The female Dall sheep fights and then flees,3
P1,P1_OVER_NARRATIVE,train,animo4d_L4_safe,animo4d_official_text,present,False,PZ_Dall_Sheep_Female_dall_sheep_female__animationmotionextractedlocomotion_maniset16ca7c5a__dall_sheep_female_fightchaseoff_5.npy,The female Dall sheep fights and then chases off the intruder,3
P1,P1_OVER_NARRATIVE,train,animo4d_L4_safe,animo4d_official_text,present,False,PZ_Dall_Sheep_Female_dall_sheep_female__animationmotionextractedlocomotion_maniset16ca7c5a__dall_sheep_female_fightflee_6.npy,The female Dall sheep fights and then flees,3
P1,P1_OVER_NARRATIVE,train,animo4d_L4_safe,animo4d_official_text,present,False,PZ_Dall_Sheep_Female_dall_sheep_female__animationmotionextractedlocomotion_maniset16ca7c5a__dall_sheep_female_fighttaunt_7.npy,The female Dall sheep fights and then taunts her opponent,3
P1,P1_OVER_NARRATIVE,train,animo4d_L4_safe,animo4d_official_text,present,False,PZ_Dall_Sheep_Female_dall_sheep_female__animationmotionextractedlocomotion_maniset16ca7c5a__dall_sheep_female_fighttauntreact_8.npy,The female Dall sheep fights taunts her opponent and then reacts swiftly to the counterattack,3
P1,P1_OVER_NARRATIVE,train,animo4d_L4_safe,animo4d_official_text,present,False,PZ_Dall_Sheep_Female_dall_sheep_female__animationnotmotionextractedbehaviour_manisetdbd9e2c0__dall_sheep_female_fightchaseoff_61.npy,The female Dall sheep fights and then chases off the intruder,3
P1,P1_OVER_NARRATIVE,train,animo4d_L4_safe,animo4d_official_text,present,False,PZ_Dall_Sheep_Female_dall_sheep_female__animationnotmotionextractedbehaviour_manisetdbd9e2c0__dall_sheep_female_fightflee_62.npy,The female Dall sheep fights and then flees,3
P1,P1_OVER_NARRATIVE,train,animo4d_L4_safe,animo4d_official_text,present,False,PZ_Dall_Sheep_Female_dall_sheep_female__animationnotmotionextractedbehaviour_manisetdbd9e2c0__dall_sheep_female_fighttaunt_63.npy,The female Dall sheep fights and then taunts her opponent,3
P1,P1_OVER_NARRATIVE,train,animo4d_L4_safe,animo4d_official_text,present,False,PZ_Dall_Sheep_Female_dall_sheep_female__animationnotmotionextractedbehaviour_manisetdbd9e2c0__dall_sheep_female_fighttauntreact_64.npy,The female Dall sheep fights taunts her opponent and then reacts swiftly,3
P1,P1_SOURCE_ACTION_ARTIFACT,train,animo4d_L4_safe,animo4d_official_text,present,False,PZ_Dall_Sheep_Female_dall_sheep_female__animationnotmotionextractedbehaviour_manisetdbd9e2c0__dall_sheep_female_standgimmick01_82.npy,The female Dall sheep stands still as part of a playful gimmick,3
P1,P1_OVER_NARRATIVE,train,animo4d_L4_safe,animo4d_official_text,present,False,PZ_Dall_Sheep_Female_dall_sheep_female__animationnotmotionextractedfighting_manisetf21d1016__dall_sheep_female_fightchaseoff_137.npy,The female Dall sheep fights and then chases off the intruder,3
P1,P1_OVER_NARRATIVE,train,animo4d_L4_safe,animo4d_official_text,present,False,PZ_Dall_Sheep_Female_dall_sheep_female__animationnotmotionextractedfighting_manisetf21d1016__dall_sheep_female_fightflee_138.npy,The female Dall sheep fights and then flees,3
P1,P1_OVER_NARRATIVE,train,animo4d_L4_safe,animo4d_official_text,present,False,PZ_Dall_Sheep_Female_dall_sheep_female__animationnotmotionextractedfighting_manisetf21d1016__dall_sheep_female_fighttaunt_140.npy,The female Dall sheep fights and then taunts her opponent,3
P1,P1_OVER_NARRATIVE,train,animo4d_L4_safe,animo4d_official_text,present,False,PZ_Dall_Sheep_Female_dall_sheep_female__animationnotmotionextractedfighting_manisetf21d1016__dall_sheep_female_fightvictorytaunt_143.npy,The female Dall sheep fights achieves victory and then taunts her opponent,3
P1,P1_OVER_NARRATIVE;P1_SOURCE_ACTION_ARTIFACT,train,animo4d_L4_safe,animo4d_official_text,present,False,PZ_Dall_Sheep_Female_dall_sheep_female__animationnotmotionextractedfighting_manisetf21d1016__dall_sheep_female_standgimmick01_161.npy,The female Dall sheep stands still as a gimmick,3
P1,P1_OVER_NARRATIVE,train,animo4d_L4_safe,animo4d_official_text,present,False,PZ_Dall_Sheep_Female_dall_sheep_female__animationnotmotionextractedlocomotion_manisetd536db7c__dall_sheep_female_fightchaseoff_217.npy,The female Dall sheep fights and then chases off the intruder,3
P1,P1_OVER_NARRATIVE,train,animo4d_L4_safe,animo4d_official_text,present,False,PZ_Dall_Sheep_Female_dall_sheep_female__animationnotmotionextractedlocomotion_manisetd536db7c__dall_sheep_female_fightvictorytaunt_223.npy,The female Dall sheep fights achieves victory and then taunts her defeated opponent,3
P1,P1_SOURCE_ACTION_ARTIFACT,train,animo4d_L4_safe,animo4d_official_text,present,False,PZ_Dall_Sheep_Female_dall_sheep_female__animationnotmotionextractedlocomotion_manisetd536db7c__dall_sheep_female_standgimmick01_245.npy,The female Dall sheep stands still as a gimmick,3
P1,P1_OVER_NARRATIVE,train,animo4d_L4_safe,animo4d_official_text,present,False,PZ_Dall_Sheep_Juvenile_dall_sheep_juvenile__animationmotionextractedfighting_manisetca55806c__dall_sheep_juvenile_fighttaunt_4.npy,The juvenile Dall sheep fights and then taunts its opponent,3
P1,P1_OVER_NARRATIVE,train,animo4d_L4_safe,animo4d_official_text,present,False,PZ_Dall_Sheep_Juvenile_dall_sheep_juvenile__animationmotionextractedlocomotion_maniset894aebf2__dall_sheep_juvenile_fightchaseoff_7.npy,The juvenile Dall sheep fights and then chases off its rival,3
P1,P1_OVER_NARRATIVE,train,animo4d_L4_safe,animo4d_official_text,present,False,PZ_Dall_Sheep_Juvenile_dall_sheep_juvenile__animationmotionextractedlocomotion_maniset894aebf2__dall_sheep_juvenile_fighttaunt_9.npy,The juvenile Dall sheep fights and then taunts its opponent,3
P1,P1_SOURCE_ACTION_ARTIFACT,train,animo4d_L4_safe,animo4d_official_text,present,False,PZ_Dall_Sheep_Juvenile_dall_sheep_juvenile__animationnotmotionextractedbehaviour_maniset71b85e58__dall_sheep_juvenile_standgimmick01_87.npy,The juvenile Dall sheep stands still as a gimmick,3
P1,P1_OVER_NARRATIVE,train,animo4d_L4_safe,animo4d_official_text,present,False,PZ_Dall_Sheep_Juvenile_dall_sheep_juvenile__animationnotmotionextractedfighting_maniset677c5ae__dall_sheep_juvenile_fightchaseoff_143.npy,The juvenile Dall sheep fights and then chases off its rival,3
P1,P1_OVER_NARRATIVE,train,animo4d_L4_safe,animo4d_official_text,present,False,PZ_Dall_Sheep_Juvenile_dall_sheep_juvenile__animationnotmotionextractedfighting_maniset677c5ae__dall_sheep_juvenile_fighttaunt_146.npy,The juvenile Dall sheep fights and then taunts its opponent,3
P1,P1_OVER_NARRATIVE,train,animo4d_L4_safe,animo4d_official_text,present,False,PZ_Dall_Sheep_Juvenile_dall_sheep_juvenile__animationnotmotionextractedfighting_maniset677c5ae__dall_sheep_juvenile_fightvictorytaunt_149.npy,The juvenile Dall sheep fights wins and then taunts its opponent,3
P1,P1_SOURCE_ACTION_ARTIFACT,train,animo4d_L4_safe,animo4d_official_text,present,False,PZ_Dall_Sheep_Juvenile_dall_sheep_juvenile__animationnotmotionextractedfighting_maniset677c5ae__dall_sheep_juvenile_standgimmick01_167.npy,The juvenile Dall sheep stands still and then performs a playful gimmick,3
P1,P1_OVER_NARRATIVE,train,animo4d_L4_safe,animo4d_official_text,present,False,PZ_Dall_Sheep_Juvenile_dall_sheep_juvenile__animationnotmotionextractedlocomotion_maniset5ca29d14__dall_sheep_juvenile_fightchaseoff_224.npy,The juvenile Dall sheep fights and then chases off its rival,3
P1,P1_OVER_NARRATIVE,train,animo4d_L4_safe,animo4d_official_text,present,False,PZ_Dall_Sheep_Juvenile_dall_sheep_juvenile__animationnotmotionextractedlocomotion_maniset5ca29d14__dall_sheep_juvenile_fighttaunt_227.npy,The juvenile Dall sheep fights and then taunts its opponent,3
P1,P1_OVER_NARRATIVE,train,animo4d_L4_safe,animo4d_official_text,present,False,PZ_Dall_Sheep_Juvenile_dall_sheep_juvenile__animationnotmotionextractedlocomotion_maniset5ca29d14__dall_sheep_juvenile_fighttauntreact_228.npy,The juvenile Dall sheep fights taunts its opponent and then reacts swiftly,3
P1,P1_OVER_NARRATIVE,train,animo4d_L4_safe,animo4d_official_text,present,False,PZ_Dall_Sheep_Juvenile_dall_sheep_juvenile__animationnotmotionextractedlocomotion_maniset5ca29d14__dall_sheep_juvenile_fightvictorytaunt_230.npy,The juvenile Dall sheep fights achieves victory and then taunts its opponent,3
P1,P1_OVER_NARRATIVE,train,animo4d_L4_safe,animo4d_official_text,present,False,PZ_Dall_Sheep_Juvenile_dall_sheep_juvenile__animationnotmotionextractedlocomotion_maniset5ca29d14__dall_sheep_juvenile_shake_249.npy,The juvenile Dall sheep shakes its head,3
P1,P1_SOURCE_ACTION_ARTIFACT,train,animo4d_L4_safe,animo4d_official_text,present,False,PZ_Dall_Sheep_Juvenile_dall_sheep_juvenile__animationnotmotionextractedlocomotion_maniset5ca29d14__dall_sheep_juvenile_standgimmick01_252.npy,The juvenile Dall sheep stands still as a gimmick,3
P1,P1_OVER_NARRATIVE,train,animo4d_L4_safe,animo4d_official_text,present,False,PZ_Dall_Sheep_Male_dall_sheep_male__animationmotionextractedfighting_maniset331ff389__dall_sheep_male_fightchaseoff_2.npy,The male Dall sheep fights and then chases off the rival,3
P1,P1_OVER_NARRATIVE,train,animo4d_L4_safe,animo4d_official_text,present,False,PZ_Dall_Sheep_Male_dall_sheep_male__animationmotionextractedlocomotion_maniset6a23a58f__dall_sheep_male_fightchaseoff_7.npy,The male Dall sheep fights and then chases off the intruder,3
P1,P1_OVER_NARRATIVE,train,animo4d_L4_safe,animo4d_official_text,present,False,PZ_Dall_Sheep_Male_dall_sheep_male__animationmotionextractedlocomotion_maniset6a23a58f__dall_sheep_male_fighttaunt_9.npy,The male Dall sheep fights and then taunts its opponent,3
P1,P1_OVER_NARRATIVE,train,animo4d_L4_safe,animo4d_official_text,present,False,PZ_Dall_Sheep_Male_dall_sheep_male__animationmotionextractedlocomotion_maniset6a23a58f__dall_sheep_male_fighttauntreact_10.npy,The male Dall sheep fights taunts and then reacts swiftly,3
P1,P1_OVER_NARRATIVE,train,animo4d_L4_safe,animo4d_official_text,present,False,PZ_Dall_Sheep_Male_dall_sheep_male__animationnotmotionextractedbehaviour_maniset1d5e9e75__dall_sheep_male_fighttaunt_65.npy,The male Dall sheep fights and then taunts its opponent,3
P1,P1_SOURCE_ACTION_ARTIFACT,train,animo4d_L4_safe,animo4d_official_text,present,False,PZ_Dall_Sheep_Male_dall_sheep_male__animationnotmotionextractedbehaviour_maniset1d5e9e75__dall_sheep_male_standgimmick01_82.npy,The male Dall sheep stands still as a gimmick,3
P1,P1_OVER_NARRATIVE,train,animo4d_L4_safe,animo4d_official_text,present,False,PZ_Dall_Sheep_Male_dall_sheep_male__animationnotmotionextractedfighting_maniset80655a8b__dall_sheep_male_fightchaseoff_138.npy,The male Dall sheep fights and then chases off the rival,3
P1,P1_OVER_NARRATIVE,train,animo4d_L4_safe,animo4d_official_text,present,False,PZ_Dall_Sheep_Male_dall_sheep_male__animationnotmotionextractedfighting_maniset80655a8b__dall_sheep_male_fighttaunt_141.npy,The male Dall sheep fights and then taunts its opponent,3
P1,P1_OVER_NARRATIVE;P1_SOURCE_ACTION_ARTIFACT,train,animo4d_L4_safe,animo4d_official_text,present,False,PZ_Dall_Sheep_Male_dall_sheep_male__animationnotmotionextractedfighting_maniset80655a8b__dall_sheep_male_standgimmick01_159.npy,The male Dall sheep stands still as a gimmick,3
P1,P1_OVER_NARRATIVE,train,animo4d_L4_safe,animo4d_official_text,present,False,PZ_Dall_Sheep_Male_dall_sheep_male__animationnotmotionextractedlocomotion_maniset8ad95871__dall_sheep_male_fighttaunt_218.npy,The male Dall sheep fights and then taunts its opponent,3
P1,P1_OVER_NARRATIVE,train,animo4d_L4_safe,animo4d_official_text,present,False,PZ_Dall_Sheep_Male_dall_sheep_male__animationnotmotionextractedlocomotion_maniset8ad95871__dall_sheep_male_fighttauntreact_219.npy,The male Dall sheep fights taunts and then reacts swiftly,3
P1,P1_SOURCE_ACTION_ARTIFACT,train,animo4d_L4_safe,animo4d_official_text,present,False,PZ_Dall_Sheep_Male_dall_sheep_male__animationnotmotionextractedlocomotion_maniset8ad95871__dall_sheep_male_standgimmick01_240.npy,The male Dall sheep stands still as part of its survival gimmick,3
P1,P1_OVER_NARRATIVE,train,animo4d_L4_safe,animo4d_official_text,present,False,PZ_Dama_Gazelle_Female_dama_gazelle_female__animationmotionextractedfighting_manisetd8824dd2__dama_gazelle_female_fightchaseoff_1.npy,The female dama gazelle fights and then chases off the intruder,3
P1,P1_OVER_NARRATIVE,train,animo4d_L4_safe,animo4d_official_text,present,False,PZ_Dama_Gazelle_Female_dama_gazelle_female__animationmotionextractedlocomotion_maniset524bfc58__dama_gazelle_female_fightchaseoff_2.npy,The female dama gazelle fights and then chases off the intruder,3
P1,P1_OVER_NARRATIVE,train,animo4d_L4_safe,animo4d_official_text,present,False,PZ_Dama_Gazelle_Female_dama_gazelle_female__animationnotmotionextractedbehaviour_manisetfbf731be__dama_gazelle_female_fightchaseoff_57.npy,The female dama gazelle fights and then chases off the intruder,3
P1,P1_SOURCE_ACTION_ARTIFACT,train,animo4d_L4_safe,animo4d_official_text,present,False,PZ_Dama_Gazelle_Female_dama_gazelle_female__animationnotmotionextractedbehaviour_manisetfbf731be__dama_gazelle_female_standgimmick01_76.npy,The female dama gazelle stands still as a clever gimmick,3
P1,P1_OVER_NARRATIVE,train,animo4d_L4_safe,animo4d_official_text,present,False,PZ_Dama_Gazelle_Female_dama_gazelle_female__animationnotmotionextractedfighting_maniset13fe8794__dama_gazelle_female_fightchaseoff_131.npy,The female dama gazelle fights and then chases off the intruder,3
P1,P1_OVER_NARRATIVE,train,animo4d_L4_safe,animo4d_official_text,present,False,PZ_Dama_Gazelle_Female_dama_gazelle_female__animationnotmotionextractedfighting_maniset13fe8794__dama_gazelle_female_fightvictorytaunt_136.npy,The female dama gazelle fights achieves victory and then taunts her opponent,3
P1,P1_SOURCE_ACTION_ARTIFACT,train,animo4d_L4_safe,animo4d_official_text,present,False,PZ_Dama_Gazelle_Female_dama_gazelle_female__animationnotmotionextractedfighting_maniset13fe8794__dama_gazelle_female_standgimmick01_155.npy,The female dama gazelle stands still as a gimmick,3
P1,P1_OVER_NARRATIVE,train,animo4d_L4_safe,animo4d_official_text,present,False,PZ_Dama_Gazelle_Female_dama_gazelle_female__animationnotmotionextractedlocomotion_maniset71e3e1fa__dama_gazelle_female_fightchaseoff_211.npy,The female dama gazelle fights and then chases off the intruder,3
P1,P1_OVER_NARRATIVE,train,animo4d_L4_safe,animo4d_official_text,present,False,PZ_Dama_Gazelle_Female_dama_gazelle_female__animationnotmotionextractedlocomotion_maniset71e3e1fa__dama_gazelle_female_fighttauntreact_214.npy,The female dama gazelle fights taunts her opponent and then reacts swiftly,3
P1,P1_OVER_NARRATIVE,train,animo4d_L4_safe,animo4d_official_text,present,False,PZ_Dama_Gazelle_Female_dama_gazelle_female__animationnotmotionextractedlocomotion_maniset71e3e1fa__dama_gazelle_female_fightvictorytaunt_216.npy,The female dama gazelle fights achieves victory and then taunts her opponent,3
P1,P1_SOURCE_ACTION_ARTIFACT,train,animo4d_L4_safe,animo4d_official_text,present,False,PZ_Dama_Gazelle_Female_dama_gazelle_female__animationnotmotionextractedlocomotion_maniset71e3e1fa__dama_gazelle_female_standgimmick01_240.npy,The female dama gazelle stands still as a gimmick,3
P1,P1_OVER_NARRATIVE,train,animo4d_L4_safe,animo4d_official_text,present,False,PZ_Dama_Gazelle_Juvenile_dama_gazelle_juvenile__animationmotionextractedfighting_manisetcedae8ea__dama_gazelle_juvenile_fightchaseoff_1.npy,The juvenile dama gazelle fights and then chases off its rival,3
P1,P1_OVER_NARRATIVE,train,animo4d_L4_safe,animo4d_official_text,present,False,PZ_Dama_Gazelle_Juvenile_dama_gazelle_juvenile__animationnotmotionextractedbehaviour_manisete6564d6__dama_gazelle_juvenile_fightchaseoff_56.npy,The juvenile dama gazelle fights and then chases off its rival,3
P1,P1_SOURCE_ACTION_ARTIFACT,train,animo4d_L4_safe,animo4d_official_text,present,False,PZ_Dama_Gazelle_Juvenile_dama_gazelle_juvenile__animationnotmotionextractedbehaviour_manisete6564d6__dama_gazelle_juvenile_standgimmick01_75.npy,The juvenile dama gazelle stands still as a gimmick,3
P1,P1_OVER_NARRATIVE,train,animo4d_L4_safe,animo4d_official_text,present,False,PZ_Dama_Gazelle_Juvenile_dama_gazelle_juvenile__animationnotmotionextractedfighting_maniset269514ac__dama_gazelle_juvenile_fightchaseoff_128.npy,The juvenile dama gazelle fights and then chases off its rival,3
P1,P1_OVER_NARRATIVE,train,animo4d_L4_safe,animo4d_official_text,present,False,PZ_Dama_Gazelle_Juvenile_dama_gazelle_juvenile__animationnotmotionextractedfighting_maniset269514ac__dama_gazelle_juvenile_fighttaunt_129.npy,The juvenile dama gazelle fights and then taunts its opponent,3
P1,P1_OVER_NARRATIVE,train,animo4d_L4_safe,animo4d_official_text,present,False,PZ_Dama_Gazelle_Juvenile_dama_gazelle_juvenile__animationnotmotionextractedfighting_maniset269514ac__dama_gazelle_juvenile_fightvictorytaunt_132.npy,The juvenile dama gazelle fights achieves victory and then taunts its opponent,3
P1,P1_SOURCE_ACTION_ARTIFACT,train,animo4d_L4_safe,animo4d_official_text,present,False,PZ_Dama_Gazelle_Juvenile_dama_gazelle_juvenile__animationnotmotionextractedfighting_maniset269514ac__dama_gazelle_juvenile_standgimmick01_151.npy,The juvenile dama gazelle stands still as a gimmick,3
P1,P1_OVER_NARRATIVE,train,animo4d_L4_safe,animo4d_official_text,present,False,PZ_Dama_Gazelle_Juvenile_dama_gazelle_juvenile__animationnotmotionextractedlocomotion_manisetd8ab3b12__dama_gazelle_juvenile_fightchaseoff_205.npy,The juvenile dama gazelle fights and then chases off the intruders,3
P1,P1_OVER_NARRATIVE,train,animo4d_L4_safe,animo4d_official_text,present,False,PZ_Dama_Gazelle_Juvenile_dama_gazelle_juvenile__animationnotmotionextractedlocomotion_manisetd8ab3b12__dama_gazelle_juvenile_fighttaunt_206.npy,The juvenile dama gazelle fights and then taunts its opponent,3
P1,P1_OVER_NARRATIVE,train,animo4d_L4_safe,animo4d_official_text,present,False,PZ_Dama_Gazelle_Juvenile_dama_gazelle_juvenile__animationnotmotionextractedlocomotion_manisetd8ab3b12__dama_gazelle_juvenile_fightvictorytaunt_209.npy,The juvenile dama gazelle fights wins and then taunts its opponent,3
P1,P1_SOURCE_ACTION_ARTIFACT,train,animo4d_L4_safe,animo4d_official_text,present,False,PZ_Dama_Gazelle_Juvenile_dama_gazelle_juvenile__animationnotmotionextractedlocomotion_manisetd8ab3b12__dama_gazelle_juvenile_standgimmick01_232.npy,The juvenile dama gazelle stands still as a gimmick,3
P1,P1_OVER_NARRATIVE,train,animo4d_L4_safe,animo4d_official_text,present,False,PZ_Dama_Gazelle_Male_dama_gazelle_male__animationmotionextractedfighting_maniset2bf8cd07__dama_gazelle_male_fightchaseoff_1.npy,The male dama gazelle fights and then chases off the intruder,3
P1,P1_OVER_NARRATIVE,train,animo4d_L4_safe,animo4d_official_text,present,False,PZ_Dama_Gazelle_Male_dama_gazelle_male__animationmotionextractedlocomotion_maniset6ea90e0d__dama_gazelle_male_fightchaseoff_2.npy,The male dama gazelle fights and then chases off the intruder,3
P1,P1_OVER_NARRATIVE,train,animo4d_L4_safe,animo4d_official_text,present,False,PZ_Dama_Gazelle_Male_dama_gazelle_male__animationnotmotionextractedbehaviour_maniset3f4015f3__dama_gazelle_male_fightchaseoff_57.npy,The male dama gazelle fights and then chases off the intruder,3
P1,P1_SOURCE_ACTION_ARTIFACT,train,animo4d_L4_safe,animo4d_official_text,present,False,PZ_Dama_Gazelle_Male_dama_gazelle_male__animationnotmotionextractedbehaviour_maniset3f4015f3__dama_gazelle_male_standgimmick01_77.npy,The male dama gazelle stands still as a gimmick,3
P1,P1_OVER_NARRATIVE,train,animo4d_L4_safe,animo4d_official_text,present,False,PZ_Dama_Gazelle_Male_dama_gazelle_male__animationnotmotionextractedfighting_manisetbbe6da89__dama_gazelle_male_fightchaseoff_133.npy,The male dama gazelle fights and then chases off the intruder,3
P1,P1_OVER_NARRATIVE,train,animo4d_L4_safe,animo4d_official_text,present,False,PZ_Dama_Gazelle_Male_dama_gazelle_male__animationnotmotionextractedfighting_manisetbbe6da89__dama_gazelle_male_fightreact_134.npy,The male dama gazelle fights and then reacts swiftly,3
P1,P1_OVER_NARRATIVE,train,animo4d_L4_safe,animo4d_official_text,present,False,PZ_Dama_Gazelle_Male_dama_gazelle_male__animationnotmotionextractedfighting_manisetbbe6da89__dama_gazelle_male_fighttaunt_135.npy,The male dama gazelle fights and then taunts its opponent,3
P1,P1_OVER_NARRATIVE,train,animo4d_L4_safe,animo4d_official_text,present,False,PZ_Dama_Gazelle_Male_dama_gazelle_male__animationnotmotionextractedfighting_manisetbbe6da89__dama_gazelle_male_fighttostand_137.npy,The male dama gazelle fights and then stands still,3
P1,P1_SOURCE_ACTION_ARTIFACT,train,animo4d_L4_safe,animo4d_official_text,present,False,PZ_Dama_Gazelle_Male_dama_gazelle_male__animationnotmotionextractedfighting_manisetbbe6da89__dama_gazelle_male_standgimmick01_158.npy,The male dama gazelle stands still as a gimmick,3
P1,P1_OVER_NARRATIVE,train,animo4d_L4_safe,animo4d_official_text,present,False,PZ_Dama_Gazelle_Male_dama_gazelle_male__animationnotmotionextractedlocomotion_manisetaaf6a76f__dama_gazelle_male_fightchaseoff_215.npy,The male dama gazelle fights and then chases off the rival,3
P1,P1_OVER_NARRATIVE,train,animo4d_L4_safe,animo4d_official_text,present,False,PZ_Dama_Gazelle_Male_dama_gazelle_male__animationnotmotionextractedlocomotion_manisetaaf6a76f__dama_gazelle_male_fighttaunt_217.npy,The male dama gazelle fights and then taunts its opponent,3
P1,P1_OVER_NARRATIVE,train,animo4d_L4_safe,animo4d_official_text,present,False,PZ_Dama_Gazelle_Male_dama_gazelle_male__animationnotmotionextractedlocomotion_manisetaaf6a76f__dama_gazelle_male_fightvictorytaunt_220.npy,The male dama gazelle fights achieves victory and then taunts his opponent,3
P1,P1_OVER_NARRATIVE,train,animo4d_L4_safe,animo4d_official_text,present,False,PZ_Dama_Gazelle_Male_dama_gazelle_male__animationnotmotionextractedlocomotion_manisetaaf6a76f__dama_gazelle_male_shake_242.npy,The male dama gazelle shakes its head,3
P1,P1_SOURCE_ACTION_ARTIFACT,train,animo4d_L4_safe,animo4d_official_text,present,False,PZ_Dama_Gazelle_Male_dama_gazelle_male__animationnotmotionextractedlocomotion_manisetaaf6a76f__dama_gazelle_male_standgimmick01_245.npy,The male dama gazelle stands still as a gimmick,3
P1,P1_SOURCE_ACTION_ARTIFACT,train,animo4d_L4_safe,animo4d_official_text,present,False,PZ_Dhole_Female_dhole_female__animationmotionextractedbehaviour_maniset47dd3505__dhole_female_standgimmick_1.npy,The female dhole stands still as part of her gimmick,3
P1,P1_OVER_NARRATIVE,train,animo4d_L4_safe,animo4d_official_text,present,False,PZ_Dhole_Female_dhole_female__animationmotionextractedfighting_manisetc8b3eadb__dhole_female_fighttaunt_7.npy,The female dhole fights and then taunts her opponent,3
P1,P1_OVER_NARRATIVE,train,animo4d_L4_safe,animo4d_official_text,present,False,PZ_Dhole_Female_dhole_female__animationmotionextractedfighting_manisetc8b3eadb__dhole_female_fighttauntreact_8.npy,The female dhole fights taunts her opponent and then reacts swiftly,3
P1,P1_SOURCE_ACTION_ARTIFACT,train,animo4d_L4_safe,animo4d_official_text,present,False,PZ_Dhole_Female_dhole_female__animationmotionextractedfighting_manisetc8b3eadb__dhole_female_standgimmick_9.npy,The female dhole stands still and then performs a playful gimmick,3
P1,P1_OVER_NARRATIVE,train,animo4d_L4_safe,animo4d_official_text,present,False,PZ_Dhole_Female_dhole_female__animationmotionextractedlocomotion_manisetca6f5e1__dhole_female_fightchaseoff_10.npy,The female dhole fights and then chases off the intruder,3
P1,P1_OVER_NARRATIVE,train,animo4d_L4_safe,animo4d_official_text,present,False,PZ_Dhole_Female_dhole_female__animationmotionextractedlocomotion_manisetca6f5e1__dhole_female_fighttaunt_15.npy,The female dhole fights and then taunts her opponent,3
P1,P1_SOURCE_ACTION_ARTIFACT,train,animo4d_L4_safe,animo4d_official_text,present,False,PZ_Dhole_Female_dhole_female__animationmotionextractedlocomotion_manisetca6f5e1__dhole_female_standgimmick_24.npy,The female dhole stands still as a gimmick,3
P1,P1_OVER_NARRATIVE,train,animo4d_L4_safe,animo4d_official_text,present,False,PZ_Dhole_Female_dhole_female__animationnotmotionextractedbehaviour_manisetf6d5c7c7__dhole_female_fightchaseoff_72.npy,The female dhole fights and then chases off the intruder,3
P1,P1_OVER_NARRATIVE,train,animo4d_L4_safe,animo4d_official_text,present,False,PZ_Dhole_Female_dhole_female__animationnotmotionextractedbehaviour_manisetf6d5c7c7__dhole_female_fighttaunt_77.npy,The female dhole fights and then taunts her opponent,3
P1,P1_OVER_NARRATIVE,train,animo4d_L4_safe,animo4d_official_text,present,False,PZ_Dhole_Female_dhole_female__animationnotmotionextractedbehaviour_manisetf6d5c7c7__dhole_female_fighttauntreact_78.npy,The female dhole fights taunts her opponent and then reacts swiftly,3
P1,P1_SOURCE_ACTION_ARTIFACT,train,animo4d_L4_safe,animo4d_official_text,present,False,PZ_Dhole_Female_dhole_female__animationnotmotionextractedbehaviour_manisetf6d5c7c7__dhole_female_standgimmick_92.npy,The female dhole stands still and then performs a playful gimmick,3
P1,P1_OVER_NARRATIVE,train,animo4d_L4_safe,animo4d_official_text,present,False,PZ_Dhole_Female_dhole_female__animationnotmotionextractedfighting_manisetd0fe075d__dhole_female_fightchaseoff_147.npy,The female dhole fights and then chases off the intruder,3
P1,P1_OVER_NARRATIVE,train,animo4d_L4_safe,animo4d_official_text,present,False,PZ_Dhole_Female_dhole_female__animationnotmotionextractedfighting_manisetd0fe075d__dhole_female_fighttaunt_153.npy,The female dhole fights and then taunts her opponent,3
P1,P1_OVER_NARRATIVE,train,animo4d_L4_safe,animo4d_official_text,present,False,PZ_Dhole_Female_dhole_female__animationnotmotionextractedfighting_manisetd0fe075d__dhole_female_fighttauntreact_154.npy,The female dhole fights taunts her opponent and then reacts swiftly,3
P1,P1_SOURCE_ACTION_ARTIFACT,train,animo4d_L4_safe,animo4d_official_text,present,False,PZ_Dhole_Female_dhole_female__animationnotmotionextractedfighting_manisetd0fe075d__dhole_female_standgimmick_169.npy,The female dhole stands still and then performs a playful gimmick,3
P1,P1_OVER_NARRATIVE,train,animo4d_L4_safe,animo4d_official_text,present,False,PZ_Dhole_Female_dhole_female__animationnotmotionextractedlocomotion_maniset9ec01e43__dhole_female_fightchaseoff_225.npy,The female dhole fights and then chases off her opponent,3
P1,P1_OVER_NARRATIVE,train,animo4d_L4_safe,animo4d_official_text,present,False,PZ_Dhole_Female_dhole_female__animationnotmotionextractedlocomotion_maniset9ec01e43__dhole_female_fighttaunt_231.npy,The female dhole fights and then taunts her opponent,3
P1,P1_SOURCE_ACTION_ARTIFACT,train,animo4d_L4_safe,animo4d_official_text,present,False,PZ_Dhole_Female_dhole_female__animationnotmotionextractedlocomotion_maniset9ec01e43__dhole_female_standgimmick_253.npy,The female dhole stands still and then performs a playful gimmick,3
P1,P1_OVER_NARRATIVE,train,animo4d_L4_safe,animo4d_official_text,present,False,PZ_Dhole_Juvenile_dhole_juvenile__animationmotionextractedfighting_maniset91e7ec33__dhole_juvenile_fightchaseoff_1.npy,The juvenile dhole fights and then chases off the intruder,3
P1,P1_OVER_NARRATIVE,train,animo4d_L4_safe,animo4d_official_text,present,False,PZ_Dhole_Juvenile_dhole_juvenile__animationmotionextractedfighting_maniset91e7ec33__dhole_juvenile_fighttaunt_6.npy,The juvenile dhole fights and then taunts its opponent,3
P1,P1_OVER_NARRATIVE,train,animo4d_L4_safe,animo4d_official_text,present,False,PZ_Dhole_Juvenile_dhole_juvenile__animationmotionextractedfighting_maniset91e7ec33__dhole_juvenile_fighttauntreact_7.npy,The juvenile dhole fights taunts its opponent and then reacts swiftly,3
P1,P1_OVER_NARRATIVE,train,animo4d_L4_safe,animo4d_official_text,present,False,PZ_Dhole_Juvenile_dhole_juvenile__animationmotionextractedlocomotion_maniset682be339__dhole_juvenile_fightchaseoff_8.npy,The juvenile dhole fights and then chases off its opponent,3
P1,P1_OVER_NARRATIVE,train,animo4d_L4_safe,animo4d_official_text,present,False,PZ_Dhole_Juvenile_dhole_juvenile__animationmotionextractedlocomotion_maniset682be339__dhole_juvenile_fighttaunt_13.npy,The juvenile dhole fights and then taunts its opponent,3
P1,P1_OVER_NARRATIVE,train,animo4d_L4_safe,animo4d_official_text,present,False,PZ_Dhole_Juvenile_dhole_juvenile__animationnotmotionextractedbehaviour_maniset3b41a11f__dhole_juvenile_fightchaseoff_65.npy,The juvenile dhole fights and then chases off the intruder,3
P1,P1_OVER_NARRATIVE,train,animo4d_L4_safe,animo4d_official_text,present,False,PZ_Dhole_Juvenile_dhole_juvenile__animationnotmotionextractedbehaviour_maniset3b41a11f__dhole_juvenile_fightflee_66.npy,The juvenile dhole fights and then flees,3
P1,P1_OVER_NARRATIVE,train,animo4d_L4_safe,animo4d_official_text,present,False,PZ_Dhole_Juvenile_dhole_juvenile__animationnotmotionextractedbehaviour_maniset3b41a11f__dhole_juvenile_fighttaunt_70.npy,The juvenile dhole fights and then taunts its opponent,3
P1,P1_OVER_NARRATIVE,train,animo4d_L4_safe,animo4d_official_text,present,False,PZ_Dhole_Juvenile_dhole_juvenile__animationnotmotionextractedbehaviour_maniset3b41a11f__dhole_juvenile_fighttauntreact_71.npy,The juvenile dhole fights taunts and then reacts swiftly,3
P1,P1_OVER_NARRATIVE,train,animo4d_L4_safe,animo4d_official_text,present,False,PZ_Dhole_Juvenile_dhole_juvenile__animationnotmotionextractedfighting_maniset2173aab5__dhole_juvenile_fightreact_136.npy,The juvenile dhole fights and then reacts swiftly,3
P1,P1_OVER_NARRATIVE,train,animo4d_L4_safe,animo4d_official_text,present,False,PZ_Dhole_Juvenile_dhole_juvenile__animationnotmotionextractedfighting_maniset2173aab5__dhole_juvenile_fighttaunt_138.npy,The juvenile dhole fights and then taunts its opponent,3
P1,P1_SOURCE_ACTION_ARTIFACT,train,animo4d_L4_safe,animo4d_official_text,present,False,PZ_Dhole_Male_dhole_male__animationmotionextractedbehaviour_maniset8014ef3a__dhole_male_standgimmick_1.npy,The male dhole stands still as part of his gimmick,3
P1,P1_OVER_NARRATIVE,train,animo4d_L4_safe,animo4d_official_text,present,False,PZ_Dhole_Male_dhole_male__animationmotionextractedfighting_maniset8fdd93d0__dhole_male_fightchaseoff_2.npy,The male dhole fights and then chases off the intruder,3
P1,P1_OVER_NARRATIVE,train,animo4d_L4_safe,animo4d_official_text,present,False,PZ_Dhole_Male_dhole_male__animationmotionextractedfighting_maniset8fdd93d0__dhole_male_fighttaunt_5.npy,The male dhole fights and then taunts his opponent,3
P1,P1_OVER_NARRATIVE,train,animo4d_L4_safe,animo4d_official_text,present,False,PZ_Dhole_Male_dhole_male__animationmotionextractedlocomotion_maniset31b61156__dhole_male_fightchaseoff_7.npy,The male dhole fights and then chases off the intruder,3
P1,P1_SOURCE_ACTION_ARTIFACT,train,animo4d_L4_safe,animo4d_official_text,present,False,PZ_Dhole_Male_dhole_male__animationmotionextractedlocomotion_maniset31b61156__dhole_male_standgimmick_13.npy,The male dhole stands still as part of its hunting gimmick,3
P1,P1_OVER_NARRATIVE,train,animo4d_L4_safe,animo4d_official_text,present,False,PZ_Dhole_Male_dhole_male__animationnotmotionextractedbehaviour_manisetfc3f95bc__dhole_male_fightchaseoff_44.npy,The male dhole fights and then chases off the intruder,3
P1,P1_SOURCE_ACTION_ARTIFACT,train,animo4d_L4_safe,animo4d_official_text,present,False,PZ_Dhole_Male_dhole_male__animationnotmotionextractedbehaviour_manisetfc3f95bc__dhole_male_standgimmick_54.npy,The male dhole stands still as a gimmick,3
P1,P1_OVER_NARRATIVE,train,animo4d_L4_safe,animo4d_official_text,present,False,PZ_Dhole_Male_dhole_male__animationnotmotionextractedfighting_maniset7641d412__dhole_male_fightchaseoff_80.npy,The male dhole fights and then chases off the intruder,3
P1,P1_SOURCE_ACTION_ARTIFACT,train,animo4d_L4_safe,animo4d_official_text,present,False,PZ_Dhole_Male_dhole_male__animationnotmotionextractedfighting_maniset7641d412__dhole_male_standgimmick_84.npy,The male dhole stands still as part of its hunting gimmick,3
P1,P1_OVER_NARRATIVE,train,animo4d_L4_safe,animo4d_official_text,present,False,PZ_Dhole_Male_dhole_male__animationnotmotionextractedlocomotion_maniseta5d53d78__dhole_male_fighttaunt_106.npy,The male dhole fights and then taunts his opponent,3
P1,P1_OVER_NARRATIVE;P1_SOURCE_ACTION_ARTIFACT,train,animo4d_L4_safe,animo4d_official_text,present,False,PZ_Dhole_Male_dhole_male__animationnotmotionextractedlocomotion_maniseta5d53d78__dhole_male_standgimmick_112.npy,The male dhole stands still as a gimmick,3
P1,P1_OVER_NARRATIVE,train,animo4d_L4_safe,animo4d_official_text,present,False,PZ_Dingo_Female_dingo_female__animationmotionextractedfighting_manisetc6604663__dingo_female_fightchaseoff_1.npy,The female dingo fights and then chases off the intruder,3
P1,P1_OVER_NARRATIVE,train,animo4d_L4_safe,animo4d_official_text,present,False,PZ_Dingo_Female_dingo_female__animationmotionextractedfighting_manisetc6604663__dingo_female_fighttauntreact_4.npy,The female dingo fights taunts and then reacts swiftly,3
P1,P1_OVER_NARRATIVE,train,animo4d_L4_safe,animo4d_official_text,present,False,PZ_Dingo_Female_dingo_female__animationmotionextractedlocomotion_maniset78a5d569__dingo_female_fightchaseoff_6.npy,The female dingo fights and then chases off the intruder,3
P1,P1_OVER_NARRATIVE,train,animo4d_L4_safe,animo4d_official_text,present,False,PZ_Dingo_Female_dingo_female__animationnotmotionextractedbehaviour_manisetfec92b4f__dingo_female_fightchaseoff_31.npy,The female dingo fights and then chases off the intruder,3
P1,P1_SOURCE_ACTION_ARTIFACT,train,animo4d_L4_safe,animo4d_official_text,present,False,PZ_Dingo_Female_dingo_female__animationnotmotionextractedbehaviour_manisetfec92b4f__dingo_female_standgimmick_35.npy,The female dingo stands still as a gimmick,3
P1,P1_OVER_NARRATIVE,train,animo4d_L4_safe,animo4d_official_text,present,False,PZ_Dingo_Female_dingo_female__animationnotmotionextractedfighting_maniset3832e8e5__dingo_female_fighttaunt_57.npy,The female dingo fights and then taunts her opponent,1
P1,P1_OVER_NARRATIVE,train,animo4d_L4_safe,animo4d_official_text,present,False,PZ_Dingo_Female_dingo_female__animationnotmotionextractedlocomotion_maniset711a83cb__dingo_female_fightflee_84.npy,The female dingo fights fiercely and then flees swiftly,3
P1,P1_OVER_NARRATIVE,train,animo4d_L4_safe,animo4d_official_text,present,False,PZ_Dingo_Female_dingo_female__animationnotmotionextractedlocomotion_maniset711a83cb__dingo_female_fighttaunt_86.npy,The female dingo fights and then taunts her opponent,1
P1,P1_SOURCE_ACTION_ARTIFACT,train,animo4d_L4_safe,animo4d_official_text,present,False,PZ_Dingo_Male_dingo_male__animationmotionextractedbehaviour_maniset7dc14ac2__dingo_male_standgimmick_1.npy,The male dingo stands still as part of its gimmick,3
P1,P1_SOURCE_ACTION_ARTIFACT,train,animo4d_L4_safe,animo4d_official_text,present,False,PZ_Dingo_Male_dingo_male__animationmotionextractedfighting_manisetba2d6d58__dingo_male_standgimmick_5.npy,The male dingo stands still as part of its gimmick,3
P1,P1_OVER_NARRATIVE,train,animo4d_L4_safe,animo4d_official_text,present,False,PZ_Dingo_Male_dingo_male__animationmotionextractedlocomotion_maniset4be76ede__dingo_male_fightchaseoff_6.npy,The male dingo fights and then chases the intruder off,3
P1,P1_OVER_NARRATIVE,train,animo4d_L4_safe,animo4d_official_text,present,False,PZ_Dingo_Male_dingo_male__animationnotmotionextractedbehaviour_maniset63747744__dingo_male_fightchaseoff_47.npy,The male dingo fights and then chases the intruder off,3
P1,P1_OVER_NARRATIVE,train,animo4d_L4_safe,animo4d_official_text,present,False,PZ_Dingo_Male_dingo_male__animationnotmotionextractedfighting_manisete240b39a__dingo_male_fightchaseoff_91.npy,The male dingo fights and then chases off the intruder,3
P1,P1_SOURCE_ACTION_ARTIFACT,train,animo4d_L4_safe,animo4d_official_text,present,False,PZ_Dingo_Male_dingo_male__animationnotmotionextractedfighting_manisete240b39a__dingo_male_standgimmick_101.npy,The male dingo stands still as part of its playful gimmick,3
P1,P1_OVER_NARRATIVE,train,animo4d_L4_safe,animo4d_official_text,present,False,PZ_Dingo_Male_dingo_male__animationnotmotionextractedlocomotion_manisetadc8a100__dingo_male_fightchaseoff_136.npy,The male dingo fights and then chases off the intruder,3
P1,P1_SOURCE_ACTION_ARTIFACT,train,animo4d_L4_safe,animo4d_official_text,present,False,PZ_Dingo_Male_dingo_male__animationnotmotionextractedlocomotion_manisetadc8a100__dingo_male_standgimmick_147.npy,The male dingo stands still as part of a playful gimmick,3
P1,P1_OVER_NARRATIVE,train,animo4d_L4_safe,animo4d_official_text,present,False,PZ_Dromedary_Camel_Female_dromedary_camel_female__animationmotionextractedfighting_maniset290e2bea__dromedary_camel_female_fightchaseoff_1.npy,The female dromedary camel fights and then chases off the intruder,3
P1,P1_OVER_NARRATIVE,train,animo4d_L4_safe,animo4d_official_text,present,False,PZ_Dromedary_Camel_Female_dromedary_camel_female__animationmotionextractedfighting_maniset290e2bea__dromedary_camel_female_fightchaseoff_large_2.npy,The female dromedary camel fights and then chases off the large predator,3
P1,P1_OVER_NARRATIVE,train,animo4d_L4_safe,animo4d_official_text,present,False,PZ_Dromedary_Camel_Female_dromedary_camel_female__animationmotionextractedfighting_maniset290e2bea__dromedary_camel_female_fighttaunt_large_5.npy,The female dromedary camel fights and then taunts the large opponent,3
P1,P1_OVER_NARRATIVE,train,animo4d_L4_safe,animo4d_official_text,present,False,PZ_Dromedary_Camel_Female_dromedary_camel_female__animationmotionextractedfighting_maniset290e2bea__dromedary_camel_female_fighttauntreact_4.npy,The female dromedary camel fights taunts and then reacts swiftly,3
P1,P1_OVER_NARRATIVE,train,animo4d_L4_safe,animo4d_official_text,present,False,PZ_Dromedary_Camel_Female_dromedary_camel_female__animationmotionextractedlocomotion_maniseta3492670__dromedary_camel_female_fightchaseoff_large_6.npy,The female dromedary camel fights and then chases off the large predator,3
P1,P1_OVER_NARRATIVE,train,animo4d_L4_safe,animo4d_official_text,present,False,PZ_Dromedary_Camel_Female_dromedary_camel_female__animationnotmotionextractedbehaviour_maniset7d2ba7d6__dromedary_camel_female_fightchaseoff_43.npy,The female dromedary camel fights and then chases off the intruder,3
P1,P1_OVER_NARRATIVE,train,animo4d_L4_safe,animo4d_official_text,present,False,PZ_Dromedary_Camel_Female_dromedary_camel_female__animationnotmotionextractedbehaviour_maniset7d2ba7d6__dromedary_camel_female_fighttaunt_45.npy,The female dromedary camel fights and then taunts her opponent,3
P1,P1_SOURCE_ACTION_ARTIFACT,train,animo4d_L4_safe,animo4d_official_text,present,False,PZ_Dromedary_Camel_Female_dromedary_camel_female__animationnotmotionextractedbehaviour_maniset7d2ba7d6__dromedary_camel_female_standgimmick01_59.npy,The female dromedary camel stands still as a gimmick,3
P1,P1_OVER_NARRATIVE,train,animo4d_L4_safe,animo4d_official_text,present,False,PZ_Dromedary_Camel_Female_dromedary_camel_female__animationnotmotionextractedfighting_maniset98ee97ac__dromedary_camel_female_fightchaseoff_94.npy,The female dromedary camel fights and then chases off the intruder,3
P1,P1_OVER_NARRATIVE,train,animo4d_L4_safe,animo4d_official_text,present,False,PZ_Dromedary_Camel_Female_dromedary_camel_female__animationnotmotionextractedfighting_maniset98ee97ac__dromedary_camel_female_fightflee_95.npy,The female dromedary camel fights and then flees,3
P1,P1_OVER_NARRATIVE,train,animo4d_L4_safe,animo4d_official_text,present,False,PZ_Dromedary_Camel_Female_dromedary_camel_female__animationnotmotionextractedfighting_maniset98ee97ac__dromedary_camel_female_fightreact_large_97.npy,The female dromedary camel fights and then reacts by moving away from the large threat,4
P1,P1_OVER_NARRATIVE,train,animo4d_L4_safe,animo4d_official_text,present,False,PZ_Dromedary_Camel_Female_dromedary_camel_female__animationnotmotionextractedfighting_maniset98ee97ac__dromedary_camel_female_fighttaunt_98.npy,The female dromedary camel fights and then taunts her opponent,3
P1,P1_OVER_NARRATIVE,train,animo4d_L4_safe,animo4d_official_text,present,False,PZ_Dromedary_Camel_Female_dromedary_camel_female__animationnotmotionextractedfighting_maniset98ee97ac__dromedary_camel_female_fighttaunt_large_99.npy,The female dromedary camel fights and then taunts the large opponent,3
P1,P1_SOURCE_ACTION_ARTIFACT,train,animo4d_L4_safe,animo4d_official_text,present,False,PZ_Dromedary_Camel_Female_dromedary_camel_female__animationnotmotionextractedfighting_maniset98ee97ac__dromedary_camel_female_standgimmick01_114.npy,The female dromedary camel stands still as a gimmick,3
P1,P1_OVER_NARRATIVE,train,animo4d_L4_safe,animo4d_official_text,present,False,PZ_Dromedary_Camel_Female_dromedary_camel_female__animationnotmotionextractedlocomotion_maniset120e3e12__dromedary_camel_female_fightattack_large_146.npy,The female dromedary camel fights and then attacks the large opponent,3
P1,P1_OVER_NARRATIVE,train,animo4d_L4_safe,animo4d_official_text,present,False,PZ_Dromedary_Camel_Female_dromedary_camel_female__animationnotmotionextractedlocomotion_maniset120e3e12__dromedary_camel_female_fightchaseoff_147.npy,The female dromedary camel fights and then chases off the intruder,3
P1,P1_OVER_NARRATIVE,train,animo4d_L4_safe,animo4d_official_text,present,False,PZ_Dromedary_Camel_Female_dromedary_camel_female__animationnotmotionextractedlocomotion_maniset120e3e12__dromedary_camel_female_fightchaseoff_large_148.npy,The female dromedary camel fights and then chases off the large predator,3
P1,P1_OVER_NARRATIVE,train,animo4d_L4_safe,animo4d_official_text,present,False,PZ_Dromedary_Camel_Female_dromedary_camel_female__animationnotmotionextractedlocomotion_maniset120e3e12__dromedary_camel_female_fighttaunt_large_152.npy,The female dromedary camel fights and then taunts the large opponent,3
P1,P1_OVER_NARRATIVE,train,animo4d_L4_safe,animo4d_official_text,present,False,PZ_Dromedary_Camel_Female_dromedary_camel_female__animationnotmotionextractedlocomotion_maniset120e3e12__dromedary_camel_female_fighttauntreact_151.npy,The female dromedary camel fights taunts and then reacts swiftly,3
P1,P1_OVER_NARRATIVE,train,animo4d_L4_safe,animo4d_official_text,present,False,PZ_Dromedary_Camel_Female_dromedary_camel_female__animationnotmotionextractedlocomotion_maniset120e3e12__dromedary_camel_female_fightvictorytaunt_153.npy,The female dromedary camel fights wins and then taunts her opponent,3
P1,P1_SOURCE_ACTION_ARTIFACT,train,animo4d_L4_safe,animo4d_official_text,present,False,PZ_Dromedary_Camel_Female_dromedary_camel_female__animationnotmotionextractedlocomotion_maniset120e3e12__dromedary_camel_female_standgimmick01_171.npy,The female dromedary camel stands still as a gimmick,3
P1,P1_SOURCE_ACTION_ARTIFACT,train,animo4d_L4_safe,animo4d_official_text,present,False,PZ_Dromedary_Camel_Juvenile_dromedary_camel_juvenile__animationnotmotionextractedbehaviour_manisetae8fc0ee__dromedary_camel_juvenile_standgimmick01_38.npy,The juvenile dromedary camel stands still as a playful gimmick,3
P1,P1_OVER_NARRATIVE;P2_GENERIC_CREATURE_CLASS,train,animo4d_L4_safe,animo4d_official_text,present,False,PZ_Dromedary_Camel_Male_dromedary_camel_male__animationmotionextractedfighting_maniset7346451f__dromedary_camel_male_fightchaseoff_1.npy,The male dromedary camel fights and then chases off the intruder,3
P1,P1_OVER_NARRATIVE,train,animo4d_L4_safe,animo4d_official_text,present,False,PZ_Dromedary_Camel_Male_dromedary_camel_male__animationmotionextractedfighting_maniset7346451f__dromedary_camel_male_fightchaseoff_large_2.npy,The male dromedary camel fights and then chases off the large intruder,3
P1,P1_OVER_NARRATIVE,train,animo4d_L4_safe,animo4d_official_text,present,False,PZ_Dromedary_Camel_Male_dromedary_camel_male__animationmotionextractedfighting_maniset7346451f__dromedary_camel_male_fighttaunt_4.npy,The male dromedary camel fights and then taunts its opponent,3
P1,P1_OVER_NARRATIVE,train,animo4d_L4_safe,animo4d_official_text,present,False,PZ_Dromedary_Camel_Male_dromedary_camel_male__animationmotionextractedfighting_maniset7346451f__dromedary_camel_male_fighttaunt_large_6.npy,The male dromedary camel fights and then taunts the large opponent,3
P1,P1_OVER_NARRATIVE,train,animo4d_L4_safe,animo4d_official_text,present,False,PZ_Dromedary_Camel_Male_dromedary_camel_male__animationmotionextractedfighting_maniset7346451f__dromedary_camel_male_fighttauntreact_5.npy,The male dromedary camel fights taunts and then reacts swiftly,3
P1,P1_OVER_NARRATIVE,train,animo4d_L4_safe,animo4d_official_text,present,False,PZ_Dromedary_Camel_Male_dromedary_camel_male__animationmotionextractedlocomotion_maniset11a4d225__dromedary_camel_male_fightchaseoff_7.npy,The male dromedary camel fights and then chases off the intruder,3
P1,P1_OVER_NARRATIVE,train,animo4d_L4_safe,animo4d_official_text,present,False,PZ_Dromedary_Camel_Male_dromedary_camel_male__animationmotionextractedlocomotion_maniset11a4d225__dromedary_camel_male_fightchaseoff_large_8.npy,The male dromedary camel fights and then chases off the large intruder,3
P1,P1_OVER_NARRATIVE,train,animo4d_L4_safe,animo4d_official_text,present,False,PZ_Dromedary_Camel_Male_dromedary_camel_male__animationmotionextractedlocomotion_maniset11a4d225__dromedary_camel_male_fighttaunt_10.npy,The male dromedary camel fights and then taunts its opponent,3
P1,P1_OVER_NARRATIVE,train,animo4d_L4_safe,animo4d_official_text,present,False,PZ_Dromedary_Camel_Male_dromedary_camel_male__animationmotionextractedlocomotion_maniset11a4d225__dromedary_camel_male_fighttaunt_large_12.npy,The male dromedary camel fights and then taunts the large opponent,3
P1,P1_OVER_NARRATIVE,train,animo4d_L4_safe,animo4d_official_text,present,False,PZ_Dromedary_Camel_Male_dromedary_camel_male__animationmotionextractedlocomotion_maniset11a4d225__dromedary_camel_male_fighttauntreact_11.npy,The male dromedary camel fights taunts and then reacts swiftly,3
P1,P1_OVER_NARRATIVE,train,animo4d_L4_safe,animo4d_official_text,present,False,PZ_Dromedary_Camel_Male_dromedary_camel_male__animationnotmotionextractedbehaviour_manisetc430260b__dromedary_camel_male_fightchaseoff_68.npy,The male dromedary camel fights and then chases off the intruder,3
P1,P1_OVER_NARRATIVE,train,animo4d_L4_safe,animo4d_official_text,present,False,PZ_Dromedary_Camel_Male_dromedary_camel_male__animationnotmotionextractedbehaviour_manisetc430260b__dromedary_camel_male_fighttaunt_71.npy,The male dromedary camel fights and then taunts its opponent,3
P1,P1_OVER_NARRATIVE,train,animo4d_L4_safe,animo4d_official_text,present,False,PZ_Dromedary_Camel_Male_dromedary_camel_male__animationnotmotionextractedbehaviour_manisetc430260b__dromedary_camel_male_fighttaunt_large_73.npy,The male dromedary camel fights and then taunts the large opponent,3
P1,P1_SOURCE_ACTION_ARTIFACT,train,animo4d_L4_safe,animo4d_official_text,present,False,PZ_Dromedary_Camel_Male_dromedary_camel_male__animationnotmotionextractedbehaviour_manisetc430260b__dromedary_camel_male_standgimmick01_92.npy,The male dromedary camel stands still as a gimmick,3
P1,P1_OVER_NARRATIVE,train,animo4d_L4_safe,animo4d_official_text,present,False,PZ_Dromedary_Camel_Male_dromedary_camel_male__animationnotmotionextractedfighting_manisetce404a1__dromedary_camel_male_fightchaseoff_144.npy,The male dromedary camel fights and then chases off the intruder,3
P1,P1_OVER_NARRATIVE,train,animo4d_L4_safe,animo4d_official_text,present,False,PZ_Dromedary_Camel_Male_dromedary_camel_male__animationnotmotionextractedfighting_manisetce404a1__dromedary_camel_male_fightchaseoff_large_145.npy,The male dromedary camel fights and then chases off the large intruder,3
P1,P1_OVER_NARRATIVE,train,animo4d_L4_safe,animo4d_official_text,present,False,PZ_Dromedary_Camel_Male_dromedary_camel_male__animationnotmotionextractedfighting_manisetce404a1__dromedary_camel_male_fightreact_large_148.npy,The male dromedary camel reacts to the fight by moving away from the large opponent,3
P1,P1_OVER_NARRATIVE,train,animo4d_L4_safe,animo4d_official_text,present,False,PZ_Dromedary_Camel_Male_dromedary_camel_male__animationnotmotionextractedfighting_manisetce404a1__dromedary_camel_male_fighttaunt_large_150.npy,The male dromedary camel fights and then taunts the large opponent,3
P1,P1_SOURCE_ACTION_ARTIFACT,train,animo4d_L4_safe,animo4d_official_text,present,False,PZ_Dromedary_Camel_Male_dromedary_camel_male__animationnotmotionextractedfighting_manisetce404a1__dromedary_camel_male_standgimmick01_164.npy,The male dromedary camel stands still and then performs a playful gimmick,3
P1,P1_OVER_NARRATIVE,train,animo4d_L4_safe,animo4d_official_text,present,False,PZ_Dromedary_Camel_Male_dromedary_camel_male__animationnotmotionextractedlocomotion_maniset2c2b1d87__dromedary_camel_male_fightattack_large_204.npy,The male dromedary camel fights and then attacks the large opponent,3
P1,P1_OVER_NARRATIVE,train,animo4d_L4_safe,animo4d_official_text,present,False,PZ_Dromedary_Camel_Male_dromedary_camel_male__animationnotmotionextractedlocomotion_maniset2c2b1d87__dromedary_camel_male_fightchaseoff_large_205.npy,The male dromedary camel fights and then chases off the large intruder,3
P1,P1_OVER_NARRATIVE,train,animo4d_L4_safe,animo4d_official_text,present,False,PZ_Dromedary_Camel_Male_dromedary_camel_male__animationnotmotionextractedlocomotion_maniset2c2b1d87__dromedary_camel_male_fighttaunt_209.npy,The male dromedary camel fights and then taunts its opponent,3
P1,P1_SOURCE_ACTION_ARTIFACT,train,animo4d_L4_safe,animo4d_official_text,present,False,PZ_Dromedary_Camel_Male_dromedary_camel_male__animationnotmotionextractedlocomotion_maniset2c2b1d87__dromedary_camel_male_standgimmick01_229.npy,The male dromedary camel stands still as a gimmick,3
P1,P1_OVER_NARRATIVE,train,animo4d_L4_safe,animo4d_official_text,present,False,PZ_Eurasian_Lynx_Female_eurasian_lynx_female__animationmotionextractedfighting_maniset7f9ca7d9__eurasian_lynx_female_fightchaseoff_1.npy,The female Eurasian lynx fights and then chases off her opponent,3
P1,P1_OVER_NARRATIVE,train,animo4d_L4_safe,animo4d_official_text,present,False,PZ_Eurasian_Lynx_Female_eurasian_lynx_female__animationmotionextractedlocomotion_maniset538201df__eurasian_lynx_female_fightchaseoff_27.npy,The female Eurasian lynx fights and then chases off her opponent,3
P1,P1_OVER_NARRATIVE,train,animo4d_L4_safe,animo4d_official_text,present,False,PZ_Eurasian_Lynx_Female_eurasian_lynx_female__animationmotionextractedlocomotion_maniset538201df__eurasian_lynx_female_fightreacttofendoff_29.npy,The female Eurasian lynx fights and reacts swiftly to fend off the threat,3
P1,P1_OVER_NARRATIVE,train,animo4d_L4_safe,animo4d_official_text,present,False,PZ_Eurasian_Lynx_Female_eurasian_lynx_female__animationmotionextractedpounce_maniset1ca120bc__eurasian_lynx_female_fightchaseoff_94.npy,The female Eurasian lynx fights and then chases off her opponent,3
P1,P1_OVER_NARRATIVE,train,animo4d_L4_safe,animo4d_official_text,present,False,PZ_Eurasian_Lynx_Female_eurasian_lynx_female__animationnotmotionextractedbehaviour_manisetc32a2c5__eurasian_lynx_female_fight_pouncefromrunturnl_178.npy,The female Eurasian lynx fights pounces from a running start and then turns left,3
P1,P1_OVER_NARRATIVE,train,animo4d_L4_safe,animo4d_official_text,present,False,PZ_Eurasian_Lynx_Female_eurasian_lynx_female__animationnotmotionextractedbehaviour_manisetc32a2c5__eurasian_lynx_female_fightchaseoff_173.npy,The female Eurasian lynx fights and then chases off the intruder,3
P1,P1_OVER_NARRATIVE,train,animo4d_L4_safe,animo4d_official_text,present,False,PZ_Eurasian_Lynx_Female_eurasian_lynx_female__animationnotmotionextractedbehaviour_manisetc32a2c5__eurasian_lynx_female_fighttaunttostand_176.npy,The female Eurasian lynx fights taunts and then stands still,3
P1,P1_OVER_NARRATIVE,train,animo4d_L4_safe,animo4d_official_text,present,False,PZ_Eurasian_Lynx_Female_eurasian_lynx_female__animationnotmotionextractedfighting_maniset3acc0adb__eurasian_lynx_female_fightattack_355.npy,The female Eurasian lynx fights and then attacks,3
P1,P1_OVER_NARRATIVE,train,animo4d_L4_safe,animo4d_official_text,present,False,PZ_Eurasian_Lynx_Female_eurasian_lynx_female__animationnotmotionextractedfighting_maniset3acc0adb__eurasian_lynx_female_fightchaseoff_356.npy,The female Eurasian lynx fights and then chases off her opponent,3
P1,P1_OVER_NARRATIVE,train,animo4d_L4_safe,animo4d_official_text,present,False,PZ_Eurasian_Lynx_Female_eurasian_lynx_female__animationnotmotionextractedfighting_maniset3acc0adb__eurasian_lynx_female_fightreact_359.npy,The female Eurasian lynx fights and then reacts swiftly,3
P1,P1_OVER_NARRATIVE,train,animo4d_L4_safe,animo4d_official_text,present,False,PZ_Eurasian_Lynx_Female_eurasian_lynx_female__animationnotmotionextractedfighting_maniset3acc0adb__eurasian_lynx_female_fighttaunt_362.npy,The female Eurasian lynx fights and then taunts her opponent,3
P1,P1_OVER_NARRATIVE,train,animo4d_L4_safe,animo4d_official_text,present,False,PZ_Eurasian_Lynx_Female_eurasian_lynx_female__animationnotmotionextractedfightingpounce_maniset3d12fdae__eurasian_lynx_female_deepswimdiveout_268.npy,The female Eurasian lynx swims deeply and then dives out of the water,3
P1,P1_OVER_NARRATIVE,train,animo4d_L4_safe,animo4d_official_text,present,False,PZ_Eurasian_Lynx_Female_eurasian_lynx_female__animationnotmotionextractedfightingpounce_maniset3d12fdae__eurasian_lynx_female_fightchaseoff_271.npy,The female Eurasian lynx fights and then chases off her opponent,3
P1,P1_OVER_NARRATIVE,train,animo4d_L4_safe,animo4d_official_text,present,False,PZ_Eurasian_Lynx_Female_eurasian_lynx_female__animationnotmotionextractedlocomotion_maniset7ebfb0c1__eurasian_lynx_female_fighttaunt_458.npy,The female Eurasian lynx fights and then taunts her opponent,3
P1,P1_OVER_NARRATIVE,train,animo4d_L4_safe,animo4d_official_text,present,False,PZ_Eurasian_Lynx_Female_eurasian_lynx_female__animationnotmotionextractedlocomotion_maniset7ebfb0c1__eurasian_lynx_female_fighttauntreact_459.npy,The female Eurasian lynx fights taunts and then reacts swiftly,3
P1,P1_OVER_NARRATIVE,train,animo4d_L4_safe,animo4d_official_text,present,False,PZ_Eurasian_Lynx_Male_eurasian_lynx_male__animationmotionextractedfighting_maniseta2d6f94e__eurasian_lynx_male_fightchaseoff_1.npy,The male Eurasian lynx fights and then chases off its opponent,3
P1,P1_OVER_NARRATIVE,train,animo4d_L4_safe,animo4d_official_text,present,False,PZ_Eurasian_Lynx_Male_eurasian_lynx_male__animationmotionextractedlocomotion_maniset45c205d4__eurasian_lynx_male_fightchaseoff_34.npy,The male Eurasian lynx fights and then chases off its opponent,3
P1,P1_OVER_NARRATIVE,train,animo4d_L4_safe,animo4d_official_text,present,False,PZ_Eurasian_Lynx_Male_eurasian_lynx_male__animationmotionextractedlocomotion_maniset45c205d4__eurasian_lynx_male_fightreacttofendoff_36.npy,The male Eurasian lynx fights and reacts swiftly to fend off the threat,3
P1,P1_OVER_NARRATIVE,train,animo4d_L4_safe,animo4d_official_text,present,False,PZ_Eurasian_Lynx_Male_eurasian_lynx_male__animationmotionextractedpounce_maniset56e1a351__eurasian_lynx_male_fight_pouncefromrunturnl_126.npy,The male Eurasian lynx fights pounces runs and then turns left,3
P1,P1_OVER_NARRATIVE,train,animo4d_L4_safe,animo4d_official_text,present,False,PZ_Eurasian_Lynx_Male_eurasian_lynx_male__animationnotmotionextractedbehaviour_maniset660d993a__eurasian_lynx_male_fight_pouncefromrunturnl_197.npy,The male Eurasian lynx fights pounces runs and then turns left,3
P1,P1_OVER_NARRATIVE,train,animo4d_L4_safe,animo4d_official_text,present,False,PZ_Eurasian_Lynx_Male_eurasian_lynx_male__animationnotmotionextractedfighting_manisetbd1ce010__eurasian_lynx_male_fightidle_350.npy,The male Eurasian lynx fights fiercely,3
P1,P1_OVER_NARRATIVE,train,animo4d_L4_safe,animo4d_official_text,present,False,PZ_Eurasian_Lynx_Male_eurasian_lynx_male__animationnotmotionextractedfighting_manisetbd1ce010__eurasian_lynx_male_fighttaunt_353.npy,The male Eurasian lynx fights and then taunts its opponent,3
P1,P1_OVER_NARRATIVE,train,animo4d_L4_safe,animo4d_official_text,present,False,PZ_Eurasian_Lynx_Male_eurasian_lynx_male__animationnotmotionextractedfighting_manisetbd1ce010__eurasian_lynx_male_fighttaunttostand_354.npy,The male Eurasian lynx fights taunts and then stands still,3
P1,P1_OVER_NARRATIVE,train,animo4d_L4_safe,animo4d_official_text,present,False,PZ_Eurasian_Lynx_Male_eurasian_lynx_male__animationnotmotionextractedfightingpounce_manisetb5a1e103__eurasian_lynx_male_fightchaseoff_274.npy,The male Eurasian lynx fights and then chases off its opponent,3
P1,P1_OVER_NARRATIVE,train,animo4d_L4_safe,animo4d_official_text,present,False,PZ_Eurasian_Lynx_Male_eurasian_lynx_male__animationnotmotionextractedfightingpounce_manisetb5a1e103__eurasian_lynx_male_fighttaunt_277.npy,The male Eurasian lynx fights and then taunts its opponent,3
P1,P1_OVER_NARRATIVE,train,animo4d_L4_safe,animo4d_official_text,present,False,PZ_Eurasian_Lynx_Male_eurasian_lynx_male__animationnotmotionextractedlocomotion_manisetbb321876__eurasian_lynx_male_fightidle_445.npy,The male Eurasian lynx fights fiercely,3
P1,P1_OVER_NARRATIVE,train,animo4d_L4_safe,animo4d_official_text,present,False,PZ_Eurasian_Lynx_Male_eurasian_lynx_male__animationnotmotionextractedlocomotion_manisetbb321876__eurasian_lynx_male_fighttaunt_447.npy,The male Eurasian lynx fights and then taunts its opponent,3
P1,P1_OVER_NARRATIVE,train,animo4d_L4_safe,animo4d_official_text,present,False,PZ_Eurasian_Lynx_Male_eurasian_lynx_male__animationnotmotionextractedlocomotion_manisetbb321876__eurasian_lynx_male_fighttauntreact_448.npy,The male Eurasian lynx fights taunts and then reacts swiftly,3
P1,P1_OVER_NARRATIVE,train,animo4d_L4_safe,animo4d_official_text,present,False,PZ_European_Badger_Juvenile_european_badger_juvenile__animationnotmotionextractedfighting_maniset11475f1e__european_badger_juvenile_fightchaseoff_93.npy,The juvenile European badger fights and then chases off its opponent,3
P1,P1_OVER_NARRATIVE,train,animo4d_L4_safe,animo4d_official_text,present,False,PZ_European_Badger_Juvenile_european_badger_juvenile__animationnotmotionextractedlocomotion_manisetf816e84__european_badger_juvenile_fightchaseoff_147.npy,The juvenile European badger fights and then chases off its opponent,3
P1,P1_SOURCE_ACTION_ARTIFACT,train,animo4d_L4_safe,animo4d_official_text,present,False,PZ_European_Badger_Male_european_badger_male__animationnotmotionextractedfighting_maniset3a01bbfb__european_badger_male_gimmick_160.npy,The male European badger performs a playful gimmick by rolling around in the grass,3
P1,P1_OVER_NARRATIVE,train,animo4d_L4_safe,animo4d_official_text,present,False,PZ_European_Badger_Male_european_badger_male__animationnotmotionextractedlocomotion_maniset95a8f1e1__european_badger_male_fight_pouncefromrun_249.npy,The male European badger runs then pounces to fight,3
P1,P1_OVER_NARRATIVE,train,animo4d_L4_safe,animo4d_official_text,present,False,PZ_European_Badger_Male_european_badger_male__animationnotmotionextractedlocomotion_maniset95a8f1e1__european_badger_male_fightchaseoff_246.npy,The male European badger fights and then chases off its opponent,3
P1,P1_OVER_NARRATIVE,train,animo4d_L4_safe,animo4d_official_text,present,False,PZ_European_Badger_Male_european_badger_male__animationnotmotionextractedlocomotion_maniset95a8f1e1__european_badger_male_fighttauntreact_248.npy,The male European badger fights taunts and then reacts swiftly,3
P1,P1_OVER_NARRATIVE,train,animo4d_L4_safe,animo4d_official_text,present,False,PZ_European_Fallow_Deer_Female_european_fallow_deer_female__animationmotionextractedfighting_manisete2262d1d__european_fallow_deer_female_fightchaseoff_1.npy,The female fallow deer fights and then chases off the intruder,3
P1,P1_OVER_NARRATIVE,train,animo4d_L4_safe,animo4d_official_text,present,False,PZ_European_Fallow_Deer_Female_european_fallow_deer_female__animationmotionextractedlocomotion_maniset3e148923__european_fallow_deer_female_fightchaseoff_3.npy,The female fallow deer fights and then chases off the intruder,3
P1,P1_OVER_NARRATIVE,train,animo4d_L4_safe,animo4d_official_text,present,False,PZ_European_Fallow_Deer_Female_european_fallow_deer_female__animationnotmotionextractedbehaviour_maniset7f7f2c09__european_fallow_deer_female_fightchaseoff_62.npy,The female fallow deer fights and then chases off the intruder,3
P1,P1_SOURCE_ACTION_ARTIFACT,train,animo4d_L4_safe,animo4d_official_text,present,False,PZ_European_Fallow_Deer_Female_european_fallow_deer_female__animationnotmotionextractedbehaviour_maniset7f7f2c09__european_fallow_deer_female_standgimmick01_81.npy,The female fallow deer stands still as a gimmick,3
P1,P1_OVER_NARRATIVE,train,animo4d_L4_safe,animo4d_official_text,present,False,PZ_European_Fallow_Deer_Female_european_fallow_deer_female__animationnotmotionextractedfighting_maniset141d731f__european_fallow_deer_female_fightchaseoff_140.npy,The female fallow deer fights and then chases off the intruder,3
P1,P1_OVER_NARRATIVE,train,animo4d_L4_safe,animo4d_official_text,present,False,PZ_European_Fallow_Deer_Female_european_fallow_deer_female__animationnotmotionextractedfighting_maniset141d731f__european_fallow_deer_female_fighttaunt_142.npy,The female fallow deer fights and then taunts her opponent,3
P1,P1_OVER_NARRATIVE,train,animo4d_L4_safe,animo4d_official_text,present,False,PZ_European_Fallow_Deer_Female_european_fallow_deer_female__animationnotmotionextractedfighting_maniset141d731f__european_fallow_deer_female_fighttauntreact_143.npy,The female fallow deer fights taunts and then reacts swiftly,3
P1,P1_OVER_NARRATIVE,train,animo4d_L4_safe,animo4d_official_text,present,False,PZ_European_Fallow_Deer_Female_european_fallow_deer_female__animationnotmotionextractedfighting_maniset141d731f__european_fallow_deer_female_fightvictorytaunt_144.npy,The female fallow deer fights achieves victory and then taunts her opponent,3
P1,P1_SOURCE_ACTION_ARTIFACT,train,animo4d_L4_safe,animo4d_official_text,present,False,PZ_European_Fallow_Deer_Female_european_fallow_deer_female__animationnotmotionextractedfighting_maniset141d731f__european_fallow_deer_female_standgimmick01_158.npy,The female fallow deer stands still as a gimmick,1
P1,P1_OVER_NARRATIVE,train,animo4d_L4_safe,animo4d_official_text,present,False,PZ_European_Fallow_Deer_Female_european_fallow_deer_female__animationnotmotionextractedlocomotion_manisetf7539b05__european_fallow_deer_female_fightattack_197.npy,The female fallow deer fights off the attack,3
P1,P1_OVER_NARRATIVE,train,animo4d_L4_safe,animo4d_official_text,present,False,PZ_European_Fallow_Deer_Female_european_fallow_deer_female__animationnotmotionextractedlocomotion_manisetf7539b05__european_fallow_deer_female_fightchaseoff_198.npy,The female fallow deer fights and then chases off the intruder,3
P1,P1_OVER_NARRATIVE,train,animo4d_L4_safe,animo4d_official_text,present,False,PZ_European_Fallow_Deer_Female_european_fallow_deer_female__animationnotmotionextractedlocomotion_manisetf7539b05__european_fallow_deer_female_fighttaunt_200.npy,The female fallow deer fights and then taunts her opponent,3
P1,P1_OVER_NARRATIVE,train,animo4d_L4_safe,animo4d_official_text,present,False,PZ_European_Fallow_Deer_Female_european_fallow_deer_female__animationnotmotionextractedlocomotion_manisetf7539b05__european_fallow_deer_female_fightvictorytaunt_202.npy,The female fallow deer fights wins and then taunts her opponent,3
P1,P1_OVER_NARRATIVE,train,animo4d_L4_safe,animo4d_official_text,present,False,PZ_European_Fallow_Deer_Juvenile_european_fallow_deer_juvenile__animationmotionextractedfighting_manisetd0f3c6f5__european_fallow_deer_juvenile_fightchaseoff_1.npy,The juvenile fallow deer fights and then chases off the intruding rival,3
P1,P1_OVER_NARRATIVE,train,animo4d_L4_safe,animo4d_official_text,present,False,PZ_European_Fallow_Deer_Juvenile_european_fallow_deer_juvenile__animationmotionextractedlocomotion_manisetab4b4efb__european_fallow_deer_juvenile_fighttaunt_7.npy,The juvenile fallow deer fights and then taunts its opponent,3
P1,P1_OVER_NARRATIVE,train,animo4d_L4_safe,animo4d_official_text,present,False,PZ_European_Fallow_Deer_Juvenile_european_fallow_deer_juvenile__animationmotionextractedlocomotion_manisetab4b4efb__european_fallow_deer_juvenile_fighttauntreact_8.npy,The juvenile fallow deer fights taunts and then reacts swiftly,3
P1,P1_OVER_NARRATIVE,train,animo4d_L4_safe,animo4d_official_text,present,False,PZ_European_Fallow_Deer_Juvenile_european_fallow_deer_juvenile__animationnotmotionextractedbehaviour_maniset93d51de1__european_fallow_deer_juvenile_fightchaseoff_63.npy,The juvenile fallow deer fights and then chases the intruder off,3
P1,P1_OVER_NARRATIVE,train,animo4d_L4_safe,animo4d_official_text,present,False,PZ_European_Fallow_Deer_Juvenile_european_fallow_deer_juvenile__animationnotmotionextractedbehaviour_maniset93d51de1__european_fallow_deer_juvenile_fighttaunt_65.npy,The juvenile fallow deer fights and then taunts its opponent,3
P1,P1_SOURCE_ACTION_ARTIFACT,train,animo4d_L4_safe,animo4d_official_text,present,False,PZ_European_Fallow_Deer_Juvenile_european_fallow_deer_juvenile__animationnotmotionextractedbehaviour_maniset93d51de1__european_fallow_deer_juvenile_standgimmick01_85.npy,The juvenile fallow deer stands still as a gimmick,3
P1,P1_OVER_NARRATIVE,train,animo4d_L4_safe,animo4d_official_text,present,False,PZ_European_Fallow_Deer_Juvenile_european_fallow_deer_juvenile__animationnotmotionextractedfighting_manisetaa1d0ef7__european_fallow_deer_juvenile_fightchaseoff_138.npy,The juvenile fallow deer fights and then chases off the intruder,3
P1,P1_OVER_NARRATIVE,train,animo4d_L4_safe,animo4d_official_text,present,False,PZ_European_Fallow_Deer_Juvenile_european_fallow_deer_juvenile__animationnotmotionextractedfighting_manisetaa1d0ef7__european_fallow_deer_juvenile_fighttaunt_141.npy,The juvenile fallow deer fights and then taunts its opponent,3
P1,P1_SOURCE_ACTION_ARTIFACT,train,animo4d_L4_safe,animo4d_official_text,present,False,PZ_European_Fallow_Deer_Juvenile_european_fallow_deer_juvenile__animationnotmotionextractedfighting_manisetaa1d0ef7__european_fallow_deer_juvenile_standgimmick01_163.npy,The juvenile fallow deer stands still as a gimmick,3
P1,P1_OVER_NARRATIVE,train,animo4d_L4_safe,animo4d_official_text,present,False,PZ_European_Fallow_Deer_Juvenile_european_fallow_deer_juvenile__animationnotmotionextractedlocomotion_maniset78ed62dd__european_fallow_deer_juvenile_fightchaseoff_220.npy,The juvenile fallow deer fights and then chases off the intruder,3
P1,P1_OVER_NARRATIVE,train,animo4d_L4_safe,animo4d_official_text,present,False,PZ_European_Fallow_Deer_Juvenile_european_fallow_deer_juvenile__animationnotmotionextractedlocomotion_maniset78ed62dd__european_fallow_deer_juvenile_fightflee_221.npy,The juvenile fallow deer fights and then flees,3
P1,P1_OVER_NARRATIVE,train,animo4d_L4_safe,animo4d_official_text,present,False,PZ_European_Fallow_Deer_Juvenile_european_fallow_deer_juvenile__animationnotmotionextractedlocomotion_maniset78ed62dd__european_fallow_deer_juvenile_fighttaunt_223.npy,The juvenile fallow deer fights and then taunts its opponent,3
P1,P1_OVER_NARRATIVE,train,animo4d_L4_safe,animo4d_official_text,present,False,PZ_European_Fallow_Deer_Juvenile_european_fallow_deer_juvenile__animationnotmotionextractedlocomotion_maniset78ed62dd__european_fallow_deer_juvenile_fightvictorytaunt_226.npy,The juvenile fallow deer fights wins and then taunts its opponent,3
P1,P1_SOURCE_ACTION_ARTIFACT,train,animo4d_L4_safe,animo4d_official_text,present,False,PZ_European_Fallow_Deer_Juvenile_european_fallow_deer_juvenile__animationnotmotionextractedlocomotion_maniset78ed62dd__european_fallow_deer_juvenile_standgimmick01_249.npy,The juvenile fallow deer stands still as a gimmick,3
P1,P1_OVER_NARRATIVE,train,animo4d_L4_safe,animo4d_official_text,present,False,PZ_European_Fallow_Deer_Male_european_fallow_deer_male__animationnotmotionextractedfighting_maniseta7af6754__european_fallow_deer_male_fightvictorytaunt_89.npy,The male fallow deer fights wins and then taunts his defeated opponent,3
P1,P1_SOURCE_ACTION_ARTIFACT,train,animo4d_L4_safe,animo4d_official_text,present,False,PZ_European_Fallow_Deer_Male_european_fallow_deer_male__animationnotmotionextractedfighting_maniseta7af6754__european_fallow_deer_male_standgimmick01_99.npy,The male fallow deer stands still as a gimmick,3
P1,P1_OVER_NARRATIVE,train,animo4d_L4_safe,animo4d_official_text,present,False,PZ_European_Fallow_Deer_Male_european_fallow_deer_male__animationnotmotionextractedlocomotion_maniset2e7ea1ba__european_fallow_deer_male_fighttaunt_140.npy,The male fallow deer fights and then taunts his opponent,3
P1,P1_OVER_NARRATIVE,train,animo4d_L4_safe,animo4d_official_text,present,False,PZ_European_Fallow_Deer_Male_european_fallow_deer_male__animationnotmotionextractedlocomotion_maniset2e7ea1ba__european_fallow_deer_male_fighttauntreact_141.npy,The male fallow deer fights taunts and then reacts swiftly,3
P1,P1_OVER_NARRATIVE,train,animo4d_L4_safe,animo4d_official_text,present,False,PZ_European_Fallow_Deer_Male_european_fallow_deer_male__animationnotmotionextractedlocomotion_maniset2e7ea1ba__european_fallow_deer_male_fightvictorytaunt_142.npy,The male fallow deer fights achieves victory and then taunts his opponent,3
P1,P1_SOURCE_ACTION_ARTIFACT,train,animo4d_L4_safe,animo4d_official_text,present,False,PZ_Fennec_Fox_Juvenile_fennec_fox_juvenile__animationmotionextractedbehaviour_manisetaf81891c__fennec_fox_juvenile_gimmick01_1.npy,The juvenile fennec fox jumps and then rolls around playfully,3
P1,P1_SOURCE_ACTION_ARTIFACT,train,animo4d_L4_safe,animo4d_official_text,present,False,PZ_Fennec_Fox_Juvenile_fennec_fox_juvenile__animationmotionextractedlocomotion_maniseteeb0abb8__fennec_fox_juvenile_gimmick01_3.npy,The juvenile fennec fox performs a playful gimmick by leaping and then rolling over,3
P1,P1_SOURCE_ACTION_ARTIFACT,train,animo4d_L4_safe,animo4d_official_text,present,False,PZ_Fennec_Fox_Juvenile_fennec_fox_juvenile__animationnotmotionextractedbehaviour_maniset8fe4911e__fennec_fox_juvenile_gimmick01_33.npy,The juvenile fennec fox performs a playful gimmick by hopping and then rolling over,3
P1,P1_SOURCE_ACTION_ARTIFACT,train,animo4d_L4_safe,animo4d_official_text,present,False,PZ_Fennec_Fox_Juvenile_fennec_fox_juvenile__animationnotmotionextractedlocomotion_manisetb6a6995a__fennec_fox_juvenile_gimmick01_76.npy,The juvenile fennec fox performs a playful gimmick by leaping and then rolling over,3
P1,P1_OVER_NARRATIVE,train,animo4d_L4_safe,animo4d_official_text,present,False,PZ_Fennec_Fox_Male_fennec_fox_male__animationnotmotionextractedfighting_manisetf7ac70d1__fennec_fox_male_fightreact_50.npy,The male fennec fox fights and then reacts swiftly,3
P1,P1_OVER_NARRATIVE,train,animo4d_L4_safe,animo4d_official_text,present,False,PZ_Fossa_Juvenile_fossa_juvenile__animationmotionextractedfighting_manisetfd426179__fossa_juvenile_fightchaseoff_1.npy,The juvenile fossa fights and then chases off its opponent,3
P1,P1_OVER_NARRATIVE,train,animo4d_L4_safe,animo4d_official_text,present,False,PZ_Fossa_Juvenile_fossa_juvenile__animationmotionextractedfighting_manisetfd426179__fossa_juvenile_fighttaunt_3.npy,The juvenile fossa fights and then taunts its opponent,3
P1,P1_OVER_NARRATIVE,train,animo4d_L4_safe,animo4d_official_text,present,False,PZ_Fossa_Juvenile_fossa_juvenile__animationmotionextractedfighting_manisetfd426179__fossa_juvenile_fighttaunttostand_4.npy,The juvenile fossa fights taunts and then stands still,3
P1,P1_OVER_NARRATIVE,train,animo4d_L4_safe,animo4d_official_text,present,False,PZ_Fossa_Juvenile_fossa_juvenile__animationmotionextractedlocomotion_maniset3aab8b7f__fossa_juvenile_fightchaseoff_26.npy,The juvenile fossa fights and then chases off its opponent,3
P1,P1_OVER_NARRATIVE,train,animo4d_L4_safe,animo4d_official_text,present,False,PZ_Fossa_Juvenile_fossa_juvenile__animationmotionextractedlocomotion_maniset3aab8b7f__fossa_juvenile_fighttaunt_28.npy,The juvenile fossa fights and then taunts its opponent,3
P1,P1_OVER_NARRATIVE,train,animo4d_L4_safe,animo4d_official_text,present,False,PZ_Fossa_Juvenile_fossa_juvenile__animationmotionextractedpounce_manisete8fbde5c__fossa_juvenile_fightchaseoff_100.npy,The juvenile fossa fights and then chases off its rival,3
P1,P1_OVER_NARRATIVE,train,animo4d_L4_safe,animo4d_official_text,present,False,PZ_Fossa_Juvenile_fossa_juvenile__animationmotionextractedpounce_manisete8fbde5c__fossa_juvenile_fighttaunt_102.npy,The juvenile fossa fights and then taunts its opponent,3
P1,P1_OVER_NARRATIVE,train,animo4d_L4_safe,animo4d_official_text,present,False,PZ_Fossa_Juvenile_fossa_juvenile__animationnotmotionextractedbehaviour_maniset1a47fc65__fossa_juvenile_fight_pouncefromrunturnl_178.npy,The juvenile fossa runs turns left and then pounces from a fight,3
P1,P1_OVER_NARRATIVE,train,animo4d_L4_safe,animo4d_official_text,present,False,PZ_Fossa_Juvenile_fossa_juvenile__animationnotmotionextractedbehaviour_maniset1a47fc65__fossa_juvenile_fightchaseoff_176.npy,The juvenile fossa fights and then chases off its opponent,3
P1,P1_SOURCE_ACTION_ARTIFACT,train,animo4d_L4_safe,animo4d_official_text,present,False,PZ_Fossa_Juvenile_fossa_juvenile__animationnotmotionextractedbehaviour_maniset1a47fc65__fossa_juvenile_gimmick_180.npy,The juvenile fossa performs a playful gimmick by leaping and twisting in midair,3
P1,P1_OVER_NARRATIVE,train,animo4d_L4_safe,animo4d_official_text,present,False,PZ_Fossa_Juvenile_fossa_juvenile__animationnotmotionextractedfighting_maniset927e7c7b__fossa_juvenile_fighttaunt_322.npy,The juvenile fossa fights and then taunts its opponent,3
P1,P1_SOURCE_ACTION_ARTIFACT,train,animo4d_L4_safe,animo4d_official_text,present,False,PZ_Fossa_Juvenile_fossa_juvenile__animationnotmotionextractedfighting_maniset927e7c7b__fossa_juvenile_gimmick_326.npy,The juvenile fossa performs a playful gimmick by leaping and twisting in midair,3
P1,P1_OVER_NARRATIVE,train,animo4d_L4_safe,animo4d_official_text,present,False,PZ_Fossa_Juvenile_fossa_juvenile__animationnotmotionextractedfightingpounce_maniset6799134e__fossa_juvenile_fightchaseoff_253.npy,The juvenile fossa fights and then chases off its opponent,3
P1,P1_OVER_NARRATIVE,train,animo4d_L4_safe,animo4d_official_text,present,False,PZ_Fossa_Male_fossa_male__animationmotionextractedbehaviour_maniset45a55b00__fossa_male_fight_pouncefromrunturnr_34.npy,The male fossa runs turns right and then pounces from a fight,3
P1,P1_OVER_NARRATIVE,train,animo4d_L4_safe,animo4d_official_text,present,False,PZ_Fossa_Male_fossa_male__animationmotionextractedfighting_manisetc4b45616__fossa_male_fighttaunt_130.npy,The male fossa fights and then taunts its opponent,3
P1,P1_SOURCE_ACTION_ARTIFACT,train,animo4d_L4_safe,animo4d_official_text,present,False,PZ_Fossa_Male_fossa_male__animationmotionextractedfighting_manisetc4b45616__fossa_male_gimmick_133.npy,The male fossa performs a playful gimmick,3
P1,P1_OVER_NARRATIVE,train,animo4d_L4_safe,animo4d_official_text,present,False,PZ_Fossa_Male_fossa_male__animationmotionextractedlocomotion_maniset9d10869c__fossa_male_fightreacttodie_229.npy,The male fossa fights reacts and then dies,3
P1,P1_OVER_NARRATIVE,train,animo4d_L4_safe,animo4d_official_text,present,False,PZ_Fossa_Male_fossa_male__animationmotionextractedlocomotion_maniset9d10869c__fossa_male_fighttaunt_230.npy,The male fossa fights and then taunts its opponent,3
P1,P1_SOURCE_ACTION_ARTIFACT,train,animo4d_L4_safe,animo4d_official_text,present,False,PZ_Fossa_Male_fossa_male__animationmotionextractedlocomotion_maniset9d10869c__fossa_male_gimmick_234.npy,The male fossa performs a playful gimmick by leaping and twisting in the air,3
P1,P1_OVER_NARRATIVE,train,animo4d_L4_safe,animo4d_official_text,present,False,PZ_Fossa_Male_fossa_male__animationmotionextractedpounce_maniset98003d19__fossa_male_fight_pouncefromrun_351.npy,The male fossa runs then pounces from the run to fight,3
P1,P1_OVER_NARRATIVE,train,animo4d_L4_safe,animo4d_official_text,present,False,PZ_Fossa_Male_fossa_male__animationmotionextractedpounce_maniset98003d19__fossa_male_fightattack_346.npy,The male fossa fights and then attacks,3
P1,P1_OVER_NARRATIVE,train,animo4d_L4_safe,animo4d_official_text,present,False,PZ_Fossa_Male_fossa_male__animationmotionextractedpounce_maniset98003d19__fossa_male_fighttaunt_349.npy,The male fossa fights and then taunts its opponent,3
P1,P1_OVER_NARRATIVE,train,animo4d_L4_safe,animo4d_official_text,present,False,PZ_Fossa_Male_fossa_male__animationmotionextractedpounce_maniset98003d19__fossa_male_fighttauntreact_350.npy,The male fossa fights taunts and then reacts swiftly,3
P1,P1_OVER_NARRATIVE,train,animo4d_L4_safe,animo4d_official_text,present,False,PZ_Fossa_Male_fossa_male__animationnotmotionextractedbehaviour_manisetcebf3e02__fossa_male_fight_pouncefromrunturnl_467.npy,The male fossa runs turns left and then pounces from a fight,3
P1,P1_OVER_NARRATIVE,train,animo4d_L4_safe,animo4d_official_text,present,False,PZ_Fossa_Male_fossa_male__animationnotmotionextractedbehaviour_manisetcebf3e02__fossa_male_fighttaunt_464.npy,The male fossa fights and then taunts its opponent,3
P1,P1_SOURCE_ACTION_ARTIFACT,train,animo4d_L4_safe,animo4d_official_text,present,False,PZ_Fossa_Male_fossa_male__animationnotmotionextractedbehaviour_manisetcebf3e02__fossa_male_gimmick_469.npy,The male fossa performs a playful gimmick by leaping and twisting in midair,3
P1,P1_OVER_NARRATIVE,train,animo4d_L4_safe,animo4d_official_text,present,False,PZ_Fossa_Male_fossa_male__animationnotmotionextractedbehaviour_manisetcebf3e02__fossa_male_jumpoutonspot_476.npy,The male fossa jumps out and lands on the spot,3
P1,P1_OVER_NARRATIVE,train,animo4d_L4_safe,animo4d_official_text,present,False,PZ_Fossa_Male_fossa_male__animationnotmotionextractedfighting_maniset220eb2d8__fossa_male_fighttaunt_711.npy,The male fossa fights and then taunts its opponent,3
P1,P1_SOURCE_ACTION_ARTIFACT,train,animo4d_L4_safe,animo4d_official_text,present,False,PZ_Fossa_Male_fossa_male__animationnotmotionextractedfighting_maniset220eb2d8__fossa_male_gimmick_717.npy,The male fossa performs a playful gimmick by leaping and twisting in midair,3
P1,P1_OVER_NARRATIVE,train,animo4d_L4_safe,animo4d_official_text,present,False,PZ_Fossa_Male_fossa_male__animationnotmotionextractedfightingpounce_manisetd3a5f8cb__fossa_male_fightidle_597.npy,The male fossa fiercely fights with its opponent,3
P1,P1_OVER_NARRATIVE,train,animo4d_L4_safe,animo4d_official_text,present,False,PZ_Fossa_Male_fossa_male__animationnotmotionextractedfightingpounce_manisetd3a5f8cb__fossa_male_fighttaunt_599.npy,The male fossa fights and then taunts its opponent,3
P1,P1_OVER_NARRATIVE,train,animo4d_L4_safe,animo4d_official_text,present,False,PZ_Fossa_Male_fossa_male__animationnotmotionextractedlocomotion_maniset16e00f3e__fossa_male_fightreacttodie_853.npy,The male fossa fights reacts and then dies,3
P1,P1_OVER_NARRATIVE,train,animo4d_L4_safe,animo4d_official_text,present,False,PZ_Fossa_Male_fossa_male__animationnotmotionextractedlocomotion_maniset16e00f3e__fossa_male_fighttaunt_854.npy,The male fossa fights and then taunts its opponent,1
P1,P1_SOURCE_ACTION_ARTIFACT,train,animo4d_L4_safe,animo4d_official_text,present,False,PZ_Fossa_Male_fossa_male__animationnotmotionextractedlocomotion_maniset16e00f3e__fossa_male_gimmick_860.npy,The male fossa performs a playful gimmick,3
P1,P1_OVER_NARRATIVE,train,animo4d_L4_safe,animo4d_official_text,present,False,PZ_Galapagos_Giant_Tortoise_Female_galapagos_giant_tortoise_female__animationnotmotionextractedfighting_manisetb82dd1__galapagos_giant_tortoise_female_fighttaunt_144.npy,The female giant tortoise fights and then taunts her opponent,3
P1,P1_OVER_NARRATIVE,train,animo4d_L4_safe,animo4d_official_text,present,False,PZ_Galapagos_Giant_Tortoise_Female_galapagos_giant_tortoise_female__animationnotmotionextractedlocomotion_manisetd3505eb7__galapagos_giant_tortoise_female_fighttaunt_200.npy,The female giant tortoise fights and then taunts her opponent,3
P1,P1_OVER_NARRATIVE,train,animo4d_L4_safe,animo4d_official_text,present,False,PZ_Galapagos_Giant_Tortoise_Male_galapagos_giant_tortoise_male__animationnotmotionextractedfighting_manisetb897cd86__galapagos_giant_tortoise_male_fighttaunt_96.npy,The male giant tortoise fights and then taunts its opponent,3
P1,P1_OVER_NARRATIVE,train,animo4d_L4_safe,animo4d_official_text,present,False,PZ_Galapagos_Giant_Tortoise_Male_galapagos_giant_tortoise_male__animationnotmotionextractedlocomotion_manisetacb2d0ec__galapagos_giant_tortoise_male_fighttaunt_144.npy,The male giant tortoise fights and then taunts its opponent,3
P1,P1_SOURCE_ACTION_ARTIFACT,train,animo4d_L4_safe,animo4d_official_text,present,False,PZ_Gemsbok_Female_gemsbok_female__animationnotmotionextractedbehaviour_maniset72231e8d__gemsbok_female_standgimmick01_40.npy,The female gemsbok stands still as a gimmick,3
P1,P1_OVER_NARRATIVE,train,animo4d_L4_safe,animo4d_official_text,present,False,PZ_Gemsbok_Female_gemsbok_female__animationnotmotionextractedfighting_manisetc15af4a3__gemsbok_female_fighttaunt_75.npy,The female gemsbok fights and then taunts her opponent,3
P1,P1_SOURCE_ACTION_ARTIFACT,train,animo4d_L4_safe,animo4d_official_text,present,False,PZ_Gemsbok_Female_gemsbok_female__animationnotmotionextractedfighting_manisetc15af4a3__gemsbok_female_standgimmick01_85.npy,The female gemsbok stands still as a clever gimmick,3
P1,P1_OVER_NARRATIVE,train,animo4d_L4_safe,animo4d_official_text,present,False,PZ_Gemsbok_Female_gemsbok_female__animationnotmotionextractedlocomotion_maniset22be3e89__gemsbok_female_fighttaunt_116.npy,The female gemsbok fights and then taunts her opponent,3
P1,P1_OVER_NARRATIVE,train,animo4d_L4_safe,animo4d_official_text,present,False,PZ_Gemsbok_Female_gemsbok_female__animationnotmotionextractedlocomotion_maniset22be3e89__gemsbok_female_fighttauntreact_117.npy,The female gemsbok fights taunts and then reacts swiftly,3
P1,P1_OVER_NARRATIVE,train,animo4d_L4_safe,animo4d_official_text,present,False,PZ_Gemsbok_Female_gemsbok_female__animationnotmotionextractedlocomotion_maniset22be3e89__gemsbok_female_fightvictorytaunt_118.npy,The female gemsbok fights wins and then taunts her opponent,3
P1,P1_SOURCE_ACTION_ARTIFACT,train,animo4d_L4_safe,animo4d_official_text,present,False,PZ_Gemsbok_Female_gemsbok_female__animationnotmotionextractedlocomotion_maniset22be3e89__gemsbok_female_standgimmick01_122.npy,The female gemsbok stands still as a clever gimmick,3
P1,P1_SOURCE_ACTION_ARTIFACT,train,animo4d_L4_safe,animo4d_official_text,present,False,PZ_Gemsbok_Male_gemsbok_male__animationnotmotionextractedbehaviour_manisetec9c8302__gemsbok_male_standgimmick01_43.npy,The male gemsbok stands still as a gimmick,3
P1,P1_OVER_NARRATIVE,train,animo4d_L4_safe,animo4d_official_text,present,False,PZ_Gemsbok_Male_gemsbok_male__animationnotmotionextractedfighting_maniset2dd6b7d8__gemsbok_male_fightvictorytaunt_87.npy,The male gemsbok fights wins and then taunts its opponent,3
P1,P1_SOURCE_ACTION_ARTIFACT,train,animo4d_L4_safe,animo4d_official_text,present,False,PZ_Gemsbok_Male_gemsbok_male__animationnotmotionextractedfighting_maniset2dd6b7d8__gemsbok_male_standgimmick01_98.npy,The male gemsbok stands still as a clever gimmick,3
P1,P1_OVER_NARRATIVE,train,animo4d_L4_safe,animo4d_official_text,present,False,PZ_Gemsbok_Male_gemsbok_male__animationnotmotionextractedlocomotion_maniset2122943e__gemsbok_male_fightvictorytaunt_134.npy,The male gemsbok fights wins and then taunts its defeated opponent,3
P1,P1_SOURCE_ACTION_ARTIFACT,train,animo4d_L4_safe,animo4d_official_text,present,False,PZ_Gemsbok_Male_gemsbok_male__animationnotmotionextractedlocomotion_maniset2122943e__gemsbok_male_standgimmick01_146.npy,The male gemsbok stands still as a gimmick,3
P1,P1_OVER_NARRATIVE,train,animo4d_L4_safe,animo4d_official_text,present,False,PZ_Gharial_Female_gharial_female__animationmotionextractedfighting_manisetc615f128__gharial_female_fightchaseoff_1.npy,The female gharial fights and then chases off her opponent,3
P1,P1_OVER_NARRATIVE,train,animo4d_L4_safe,animo4d_official_text,present,False,PZ_Gharial_Female_gharial_female__animationmotionextractedfighting_manisetc615f128__gharial_female_fighttaunt_2.npy,The female gharial fights and then taunts her opponent,3
P1,P1_OVER_NARRATIVE,train,animo4d_L4_safe,animo4d_official_text,present,False,PZ_Gharial_Female_gharial_female__animationmotionextractedfighting_pounce_manisetb0e8417a__gharial_female_fightchaseoff_3.npy,The female gharial fights and then chases off her opponent,3
P1,P1_OVER_NARRATIVE,train,animo4d_L4_safe,animo4d_official_text,present,False,PZ_Gharial_Female_gharial_female__animationmotionextractedfighting_pounce_manisetb0e8417a__gharial_female_fighttaunt_4.npy,The female gharial fights and then taunts her opponent,3
P1,P1_OVER_NARRATIVE,train,animo4d_L4_safe,animo4d_official_text,present,False,PZ_Gharial_Female_gharial_female__animationmotionextractedlocomotion_maniset5d0d5aae__gharial_female_fightchaseoff_10.npy,The female gharial fights and then chases off the intruder,3
P1,P1_OVER_NARRATIVE,train,animo4d_L4_safe,animo4d_official_text,present,False,PZ_Gharial_Female_gharial_female__animationmotionextractedlocomotion_maniset5d0d5aae__gharial_female_fighttaunt_11.npy,The female gharial fights and then taunts her opponent,1
P1,P1_OVER_NARRATIVE,train,animo4d_L4_safe,animo4d_official_text,present,False,PZ_Gharial_Female_gharial_female__animationnotmotionextractedbehaviour_maniset2a4bcb14__gharial_female_fightchaseoff_57.npy,The female gharial fights and then chases off the intruder,3
P1,P1_OVER_NARRATIVE,train,animo4d_L4_safe,animo4d_official_text,present,False,PZ_Gharial_Female_gharial_female__animationnotmotionextractedbehaviour_maniset2a4bcb14__gharial_female_fighttaunt_58.npy,The female gharial fights and then taunts her opponent,3
P1,P1_OVER_NARRATIVE,train,animo4d_L4_safe,animo4d_official_text,present,False,PZ_Gharial_Female_gharial_female__animationnotmotionextractedfighting_manisetd490d36a__gharial_female_fightchaseoff_111.npy,The female gharial fights and then chases off the intruder,3
P1,P1_OVER_NARRATIVE,train,animo4d_L4_safe,animo4d_official_text,present,False,PZ_Gharial_Female_gharial_female__animationnotmotionextractedfighting_manisetd490d36a__gharial_female_fighttaunt_112.npy,The female gharial fights and then taunts her opponent,3
P1,P1_OVER_NARRATIVE,train,animo4d_L4_safe,animo4d_official_text,present,False,PZ_Gharial_Female_gharial_female__animationnotmotionextractedlocomotion_maniset87c428d0__gharial_female_fightchaseoff_153.npy,The female gharial fights and then chases off the intruder,3
P1,P1_OVER_NARRATIVE,train,animo4d_L4_safe,animo4d_official_text,present,False,PZ_Gharial_Female_gharial_female__animationnotmotionextractedlocomotion_maniset87c428d0__gharial_female_fighttaunt_154.npy,The female gharial fights and then taunts her opponent,3
P1,P1_OVER_NARRATIVE,train,animo4d_L4_safe,animo4d_official_text,present,False,PZ_Gharial_Female_gharial_female__animationnotmotionextractedlocomotion_maniset87c428d0__gharial_female_fighttostand_155.npy,The female gharial fights to stand still,3
P1,P1_OVER_NARRATIVE,train,animo4d_L4_safe,animo4d_official_text,present,False,PZ_Gharial_Juvenile_gharial_juvenile__animationmotionextractedfighting_maniset6fe4b9c0__gharial_juvenile_fighttaunt_3.npy,The juvenile gharial fights and then taunts its opponent,3
P1,P1_OVER_NARRATIVE,train,animo4d_L4_safe,animo4d_official_text,present,False,PZ_Gharial_Juvenile_gharial_juvenile__animationmotionextractedlocomotion_maniset6bbeaf46__gharial_juvenile_fighttaunt_10.npy,The juvenile gharial fights and then taunts its opponent,3
P1,P1_OVER_NARRATIVE,train,animo4d_L4_safe,animo4d_official_text,present,False,PZ_Gharial_Juvenile_gharial_juvenile__animationnotmotionextractedbehaviour_maniset2445abac__gharial_juvenile_fightchaseoff_58.npy,The juvenile gharial fights and then chases off its rival,3
P1,P1_OVER_NARRATIVE,train,animo4d_L4_safe,animo4d_official_text,present,False,PZ_Gharial_Juvenile_gharial_juvenile__animationnotmotionextractedbehaviour_maniset2445abac__gharial_juvenile_fighttaunt_61.npy,The juvenile gharial fights and then taunts its opponent,1
P1,P1_OVER_NARRATIVE,train,animo4d_L4_safe,animo4d_official_text,present,False,PZ_Gharial_Juvenile_gharial_juvenile__animationnotmotionextractedfighting_maniset54e9ae02__gharial_juvenile_fightchaseoff_113.npy,The juvenile gharial fights and then chases off its rival,3
P1,P1_OVER_NARRATIVE,train,animo4d_L4_safe,animo4d_official_text,present,False,PZ_Gharial_Juvenile_gharial_juvenile__animationnotmotionextractedfighting_maniset54e9ae02__gharial_juvenile_fighttaunt_115.npy,The juvenile gharial fights and then taunts its opponent,3
P1,P1_OVER_NARRATIVE,train,animo4d_L4_safe,animo4d_official_text,present,False,PZ_Gharial_Juvenile_gharial_juvenile__animationnotmotionextractedfighting_maniset54e9ae02__gharial_juvenile_fighttauntreact_116.npy,The juvenile gharial fights taunts its opponent and then reacts swiftly,3
P1,P1_OVER_NARRATIVE,train,animo4d_L4_safe,animo4d_official_text,present,False,PZ_Gharial_Juvenile_gharial_juvenile__animationnotmotionextractedlocomotion_manisete7b88f68__gharial_juvenile_fighttaunt_175.npy,The juvenile gharial fights and then taunts its opponent,3
P1,P1_OVER_NARRATIVE,train,animo4d_L4_safe,animo4d_official_text,present,False,PZ_Gharial_Male_gharial_male__animationmotionextractedfighting_manisetdc7fa2dd__gharial_male_fightchaseoff_1.npy,The male gharial fights and then chases off its opponent,3
P1,P1_OVER_NARRATIVE,train,animo4d_L4_safe,animo4d_official_text,present,False,PZ_Gharial_Male_gharial_male__animationmotionextractedlocomotion_manisetfb2dee3__gharial_male_fight_pouncefromrun_11.npy,The male gharial runs then pounces from a distance to fight,3
P1,P1_OVER_NARRATIVE,train,animo4d_L4_safe,animo4d_official_text,present,False,PZ_Gharial_Male_gharial_male__animationmotionextractedlocomotion_manisetfb2dee3__gharial_male_fightchaseoff_9.npy,The male gharial fights and then chases off its rival,3
P1,P1_OVER_NARRATIVE,train,animo4d_L4_safe,animo4d_official_text,present,False,PZ_Gharial_Male_gharial_male__animationnotmotionextractedfighting_manisetc6a838df__gharial_male_fightchaseoff_63.npy,The male gharial fights and then chases off the intruder,3
P1,P1_OVER_NARRATIVE,train,animo4d_L4_safe,animo4d_official_text,present,False,PZ_Gharial_Male_gharial_male__animationnotmotionextractedfighting_manisetc6a838df__gharial_male_fighttaunt_65.npy,The male gharial fights and then taunts its opponent,3
P1,P1_OVER_NARRATIVE,train,animo4d_L4_safe,animo4d_official_text,present,False,PZ_Gharial_Male_gharial_male__animationnotmotionextractedlocomotion_manisetd94b40c5__gharial_male_fighttauntreact_89.npy,The male gharial fights taunts and then reacts swiftly,3
P1,P1_SOURCE_ACTION_ARTIFACT,train,animo4d_L4_safe,animo4d_official_text,present,False,PZ_Giant_Anteater_Female_giant_anteater_female__animationnotmotionextractedbehaviour_maniset496f8e6a__giant_anteater_female_standgimmick01_53.npy,The female giant anteater stands still as part of her gimmick,3
P1,P1_OVER_NARRATIVE,train,animo4d_L4_safe,animo4d_official_text,present,False,PZ_Giant_Anteater_Female_giant_anteater_female__animationnotmotionextractedfighting_manisetd41fc940__giant_anteater_female_fightattack_large_103.npy,The female giant anteater fights and then attacks the large prey,3
P1,P1_OVER_NARRATIVE,train,animo4d_L4_safe,animo4d_official_text,present,False,PZ_Giant_Anteater_Female_giant_anteater_female__animationnotmotionextractedfighting_manisetd41fc940__giant_anteater_female_fighttaunt_111.npy,The female giant anteater fights and then taunts her opponent,3
P1,P1_OVER_NARRATIVE,train,animo4d_L4_safe,animo4d_official_text,present,False,PZ_Giant_Anteater_Female_giant_anteater_female__animationnotmotionextractedfighting_manisetd41fc940__giant_anteater_female_fighttauntreact_112.npy,The female giant anteater fights taunts her opponent and then reacts swiftly,3
P1,P1_SOURCE_ACTION_ARTIFACT,train,animo4d_L4_safe,animo4d_official_text,present,False,PZ_Giant_Anteater_Female_giant_anteater_female__animationnotmotionextractedfighting_manisetd41fc940__giant_anteater_female_standgimmick01_128.npy,The female giant anteater stands still as a gimmick,3
P1,P1_OVER_NARRATIVE,train,animo4d_L4_safe,animo4d_official_text,present,False,PZ_Giant_Anteater_Female_giant_anteater_female__animationnotmotionextractedlocomotion_manisetfee619a6__giant_anteater_female_fightattack_large_189.npy,The female giant anteater fights and then attacks the large prey,3
P1,P1_OVER_NARRATIVE;P2_GENERIC_CREATURE_CLASS,train,animo4d_L4_safe,animo4d_official_text,present,False,PZ_Giant_Anteater_Female_giant_anteater_female__animationnotmotionextractedlocomotion_manisetfee619a6__giant_anteater_female_fightattack_small_190.npy,The female giant anteater fights and then attacks the small prey,3
P1,P1_OVER_NARRATIVE,train,animo4d_L4_safe,animo4d_official_text,present,False,PZ_Giant_Anteater_Female_giant_anteater_female__animationnotmotionextractedlocomotion_manisetfee619a6__giant_anteater_female_fighttaunt_196.npy,The female giant anteater fights and then taunts her opponent,3
P1,P1_SOURCE_ACTION_ARTIFACT,train,animo4d_L4_safe,animo4d_official_text,present,False,PZ_Giant_Anteater_Female_giant_anteater_female__animationnotmotionextractedlocomotion_manisetfee619a6__giant_anteater_female_standgimmick01_212.npy,The female giant anteater stands still as part of her gimmick,3
P1,P1_OVER_NARRATIVE,train,animo4d_L4_safe,animo4d_official_text,present,False,PZ_Giant_Anteater_Juvenile_giant_anteater_juvenile__animationnotmotionextractedfighting_maniset740d7158__giant_anteater_juvenile_fighttaunt_108.npy,The juvenile giant anteater fights and then taunts its opponent,3
P1,P1_SOURCE_ACTION_ARTIFACT,train,animo4d_L4_safe,animo4d_official_text,present,False,PZ_Giant_Anteater_Juvenile_giant_anteater_juvenile__animationnotmotionextractedfighting_maniset740d7158__giant_anteater_juvenile_standgimmick01_119.npy,The juvenile giant anteater stands still as part of its gimmick,3
P1,P1_OVER_NARRATIVE,train,animo4d_L4_safe,animo4d_official_text,present,False,PZ_Giant_Anteater_Juvenile_giant_anteater_juvenile__animationnotmotionextractedlocomotion_manisetaf1a0dbe__giant_anteater_juvenile_fighttaunt_170.npy,The juvenile giant anteater fights and then taunts its opponent,3
P1,P1_SOURCE_ACTION_ARTIFACT,train,animo4d_L4_safe,animo4d_official_text,present,False,PZ_Giant_Anteater_Juvenile_giant_anteater_juvenile__animationnotmotionextractedlocomotion_manisetaf1a0dbe__giant_anteater_juvenile_standgimmick01_183.npy,The juvenile giant anteater stands still as a gimmick,3
P1,P1_OVER_NARRATIVE,train,animo4d_L4_safe,animo4d_official_text,present,False,PZ_Giant_Anteater_Male_giant_anteater_male__animationmotionextractedlocomotion_maniset27f459b9__giant_anteater_male_fightreacttodie_2.npy,The male giant anteater fights reacts and then dies,3
P1,P1_SOURCE_ACTION_ARTIFACT,train,animo4d_L4_safe,animo4d_official_text,present,False,PZ_Giant_Anteater_Male_giant_anteater_male__animationnotmotionextractedbehaviour_manisetff61579f__giant_anteater_male_standgimmick01_26.npy,The male giant anteater stands still as part of its gimmick,3
P1,P1_OVER_NARRATIVE,train,animo4d_L4_safe,animo4d_official_text,present,False,PZ_Giant_Anteater_Male_giant_anteater_male__animationnotmotionextractedfighting_manisetf533c135__giant_anteater_male_fightattack_large_48.npy,The male giant anteater fights and then attacks the large prey,3
P1,P1_OVER_NARRATIVE,train,animo4d_L4_safe,animo4d_official_text,present,False,PZ_Giant_Anteater_Male_giant_anteater_male__animationnotmotionextractedfighting_manisetf533c135__giant_anteater_male_fighttauntreact_51.npy,The male giant anteater fights taunts and then reacts swiftly,3
P1,P1_SOURCE_ACTION_ARTIFACT,train,animo4d_L4_safe,animo4d_official_text,present,False,PZ_Giant_Anteater_Male_giant_anteater_male__animationnotmotionextractedfighting_manisetf533c135__giant_anteater_male_standgimmick01_57.npy,The male giant anteater stands still as part of its gimmick,3
P1,P1_OVER_NARRATIVE,train,animo4d_L4_safe,animo4d_official_text,present,False,PZ_Giant_Anteater_Male_giant_anteater_male__animationnotmotionextractedlocomotion_manisetf86f041b__giant_anteater_male_fightreact_small_81.npy,The male giant anteater fights and then reacts by moving away from the smaller opponent,3
P1,P1_SOURCE_ACTION_ARTIFACT,train,animo4d_L4_safe,animo4d_official_text,present,False,PZ_Giant_Otter_Female_giant_otter_female__animationnotmotionextractedbehaviour_manisetbe373322__giant_otter_female_gimmick_53.npy,The female giant otter performs a playful gimmick by diving into the water and then emerging with a fish,3
P1,P1_SOURCE_ACTION_ARTIFACT,train,animo4d_L4_safe,animo4d_official_text,present,False,PZ_Giant_Otter_Male_giant_otter_male__animationnotmotionextractedbehaviour_maniset2e086e57__giant_otter_male_gimmick_38.npy,The male giant otter performs a playful gimmick by flipping and splashing in the water,3
P1,P1_OVER_NARRATIVE,train,animo4d_L4_safe,animo4d_official_text,present,False,PZ_Giant_Panda_Female_giant_panda_female__animationmotionextractedfighting_manisete3b26574__giant_panda_female_fightchaseoff_1.npy,The female giant panda fights and then chases off the intruder,3
P1,P1_OVER_NARRATIVE,train,animo4d_L4_safe,animo4d_official_text,present,False,PZ_Giant_Panda_Female_giant_panda_female__animationmotionextractedfighting_pounce_maniset46744ac6__giant_panda_female_fightchaseoff_2.npy,The female giant panda fights and then chases off the intruder,3
P1,P1_OVER_NARRATIVE,train,animo4d_L4_safe,animo4d_official_text,present,False,PZ_Giant_Panda_Female_giant_panda_female__animationnotmotionextractedbehaviour_maniset1c0dcb60__giant_panda_female_fightchaseoff_109.npy,The female giant panda fights and then chases off the intruder,3
P1,P1_OVER_NARRATIVE,train,animo4d_L4_safe,animo4d_official_text,present,False,PZ_Giant_Panda_Female_giant_panda_female__animationnotmotionextractedfighting_manisetf4fe50b6__giant_panda_female_fightchaseoff_176.npy,The female giant panda fights and then chases off the intruder,3
P1,P1_OVER_NARRATIVE,train,animo4d_L4_safe,animo4d_official_text,present,False,PZ_Giant_Panda_Female_giant_panda_female__animationnotmotionextractedfighting_manisetf4fe50b6__giant_panda_female_fightreacttodie_178.npy,The female giant panda fights and then reacts to the imminent threat of death,3
P1,P1_OVER_NARRATIVE,train,animo4d_L4_safe,animo4d_official_text,present,False,PZ_Giant_Panda_Female_giant_panda_female__animationnotmotionextractedlocomotion_manisetf2076c1c__giant_panda_female_fighttauntreact_263.npy,The female giant panda fights taunts and then reacts swiftly,3
P1,P1_OVER_NARRATIVE,train,animo4d_L4_safe,animo4d_official_text,present,False,PZ_Giant_Panda_Female_giant_panda_female__animationnotmotionextractedlocomotion_manisetf2076c1c__giant_panda_female_fightvictorytaunt_265.npy,The female giant panda fights wins and then taunts her opponent,3
P1,P1_SOURCE_ACTION_ARTIFACT,train,animo4d_L4_safe,animo4d_official_text,present,False,PZ_Giant_Panda_Juvenile_giant_panda_juvenile__animationnotmotionextractedlocomotion_manisetefd9d5b4__giant_panda_juvenile_standgimmick01_208.npy,The juvenile giant panda stands still as part of its playful gimmick,3
P1,P1_OVER_NARRATIVE;P2_GENERIC_CREATURE_CLASS,train,animo4d_L4_safe,animo4d_official_text,present,False,PZ_Giant_Panda_Male_giant_panda_male__animationmotionextractedfighting_manisetc79a9429__giant_panda_male_fightchaseoff_1.npy,The male giant panda fights and then chases the intruder off,3
P1,P1_OVER_NARRATIVE,train,animo4d_L4_safe,animo4d_official_text,present,False,PZ_Giant_Panda_Male_giant_panda_male__animationmotionextractedfighting_pounce_maniset2795923b__giant_panda_male_fightchaseoff_2.npy,The male giant panda fights and then chases the intruder off,3
P1,P1_OVER_NARRATIVE,train,animo4d_L4_safe,animo4d_official_text,present,False,PZ_Giant_Panda_Male_giant_panda_male__animationmotionextractedlocomotion_maniset63d962f__giant_panda_male_fightchaseoff_20.npy,The male giant panda fights and then chases off the intruder,3
P1,P1_OVER_NARRATIVE,train,animo4d_L4_safe,animo4d_official_text,present,False,PZ_Giant_Panda_Male_giant_panda_male__animationnotmotionextractedbehaviour_maniset203fdf15__giant_panda_male_fightchaseoff_80.npy,The male giant panda fights and then chases off the intruder,3
P1,P1_OVER_NARRATIVE,train,animo4d_L4_safe,animo4d_official_text,present,False,PZ_Giant_Panda_Male_giant_panda_male__animationnotmotionextractedfighting_maniset8abdf32b__giant_panda_male_fightreact_148.npy,The male giant panda fights and then reacts defensively,3
P1,P1_OVER_NARRATIVE,train,animo4d_L4_safe,animo4d_official_text,present,False,PZ_Giant_Panda_Male_giant_panda_male__animationnotmotionextractedlocomotion_manisetcb0d4111__giant_panda_male_fightchaseoff_239.npy,The male giant panda fights and then chases the intruder off,3
P1,P1_OVER_NARRATIVE,train,animo4d_L4_safe,animo4d_official_text,present,False,PZ_Giant_Panda_Male_giant_panda_male__animationnotmotionextractedlocomotion_manisetcb0d4111__giant_panda_male_fightvictorytaunt_243.npy,The male giant panda fights wins and then taunts,3
P1,P1_OVER_NARRATIVE,train,animo4d_L4_safe,animo4d_official_text,present,False,PZ_Gray_Wolf_Female_gray_wolf_female__animationmotionextractedfighting_manisetb1baed52__gray_wolf_female_fighttaunt_4.npy,The female gray wolf fights and then taunts her opponent,3
P1,P1_OVER_NARRATIVE,train,animo4d_L4_safe,animo4d_official_text,present,False,PZ_Gray_Wolf_Female_gray_wolf_female__animationmotionextractedlocomotion_maniset4dc85bd8__gray_wolf_female_fightchaseoff_6.npy,The female gray wolf fights and then chases off her opponent,3
P1,P1_OVER_NARRATIVE,train,animo4d_L4_safe,animo4d_official_text,present,False,PZ_Gray_Wolf_Female_gray_wolf_female__animationmotionextractedlocomotion_maniset4dc85bd8__gray_wolf_female_fighttaunt_9.npy,The female gray wolf fights and then taunts her opponent,3
P1,P1_OVER_NARRATIVE,train,animo4d_L4_safe,animo4d_official_text,present,False,PZ_Gray_Wolf_Female_gray_wolf_female__animationmotionextractedlocomotion_maniset4dc85bd8__gray_wolf_female_fighttauntreact_10.npy,The female gray wolf fights taunts her opponent and then reacts swiftly,3
P1,P1_OVER_NARRATIVE,train,animo4d_L4_safe,animo4d_official_text,present,False,PZ_Gray_Wolf_Female_gray_wolf_female__animationnotmotionextractedbehaviour_maniset1597513e__gray_wolf_female_fightflee_56.npy,The female gray wolf fights and then flees,3
P1,P1_OVER_NARRATIVE,train,animo4d_L4_safe,animo4d_official_text,present,False,PZ_Gray_Wolf_Female_gray_wolf_female__animationnotmotionextractedbehaviour_maniset1597513e__gray_wolf_female_fighttaunt_58.npy,The female gray wolf fights and then taunts her opponent,3
P1,P1_OVER_NARRATIVE,train,animo4d_L4_safe,animo4d_official_text,present,False,PZ_Gray_Wolf_Female_gray_wolf_female__animationnotmotionextractedbehaviour_maniset1597513e__gray_wolf_female_fighttauntreact_59.npy,The female gray wolf fights taunts her opponent and then reacts swiftly,3
P1,P1_SOURCE_ACTION_ARTIFACT,train,animo4d_L4_safe,animo4d_official_text,present,False,PZ_Gray_Wolf_Female_gray_wolf_female__animationnotmotionextractedbehaviour_maniset1597513e__gray_wolf_female_standgimmick01_71.npy,The female gray wolf stands still as a gimmick,3
P1,P1_OVER_NARRATIVE,train,animo4d_L4_safe,animo4d_official_text,present,False,PZ_Gray_Wolf_Female_gray_wolf_female__animationnotmotionextractedfighting_manisete010c714__gray_wolf_female_fightchaseoff_113.npy,The female gray wolf fights and then chases off the intruder,3
P1,P1_SOURCE_ACTION_ARTIFACT,train,animo4d_L4_safe,animo4d_official_text,present,False,PZ_Gray_Wolf_Female_gray_wolf_female__animationnotmotionextractedfighting_manisete010c714__gray_wolf_female_standgimmick01_133.npy,The female gray wolf stands still as a gimmick,3
P1,P1_OVER_NARRATIVE,train,animo4d_L4_safe,animo4d_official_text,present,False,PZ_Gray_Wolf_Female_gray_wolf_female__animationnotmotionextractedlocomotion_maniset7409e17a__gray_wolf_female_fightchaseoff_172.npy,The female gray wolf fights and then chases off the intruder,3
P1,P1_OVER_NARRATIVE,train,animo4d_L4_safe,animo4d_official_text,present,False,PZ_Gray_Wolf_Female_gray_wolf_female__animationnotmotionextractedlocomotion_maniset7409e17a__gray_wolf_female_fighttaunt_177.npy,The female gray wolf fights and then taunts her opponent,1
P1,P1_OVER_NARRATIVE,train,animo4d_L4_safe,animo4d_official_text,present,False,PZ_Gray_Wolf_Male_gray_wolf_male__animationmotionextractedfighting_manisetf7838c87__gray_wolf_male_fighttaunt_3.npy,The male gray wolf fights and then taunts his opponent,3
P1,P1_OVER_NARRATIVE;P2_GENERIC_CREATURE_CLASS,train,animo4d_L4_safe,animo4d_official_text,present,False,PZ_Gray_Wolf_Male_gray_wolf_male__animationmotionextractedlocomotion_maniset78878d8d__gray_wolf_male_fightchaseoff_5.npy,The male gray wolf fights and then chases off the intruder,3
P1,P1_OVER_NARRATIVE,train,animo4d_L4_safe,animo4d_official_text,present,False,PZ_Gray_Wolf_Male_gray_wolf_male__animationnotmotionextractedbehaviour_manisetb525573__gray_wolf_male_fighttaunt_45.npy,The male gray wolf fights and then taunts his opponent,3
P1,P1_SOURCE_ACTION_ARTIFACT,train,animo4d_L4_safe,animo4d_official_text,present,False,PZ_Gray_Wolf_Male_gray_wolf_male__animationnotmotionextractedbehaviour_manisetb525573__gray_wolf_male_standgimmick01_59.npy,The male gray wolf stands still as part of a gimmick,3
P1,P1_OVER_NARRATIVE,train,animo4d_L4_safe,animo4d_official_text,present,False,PZ_Gray_Wolf_Male_gray_wolf_male__animationnotmotionextractedfighting_manisetb7633a09__gray_wolf_male_fightchaseoff_98.npy,The male gray wolf fights and then chases off the intruder,3
P1,P1_OVER_NARRATIVE,train,animo4d_L4_safe,animo4d_official_text,present,False,PZ_Gray_Wolf_Male_gray_wolf_male__animationnotmotionextractedfighting_manisetb7633a09__gray_wolf_male_fightreact_101.npy,The male gray wolf fights and then reacts swiftly,3
P1,P1_OVER_NARRATIVE,train,animo4d_L4_safe,animo4d_official_text,present,False,PZ_Gray_Wolf_Male_gray_wolf_male__animationnotmotionextractedfighting_manisetb7633a09__gray_wolf_male_fighttaunt_103.npy,The male gray wolf fights and then taunts his opponent,3
P1,P1_SOURCE_ACTION_ARTIFACT,train,animo4d_L4_safe,animo4d_official_text,present,False,PZ_Gray_Wolf_Male_gray_wolf_male__animationnotmotionextractedfighting_manisetb7633a09__gray_wolf_male_standgimmick01_117.npy,The male gray wolf stands still as a gimmick,3
P1,P1_OVER_NARRATIVE,train,animo4d_L4_safe,animo4d_official_text,present,False,PZ_Gray_Wolf_Male_gray_wolf_male__animationnotmotionextractedlocomotion_manisetc496c6ef__gray_wolf_male_fightchaseoff_163.npy,The male gray wolf fights and then chases off the intruder,3
P1,P1_OVER_NARRATIVE,train,animo4d_L4_safe,animo4d_official_text,present,False,PZ_Gray_Wolf_Male_gray_wolf_male__animationnotmotionextractedlocomotion_manisetc496c6ef__gray_wolf_male_fighttauntreact_168.npy,The male gray wolf fights taunts and then reacts swiftly,3
P1,P1_OVER_NARRATIVE,train,animo4d_L4_safe,animo4d_official_text,present,False,PZ_Grey_Seal_Male_grey_seal_male__animationnotmotionextractedlocomotion_maniset329c4640__grey_seal_male_standtofight_174.npy,The male grey seal stands still to fight,3
P1,P1_OVER_NARRATIVE,train,animo4d_L4_safe,animo4d_official_text,present,False,PZ_Highland_Cattle_Female_highland_cattle_female__animationmotionextractedfighting_manisetfcaf6c48__highland_cattle_female_fightattack_1.npy,The female highland cattle fights and then attacks,3
P1,P1_OVER_NARRATIVE,train,animo4d_L4_safe,animo4d_official_text,present,False,PZ_Highland_Cattle_Female_highland_cattle_female__animationmotionextractedfighting_manisetfcaf6c48__highland_cattle_female_fightreacttodie_2.npy,The female highland cattle fights and then reacts to the imminent threat before finally succumbing to death,3
P1,P1_OVER_NARRATIVE,train,animo4d_L4_safe,animo4d_official_text,present,False,PZ_Highland_Cattle_Female_highland_cattle_female__animationmotionextractedfighting_manisetfcaf6c48__highland_cattle_female_fighttaunt_3.npy,The female highland cattle fights and then taunts her opponent,3
P1,P1_OVER_NARRATIVE,train,animo4d_L4_safe,animo4d_official_text,present,False,PZ_Highland_Cattle_Female_highland_cattle_female__animationmotionextractedlocomotion_manisetec2f65ce__highland_cattle_female_fighttaunt_9.npy,The female highland cattle fights and then taunts her opponent,3
P1,P1_OVER_NARRATIVE,train,animo4d_L4_safe,animo4d_official_text,present,False,PZ_Highland_Cattle_Female_highland_cattle_female__animationnotmotionextractedbehaviour_maniset43be6634__highland_cattle_female_fightchaseoff_50.npy,The female highland cattle fights and then chases the intruder off,3
P1,P1_OVER_NARRATIVE,train,animo4d_L4_safe,animo4d_official_text,present,False,PZ_Highland_Cattle_Female_highland_cattle_female__animationnotmotionextractedbehaviour_maniset43be6634__highland_cattle_female_fightreact_51.npy,The female highland cattle fights and then reacts defensively,3
P1,P1_OVER_NARRATIVE,train,animo4d_L4_safe,animo4d_official_text,present,False,PZ_Highland_Cattle_Female_highland_cattle_female__animationnotmotionextractedbehaviour_maniset43be6634__highland_cattle_female_fighttauntreact_52.npy,The female highland cattle fights taunts and then reacts swiftly,3
P1,P1_OVER_NARRATIVE,train,animo4d_L4_safe,animo4d_official_text,present,False,PZ_Highland_Cattle_Female_highland_cattle_female__animationnotmotionextractedfighting_manisetb462268a__highland_cattle_female_fightchaseoff_101.npy,The female highland cattle fights and then chases off the intruder,3
P1,P1_OVER_NARRATIVE,train,animo4d_L4_safe,animo4d_official_text,present,False,PZ_Highland_Cattle_Female_highland_cattle_female__animationnotmotionextractedfighting_manisetb462268a__highland_cattle_female_fighttaunt_103.npy,The female highland cattle fights and then taunts her opponent,3
P1,P1_OVER_NARRATIVE,train,animo4d_L4_safe,animo4d_official_text,present,False,PZ_Highland_Cattle_Female_highland_cattle_female__animationnotmotionextractedfighting_manisetb462268a__highland_cattle_female_fighttauntreact_104.npy,The female highland cattle fights taunts and then reacts swiftly,3
P1,P1_OVER_NARRATIVE,train,animo4d_L4_safe,animo4d_official_text,present,False,PZ_Highland_Cattle_Female_highland_cattle_female__animationnotmotionextractedfighting_manisetb462268a__highland_cattle_female_fightvictorytaunt_105.npy,The female highland cattle fights wins and then taunts her opponent,3
P1,P1_SOURCE_ACTION_ARTIFACT,train,animo4d_L4_safe,animo4d_official_text,present,False,PZ_Highland_Cattle_Female_highland_cattle_female__animationnotmotionextractedfighting_manisetb462268a__highland_cattle_female_standgimmick01_114.npy,The female highland cattle stands still as a gimmick,3
P1,P1_OVER_NARRATIVE,train,animo4d_L4_safe,animo4d_official_text,present,False,PZ_Highland_Cattle_Female_highland_cattle_female__animationnotmotionextractedlocomotion_manisetc84a0bf0__highland_cattle_female_fightchaseoff_133.npy,The female highland cattle fights and then chases the intruder off,3
P1,P1_OVER_NARRATIVE,train,animo4d_L4_safe,animo4d_official_text,present,False,PZ_Highland_Cattle_Female_highland_cattle_female__animationnotmotionextractedlocomotion_manisetc84a0bf0__highland_cattle_female_fighttaunt_135.npy,The female highland cattle fights and then taunts her opponent,3
P1,P1_SOURCE_ACTION_ARTIFACT,train,animo4d_L4_safe,animo4d_official_text,present,False,PZ_Highland_Cattle_Female_highland_cattle_female__animationnotmotionextractedlocomotion_manisetc84a0bf0__highland_cattle_female_standgimmick01_144.npy,The female highland cattle stands still as part of her gimmick,3
P1,P1_SOURCE_ACTION_ARTIFACT,train,animo4d_L4_safe,animo4d_official_text,present,False,PZ_Highland_Cattle_Juvenile_highland_cattle_juvenile__animationnotmotionextractedbehaviour_maniset64cb8ecc__highland_cattle_juvenile_standgimmick01_21.npy,The juvenile highland cattle stands still as a gimmick,3
P1,P1_SOURCE_ACTION_ARTIFACT,train,animo4d_L4_safe,animo4d_official_text,present,False,PZ_Highland_Cattle_Juvenile_highland_cattle_juvenile__animationnotmotionextractedlocomotion_maniset6143ba88__highland_cattle_juvenile_standgimmick01_94.npy,The juvenile highland cattle stands still as a gimmick,3
P1,P1_OVER_NARRATIVE,train,animo4d_L4_safe,animo4d_official_text,present,False,PZ_Highland_Cattle_Male_highland_cattle_male__animationmotionextractedfighting_maniseta23fd5fd__highland_cattle_male_fighttaunt_5.npy,The male highland cattle fights and then taunts its opponent,3
P1,P1_OVER_NARRATIVE,train,animo4d_L4_safe,animo4d_official_text,present,False,PZ_Highland_Cattle_Male_highland_cattle_male__animationmotionextractedfighting_maniseta23fd5fd__highland_cattle_male_fighttauntreact_6.npy,The male highland cattle fights taunts and then reacts swiftly,3
P1,P1_OVER_NARRATIVE,train,animo4d_L4_safe,animo4d_official_text,present,False,PZ_Highland_Cattle_Male_highland_cattle_male__animationmotionextractedlocomotion_maniset5297a203__highland_cattle_male_fightchaseoff_8.npy,The male highland cattle fights and then chases off the intruder,3
P1,P1_OVER_NARRATIVE,train,animo4d_L4_safe,animo4d_official_text,present,False,PZ_Highland_Cattle_Male_highland_cattle_male__animationmotionextractedlocomotion_maniset5297a203__highland_cattle_male_fighttaunt_12.npy,The male highland cattle fights and then taunts its opponent,3
P1,P1_OVER_NARRATIVE,train,animo4d_L4_safe,animo4d_official_text,present,False,PZ_Highland_Cattle_Male_highland_cattle_male__animationmotionextractedlocomotion_maniset5297a203__highland_cattle_male_fighttauntreact_13.npy,The male highland cattle fights taunts and then reacts swiftly,3
P1,P1_OVER_NARRATIVE,train,animo4d_L4_safe,animo4d_official_text,present,False,PZ_Highland_Cattle_Male_highland_cattle_male__animationnotmotionextractedbehaviour_manisetdfa3b4e9__highland_cattle_male_fightchaseoff_58.npy,The male highland cattle fights and then chases off the intruder,3
P1,P1_OVER_NARRATIVE,train,animo4d_L4_safe,animo4d_official_text,present,False,PZ_Highland_Cattle_Male_highland_cattle_male__animationnotmotionextractedbehaviour_manisetdfa3b4e9__highland_cattle_male_fighttaunt_61.npy,The male highland cattle fights and then taunts its opponent,3
P1,P1_SOURCE_ACTION_ARTIFACT,train,animo4d_L4_safe,animo4d_official_text,present,False,PZ_Highland_Cattle_Male_highland_cattle_male__animationnotmotionextractedbehaviour_manisetdfa3b4e9__highland_cattle_male_standgimmick01_77.npy,The male highland cattle stands still as part of its gimmick,3
P1,P1_OVER_NARRATIVE,train,animo4d_L4_safe,animo4d_official_text,present,False,PZ_Highland_Cattle_Male_highland_cattle_male__animationnotmotionextractedfighting_maniset55ca43ff__highland_cattle_male_fightchaseoff_118.npy,The male highland cattle fights and then chases off the intruder,3
P1,P1_OVER_NARRATIVE,train,animo4d_L4_safe,animo4d_official_text,present,False,PZ_Highland_Cattle_Male_highland_cattle_male__animationnotmotionextractedfighting_maniset55ca43ff__highland_cattle_male_fighttaunt_123.npy,The male highland cattle fights and then taunts its opponent,3
P1,P1_SOURCE_ACTION_ARTIFACT,train,animo4d_L4_safe,animo4d_official_text,present,False,PZ_Highland_Cattle_Male_highland_cattle_male__animationnotmotionextractedfighting_maniset55ca43ff__highland_cattle_male_standgimmick01_137.npy,The male highland cattle stands still as a gimmick,3
P1,P1_OVER_NARRATIVE,train,animo4d_L4_safe,animo4d_official_text,present,False,PZ_Highland_Cattle_Male_highland_cattle_male__animationnotmotionextractedlocomotion_manisetf2bddbe5__highland_cattle_male_fightchaseoff_184.npy,The male highland cattle fights and then chases off the intruder,3
P1,P1_OVER_NARRATIVE,train,animo4d_L4_safe,animo4d_official_text,present,False,PZ_Highland_Cattle_Male_highland_cattle_male__animationnotmotionextractedlocomotion_manisetf2bddbe5__highland_cattle_male_fightreacttodie_186.npy,The male highland cattle fights reacts and then dies,3
P1,P1_OVER_NARRATIVE,train,animo4d_L4_safe,animo4d_official_text,present,False,PZ_Highland_Cattle_Male_highland_cattle_male__animationnotmotionextractedlocomotion_manisetf2bddbe5__highland_cattle_male_fighttaunt_187.npy,The male highland cattle fights and then taunts its opponent,3
P1,P1_SOURCE_ACTION_ARTIFACT,train,animo4d_L4_safe,animo4d_official_text,present,False,PZ_Highland_Cattle_Male_highland_cattle_male__animationnotmotionextractedlocomotion_manisetf2bddbe5__highland_cattle_male_standgimmick01_210.npy,The male highland cattle stands still as a gimmick,3
P1,P1_OVER_NARRATIVE,train,animo4d_L4_safe,animo4d_official_text,present,False,PZ_Hill_Radnor_Sheep_Female_hill_radnor_sheep_female__animationmotionextractedfighting_manisetc0551ce2__hill_radnor_sheep_female_fightchaseoff_1.npy,The female Radnor sheep fights and then chases off the intruder,3
P1,P1_OVER_NARRATIVE,train,animo4d_L4_safe,animo4d_official_text,present,False,PZ_Hill_Radnor_Sheep_Female_hill_radnor_sheep_female__animationmotionextractedfighting_manisetc0551ce2__hill_radnor_sheep_female_fighttaunt_2.npy,The female Radnor sheep fights and then taunts her opponent,3
P1,P1_OVER_NARRATIVE,train,animo4d_L4_safe,animo4d_official_text,present,False,PZ_Hill_Radnor_Sheep_Female_hill_radnor_sheep_female__animationmotionextractedlocomotion_maniset760fd368__hill_radnor_sheep_female_fightchaseoff_4.npy,The female Radnor sheep fights and then chases off the intruder,3
P1,P1_OVER_NARRATIVE,train,animo4d_L4_safe,animo4d_official_text,present,False,PZ_Hill_Radnor_Sheep_Female_hill_radnor_sheep_female__animationmotionextractedlocomotion_maniset760fd368__hill_radnor_sheep_female_fighttaunt_5.npy,The female Radnor sheep fights and then taunts her opponent,3
P1,P1_OVER_NARRATIVE,train,animo4d_L4_safe,animo4d_official_text,present,False,PZ_Hill_Radnor_Sheep_Female_hill_radnor_sheep_female__animationmotionextractedlocomotion_maniset760fd368__hill_radnor_sheep_female_fighttauntreact_6.npy,The female Radnor sheep fights taunts and then reacts swiftly,3
P1,P1_OVER_NARRATIVE,train,animo4d_L4_safe,animo4d_official_text,present,False,PZ_Hill_Radnor_Sheep_Female_hill_radnor_sheep_female__animationnotmotionextractedbehaviour_maniset7cf010ce__hill_radnor_sheep_female_fightchaseoff_33.npy,The female Radnor sheep fights and then chases off the intruder,3
P1,P1_OVER_NARRATIVE,train,animo4d_L4_safe,animo4d_official_text,present,False,PZ_Hill_Radnor_Sheep_Female_hill_radnor_sheep_female__animationnotmotionextractedfighting_maniset381462a4__hill_radnor_sheep_female_fightchaseoff_78.npy,The female Radnor sheep fights and then chases off the intruder,3
P1,P1_OVER_NARRATIVE,train,animo4d_L4_safe,animo4d_official_text,present,False,PZ_Hill_Radnor_Sheep_Female_hill_radnor_sheep_female__animationnotmotionextractedfighting_maniset381462a4__hill_radnor_sheep_female_fighttaunt_80.npy,The female Radnor sheep fights and then taunts her opponent,3
P1,P1_OVER_NARRATIVE,train,animo4d_L4_safe,animo4d_official_text,present,False,PZ_Hill_Radnor_Sheep_Female_hill_radnor_sheep_female__animationnotmotionextractedlocomotion_maniset1490c50a__hill_radnor_sheep_female_fightchaseoff_129.npy,The female Radnor sheep fights and then chases off the intruder,3
P1,P1_OVER_NARRATIVE,train,animo4d_L4_safe,animo4d_official_text,present,False,PZ_Hill_Radnor_Sheep_Female_hill_radnor_sheep_female__animationnotmotionextractedlocomotion_maniset1490c50a__hill_radnor_sheep_female_fighttaunt_131.npy,The female Radnor sheep fights and then taunts her opponent,3
P1,P1_OVER_NARRATIVE,train,animo4d_L4_safe,animo4d_official_text,present,False,PZ_Hill_Radnor_Sheep_Juvenile_hill_radnor_sheep_juvenile__animationmotionextractedfighting_manisetf69dbbfa__hill_radnor_sheep_juvenile_fightchaseoff_3.npy,The juvenile Radnor sheep fights and then chases off its rival,3
P1,P1_OVER_NARRATIVE,train,animo4d_L4_safe,animo4d_official_text,present,False,PZ_Hill_Radnor_Sheep_Juvenile_hill_radnor_sheep_juvenile__animationmotionextractedlocomotion_manisetcf423e80__hill_radnor_sheep_juvenile_fightchaseoff_7.npy,The juvenile Radnor sheep fights and then chases off its opponent,3
P1,P1_SOURCE_ACTION_ARTIFACT,train,animo4d_L4_safe,animo4d_official_text,present,False,PZ_Hill_Radnor_Sheep_Juvenile_hill_radnor_sheep_juvenile__animationnotmotionextractedbehaviour_manisetb11247e6__hill_radnor_sheep_juvenile_standgimmick01_86.npy,The juvenile Radnor sheep stands still as part of its gimmick,3
P1,P1_SOURCE_ACTION_ARTIFACT,train,animo4d_L4_safe,animo4d_official_text,present,False,PZ_Hill_Radnor_Sheep_Juvenile_hill_radnor_sheep_juvenile__animationnotmotionextractedfighting_maniseta78df3bc__hill_radnor_sheep_juvenile_standgimmick01_143.npy,The juvenile Radnor sheep stands still as a gimmick,3
P1,P1_OVER_NARRATIVE,train,animo4d_L4_safe,animo4d_official_text,present,False,PZ_Hill_Radnor_Sheep_Juvenile_hill_radnor_sheep_juvenile__animationnotmotionextractedlocomotion_manisetda1d2222__hill_radnor_sheep_juvenile_fightchaseoff_180.npy,The juvenile Radnor sheep fights and then chases off its opponent,3
P1,P1_OVER_NARRATIVE,train,animo4d_L4_safe,animo4d_official_text,present,False,PZ_Hill_Radnor_Sheep_Male_hill_radnor_sheep_male__animationmotionextractedfighting_maniset57ac9817__hill_radnor_sheep_male_fighttaunt_3.npy,The male Radnor sheep fights and then taunts its opponent,3
P1,P1_OVER_NARRATIVE,train,animo4d_L4_safe,animo4d_official_text,present,False,PZ_Hill_Radnor_Sheep_Male_hill_radnor_sheep_male__animationmotionextractedlocomotion_maniset966be11d__hill_radnor_sheep_male_fightattack_4.npy,The male Radnor sheep fights and then attacks,3
P1,P1_OVER_NARRATIVE,train,animo4d_L4_safe,animo4d_official_text,present,False,PZ_Hill_Radnor_Sheep_Male_hill_radnor_sheep_male__animationmotionextractedlocomotion_maniset966be11d__hill_radnor_sheep_male_fighttaunt_6.npy,The male Radnor sheep fights and then taunts its opponent,3
P1,P1_OVER_NARRATIVE;P2_GENERIC_CREATURE_CLASS,train,animo4d_L4_safe,animo4d_official_text,present,False,PZ_Hill_Radnor_Sheep_Male_hill_radnor_sheep_male__animationnotmotionextractedbehaviour_maniset6355f103__hill_radnor_sheep_male_fightchaseoff_44.npy,The male Radnor sheep fights and then chases the intruder off,3
P1,P1_OVER_NARRATIVE,train,animo4d_L4_safe,animo4d_official_text,present,False,PZ_Hill_Radnor_Sheep_Male_hill_radnor_sheep_male__animationnotmotionextractedfighting_manisetdfaab199__hill_radnor_sheep_male_fighttaunt_113.npy,The male Radnor sheep fights and then taunts its opponent,3
P1,P1_OVER_NARRATIVE,train,animo4d_L4_safe,animo4d_official_text,present,False,PZ_Hill_Radnor_Sheep_Male_hill_radnor_sheep_male__animationnotmotionextractedfighting_manisetdfaab199__hill_radnor_sheep_male_fighttauntreact_114.npy,The male Radnor sheep fights taunts and then reacts swiftly,3
P1,P1_OVER_NARRATIVE,train,animo4d_L4_safe,animo4d_official_text,present,False,PZ_Hill_Radnor_Sheep_Male_hill_radnor_sheep_male__animationnotmotionextractedlocomotion_maniset2bef867f__hill_radnor_sheep_male_fightattack_165.npy,The male Radnor sheep fights and then attacks,3
P1,P1_OVER_NARRATIVE,train,animo4d_L4_safe,animo4d_official_text,present,False,PZ_Hill_Radnor_Sheep_Male_hill_radnor_sheep_male__animationnotmotionextractedlocomotion_maniset2bef867f__hill_radnor_sheep_male_fightchaseoff_166.npy,The male Radnor sheep fights and then chases off the intruder,3
P1,P1_OVER_NARRATIVE,train,animo4d_L4_safe,animo4d_official_text,present,False,PZ_Hill_Radnor_Sheep_Male_hill_radnor_sheep_male__animationnotmotionextractedlocomotion_maniset2bef867f__hill_radnor_sheep_male_fighttaunt_168.npy,The male Radnor sheep fights and then taunts its opponent,3
P1,P1_OVER_NARRATIVE,train,animo4d_L4_safe,animo4d_official_text,present,False,PZ_Hippopotamus_Female_hippopotamus_female__animationmotionextractedfighting_maniset33565244__hippopotamus_female_fightchaseoff_1.npy,The female hippopotamus fights and then chases off the intruder,3
P1,P1_OVER_NARRATIVE,train,animo4d_L4_safe,animo4d_official_text,present,False,PZ_Hippopotamus_Female_hippopotamus_female__animationnotmotionextractedbehaviour_manisetbbf98830__hippopotamus_female_fightchaseoff_63.npy,The female hippopotamus fights and then chases off the intruder,3
P1,P1_OVER_NARRATIVE,train,animo4d_L4_safe,animo4d_official_text,present,False,PZ_Hippopotamus_Female_hippopotamus_female__animationnotmotionextractedfighting_maniset6e349986__hippopotamus_female_fightchaseoff_134.npy,The female hippopotamus fights and then chases the intruder off,3
P1,P1_OVER_NARRATIVE,train,animo4d_L4_safe,animo4d_official_text,present,False,PZ_Hippopotamus_Female_hippopotamus_female__animationnotmotionextractedfighting_maniset6e349986__hippopotamus_female_fighttaunt_138.npy,The female hippopotamus fights and then taunts her opponent,3
P1,P1_OVER_NARRATIVE,train,animo4d_L4_safe,animo4d_official_text,present,False,PZ_Hippopotamus_Female_hippopotamus_female__animationnotmotionextractedfighting_maniset6e349986__hippopotamus_female_fightvictorytaunt_141.npy,The female hippopotamus fights achieves victory and then taunts her opponent,3
P1,P1_SOURCE_ACTION_ARTIFACT,train,animo4d_L4_safe,animo4d_official_text,present,False,PZ_Hippopotamus_Female_hippopotamus_female__animationnotmotionextractedfighting_maniset6e349986__hippopotamus_female_standgimmick01_158.npy,The female hippopotamus stands still as a playful gimmick,3
P1,P1_OVER_NARRATIVE,train,animo4d_L4_safe,animo4d_official_text,present,False,PZ_Hippopotamus_Female_hippopotamus_female__animationnotmotionextractedlocomotion_maniset3bd59cec__hippopotamus_female_fightchaseoff_203.npy,The female hippopotamus fights and then chases off the intruder,3
P1,P1_OVER_NARRATIVE,train,animo4d_L4_safe,animo4d_official_text,present,False,PZ_Hippopotamus_Female_hippopotamus_female__animationnotmotionextractedlocomotion_maniset3bd59cec__hippopotamus_female_fighttaunt_207.npy,The female hippopotamus fights and then taunts her opponent,3
P1,P1_OVER_NARRATIVE,train,animo4d_L4_safe,animo4d_official_text,present,False,PZ_Hippopotamus_Female_hippopotamus_female__animationnotmotionextractedlocomotion_maniset3bd59cec__hippopotamus_female_fighttauntreact_208.npy,The female hippopotamus fights taunts her opponent and then reacts swiftly,3
P1,P1_OVER_NARRATIVE,train,animo4d_L4_safe,animo4d_official_text,present,False,PZ_Hippopotamus_Female_hippopotamus_female__animationnotmotionextractedlocomotion_maniset3bd59cec__hippopotamus_female_fightvictorytaunt_210.npy,The female hippopotamus fights achieves victory and then taunts her opponent,3
P1,P1_SOURCE_ACTION_ARTIFACT,train,animo4d_L4_safe,animo4d_official_text,present,False,PZ_Hippopotamus_Female_hippopotamus_female__animationnotmotionextractedlocomotion_maniset3bd59cec__hippopotamus_female_standgimmick01_227.npy,The female hippopotamus stands still as a playful gimmick,3
P1,P1_OVER_NARRATIVE,train,animo4d_L4_safe,animo4d_official_text,present,False,PZ_Hippopotamus_Male_hippopotamus_male__animationmotionextractedfighting_maniset44bd0cf9__hippopotamus_male_fightchaseoff_2.npy,The male hippopotamus fights and then chases off the intruder,3
P1,P1_OVER_NARRATIVE,train,animo4d_L4_safe,animo4d_official_text,present,False,PZ_Hippopotamus_Male_hippopotamus_male__animationmotionextractedlocomotion_manisetce8ff6ff__hippopotamus_male_fightchaseoff_11.npy,The male hippopotamus fights and then chases off the intruder,3
P1,P1_SOURCE_ACTION_ARTIFACT,train,animo4d_L4_safe,animo4d_official_text,present,False,PZ_Hippopotamus_Male_hippopotamus_male__animationnotmotionextractedbehaviour_maniset997627e5__hippopotamus_male_standgimmick01_136.npy,The male hippopotamus stands still as part of a gimmick,3
P1,P1_OVER_NARRATIVE,train,animo4d_L4_safe,animo4d_official_text,present,False,PZ_Hippopotamus_Male_hippopotamus_male__animationnotmotionextractedfighting_manisetb12bc7fb__hippopotamus_male_fightvictorytaunt_185.npy,The male hippopotamus fights wins and then taunts his opponent,3
P1,P1_SOURCE_ACTION_ARTIFACT,train,animo4d_L4_safe,animo4d_official_text,present,False,PZ_Hippopotamus_Male_hippopotamus_male__animationnotmotionextractedfighting_manisetb12bc7fb__hippopotamus_male_standgimmick01_200.npy,The male hippopotamus stands still as a playful gimmick,3
P1,P1_OVER_NARRATIVE,train,animo4d_L4_safe,animo4d_official_text,present,False,PZ_Hippopotamus_Male_hippopotamus_male__animationnotmotionextractedlocomotion_maniset6af8fde1__hippopotamus_male_fightchaseoff_243.npy,The male hippopotamus fights and then chases off the intruder,3
P1,P1_OVER_NARRATIVE,train,animo4d_L4_safe,animo4d_official_text,present,False,PZ_Hippopotamus_Male_hippopotamus_male__animationnotmotionextractedlocomotion_maniset6af8fde1__hippopotamus_male_fightpouncefromonspot_245.npy,The male hippopotamus fights by pouncing from a stationary spot,3
P1,P1_OVER_NARRATIVE,train,animo4d_L4_safe,animo4d_official_text,present,False,PZ_Hippopotamus_Male_hippopotamus_male__animationnotmotionextractedlocomotion_maniset6af8fde1__hippopotamus_male_fighttaunt_247.npy,The male hippopotamus fights and then taunts his opponent,3
P1,P1_OVER_NARRATIVE,train,animo4d_L4_safe,animo4d_official_text,present,False,PZ_Indian_Elephant_Female_indian_elephant_female__animationmotionextractedfighting_maniset2e1a965b__indian_elephant_female_fightchaseoff_1.npy,The female Indian elephant fights and then chases the intruder off,3
P1,P1_OVER_NARRATIVE,train,animo4d_L4_safe,animo4d_official_text,present,False,PZ_Indian_Elephant_Female_indian_elephant_female__animationnotmotionextractedbehaviour_manisetbfeff347__indian_elephant_female_fightchaseoff_49.npy,The female Indian elephant fights and then chases off the intruder,3
P1,P1_SOURCE_ACTION_ARTIFACT,train,animo4d_L4_safe,animo4d_official_text,present,False,PZ_Indian_Elephant_Female_indian_elephant_female__animationnotmotionextractedbehaviour_manisetbfeff347__indian_elephant_female_standgimmick02_64.npy,The female Indian elephant stands still as a playful gimmick,3
P1,P1_OVER_NARRATIVE,train,animo4d_L4_safe,animo4d_official_text,present,False,PZ_Indian_Elephant_Female_indian_elephant_female__animationnotmotionextractedlocomotion_maniset171329c3__indian_elephant_female_fighttauntreact_178.npy,The female Indian elephant fights taunts and then reacts swiftly,3
P1,P1_SOURCE_ACTION_ARTIFACT,train,animo4d_L4_safe,animo4d_official_text,present,False,PZ_Indian_Elephant_Female_indian_elephant_female__animationnotmotionextractedlocomotion_maniset171329c3__indian_elephant_female_standgimmick01_196.npy,The female Indian elephant stands still and then performs a playful gimmick,3
P1,P1_SOURCE_ACTION_ARTIFACT,train,animo4d_L4_safe,animo4d_official_text,present,False,PZ_Indian_Elephant_Juvenile_indian_elephant_juvenile__animationnotmotionextractedbehaviour_manisetb394ac9f__indian_elephant_juvenile_standgimmick01_67.npy,The juvenile Indian elephant stands still as a playful gimmick,3
P1,P1_SOURCE_ACTION_ARTIFACT,train,animo4d_L4_safe,animo4d_official_text,present,False,PZ_Indian_Elephant_Juvenile_indian_elephant_juvenile__animationnotmotionextractedbehaviour_manisetb394ac9f__indian_elephant_juvenile_standgimmick02_68.npy,The juvenile Indian elephant stands still as a playful gimmick,3
P1,P1_SOURCE_ACTION_ARTIFACT,train,animo4d_L4_safe,animo4d_official_text,present,False,PZ_Indian_Elephant_Juvenile_indian_elephant_juvenile__animationnotmotionextractedlocomotion_maniset86cb991b__indian_elephant_juvenile_standgimmick01_140.npy,The juvenile Indian elephant stands still as a gimmick,3
P1,P1_OVER_NARRATIVE,train,animo4d_L4_safe,animo4d_official_text,present,False,PZ_Indian_Elephant_Male_indian_elephant_male__animationmotionextractedlocomotion_maniset8b759cd6__indian_elephant_male_fightchaseoff_2.npy,The male Indian elephant fights and then chases off the intruder,3
P1,P1_OVER_NARRATIVE,train,animo4d_L4_safe,animo4d_official_text,present,False,PZ_Indian_Elephant_Male_indian_elephant_male__animationnotmotionextractedbehaviour_manisetf9d8e13c__indian_elephant_male_fightchaseoff_48.npy,The male Indian elephant fights and then chases the opponent off,3
P1,P1_SOURCE_ACTION_ARTIFACT,train,animo4d_L4_safe,animo4d_official_text,present,False,PZ_Indian_Elephant_Male_indian_elephant_male__animationnotmotionextractedbehaviour_manisetf9d8e13c__indian_elephant_male_standgimmick02_62.npy,The male Indian elephant stands still as a gimmick,3
P1,P1_OVER_NARRATIVE,train,animo4d_L4_safe,animo4d_official_text,present,False,PZ_Indian_Elephant_Male_indian_elephant_male__animationnotmotionextractedfighting_maniset3e123f92__indian_elephant_male_fighttauntreact_111.npy,The male Indian elephant fights taunts and then reacts with a powerful trunk swing,3
P1,P1_SOURCE_ACTION_ARTIFACT,train,animo4d_L4_safe,animo4d_official_text,present,False,PZ_Indian_Elephant_Male_indian_elephant_male__animationnotmotionextractedfighting_maniset3e123f92__indian_elephant_male_standgimmick01_125.npy,The male Indian elephant stands still as a gimmick,3
P1,P1_OVER_NARRATIVE,train,animo4d_L4_safe,animo4d_official_text,present,False,PZ_Indian_Elephant_Male_indian_elephant_male__animationnotmotionextractedlocomotion_maniset6eef68f8__indian_elephant_male_fighttauntreact_170.npy,The male Indian elephant fights taunts and then reacts aggressively,3
P1,P1_SOURCE_ACTION_ARTIFACT,train,animo4d_L4_safe,animo4d_official_text,present,False,PZ_Indian_Elephant_Male_indian_elephant_male__animationnotmotionextractedlocomotion_maniset6eef68f8__indian_elephant_male_standgimmick01_186.npy,The male Indian elephant stands still as a gimmick,3
P1,P1_OVER_NARRATIVE,train,animo4d_L4_safe,animo4d_official_text,present,False,PZ_Indian_Rhinoceros_Female_indian_rhinoceros_female__animationmotionextractedlocomotion_manisetb44dfbe6__indian_rhinoceros_female_fightchaseoff_2.npy,The female Indian rhinoceros fights and then chases off the intruder,3
P1,P1_OVER_NARRATIVE,train,animo4d_L4_safe,animo4d_official_text,present,False,PZ_Indian_Rhinoceros_Female_indian_rhinoceros_female__animationnotmotionextractedbehaviour_maniset86ea484c__indian_rhinoceros_female_fightchaseoff_34.npy,The female Indian rhinoceros fights and then chases off the intruder,3
P1,P1_SOURCE_ACTION_ARTIFACT,train,animo4d_L4_safe,animo4d_official_text,present,False,PZ_Indian_Rhinoceros_Female_indian_rhinoceros_female__animationnotmotionextractedbehaviour_maniset86ea484c__indian_rhinoceros_female_standgimmick01_44.npy,The female Indian rhinoceros stands still as a protective gimmick,3
P1,P1_SOURCE_ACTION_ARTIFACT,train,animo4d_L4_safe,animo4d_official_text,present,False,PZ_Indian_Rhinoceros_Juvenile_indian_rhinoceros_juvenile__animationnotmotionextractedbehaviour_maniset227856e4__indian_rhinoceros_juvenile_standgimmick01_65.npy,The juvenile Indian rhinoceros stands still as a gimmick,3
P1,P1_SOURCE_ACTION_ARTIFACT,train,animo4d_L4_safe,animo4d_official_text,present,False,PZ_Indian_Rhinoceros_Juvenile_indian_rhinoceros_juvenile__animationnotmotionextractedlocomotion_maniset3d42e8a0__indian_rhinoceros_juvenile_standgimmick01_129.npy,The juvenile Indian rhinoceros stands still as a gimmick,3
P1,P1_OVER_NARRATIVE,train,animo4d_L4_safe,animo4d_official_text,present,False,PZ_Indian_Rhinoceros_Male_indian_rhinoceros_male__animationmotionextractedlocomotion_maniset1d69d21b__indian_rhinoceros_male_fightchaseoff_2.npy,The male Indian rhinoceros fights and then chases off the intruder,3
P1,P1_OVER_NARRATIVE,train,animo4d_L4_safe,animo4d_official_text,present,False,PZ_Indian_Rhinoceros_Male_indian_rhinoceros_male__animationnotmotionextractedbehaviour_maniset29c03101__indian_rhinoceros_male_fightchaseoff_38.npy,The male Indian rhinoceros fights and then chases off the intruder,3
P1,P1_OVER_NARRATIVE,train,animo4d_L4_safe,animo4d_official_text,present,False,PZ_Indian_Rhinoceros_Male_indian_rhinoceros_male__animationnotmotionextractedfighting_maniset1de8da17__indian_rhinoceros_male_fightchaseoff_90.npy,The male Indian rhinoceros fights and then chases off the intruder,3
P1,P1_OVER_NARRATIVE,train,animo4d_L4_safe,animo4d_official_text,present,False,PZ_Indian_Rhinoceros_Male_indian_rhinoceros_male__animationnotmotionextractedlocomotion_maniset35e9bdfd__indian_rhinoceros_male_fightchaseoff_146.npy,The male Indian rhinoceros fights and then chases off the intruder,3
P1,P1_OVER_NARRATIVE,train,animo4d_L4_safe,animo4d_official_text,present,False,PZ_Indian_Rhinoceros_Male_indian_rhinoceros_male__animationnotmotionextractedlocomotion_maniset35e9bdfd__indian_rhinoceros_male_fighttaunt_149.npy,The male Indian rhinoceros fights and then taunts its opponent,3
P1,P1_OVER_NARRATIVE,train,animo4d_L4_safe,animo4d_official_text,present,False,PZ_Jaguar_Female_jaguar_female__animationmotionextractedfighting_manisetc153cf03__jaguar_female_fightchaseoff_1.npy,The female jaguar fights and then chases the intruder off,3
P1,P1_OVER_NARRATIVE,train,animo4d_L4_safe,animo4d_official_text,present,False,PZ_Jaguar_Female_jaguar_female__animationmotionextractedfighting_manisetc153cf03__jaguar_female_fighttauntreact_4.npy,The female jaguar fights taunts her opponent and then reacts swiftly,3
P1,P1_OVER_NARRATIVE,train,animo4d_L4_safe,animo4d_official_text,present,False,PZ_Jaguar_Female_jaguar_female__animationmotionextractedlocomotion_maniset5d6cae09__jaguar_female_fightchaseoff_31.npy,The female jaguar fights and then chases off her opponent,3
P1,P1_OVER_NARRATIVE,train,animo4d_L4_safe,animo4d_official_text,present,False,PZ_Jaguar_Female_jaguar_female__animationmotionextractedlocomotion_maniset5d6cae09__jaguar_female_fighttauntreact_34.npy,The female jaguar fights taunts her opponent and then reacts swiftly to the counterattack,3
P1,P1_OVER_NARRATIVE,train,animo4d_L4_safe,animo4d_official_text,present,False,PZ_Jaguar_Female_jaguar_female__animationmotionextractedpounce_maniset63e15226__jaguar_female_fightchaseoff_115.npy,The female jaguar fights and then chases the intruder off,3
P1,P1_OVER_NARRATIVE,train,animo4d_L4_safe,animo4d_official_text,present,False,PZ_Jaguar_Female_jaguar_female__animationmotionextractedpounce_maniset63e15226__jaguar_female_fighttauntreact_117.npy,The female jaguar fights taunts her opponent and then reacts swiftly,3
P1,P1_OVER_NARRATIVE,train,animo4d_L4_safe,animo4d_official_text,present,False,PZ_Jaguar_Female_jaguar_female__animationnotmotionextractedbehaviour_maniset268b53ef__jaguar_female_fightchaseoff_181.npy,The female jaguar fights and then chases the intruder off,3
P1,P1_OVER_NARRATIVE,train,animo4d_L4_safe,animo4d_official_text,present,False,PZ_Jaguar_Female_jaguar_female__animationnotmotionextractedlocomotion_maniset9209546b__jaguar_female_fightchaseoff_352.npy,The female jaguar fights and then chases off her opponent,3
P1,P1_OVER_NARRATIVE,train,animo4d_L4_safe,animo4d_official_text,present,False,PZ_Jaguar_Female_jaguar_female__animationnotmotionextractedlocomotion_maniset9209546b__jaguar_female_fightidle_353.npy,The female jaguar fights fiercely,3
P1,P1_OVER_NARRATIVE,train,animo4d_L4_safe,animo4d_official_text,present,False,PZ_Jaguar_Female_jaguar_female__animationnotmotionextractedlocomotion_maniset9209546b__jaguar_female_fighttauntreact_355.npy,The female jaguar fights taunts her opponent and then reacts swiftly,3
P1,P1_OVER_NARRATIVE,train,animo4d_L4_safe,animo4d_official_text,present,False,PZ_Jaguar_Male_jaguar_male__animationmotionextractedfighting_maniset83664df8__jaguar_male_fightchaseoff_1.npy,The male jaguar fights and then chases off its opponent,3
P1,P1_OVER_NARRATIVE,train,animo4d_L4_safe,animo4d_official_text,present,False,PZ_Jaguar_Male_jaguar_male__animationmotionextractedlocomotion_manisetd1df9f7e__jaguar_male_fightchaseoff_31.npy,The male jaguar fights and then chases the intruder off,3
P1,P1_OVER_NARRATIVE,train,animo4d_L4_safe,animo4d_official_text,present,False,PZ_Jaguar_Male_jaguar_male__animationmotionextractedlocomotion_manisetd1df9f7e__jaguar_male_fighttauntreact_34.npy,The male jaguar fights taunts and then reacts swiftly,3
P1,P1_OVER_NARRATIVE,train,animo4d_L4_safe,animo4d_official_text,present,False,PZ_Jaguar_Male_jaguar_male__animationmotionextractedpounce_maniset66b2723b__jaguar_male_fightreacttofendoff_116.npy,The male jaguar fights and reacts swiftly to fend off the threat,3
P1,P1_OVER_NARRATIVE,train,animo4d_L4_safe,animo4d_official_text,present,False,PZ_Jaguar_Male_jaguar_male__animationmotionextractedpounce_maniset66b2723b__jaguar_male_fighttauntreact_117.npy,The male jaguar fights taunts and then reacts swiftly,3
P1,P1_OVER_NARRATIVE,train,animo4d_L4_safe,animo4d_official_text,present,False,PZ_Jaguar_Male_jaguar_male__animationmotionextractedpounce_maniset66b2723b__jaguar_male_fighttaunttostand_118.npy,The male jaguar fights taunts and then stands still,3
P1,P1_OVER_NARRATIVE,train,animo4d_L4_safe,animo4d_official_text,present,False,PZ_Jaguar_Male_jaguar_male__animationnotmotionextractedbehaviour_maniset9553f7e4__jaguar_male_fighttauntreact_181.npy,The male jaguar fights taunts and then reacts swiftly,3
P1,P1_OVER_NARRATIVE,train,animo4d_L4_safe,animo4d_official_text,present,False,PZ_Jaguar_Male_jaguar_male__animationnotmotionextractedfighting_manisetc7078c3a__jaguar_male_fightchaseoff_326.npy,The male jaguar fights and then chases the intruder off,3
P1,P1_OVER_NARRATIVE,train,animo4d_L4_safe,animo4d_official_text,present,False,PZ_Jaguar_Male_jaguar_male__animationnotmotionextractedfighting_manisetc7078c3a__jaguar_male_fighttauntreact_328.npy,The male jaguar fights taunts and then reacts swiftly,3
P1,P1_OVER_NARRATIVE,train,animo4d_L4_safe,animo4d_official_text,present,False,PZ_Jaguar_Male_jaguar_male__animationnotmotionextractedfightingpounce_maniseteb0d816d__jaguar_male_fightidle_254.npy,The male jaguar fiercely fights,3
P1,P1_OVER_NARRATIVE,train,animo4d_L4_safe,animo4d_official_text,present,False,PZ_Jaguar_Male_jaguar_male__animationnotmotionextractedlocomotion_manisetd58ac9a0__jaguar_male_fight_pouncefromrunturnl_416.npy,The male jaguar runs turns left and then pounces from a fight,3
P1,P1_OVER_NARRATIVE,train,animo4d_L4_safe,animo4d_official_text,present,False,PZ_Jaguar_Male_jaguar_male__animationnotmotionextractedlocomotion_manisetd58ac9a0__jaguar_male_fightchaseoff_413.npy,The male jaguar fights and then chases the intruder off,3
P1,P1_OVER_NARRATIVE,train,animo4d_L4_safe,animo4d_official_text,present,False,PZ_Jaguar_Male_jaguar_male__animationnotmotionextractedlocomotion_manisetd58ac9a0__jaguar_male_fightidle_414.npy,The male jaguar fiercely fights,3
P1,P1_OVER_NARRATIVE,train,animo4d_L4_safe,animo4d_official_text,present,False,PZ_Japanese_Macaque_Female_japanese_macaque_female__animationmotionextractedfighting_manisetb78c0e00__japanese_macaque_female_fightchaseoff_2.npy,The female Japanese macaque fights and then chases off her opponent,3
P1,P1_OVER_NARRATIVE,train,animo4d_L4_safe,animo4d_official_text,present,False,PZ_Japanese_Macaque_Female_japanese_macaque_female__animationmotionextractedlocomotion_maniset23762386__japanese_macaque_female_fightchaseoff_9.npy,The female Japanese macaque fights and then chases off her opponent,3
P1,P1_SOURCE_ACTION_ARTIFACT,train,animo4d_L4_safe,animo4d_official_text,present,False,PZ_Japanese_Macaque_Female_japanese_macaque_female__animationnotmotionextractedbehaviour_maniset171d3fec__japanese_macaque_female_standgimmick01_53.npy,The female Japanese macaque stands still as a gimmick,3
P1,P1_SOURCE_ACTION_ARTIFACT,train,animo4d_L4_safe,animo4d_official_text,present,False,PZ_Japanese_Macaque_Female_japanese_macaque_female__animationnotmotionextractedfighting_manisetd84f3242__japanese_macaque_female_standgimmick01_107.npy,The female Japanese macaque stands still as a gimmick,3
P1,P1_OVER_NARRATIVE,train,animo4d_L4_safe,animo4d_official_text,present,False,PZ_Japanese_Macaque_Female_japanese_macaque_female__animationnotmotionextractedlocomotion_maniseteec633a8__japanese_macaque_female_fightchaseoff_150.npy,The female Japanese macaque fights and then chases off her opponent,3
P1,P1_SOURCE_ACTION_ARTIFACT,train,animo4d_L4_safe,animo4d_official_text,present,False,PZ_Japanese_Macaque_Female_japanese_macaque_female__animationnotmotionextractedlocomotion_maniseteec633a8__japanese_macaque_female_standgimmick01_165.npy,The female Japanese macaque stands still as a gimmick,3
P1,P1_OVER_NARRATIVE,train,animo4d_L4_safe,animo4d_official_text,present,False,PZ_Japanese_Macaque_Male_japanese_macaque_male__animationmotionextractedfighting_maniseta398a9b5__japanese_macaque_male_fightchaseoff_3.npy,The male Japanese macaque fights and then chases off the opponent,3
P1,P1_OVER_NARRATIVE,train,animo4d_L4_safe,animo4d_official_text,present,False,PZ_Japanese_Macaque_Male_japanese_macaque_male__animationmotionextractedlocomotion_maniset372391bb__japanese_macaque_male_fightchaseoff_19.npy,The male Japanese macaque fights and then chases the opponent off,3
P1,P1_OVER_NARRATIVE,train,animo4d_L4_safe,animo4d_official_text,present,False,PZ_Japanese_Macaque_Male_japanese_macaque_male__animationnotmotionextractedfighting_maniset8d1101b7__japanese_macaque_male_fightchaseoff_127.npy,The male Japanese macaque fights and then chases off the opponent,3
P1,P1_OVER_NARRATIVE,train,animo4d_L4_safe,animo4d_official_text,present,False,PZ_Japanese_Macaque_Male_japanese_macaque_male__animationnotmotionextractedlocomotion_manisetc61cb59d__japanese_macaque_male_fightchaseoff_187.npy,The male Japanese macaque fights and then chases off the opponent,3
P1,P1_OVER_NARRATIVE,train,animo4d_L4_safe,animo4d_official_text,present,False,PZ_Komodo_Dragon_Female_komodo_dragon_female__animationmotionextractedfighting_maniset9695d53e__komodo_dragon_female_fightchaseoff_1.npy,The female komodo dragon fights and then chases off the intruder,3
P1,P1_OVER_NARRATIVE,train,animo4d_L4_safe,animo4d_official_text,present,False,PZ_Komodo_Dragon_Female_komodo_dragon_female__animationmotionextractedlocomotion_maniset746d59c4__komodo_dragon_female_fightchaseoff_2.npy,The female komodo dragon fights and then chases off her opponent,3
P1,P1_OVER_NARRATIVE,train,animo4d_L4_safe,animo4d_official_text,present,False,PZ_Komodo_Dragon_Female_komodo_dragon_female__animationmotionextractedpounce_maniset5af77541__komodo_dragon_female_fightchaseoff_45.npy,The female komodo dragon fights and then chases off her opponent,3
P1,P1_OVER_NARRATIVE,train,animo4d_L4_safe,animo4d_official_text,present,False,PZ_Komodo_Dragon_Female_komodo_dragon_female__animationnotmotionextractedbehaviour_manisete121652a__komodo_dragon_female_fightchaseoff_95.npy,The female komodo dragon fights and then chases off the intruder,3
P1,P1_OVER_NARRATIVE,train,animo4d_L4_safe,animo4d_official_text,present,False,PZ_Komodo_Dragon_Female_komodo_dragon_female__animationnotmotionextractedfighting_maniset43ecf000__komodo_dragon_female_fighttaunt_141.npy,The female komodo dragon fights and then taunts her opponent,3
P1,P1_OVER_NARRATIVE,train,animo4d_L4_safe,animo4d_official_text,present,False,PZ_Komodo_Dragon_Female_komodo_dragon_female__animationnotmotionextractedlocomotion_maniset4a68a066__komodo_dragon_female_fightchaseoff_180.npy,The female komodo dragon fights and then chases off her opponent,3
P1,P1_OVER_NARRATIVE,train,animo4d_L4_safe,animo4d_official_text,present,False,PZ_Komodo_Dragon_Female_komodo_dragon_female__animationnotmotionextractedlocomotion_maniset4a68a066__komodo_dragon_female_fighttaunt_181.npy,The female komodo dragon fights and then taunts her opponent,3
P1,P1_OVER_NARRATIVE,train,animo4d_L4_safe,animo4d_official_text,present,False,PZ_Komodo_Dragon_Juvenile_komodo_dragon_juvenile__animationmotionextractedfighting_maniset5fedfb56__komodo_dragon_juvenile_fightchaseoff_1.npy,The juvenile komodo dragon fights and then chases off its rival,3
P1,P1_OVER_NARRATIVE,train,animo4d_L4_safe,animo4d_official_text,present,False,PZ_Komodo_Dragon_Juvenile_komodo_dragon_juvenile__animationmotionextractedlocomotion_manisetdb1acbdc__komodo_dragon_juvenile_fightchaseoff_3.npy,The juvenile komodo dragon fights and then chases off its rival,3
P1,P1_OVER_NARRATIVE,train,animo4d_L4_safe,animo4d_official_text,present,False,PZ_Komodo_Dragon_Juvenile_komodo_dragon_juvenile__animationnotmotionextractedfighting_manisetbbf4818__komodo_dragon_juvenile_fightchaseoff_148.npy,The juvenile komodo dragon fights and then chases off its opponent,3
P1,P1_OVER_NARRATIVE,train,animo4d_L4_safe,animo4d_official_text,present,False,PZ_Komodo_Dragon_Juvenile_komodo_dragon_juvenile__animationnotmotionextractedfighting_manisetbbf4818__komodo_dragon_juvenile_fighttauntreact_151.npy,The juvenile komodo dragon fights taunts its opponent and then reacts swiftly,3
P1,P1_OVER_NARRATIVE,train,animo4d_L4_safe,animo4d_official_text,present,False,PZ_Komodo_Dragon_Juvenile_komodo_dragon_juvenile__animationnotmotionextractedlocomotion_manisete559447e__komodo_dragon_juvenile_fightchaseoff_185.npy,The juvenile komodo dragon fights and then chases off its rival,3
P1,P1_OVER_NARRATIVE,train,animo4d_L4_safe,animo4d_official_text,present,False,PZ_Komodo_Dragon_Juvenile_komodo_dragon_juvenile__animationnotmotionextractedlocomotion_manisete559447e__komodo_dragon_juvenile_fighttaunt_187.npy,The juvenile komodo dragon fights and then taunts its opponent,3
P1,P1_OVER_NARRATIVE,train,animo4d_L4_safe,animo4d_official_text,present,False,PZ_Komodo_Dragon_Male_komodo_dragon_male__animationmotionextractedlocomotion_manisetffbc2079__komodo_dragon_male_fightchaseoff_2.npy,The male komodo dragon fights and then chases off its opponent,3
P1,P1_OVER_NARRATIVE,train,animo4d_L4_safe,animo4d_official_text,present,False,PZ_Komodo_Dragon_Male_komodo_dragon_male__animationnotmotionextractedfighting_manisetde0837f5__komodo_dragon_male_fightchaseoff_114.npy,The male komodo dragon fights and then chases off its rival,3
P1,P1_OVER_NARRATIVE,train,animo4d_L4_safe,animo4d_official_text,present,False,PZ_Komodo_Dragon_Male_komodo_dragon_male__animationnotmotionextractedfighting_manisetde0837f5__komodo_dragon_male_fighttaunt_115.npy,The male komodo dragon fights and then taunts its opponent,3
P1,P1_OVER_NARRATIVE,train,animo4d_L4_safe,animo4d_official_text,present,False,PZ_Komodo_Dragon_Male_komodo_dragon_male__animationnotmotionextractedlocomotion_maniset9020dadb__komodo_dragon_male_fightchaseoff_164.npy,The male komodo dragon fights and then chases off its opponent,3
P1,P1_OVER_NARRATIVE,train,animo4d_L4_safe,animo4d_official_text,present,False,PZ_Komodo_Dragon_Male_komodo_dragon_male__animationnotmotionextractedlocomotion_maniset9020dadb__komodo_dragon_male_fighttaunt_165.npy,The male komodo dragon fights and then taunts its opponent,3
P1,P1_SOURCE_ACTION_ARTIFACT,train,animo4d_L4_safe,animo4d_official_text,present,False,PZ_Llama_Female_llama_female__animationnotmotionextractedbehaviour_maniset621f8841__llama_female_standgimmick01_60.npy,The female llama stands still and performs a quirky gimmick,3
P1,P1_OVER_NARRATIVE,train,animo4d_L4_safe,animo4d_official_text,present,False,PZ_Llama_Female_llama_female__animationnotmotionextractedfighting_maniset4c096157__llama_female_fighttaunt_107.npy,The female llama fights and then taunts her opponent,3
P1,P1_SOURCE_ACTION_ARTIFACT,train,animo4d_L4_safe,animo4d_official_text,present,False,PZ_Llama_Female_llama_female__animationnotmotionextractedfighting_maniset4c096157__llama_female_standgimmick01_123.npy,The female llama stands still performing a playful gimmick,3
P1,P1_OVER_NARRATIVE,train,animo4d_L4_safe,animo4d_official_text,present,False,PZ_Llama_Female_llama_female__animationnotmotionextractedlocomotion_maniset37be53d__llama_female_fighttaunt_170.npy,The female llama fights and then taunts her opponent,3
P1,P1_OVER_NARRATIVE,train,animo4d_L4_safe,animo4d_official_text,present,False,PZ_Llama_Female_llama_female__animationnotmotionextractedlocomotion_maniset37be53d__llama_female_fightvictorytaunt_172.npy,The female llama fights wins and then taunts her opponent,3
P1,P1_SOURCE_ACTION_ARTIFACT,train,animo4d_L4_safe,animo4d_official_text,present,False,PZ_Llama_Female_llama_female__animationnotmotionextractedlocomotion_maniset37be53d__llama_female_standgimmick01_191.npy,The female llama stands still as part of her gimmick,3
P1,P1_SOURCE_ACTION_ARTIFACT,train,animo4d_L4_safe,animo4d_official_text,present,False,PZ_Llama_Juvenile_llama_juvenile__animationnotmotionextractedbehaviour_maniset9ffd6819__llama_juvenile_standgimmick01_43.npy,The juvenile llama stands still as part of its playful gimmick,3
P1,P1_SOURCE_ACTION_ARTIFACT,train,animo4d_L4_safe,animo4d_official_text,present,False,PZ_Llama_Juvenile_llama_juvenile__animationnotmotionextractedfighting_maniset8cbd6b2f__llama_juvenile_standgimmick01_84.npy,The juvenile llama stands still as part of its playful gimmick,3
P1,P1_SOURCE_ACTION_ARTIFACT,train,animo4d_L4_safe,animo4d_official_text,present,False,PZ_Llama_Juvenile_llama_juvenile__animationnotmotionextractedlocomotion_maniset30511b15__llama_juvenile_standgimmick01_135.npy,The juvenile llama stands still as part of its playful gimmick,3
P1,P1_SOURCE_ACTION_ARTIFACT,train,animo4d_L4_safe,animo4d_official_text,present,False,PZ_Llama_Male_llama_male__animationnotmotionextractedfighting_manisete8da678c__llama_male_standgimmick01_106.npy,The male llama stands still as part of its gimmick,3
P1,P1_OVER_NARRATIVE,train,animo4d_L4_safe,animo4d_official_text,present,False,PZ_Llama_Male_llama_male__animationnotmotionextractedlocomotion_maniset111efdf2__llama_male_fighttaunt_133.npy,The male llama fights and then taunts its opponent,3
P1,P1_SOURCE_ACTION_ARTIFACT,train,animo4d_L4_safe,animo4d_official_text,present,False,PZ_Llama_Male_llama_male__animationnotmotionextractedlocomotion_maniset111efdf2__llama_male_standgimmick01_141.npy,The male llama stands still as part of its gimmick,3
P1,P1_OVER_NARRATIVE,train,animo4d_L4_safe,animo4d_official_text,present,False,PZ_Malayan_Tapir_Juvenile_malayan_tapir_juvenile__animationnotmotionextractedfighting_manisetb8dd39e3__malayan_tapir_juvenile_fighttaunt_77.npy,The juvenile Malayan tapir fights and then taunts its opponent,3
P1,P1_SOURCE_ACTION_ARTIFACT,train,animo4d_L4_safe,animo4d_official_text,present,False,PZ_Malayan_Tapir_Juvenile_malayan_tapir_juvenile__animationnotmotionextractedfighting_manisetb8dd39e3__malayan_tapir_juvenile_standgimmick01_87.npy,The juvenile Malayan tapir stands still as a gimmick,3
P1,P1_OVER_NARRATIVE,train,animo4d_L4_safe,animo4d_official_text,present,False,PZ_Malayan_Tapir_Juvenile_malayan_tapir_juvenile__animationnotmotionextractedlocomotion_manisetf06123c9__malayan_tapir_juvenile_fightidle_124.npy,The juvenile Malayan tapir fights with its companion,3
P1,P1_OVER_NARRATIVE,train,animo4d_L4_safe,animo4d_official_text,present,False,PZ_Malayan_Tapir_Juvenile_malayan_tapir_juvenile__animationnotmotionextractedlocomotion_manisetf06123c9__malayan_tapir_juvenile_fighttaunt_125.npy,The juvenile Malayan tapir fights and then taunts its opponent,1
P1,P1_OVER_NARRATIVE,train,animo4d_L4_safe,animo4d_official_text,present,False,PZ_Malayan_Tapir_Juvenile_malayan_tapir_juvenile__animationnotmotionextractedlocomotion_manisetf06123c9__malayan_tapir_juvenile_fighttauntreact_126.npy,The juvenile Malayan tapir fights taunts its opponent and then reacts defensively,3
P1,P1_OVER_NARRATIVE,train,animo4d_L4_safe,animo4d_official_text,present,False,PZ_Malayan_Tapir_Juvenile_malayan_tapir_juvenile__animationnotmotionextractedlocomotion_manisetf06123c9__malayan_tapir_juvenile_fightvictorytaunt_127.npy,The juvenile Malayan tapir fights achieves victory and then taunts its opponent,3
P1,P1_SOURCE_ACTION_ARTIFACT,train,animo4d_L4_safe,animo4d_official_text,present,False,PZ_Malayan_Tapir_Juvenile_malayan_tapir_juvenile__animationnotmotionextractedlocomotion_manisetf06123c9__malayan_tapir_juvenile_standgimmick01_136.npy,The juvenile Malayan tapir stands still as a gimmick,3
P1,P1_OVER_NARRATIVE,train,animo4d_L4_safe,animo4d_official_text,present,False,PZ_Malayan_Tapir_Male_malayan_tapir_male__animationmotionextractedfighting_maniset743bb17e__malayan_tapir_male_fightreact_35.npy,The male Malayan tapir fights and then reacts defensively,3
P1,P1_OVER_NARRATIVE,train,animo4d_L4_safe,animo4d_official_text,present,False,PZ_Mandrill_Female_mandrill_female__animationmotionextractedfighting_maniset155e8120__mandrill_female_fighttaunt_5.npy,The female mandrill fights and then taunts her opponent,3
P1,P1_OVER_NARRATIVE,train,animo4d_L4_safe,animo4d_official_text,present,False,PZ_Mandrill_Female_mandrill_female__animationmotionextractedfighting_maniset155e8120__mandrill_female_fighttauntreact_6.npy,The female mandrill fights taunts and then reacts swiftly,3
P1,P1_OVER_NARRATIVE,train,animo4d_L4_safe,animo4d_official_text,present,False,PZ_Mandrill_Female_mandrill_female__animationmotionextractedlocomotion_maniset3d8d26a6__mandrill_female_fighttaunt_35.npy,The female mandrill fights and then taunts her opponent,3
P1,P1_OVER_NARRATIVE,train,animo4d_L4_safe,animo4d_official_text,present,False,PZ_Mandrill_Female_mandrill_female__animationmotionextractedlocomotion_maniset3d8d26a6__mandrill_female_fighttauntreact_36.npy,The female mandrill fights taunts her opponent and then reacts swiftly,3
P1,P1_OVER_NARRATIVE,train,animo4d_L4_safe,animo4d_official_text,present,False,PZ_Mandrill_Female_mandrill_female__animationnotmotionextractedbehaviour_maniset9d40d30c__mandrill_female_fighttaunt_116.npy,The female mandrill fights and then taunts her opponent,3
P1,P1_SOURCE_ACTION_ARTIFACT,train,animo4d_L4_safe,animo4d_official_text,present,False,PZ_Mandrill_Female_mandrill_female__animationnotmotionextractedbehaviour_maniset9d40d30c__mandrill_female_standgimmick01_132.npy,The female mandrill stands still as part of her gimmick,3
P1,P1_OVER_NARRATIVE,train,animo4d_L4_safe,animo4d_official_text,present,False,PZ_Mandrill_Female_mandrill_female__animationnotmotionextractedfighting_manisetd4337d62__mandrill_female_fighttaunt_189.npy,The female mandrill fights and then taunts her opponent,3
P1,P1_SOURCE_ACTION_ARTIFACT,train,animo4d_L4_safe,animo4d_official_text,present,False,PZ_Mandrill_Female_mandrill_female__animationnotmotionextractedfighting_manisetd4337d62__mandrill_female_standgimmick01_201.npy,The female mandrill stands still as part of her gimmick,3
P1,P1_OVER_NARRATIVE,train,animo4d_L4_safe,animo4d_official_text,present,False,PZ_Mandrill_Female_mandrill_female__animationnotmotionextractedlocomotion_maniset8c1b0ec8__mandrill_female_fightreacttodie_268.npy,The female mandrill fights and then reacts to the threat before dying,3
P1,P1_OVER_NARRATIVE,train,animo4d_L4_safe,animo4d_official_text,present,False,PZ_Mandrill_Female_mandrill_female__animationnotmotionextractedlocomotion_maniset8c1b0ec8__mandrill_female_fighttaunt_269.npy,The female mandrill fights and then taunts her opponent,3
P1,P1_SOURCE_ACTION_ARTIFACT,train,animo4d_L4_safe,animo4d_official_text,present,False,PZ_Mandrill_Female_mandrill_female__animationnotmotionextractedlocomotion_maniset8c1b0ec8__mandrill_female_standgimmick01_286.npy,The female mandrill stands still as a gimmick,3
P1,P1_OVER_NARRATIVE,train,animo4d_L4_safe,animo4d_official_text,present,False,PZ_Mandrill_Juvenile_mandrill_juvenile__animationmotionextractedfighting_manisetb39127b8__mandrill_juvenile_fightreact_5.npy,The juvenile mandrill reacts by swiftly moving away to avoid a fight,3
P1,P1_OVER_NARRATIVE,train,animo4d_L4_safe,animo4d_official_text,present,False,PZ_Mandrill_Juvenile_mandrill_juvenile__animationmotionextractedfighting_manisetb39127b8__mandrill_juvenile_fighttaunt_7.npy,The juvenile mandrill fights and then taunts its opponent,3
P1,P1_OVER_NARRATIVE,train,animo4d_L4_safe,animo4d_official_text,present,False,PZ_Mandrill_Juvenile_mandrill_juvenile__animationmotionextractedlocomotion_maniset6b61593e__mandrill_juvenile_fighttaunt_29.npy,The juvenile mandrill fights and then taunts its opponent,3
P1,P1_OVER_NARRATIVE,train,animo4d_L4_safe,animo4d_official_text,present,False,PZ_Mandrill_Juvenile_mandrill_juvenile__animationnotmotionextractedbehaviour_maniset289c91a4__mandrill_juvenile_fighttaunt_95.npy,The juvenile mandrill fights and then taunts its opponent,3
P1,P1_OVER_NARRATIVE,train,animo4d_L4_safe,animo4d_official_text,present,False,PZ_Mandrill_Juvenile_mandrill_juvenile__animationnotmotionextractedlocomotion_maniset5d60d360__mandrill_juvenile_fightflee_220.npy,The juvenile mandrill fights and then flees,3
P1,P1_OVER_NARRATIVE,train,animo4d_L4_safe,animo4d_official_text,present,False,PZ_Mandrill_Male_mandrill_male__animationmotionextractedfighting_manisetfdf3d4d5__mandrill_male_fightreact_1.npy,The male mandrill fights and then reacts swiftly,3
P1,P1_OVER_NARRATIVE,train,animo4d_L4_safe,animo4d_official_text,present,False,PZ_Mandrill_Male_mandrill_male__animationmotionextractedlocomotion_maniset535f4cdb__mandrill_male_fightreact_18.npy,The male mandrill fights and then reacts swiftly,3
P1,P1_OVER_NARRATIVE,train,animo4d_L4_safe,animo4d_official_text,present,False,PZ_Mandrill_Male_mandrill_male__animationnotmotionextractedbehaviour_manisetff750bc1__mandrill_male_fightreact_73.npy,The male mandrill fights and then reacts swiftly,3
P1,P1_OVER_NARRATIVE,train,animo4d_L4_safe,animo4d_official_text,present,False,PZ_Mandrill_Male_mandrill_male__animationnotmotionextractedfighting_maniseta72804d7__mandrill_male_fighttaunt_161.npy,The male mandrill fights and then taunts his opponent,3
P1,P1_OVER_NARRATIVE,train,animo4d_L4_safe,animo4d_official_text,present,False,PZ_Mandrill_Male_mandrill_male__animationnotmotionextractedlocomotion_maniset4c4048bd__mandrill_male_fighttaunt_237.npy,The male mandrill fights and then taunts his opponent,3
P1,P1_OVER_NARRATIVE,train,animo4d_L4_safe,animo4d_official_text,present,False,PZ_Maned_Wolf_Juvenile_maned_wolf_juvenile__animationmotionextractedfighting_maniset7d26bbe1__maned_wolf_juvenile_fightchaseoff_1.npy,The juvenile maned wolf fights and then chases off its opponent,3
P1,P1_OVER_NARRATIVE,train,animo4d_L4_safe,animo4d_official_text,present,False,PZ_Maned_Wolf_Juvenile_maned_wolf_juvenile__animationmotionextractedlocomotion_maniset7086d9e7__maned_wolf_juvenile_fightreacttodie_5.npy,The juvenile maned wolf fights reacts and then dies,3
P1,P1_OVER_NARRATIVE,train,animo4d_L4_safe,animo4d_official_text,present,False,PZ_Maned_Wolf_Juvenile_maned_wolf_juvenile__animationnotmotionextractedbehaviour_maniset50743ecd__maned_wolf_juvenile_fightchaseoff_43.npy,The juvenile maned wolf fights and then chases off its opponent,3
P1,P1_OVER_NARRATIVE,train,animo4d_L4_safe,animo4d_official_text,present,False,PZ_Maned_Wolf_Juvenile_maned_wolf_juvenile__animationnotmotionextractedbehaviour_maniset50743ecd__maned_wolf_juvenile_fighttaunt_46.npy,The juvenile maned wolf fights and then taunts its opponent,3
P1,P1_OVER_NARRATIVE,train,animo4d_L4_safe,animo4d_official_text,present,False,PZ_Maned_Wolf_Juvenile_maned_wolf_juvenile__animationnotmotionextractedfighting_manisetac6704e3__maned_wolf_juvenile_fightchaseoff_92.npy,The juvenile maned wolf fights and then chases off its rival,3
P1,P1_OVER_NARRATIVE,train,animo4d_L4_safe,animo4d_official_text,present,False,PZ_Maned_Wolf_Juvenile_maned_wolf_juvenile__animationnotmotionextractedfighting_manisetac6704e3__maned_wolf_juvenile_fighttaunt_95.npy,The juvenile maned wolf fights and then taunts its opponent,3
P1,P1_OVER_NARRATIVE,train,animo4d_L4_safe,animo4d_official_text,present,False,PZ_Maned_Wolf_Juvenile_maned_wolf_juvenile__animationnotmotionextractedlocomotion_manisetd9d86ec9__maned_wolf_juvenile_fightchaseoff_148.npy,The juvenile maned wolf fights and then chases off its opponent,3
P1,P1_OVER_NARRATIVE,train,animo4d_L4_safe,animo4d_official_text,present,False,PZ_Maned_Wolf_Juvenile_maned_wolf_juvenile__animationnotmotionextractedlocomotion_manisetd9d86ec9__maned_wolf_juvenile_fighttaunt_151.npy,The juvenile maned wolf fights and then taunts its opponent,3
P1,P1_OVER_NARRATIVE,train,animo4d_L4_safe,animo4d_official_text,present,False,PZ_Maned_Wolf_Male_maned_wolf_male__animationmotionextractedbehaviour_maniset2c5ffb68__maned_wolf_male_fightidle_4.npy,The male maned wolf fights fiercely,3
P1,P1_OVER_NARRATIVE,train,animo4d_L4_safe,animo4d_official_text,present,False,PZ_Maned_Wolf_Male_maned_wolf_male__animationmotionextractedbehaviour_maniset2c5ffb68__maned_wolf_male_fightreact_5.npy,The male maned wolf fights and then reacts swiftly,3
P1,P1_OVER_NARRATIVE,train,animo4d_L4_safe,animo4d_official_text,present,False,PZ_Maned_Wolf_Male_maned_wolf_male__animationmotionextractedbehaviour_maniset2c5ffb68__maned_wolf_male_fighttaunt_7.npy,The male maned wolf fights and then taunts its opponent,3
P1,P1_SOURCE_ACTION_ARTIFACT,train,animo4d_L4_safe,animo4d_official_text,present,False,PZ_Maned_Wolf_Male_maned_wolf_male__animationmotionextractedbehaviour_maniset2c5ffb68__maned_wolf_male_standgimmick01_21.npy,The male maned wolf stands still as a clever gimmick,3
P1,P1_OVER_NARRATIVE,train,animo4d_L4_safe,animo4d_official_text,present,False,PZ_Maned_Wolf_Male_maned_wolf_male__animationmotionextractedfighting_manisetbbfbbc7e__maned_wolf_male_fighttaunt_62.npy,The male maned wolf fights and then taunts its opponent,3
P1,P1_OVER_NARRATIVE,train,animo4d_L4_safe,animo4d_official_text,present,False,PZ_Maned_Wolf_Male_maned_wolf_male__animationmotionextractedfighting_manisetbbfbbc7e__maned_wolf_male_fighttauntreact_63.npy,The male maned wolf fights taunts and then reacts swiftly,3
P1,P1_SOURCE_ACTION_ARTIFACT,train,animo4d_L4_safe,animo4d_official_text,present,False,PZ_Maned_Wolf_Male_maned_wolf_male__animationmotionextractedfighting_manisetbbfbbc7e__maned_wolf_male_standgimmick01_75.npy,The male maned wolf stands still as part of its gimmick,3
P1,P1_OVER_NARRATIVE,train,animo4d_L4_safe,animo4d_official_text,present,False,PZ_Maned_Wolf_Male_maned_wolf_male__animationmotionextractedlocomotion_maniset1cf4e104__maned_wolf_male_fighttaunt_113.npy,The male maned wolf fights and then taunts its opponent,3
P1,P1_OVER_NARRATIVE,train,animo4d_L4_safe,animo4d_official_text,present,False,PZ_Maned_Wolf_Male_maned_wolf_male__animationnotmotionextractedbehaviour_maniset49a8c6a__maned_wolf_male_fighttaunt_177.npy,The male maned wolf fights and then taunts his opponent,3
P1,P1_SOURCE_ACTION_ARTIFACT,train,animo4d_L4_safe,animo4d_official_text,present,False,PZ_Maned_Wolf_Male_maned_wolf_male__animationnotmotionextractedbehaviour_maniset49a8c6a__maned_wolf_male_standgimmick01_192.npy,The male maned wolf stands still as part of its gimmick,3
P1,P1_OVER_NARRATIVE,train,animo4d_L4_safe,animo4d_official_text,present,False,PZ_Maned_Wolf_Male_maned_wolf_male__animationnotmotionextractedfighting_maniset2c734740__maned_wolf_male_fighttaunt_250.npy,The male maned wolf fights and then taunts its opponent,3
P1,P1_OVER_NARRATIVE,train,animo4d_L4_safe,animo4d_official_text,present,False,PZ_Maned_Wolf_Male_maned_wolf_male__animationnotmotionextractedfighting_maniset2c734740__maned_wolf_male_fighttauntreact_251.npy,The male maned wolf fights taunts and then reacts swiftly,3
P1,P1_OVER_NARRATIVE,train,animo4d_L4_safe,animo4d_official_text,present,False,PZ_Maned_Wolf_Male_maned_wolf_male__animationnotmotionextractedfighting_maniset2c734740__maned_wolf_male_fighttostand_252.npy,The male maned wolf fights and then stands still,3
P1,P1_SOURCE_ACTION_ARTIFACT,train,animo4d_L4_safe,animo4d_official_text,present,False,PZ_Maned_Wolf_Male_maned_wolf_male__animationnotmotionextractedfighting_maniset2c734740__maned_wolf_male_standgimmick01_270.npy,The male maned wolf stands still as a gimmick,3
P1,P1_OVER_NARRATIVE,train,animo4d_L4_safe,animo4d_official_text,present,False,PZ_Maned_Wolf_Male_maned_wolf_male__animationnotmotionextractedlocomotion_maniset30c897a6__maned_wolf_male_fighttaunt_328.npy,The male maned wolf fights and then taunts its opponent,3
P1,P1_SOURCE_ACTION_ARTIFACT,train,animo4d_L4_safe,animo4d_official_text,present,False,PZ_Maned_Wolf_Male_maned_wolf_male__animationnotmotionextractedlocomotion_maniset30c897a6__maned_wolf_male_standgimmick01_347.npy,The male maned wolf stands still as a gimmick,1
P1,P1_SOURCE_ACTION_ARTIFACT,train,animo4d_L4_safe,animo4d_official_text,present,False,PZ_Meerkat_Juvenile_meerkat_juvenile__animationmotionextractedbehaviour_maniset89bb6282__meerkat_juvenile_gimmicklooptostand_3.npy,The juvenile meerkat uses a gimmick to stand still,3
P1,P1_SOURCE_ACTION_ARTIFACT,train,animo4d_L4_safe,animo4d_official_text,present,False,PZ_Meerkat_Juvenile_meerkat_juvenile__animationmotionextractedbehaviour_maniset89bb6282__meerkat_juvenile_standtogimmickloop_6.npy,The juvenile meerkat stands still to gimmick,3
P1,P1_OVER_NARRATIVE,train,animo4d_L4_safe,animo4d_official_text,present,False,PZ_Meerkat_Juvenile_meerkat_juvenile__animationmotionextractedfighting_manisetbd3e9518__meerkat_juvenile_fightchaseoff_11.npy,The juvenile meerkat fights and then chases off the intruder,3
P1,P1_SOURCE_ACTION_ARTIFACT,train,animo4d_L4_safe,animo4d_official_text,present,False,PZ_Meerkat_Juvenile_meerkat_juvenile__animationmotionextractedfighting_manisetbd3e9518__meerkat_juvenile_gimmicklooptostand_12.npy,The juvenile meerkat uses a gimmick to stand still,3
P1,P1_SOURCE_ACTION_ARTIFACT,train,animo4d_L4_safe,animo4d_official_text,present,False,PZ_Meerkat_Juvenile_meerkat_juvenile__animationmotionextractedlocomotion_maniset3ec6769e__meerkat_juvenile_gimmicklooptostand_21.npy,The juvenile meerkat uses a gimmick to stand still,3
P1,P1_SOURCE_ACTION_ARTIFACT,train,animo4d_L4_safe,animo4d_official_text,present,False,PZ_Meerkat_Juvenile_meerkat_juvenile__animationmotionextractedlocomotion_maniset3ec6769e__meerkat_juvenile_standtogimmickloop_29.npy,The juvenile meerkat stands still to gimmick,3
P1,P1_SOURCE_ACTION_ARTIFACT,train,animo4d_L4_safe,animo4d_official_text,present,False,PZ_Meerkat_Juvenile_meerkat_juvenile__animationnotmotionextractedbehaviour_maniset3a115f04__meerkat_juvenile_diggimmick_45.npy,The juvenile meerkat digs a gimmick into the ground,3
P1,P1_OVER_NARRATIVE,train,animo4d_L4_safe,animo4d_official_text,present,False,PZ_Meerkat_Juvenile_meerkat_juvenile__animationnotmotionextractedbehaviour_maniset3a115f04__meerkat_juvenile_fightchaseoff_52.npy,The juvenile meerkat fights and then chases off the intruder,3
P1,P1_SOURCE_ACTION_ARTIFACT;P2_GENERIC_CREATURE_CLASS,train,animo4d_L4_safe,animo4d_official_text,present,False,PZ_Meerkat_Juvenile_meerkat_juvenile__animationnotmotionextractedbehaviour_maniset3a115f04__meerkat_juvenile_gimmickloop01_55.npy,The juvenile meerkat performs a playful gimmick by scampering around and then suddenly stopping,3
P1,P1_SOURCE_ACTION_ARTIFACT,train,animo4d_L4_safe,animo4d_official_text,present,False,PZ_Meerkat_Juvenile_meerkat_juvenile__animationnotmotionextractedbehaviour_maniset3a115f04__meerkat_juvenile_gimmicklooptostand_56.npy,The juvenile meerkat uses a gimmick to stand still,1
P1,P1_SOURCE_ACTION_ARTIFACT,train,animo4d_L4_safe,animo4d_official_text,present,False,PZ_Meerkat_Juvenile_meerkat_juvenile__animationnotmotionextractedbehaviour_maniset3a115f04__meerkat_juvenile_standtogimmickloop_73.npy,The juvenile meerkat stands still and then performs a gimmick,3
P1,P1_SOURCE_ACTION_ARTIFACT,train,animo4d_L4_safe,animo4d_official_text,present,False,PZ_Meerkat_Juvenile_meerkat_juvenile__animationnotmotionextractedfighting_maniset900ab5a__meerkat_juvenile_diggimmick_92.npy,The juvenile meerkat digs a gimmick hole,3
P1,P1_OVER_NARRATIVE,train,animo4d_L4_safe,animo4d_official_text,present,False,PZ_Meerkat_Juvenile_meerkat_juvenile__animationnotmotionextractedfighting_maniset900ab5a__meerkat_juvenile_fightchaseoff_100.npy,The juvenile meerkat fights and then chases off the intruder,3
P1,P1_OVER_NARRATIVE,train,animo4d_L4_safe,animo4d_official_text,present,False,PZ_Meerkat_Juvenile_meerkat_juvenile__animationnotmotionextractedfighting_maniset900ab5a__meerkat_juvenile_fighttaunt_102.npy,The juvenile meerkat fights and then taunts its opponent,3
P1,P1_SOURCE_ACTION_ARTIFACT,train,animo4d_L4_safe,animo4d_official_text,present,False,PZ_Meerkat_Juvenile_meerkat_juvenile__animationnotmotionextractedfighting_maniset900ab5a__meerkat_juvenile_gimmickloop01_106.npy,The juvenile meerkat performs a playful gimmick by scampering around and then suddenly stopping,3
P1,P1_SOURCE_ACTION_ARTIFACT,train,animo4d_L4_safe,animo4d_official_text,present,False,PZ_Meerkat_Juvenile_meerkat_juvenile__animationnotmotionextractedfighting_maniset900ab5a__meerkat_juvenile_gimmickloop02_107.npy,The juvenile meerkat performs a playful gimmick by scampering around,3
P1,P1_SOURCE_ACTION_ARTIFACT,train,animo4d_L4_safe,animo4d_official_text,present,False,PZ_Meerkat_Juvenile_meerkat_juvenile__animationnotmotionextractedfighting_maniset900ab5a__meerkat_juvenile_gimmicklooptostand_108.npy,The juvenile meerkat uses a gimmick to stand still,1
P1,P1_SOURCE_ACTION_ARTIFACT,train,animo4d_L4_safe,animo4d_official_text,present,False,PZ_Meerkat_Juvenile_meerkat_juvenile__animationnotmotionextractedfighting_maniset900ab5a__meerkat_juvenile_standtogimmickloop_126.npy,The juvenile meerkat stands still to gimmick,3
P1,P1_SOURCE_ACTION_ARTIFACT,train,animo4d_L4_safe,animo4d_official_text,present,False,PZ_Meerkat_Juvenile_meerkat_juvenile__animationnotmotionextractedlocomotion_maniset9f3e78c0__meerkat_juvenile_diggimmick_145.npy,The juvenile meerkat digs a small hole as a playful gimmick,3
P1,P1_OVER_NARRATIVE,train,animo4d_L4_safe,animo4d_official_text,present,False,PZ_Meerkat_Juvenile_meerkat_juvenile__animationnotmotionextractedlocomotion_maniset9f3e78c0__meerkat_juvenile_fighttaunt_156.npy,The juvenile meerkat fights and then taunts its opponent,3
P1,P1_SOURCE_ACTION_ARTIFACT,train,animo4d_L4_safe,animo4d_official_text,present,False,PZ_Meerkat_Juvenile_meerkat_juvenile__animationnotmotionextractedlocomotion_maniset9f3e78c0__meerkat_juvenile_gimmickloop01_160.npy,The juvenile meerkat performs a playful gimmick by scampering around and then suddenly stopping,3
P1,P1_SOURCE_ACTION_ARTIFACT,train,animo4d_L4_safe,animo4d_official_text,present,False,PZ_Meerkat_Juvenile_meerkat_juvenile__animationnotmotionextractedlocomotion_maniset9f3e78c0__meerkat_juvenile_gimmicklooptostand_162.npy,The juvenile meerkat uses a gimmick to stand still,1
P1,P1_SOURCE_ACTION_ARTIFACT,train,animo4d_L4_safe,animo4d_official_text,present,False,PZ_Meerkat_Juvenile_meerkat_juvenile__animationnotmotionextractedlocomotion_maniset9f3e78c0__meerkat_juvenile_standtogimmickloop_180.npy,The juvenile meerkat stands still to gimmick,3
P1,P1_SOURCE_ACTION_ARTIFACT,train,animo4d_L4_safe,animo4d_official_text,present,False,PZ_Meerkat_Male_meerkat_male__animationmotionextractedbehaviour_maniset5f721adf__meerkat_male_gimmicklooptostand_6.npy,The male meerkat uses a gimmick to stand still,3
P1,P1_SOURCE_ACTION_ARTIFACT,train,animo4d_L4_safe,animo4d_official_text,present,False,PZ_Meerkat_Male_meerkat_male__animationmotionextractedbehaviour_maniset5f721adf__meerkat_male_standtogimmickloop_8.npy,The male meerkat stands still to gimmick,3
P1,P1_SOURCE_ACTION_ARTIFACT,train,animo4d_L4_safe,animo4d_official_text,present,False,PZ_Meerkat_Male_meerkat_male__animationmotionextractedfighting_maniset46419235__meerkat_male_burrowgimmick_9.npy,The male meerkat performs a burrow gimmick by darting in and out of the entrance,3
P1,P1_OVER_NARRATIVE,train,animo4d_L4_safe,animo4d_official_text,present,False,PZ_Meerkat_Male_meerkat_male__animationmotionextractedfighting_maniset46419235__meerkat_male_fightchaseoff_14.npy,The male meerkat fights and then chases off the intruder,3
P1,P1_SOURCE_ACTION_ARTIFACT,train,animo4d_L4_safe,animo4d_official_text,present,False,PZ_Meerkat_Male_meerkat_male__animationmotionextractedfighting_maniset46419235__meerkat_male_gimmicklooptostand_16.npy,The male meerkat uses a gimmick to stand still,1
P1,P1_SOURCE_ACTION_ARTIFACT,train,animo4d_L4_safe,animo4d_official_text,present,False,PZ_Meerkat_Male_meerkat_male__animationmotionextractedfighting_maniset46419235__meerkat_male_standtogimmickloop_19.npy,The male meerkat stands still to gimmick,3
P1,P1_SOURCE_ACTION_ARTIFACT,train,animo4d_L4_safe,animo4d_official_text,present,False,PZ_Meerkat_Male_meerkat_male__animationmotionextractedlocomotion_maniset5d0cba3b__meerkat_male_burrowgimmick_20.npy,The male meerkat performs a burrow gimmick by darting in and out of the entrance,3
P1,P1_OVER_NARRATIVE,train,animo4d_L4_safe,animo4d_official_text,present,False,PZ_Meerkat_Male_meerkat_male__animationmotionextractedlocomotion_maniset5d0cba3b__meerkat_male_fightchaseoff_24.npy,The male meerkat fights and then chases off the intruder,3
P1,P1_SOURCE_ACTION_ARTIFACT,train,animo4d_L4_safe,animo4d_official_text,present,False,PZ_Meerkat_Male_meerkat_male__animationmotionextractedlocomotion_maniset5d0cba3b__meerkat_male_standtogimmickloop_30.npy,The male meerkat stands still to gimmick,3
P1,P1_SOURCE_ACTION_ARTIFACT,train,animo4d_L4_safe,animo4d_official_text,present,False,PZ_Meerkat_Male_meerkat_male__animationnotmotionextractedbehaviour_manisetd2da2921__meerkat_male_burrowgimmick_46.npy,The male meerkat performs a burrow gimmick,3
P1,P1_OVER_NARRATIVE,train,animo4d_L4_safe,animo4d_official_text,present,False,PZ_Meerkat_Male_meerkat_male__animationnotmotionextractedbehaviour_manisetd2da2921__meerkat_male_fightchaseoff_57.npy,The male meerkat fights and then chases off the intruder,3
P1,P1_SOURCE_ACTION_ARTIFACT,train,animo4d_L4_safe,animo4d_official_text,present,False,PZ_Meerkat_Male_meerkat_male__animationnotmotionextractedbehaviour_manisetd2da2921__meerkat_male_gimmickloop01_58.npy,The male meerkat performs a playful gimmick by hopping around,3
P1,P1_SOURCE_ACTION_ARTIFACT,train,animo4d_L4_safe,animo4d_official_text,present,False,PZ_Meerkat_Male_meerkat_male__animationnotmotionextractedbehaviour_manisetd2da2921__meerkat_male_gimmicklooptostand_59.npy,The male meerkat uses a gimmick to stand still,1
P1,P1_SOURCE_ACTION_ARTIFACT,train,animo4d_L4_safe,animo4d_official_text,present,False,PZ_Meerkat_Male_meerkat_male__animationnotmotionextractedbehaviour_manisetd2da2921__meerkat_male_standtogimmickloop_70.npy,The male meerkat stands still to gimmick,3
P1,P1_SOURCE_ACTION_ARTIFACT,train,animo4d_L4_safe,animo4d_official_text,present,False,PZ_Meerkat_Male_meerkat_male__animationnotmotionextractedfighting_manisetd1e64a37__meerkat_male_burrowgimmick_90.npy,The male meerkat performs a burrow gimmick by darting in and out of the entrance,3
P1,P1_OVER_NARRATIVE,train,animo4d_L4_safe,animo4d_official_text,present,False,PZ_Meerkat_Male_meerkat_male__animationnotmotionextractedfighting_manisetd1e64a37__meerkat_male_fightchaseoff_101.npy,The male meerkat fights and then chases off the intruder,3
P1,P1_SOURCE_ACTION_ARTIFACT,train,animo4d_L4_safe,animo4d_official_text,present,False,PZ_Meerkat_Male_meerkat_male__animationnotmotionextractedfighting_manisetd1e64a37__meerkat_male_gimmickloop01_105.npy,The male meerkat performs a playful gimmick by hopping around,3
P1,P1_SOURCE_ACTION_ARTIFACT,train,animo4d_L4_safe,animo4d_official_text,present,False,PZ_Meerkat_Male_meerkat_male__animationnotmotionextractedfighting_manisetd1e64a37__meerkat_male_gimmicklooptostand_106.npy,The male meerkat uses a gimmick to stand still,3
P1,P1_SOURCE_ACTION_ARTIFACT,train,animo4d_L4_safe,animo4d_official_text,present,False,PZ_Meerkat_Male_meerkat_male__animationnotmotionextractedfighting_manisetd1e64a37__meerkat_male_standtogimmickloop_121.npy,The male meerkat stands still to gimmick,3
P1,P1_SOURCE_ACTION_ARTIFACT,train,animo4d_L4_safe,animo4d_official_text,present,False,PZ_Meerkat_Male_meerkat_male__animationnotmotionextractedlocomotion_maniset8d623e1d__meerkat_male_diggimmick_140.npy,The male meerkat digs a hole and then hides in the gimmick,3
P1,P1_OVER_NARRATIVE,train,animo4d_L4_safe,animo4d_official_text,present,False,PZ_Meerkat_Male_meerkat_male__animationnotmotionextractedlocomotion_maniset8d623e1d__meerkat_male_fighttaunt_154.npy,The male meerkat fights and then taunts his opponent,3
P1,P1_SOURCE_ACTION_ARTIFACT,train,animo4d_L4_safe,animo4d_official_text,present,False,PZ_Meerkat_Male_meerkat_male__animationnotmotionextractedlocomotion_maniset8d623e1d__meerkat_male_gimmickloop02_157.npy,The male meerkat performs a playful gimmick by hopping and spinning around,3
P1,P1_SOURCE_ACTION_ARTIFACT,train,animo4d_L4_safe,animo4d_official_text,present,False,PZ_Meerkat_Male_meerkat_male__animationnotmotionextractedlocomotion_maniset8d623e1d__meerkat_male_gimmicklooptostand_158.npy,The male meerkat uses a gimmick to stand still,3
P1,P1_OVER_NARRATIVE,train,animo4d_L4_safe,animo4d_official_text,present,False,PZ_Nile_Lechwe_Female_nile_lechwe_female__animationmotionextractedlocomotion_maniset2c66e__nile_lechwe_female_fightchaseoff_1.npy,The female Nile lechwe fights and then chases off the intruder,3
P1,P1_OVER_NARRATIVE,train,animo4d_L4_safe,animo4d_official_text,present,False,PZ_Nile_Lechwe_Female_nile_lechwe_female__animationnotmotionextractedfighting_maniseta902f2a__nile_lechwe_female_fightchaseoff_97.npy,The female Nile lechwe fights and then chases off the intruder,3
P1,P1_OVER_NARRATIVE,train,animo4d_L4_safe,animo4d_official_text,present,False,PZ_Nile_Lechwe_Female_nile_lechwe_female__animationnotmotionextractedfighting_maniseta902f2a__nile_lechwe_female_fightvictorytaunt_101.npy,The female Nile lechwe fights wins and then taunts her opponent,3
P1,P1_OVER_NARRATIVE,train,animo4d_L4_safe,animo4d_official_text,present,False,PZ_Nile_Lechwe_Female_nile_lechwe_female__animationnotmotionextractedlocomotion_maniset218b6490__nile_lechwe_female_fightchaseoff_160.npy,The female Nile lechwe fights and then chases off the intruder,3
P1,P1_OVER_NARRATIVE,train,animo4d_L4_safe,animo4d_official_text,present,False,PZ_Nile_Lechwe_Female_nile_lechwe_female__animationnotmotionextractedlocomotion_maniset218b6490__nile_lechwe_female_fighttaunt_161.npy,The female Nile lechwe fights and then taunts her opponent,3
P1,P1_OVER_NARRATIVE,train,animo4d_L4_safe,animo4d_official_text,present,False,PZ_Nile_Lechwe_Female_nile_lechwe_female__animationnotmotionextractedlocomotion_maniset218b6490__nile_lechwe_female_fightvictorytaunt_164.npy,The female Nile lechwe fights achieves victory and then taunts her opponent,3
P1,P1_OVER_NARRATIVE,train,animo4d_L4_safe,animo4d_official_text,present,False,PZ_Nile_Lechwe_Female_nile_lechwe_female__animationnotmotionextractedlocomotion_maniset218b6490__nile_lechwe_female_shake_176.npy,The female Nile lechwe shakes her body,3
P1,P1_SOURCE_ACTION_ARTIFACT,train,animo4d_L4_safe,animo4d_official_text,present,False,PZ_Nile_Lechwe_Female_nile_lechwe_female__animationnotmotionextractedlocomotion_maniset218b6490__nile_lechwe_female_standgimmick01_178.npy,The female Nile lechwe stands still and then performs a playful gimmick,3
P1,P1_OVER_NARRATIVE,train,animo4d_L4_safe,animo4d_official_text,present,False,PZ_Nile_Lechwe_Juvenile_nile_lechwe_juvenile__animationmotionextractedfighting_manisetab0c3580__nile_lechwe_juvenile_fightchaseoff_1.npy,The juvenile Nile lechwe fights and then chases off its rival,3
P1,P1_OVER_NARRATIVE,train,animo4d_L4_safe,animo4d_official_text,present,False,PZ_Nile_Lechwe_Juvenile_nile_lechwe_juvenile__animationmotionextractedlocomotion_maniseta1be0b06__nile_lechwe_juvenile_fightchaseoff_3.npy,The juvenile Nile lechwe fights and then chases off its rival,3
P1,P1_OVER_NARRATIVE,train,animo4d_L4_safe,animo4d_official_text,present,False,PZ_Nile_Lechwe_Juvenile_nile_lechwe_juvenile__animationmotionextractedlocomotion_maniseta1be0b06__nile_lechwe_juvenile_fighttaunt_4.npy,The juvenile Nile lechwe fights and then taunts its opponent,3
P1,P1_OVER_NARRATIVE,train,animo4d_L4_safe,animo4d_official_text,present,False,PZ_Nile_Lechwe_Juvenile_nile_lechwe_juvenile__animationnotmotionextractedfighting_maniset82ef9c2__nile_lechwe_juvenile_fighttaunt_58.npy,The juvenile Nile lechwe fights and then taunts its opponent,3
P1,P1_OVER_NARRATIVE,train,animo4d_L4_safe,animo4d_official_text,present,False,PZ_Nile_Lechwe_Juvenile_nile_lechwe_juvenile__animationnotmotionextractedlocomotion_maniset103dbb28__nile_lechwe_juvenile_fighttostand_98.npy,The juvenile Nile lechwe fights to stand still,3
P1,P1_OVER_NARRATIVE,train,animo4d_L4_safe,animo4d_official_text,present,False,PZ_Nile_Lechwe_Male_nile_lechwe_male__animationmotionextractedfighting_maniset8dbf3e9d__nile_lechwe_male_fightchaseoff_1.npy,The male Nile lechwe fights and then chases off the intruder,3
P1,P1_OVER_NARRATIVE,train,animo4d_L4_safe,animo4d_official_text,present,False,PZ_Nile_Lechwe_Male_nile_lechwe_male__animationnotmotionextractedbehaviour_maniset35d1bd89__nile_lechwe_male_fightchaseoff_60.npy,The male Nile lechwe fights and then chases off the intruder,3
P1,P1_OVER_NARRATIVE,train,animo4d_L4_safe,animo4d_official_text,present,False,PZ_Nile_Lechwe_Male_nile_lechwe_male__animationnotmotionextractedfighting_maniset699da49f__nile_lechwe_male_fightchaseoff_120.npy,The male Nile lechwe fights and then chases off the intruder,3
P1,P1_SOURCE_ACTION_ARTIFACT,train,animo4d_L4_safe,animo4d_official_text,present,False,PZ_Nile_Lechwe_Male_nile_lechwe_male__animationnotmotionextractedfighting_maniset699da49f__nile_lechwe_male_standgimmick01_131.npy,The male Nile lechwe stands still and then performs a gimmick,3
P1,P1_OVER_NARRATIVE,train,animo4d_L4_safe,animo4d_official_text,present,False,PZ_Nile_Lechwe_Male_nile_lechwe_male__animationnotmotionextractedlocomotion_maniset8c908c85__nile_lechwe_male_fightchaseoff_171.npy,The male Nile lechwe fights and then chases off the intruder,3
P1,P1_OVER_NARRATIVE,train,animo4d_L4_safe,animo4d_official_text,present,False,PZ_Nile_Monitor_Male_nile_monitor_male__animationmotionextractedfighting_manisetb3726c2b__nile_monitor_male_fightchaseoff_1.npy,The male Nile monitor fights and then chases off its opponent,3
P1,P1_OVER_NARRATIVE,train,animo4d_L4_safe,animo4d_official_text,present,False,PZ_Nile_Monitor_Male_nile_monitor_male__animationmotionextractedlocomotion_maniset4a659f31__nile_monitor_male_fightchaseoff_2.npy,The male Nile monitor fights and then chases off its opponent,3
P1,P1_OVER_NARRATIVE,train,animo4d_L4_safe,animo4d_official_text,present,False,PZ_Nile_Monitor_Male_nile_monitor_male__animationmotionextractedpounce_maniseteff8684e__nile_monitor_male_fightchaseoff_35.npy,The male Nile monitor fights and then chases off its opponent,3
P1,P1_OVER_NARRATIVE,train,animo4d_L4_safe,animo4d_official_text,present,False,PZ_Nile_Monitor_Male_nile_monitor_male__animationnotmotionextractedfighting_maniset790c44ad__nile_monitor_male_fightchaseoff_96.npy,The male Nile monitor fights and then chases off its opponent,3
P1,P1_OVER_NARRATIVE,train,animo4d_L4_safe,animo4d_official_text,present,False,PZ_Nine_Banded_Armadillo_Juvenile_nine_banded_armadillo_juvenile__animationmotionextractedfighting_maniset9e6ada47__nine_banded_armadillo_juvenile_fightattack_3.npy,The juvenile banded armadillo fights and then attacks,3
P1,P1_OVER_NARRATIVE,train,animo4d_L4_safe,animo4d_official_text,present,False,PZ_Nine_Banded_Armadillo_Juvenile_nine_banded_armadillo_juvenile__animationmotionextractedfighting_maniset9e6ada47__nine_banded_armadillo_juvenile_fightchaseoff_4.npy,The juvenile banded armadillo fights and then chases off its opponent,3
P1,P1_OVER_NARRATIVE,train,animo4d_L4_safe,animo4d_official_text,present,False,PZ_Nine_Banded_Armadillo_Juvenile_nine_banded_armadillo_juvenile__animationmotionextractedfighting_maniset9e6ada47__nine_banded_armadillo_juvenile_fighttaunt_8.npy,The juvenile banded armadillo fights and then taunts its opponent,3
P1,P1_OVER_NARRATIVE,train,animo4d_L4_safe,animo4d_official_text,present,False,PZ_Nine_Banded_Armadillo_Juvenile_nine_banded_armadillo_juvenile__animationmotionextractedlocomotion_manisetb9dfbb4d__nine_banded_armadillo_juvenile_fightchaseoff_13.npy,The juvenile banded armadillo fights and then chases off the intruder,3
P1,P1_OVER_NARRATIVE,train,animo4d_L4_safe,animo4d_official_text,present,False,PZ_Nine_Banded_Armadillo_Juvenile_nine_banded_armadillo_juvenile__animationmotionextractedlocomotion_manisetb9dfbb4d__nine_banded_armadillo_juvenile_fighttaunt_17.npy,The juvenile banded armadillo fights and then taunts its opponent,3
P1,P1_OVER_NARRATIVE;P2_GENERIC_CREATURE_CLASS,train,animo4d_L4_safe,animo4d_official_text,present,False,PZ_Nine_Banded_Armadillo_Juvenile_nine_banded_armadillo_juvenile__animationnotmotionextractedbehaviour_maniset748b6333__nine_banded_armadillo_juvenile_fightchaseoff_74.npy,The juvenile banded armadillo fights and then chases off its opponent,3
P1,P1_OVER_NARRATIVE,train,animo4d_L4_safe,animo4d_official_text,present,False,PZ_Nine_Banded_Armadillo_Juvenile_nine_banded_armadillo_juvenile__animationnotmotionextractedbehaviour_maniset748b6333__nine_banded_armadillo_juvenile_fighttaunt_78.npy,The juvenile banded armadillo fights and then taunts its opponent,3
P1,P1_SOURCE_ACTION_ARTIFACT,train,animo4d_L4_safe,animo4d_official_text,present,False,PZ_Nine_Banded_Armadillo_Juvenile_nine_banded_armadillo_juvenile__animationnotmotionextractedbehaviour_maniset748b6333__nine_banded_armadillo_juvenile_standgimmick01_93.npy,The juvenile banded armadillo stands still as a gimmick,3
P1,P1_OVER_NARRATIVE,train,animo4d_L4_safe,animo4d_official_text,present,False,PZ_Nine_Banded_Armadillo_Juvenile_nine_banded_armadillo_juvenile__animationnotmotionextractedfighting_manisetaf7dd7c9__nine_banded_armadillo_juvenile_fightchaseoff_136.npy,The juvenile banded armadillo fights and then chases off its opponent,3
P1,P1_OVER_NARRATIVE,train,animo4d_L4_safe,animo4d_official_text,present,False,PZ_Nine_Banded_Armadillo_Juvenile_nine_banded_armadillo_juvenile__animationnotmotionextractedfighting_manisetaf7dd7c9__nine_banded_armadillo_juvenile_fighttaunt_140.npy,The juvenile banded armadillo fights and then taunts its opponent,1
P1,P1_SOURCE_ACTION_ARTIFACT,train,animo4d_L4_safe,animo4d_official_text,present,False,PZ_Nine_Banded_Armadillo_Juvenile_nine_banded_armadillo_juvenile__animationnotmotionextractedfighting_manisetaf7dd7c9__nine_banded_armadillo_juvenile_standgimmick01_151.npy,The juvenile banded armadillo stands still as a gimmick,3
P1,P1_OVER_NARRATIVE,train,animo4d_L4_safe,animo4d_official_text,present,False,PZ_Nine_Banded_Armadillo_Juvenile_nine_banded_armadillo_juvenile__animationnotmotionextractedlocomotion_maniset604a44af__nine_banded_armadillo_juvenile_fightchaseoff_185.npy,The juvenile banded armadillo fights and then chases off its opponent,3
P1,P1_OVER_NARRATIVE,train,animo4d_L4_safe,animo4d_official_text,present,False,PZ_Nine_Banded_Armadillo_Juvenile_nine_banded_armadillo_juvenile__animationnotmotionextractedlocomotion_maniset604a44af__nine_banded_armadillo_juvenile_fighttaunt_189.npy,The juvenile banded armadillo fights and then taunts its opponent,1
P1,P1_SOURCE_ACTION_ARTIFACT,train,animo4d_L4_safe,animo4d_official_text,present,False,PZ_Nine_Banded_Armadillo_Juvenile_nine_banded_armadillo_juvenile__animationnotmotionextractedlocomotion_maniset604a44af__nine_banded_armadillo_juvenile_standgimmick01_201.npy,The juvenile banded armadillo stands still as part of its defensive gimmick,3
P1,P1_SOURCE_ACTION_ARTIFACT,train,animo4d_L4_safe,animo4d_official_text,present,False,PZ_Nine_Banded_Armadillo_Male_nine_banded_armadillo_male__animationmotionextractedbehaviour_maniset291d484e__nine_banded_armadillo_male_standgimmick01_10.npy,The male banded armadillo stands still as a protective gimmick,3
P1,P1_SOURCE_ACTION_ARTIFACT,train,animo4d_L4_safe,animo4d_official_text,present,False,PZ_Nine_Banded_Armadillo_Male_nine_banded_armadillo_male__animationmotionextractedfighting_maniset8f1497e4__nine_banded_armadillo_male_standgimmick01_48.npy,The male banded armadillo stands still as a defensive gimmick,3
P1,P1_SOURCE_ACTION_ARTIFACT,train,animo4d_L4_safe,animo4d_official_text,present,False,PZ_Nine_Banded_Armadillo_Male_nine_banded_armadillo_male__animationnotmotionextractedbehaviour_maniset4df36dd0__nine_banded_armadillo_male_standgimmick01_181.npy,The male banded armadillo stands still as part of its defensive gimmick,3
P1,P1_SOURCE_ACTION_ARTIFACT,train,animo4d_L4_safe,animo4d_official_text,present,False,PZ_Nine_Banded_Armadillo_Male_nine_banded_armadillo_male__animationnotmotionextractedfighting_manisetaf389726__nine_banded_armadillo_male_standgimmick01_252.npy,The male banded armadillo stands still as part of its defensive gimmick,3
P1,P1_SOURCE_ACTION_ARTIFACT,train,animo4d_L4_safe,animo4d_official_text,present,False,PZ_North_American_Beaver_Juvenile_north_american_beaver_juvenile__animationmotionextractedbehaviour_maniseta5aedcb5__north_american_beaver_juvenile_gimmicklooptostand_5.npy,The juvenile American beaver uses a gimmick to stand still,3
P1,P1_OVER_NARRATIVE,train,animo4d_L4_safe,animo4d_official_text,present,False,PZ_North_American_Beaver_Juvenile_north_american_beaver_juvenile__animationmotionextractedfighting_maniset5d97e68b__north_american_beaver_juvenile_fighttaunt_13.npy,The juvenile American beaver fights and then taunts its opponent,3
P1,P1_OVER_NARRATIVE,train,animo4d_L4_safe,animo4d_official_text,present,False,PZ_North_American_Beaver_Juvenile_north_american_beaver_juvenile__animationmotionextractedfighting_maniset5d97e68b__north_american_beaver_juvenile_fightvictorytaunt_15.npy,The juvenile American beaver fights wins and then taunts its opponent,3
P1,P1_SOURCE_ACTION_ARTIFACT,train,animo4d_L4_safe,animo4d_official_text,present,False,PZ_North_American_Beaver_Juvenile_north_american_beaver_juvenile__animationmotionextractedfighting_maniset5d97e68b__north_american_beaver_juvenile_gimmicklooptostand_16.npy,The juvenile American beaver uses a gimmick to stand still,3
P1,P1_OVER_NARRATIVE,train,animo4d_L4_safe,animo4d_official_text,present,False,PZ_North_American_Beaver_Juvenile_north_american_beaver_juvenile__animationmotionextractedlocomotion_maniset25814991__north_american_beaver_juvenile_fighttaunt_30.npy,The juvenile American beaver fights and then taunts its opponent,3
P1,P1_OVER_NARRATIVE,train,animo4d_L4_safe,animo4d_official_text,present,False,PZ_North_American_Beaver_Juvenile_north_american_beaver_juvenile__animationmotionextractedlocomotion_maniset25814991__north_american_beaver_juvenile_fightvictorytaunt_32.npy,The juvenile American beaver fights wins and then taunts its opponent,3
P1,P1_SOURCE_ACTION_ARTIFACT,train,animo4d_L4_safe,animo4d_official_text,present,False,PZ_North_American_Beaver_Juvenile_north_american_beaver_juvenile__animationmotionextractedlocomotion_maniset25814991__north_american_beaver_juvenile_gimmicklooptostand_33.npy,The juvenile American beaver uses a gimmick to stand still,3
P1,P1_OVER_NARRATIVE,train,animo4d_L4_safe,animo4d_official_text,present,False,PZ_North_American_Beaver_Juvenile_north_american_beaver_juvenile__animationnotmotionextractedbehaviour_manisetd7127377__north_american_beaver_juvenile_fighttaunt_99.npy,The juvenile American beaver fights and then taunts its opponent,3
P1,P1_OVER_NARRATIVE,train,animo4d_L4_safe,animo4d_official_text,present,False,PZ_North_American_Beaver_Juvenile_north_american_beaver_juvenile__animationnotmotionextractedbehaviour_manisetd7127377__north_american_beaver_juvenile_fighttauntreact_100.npy,The juvenile American beaver fights taunts and then reacts swiftly,3
P1,P1_SOURCE_ACTION_ARTIFACT,train,animo4d_L4_safe,animo4d_official_text,present,False,PZ_North_American_Beaver_Juvenile_north_american_beaver_juvenile__animationnotmotionextractedbehaviour_manisetd7127377__north_american_beaver_juvenile_gimmick_101.npy,The juvenile American beaver performs a playful gimmick by swimming in circles,3
P1,P1_SOURCE_ACTION_ARTIFACT,train,animo4d_L4_safe,animo4d_official_text,present,False,PZ_North_American_Beaver_Juvenile_north_american_beaver_juvenile__animationnotmotionextractedbehaviour_manisetd7127377__north_american_beaver_juvenile_gimmickloop01_102.npy,The juvenile American beaver performs a playful gimmick by swimming in circles,3
P1,P1_SOURCE_ACTION_ARTIFACT,train,animo4d_L4_safe,animo4d_official_text,present,False,PZ_North_American_Beaver_Juvenile_north_american_beaver_juvenile__animationnotmotionextractedbehaviour_manisetd7127377__north_american_beaver_juvenile_gimmickloop02_103.npy,The juvenile American beaver performs a playful gimmick by swimming in circles underwater,3
P1,P1_SOURCE_ACTION_ARTIFACT,train,animo4d_L4_safe,animo4d_official_text,present,False,PZ_North_American_Beaver_Juvenile_north_american_beaver_juvenile__animationnotmotionextractedbehaviour_manisetd7127377__north_american_beaver_juvenile_gimmicklooptostand_104.npy,The juvenile American beaver uses a gimmick to stand still,3
P1,P1_OVER_NARRATIVE,train,animo4d_L4_safe,animo4d_official_text,present,False,PZ_North_American_Beaver_Juvenile_north_american_beaver_juvenile__animationnotmotionextractedfighting_maniset89bc070d__north_american_beaver_juvenile_fighttaunt_156.npy,The juvenile American beaver fights and then taunts its opponent,3
P1,P1_SOURCE_ACTION_ARTIFACT,train,animo4d_L4_safe,animo4d_official_text,present,False,PZ_North_American_Beaver_Juvenile_north_american_beaver_juvenile__animationnotmotionextractedfighting_maniset89bc070d__north_american_beaver_juvenile_gimmickloop01_159.npy,The juvenile American beaver swims in a circular gimmick,3
P1,P1_SOURCE_ACTION_ARTIFACT,train,animo4d_L4_safe,animo4d_official_text,present,False,PZ_North_American_Beaver_Juvenile_north_american_beaver_juvenile__animationnotmotionextractedfighting_maniset89bc070d__north_american_beaver_juvenile_gimmicklooptostand_160.npy,The juvenile American beaver uses a gimmick to stand still,3
P1,P1_SOURCE_ACTION_ARTIFACT,train,animo4d_L4_safe,animo4d_official_text,present,False,PZ_North_American_Beaver_Juvenile_north_american_beaver_juvenile__animationnotmotionextractedfighting_maniset89bc070d__north_american_beaver_juvenile_standtogimmickloop_169.npy,The juvenile American beaver stands still to gimmick,3
P1,P1_OVER_NARRATIVE,train,animo4d_L4_safe,animo4d_official_text,present,False,PZ_North_American_Beaver_Juvenile_north_american_beaver_juvenile__animationnotmotionextractedlocomotion_maniset80d675f3__north_american_beaver_juvenile_fighttaunt_215.npy,The juvenile American beaver fights and then taunts its opponent,3
P1,P1_OVER_NARRATIVE,train,animo4d_L4_safe,animo4d_official_text,present,False,PZ_North_American_Beaver_Juvenile_north_american_beaver_juvenile__animationnotmotionextractedlocomotion_maniset80d675f3__north_american_beaver_juvenile_fightvictorytaunt_217.npy,The juvenile American beaver fights wins and then taunts its opponent,3
P1,P1_SOURCE_ACTION_ARTIFACT,train,animo4d_L4_safe,animo4d_official_text,present,False,PZ_North_American_Beaver_Juvenile_north_american_beaver_juvenile__animationnotmotionextractedlocomotion_maniset80d675f3__north_american_beaver_juvenile_gimmickloop02_218.npy,The juvenile American beaver performs a playful gimmick by diving into the water and then resurfacing with a splash,3
P1,P1_SOURCE_ACTION_ARTIFACT,train,animo4d_L4_safe,animo4d_official_text,present,False,PZ_North_American_Beaver_Juvenile_north_american_beaver_juvenile__animationnotmotionextractedlocomotion_maniset80d675f3__north_american_beaver_juvenile_gimmicklooptostand_219.npy,The juvenile American beaver uses a gimmick to stand still,3
P1,P1_SOURCE_ACTION_ARTIFACT,train,animo4d_L4_safe,animo4d_official_text,present,False,PZ_North_American_Beaver_Juvenile_north_american_beaver_juvenile__animationnotmotionextractedlocomotion_maniset80d675f3__north_american_beaver_juvenile_standtogimmickloop_232.npy,The juvenile American beaver stands still to gimmick,3
P1,P1_SOURCE_ACTION_ARTIFACT,train,animo4d_L4_safe,animo4d_official_text,present,False,PZ_North_American_Beaver_Male_north_american_beaver_male__animationnotmotionextractedbehaviour_manisetb994fc14__north_american_beaver_male_gimmick_53.npy,The male American beaver swims to a tree gnaws it down and then drags it to his dam,3
P1,P1_SOURCE_ACTION_ARTIFACT,train,animo4d_L4_safe,animo4d_official_text,present,False,PZ_North_American_Beaver_Male_north_american_beaver_male__animationnotmotionextractedlocomotion_manisete1d99d0__north_american_beaver_male_gimmick_105.npy,The male American beaver swims to a tree gnaws it down and then drags it to his lodge,3
P1,P1_OVER_NARRATIVE,train,animo4d_L4_safe,animo4d_official_text,present,False,PZ_Nyala_Female_nyala_female__animationmotionextractedfighting_maniset9b12c37b__nyala_female_fightchaseoff_1.npy,The female nyala fights and then chases off the intruder,3
P1,P1_OVER_NARRATIVE,train,animo4d_L4_safe,animo4d_official_text,present,False,PZ_Nyala_Female_nyala_female__animationmotionextractedlocomotion_maniset2e011e81__nyala_female_fightchaseoff_2.npy,The female nyala fights and then chases off the intruder,3
P1,P1_OVER_NARRATIVE,train,animo4d_L4_safe,animo4d_official_text,present,False,PZ_Nyala_Female_nyala_female__animationnotmotionextractedbehaviour_maniset14534067__nyala_female_fightchaseoff_39.npy,The female nyala fights and then chases off the intruder,3
P1,P1_OVER_NARRATIVE,train,animo4d_L4_safe,animo4d_official_text,present,False,PZ_Nyala_Female_nyala_female__animationnotmotionextractedfighting_manisetb184d7fd__nyala_female_fighttaunt_95.npy,The female nyala fights and then taunts her opponent,3
P1,P1_OVER_NARRATIVE,train,animo4d_L4_safe,animo4d_official_text,present,False,PZ_Nyala_Female_nyala_female__animationnotmotionextractedfighting_manisetb184d7fd__nyala_female_fighttauntreact_96.npy,The female nyala fights taunts and then reacts swiftly,3
P1,P1_OVER_NARRATIVE,train,animo4d_L4_safe,animo4d_official_text,present,False,PZ_Nyala_Female_nyala_female__animationnotmotionextractedfighting_manisetb184d7fd__nyala_female_fightvictorytaunt_98.npy,The female nyala fights achieves victory and then taunts her opponent,3
P1,P1_OVER_NARRATIVE,train,animo4d_L4_safe,animo4d_official_text,present,False,PZ_Nyala_Female_nyala_female__animationnotmotionextractedlocomotion_maniset117e3ee3__nyala_female_fighttauntreact_155.npy,The female nyala fights taunts and then reacts swiftly,3
P1,P1_OVER_NARRATIVE,train,animo4d_L4_safe,animo4d_official_text,present,False,PZ_Nyala_Female_nyala_female__animationnotmotionextractedlocomotion_maniset117e3ee3__nyala_female_fightvictorytaunt_157.npy,The female nyala fights achieves victory and then taunts her opponent,3
P1,P1_OVER_NARRATIVE,train,animo4d_L4_safe,animo4d_official_text,present,False,PZ_Nyala_Juvenile_nyala_juvenile__animationmotionextractedlocomotion_maniset48b2b3d9__nyala_juvenile_fightchaseoff_1.npy,The juvenile nyala fights and then chases off its rival,3
P1,P1_SOURCE_ACTION_ARTIFACT,train,animo4d_L4_safe,animo4d_official_text,present,False,PZ_Nyala_Juvenile_nyala_juvenile__animationnotmotionextractedbehaviour_manisetadffc1bf__nyala_juvenile_standgimmick01_50.npy,The juvenile nyala stands still as a gimmick,1
P1,P1_OVER_NARRATIVE,train,animo4d_L4_safe,animo4d_official_text,present,False,PZ_Nyala_Juvenile_nyala_juvenile__animationnotmotionextractedfighting_maniset3ef12355__nyala_juvenile_fighttauntreact_96.npy,The juvenile nyala fights taunts and then reacts swiftly,3
P1,P1_OVER_NARRATIVE,train,animo4d_L4_safe,animo4d_official_text,present,False,PZ_Nyala_Juvenile_nyala_juvenile__animationnotmotionextractedlocomotion_manisetc850763b__nyala_juvenile_fighttaunt_140.npy,The juvenile nyala fights and then taunts its opponent,3
P1,P1_SOURCE_ACTION_ARTIFACT,train,animo4d_L4_safe,animo4d_official_text,present,False,PZ_Nyala_Juvenile_nyala_juvenile__animationnotmotionextractedlocomotion_manisetc850763b__nyala_juvenile_standgimmick01_154.npy,The juvenile nyala stands still as a gimmick,3
P1,P1_OVER_NARRATIVE,train,animo4d_L4_safe,animo4d_official_text,present,False,PZ_Nyala_Male_nyala_male__animationmotionextractedfighting_manisetbd6dc470__nyala_male_fightchaseoff_1.npy,The male nyala fights and then chases off the intruder,3
P1,P1_OVER_NARRATIVE,train,animo4d_L4_safe,animo4d_official_text,present,False,PZ_Nyala_Male_nyala_male__animationmotionextractedlocomotion_maniset172d91f6__nyala_male_fightchaseoff_3.npy,The male nyala fights and then chases off the intruder,3
P1,P1_OVER_NARRATIVE,train,animo4d_L4_safe,animo4d_official_text,present,False,PZ_Nyala_Male_nyala_male__animationnotmotionextractedbehaviour_manisetdcc6665c__nyala_male_fightchaseoff_44.npy,The male nyala fights and then chases off the intruder,3
P1,P1_OVER_NARRATIVE,train,animo4d_L4_safe,animo4d_official_text,present,False,PZ_Nyala_Male_nyala_male__animationnotmotionextractedfighting_maniset979bfcb2__nyala_male_fightchaseoff_90.npy,The male nyala fights and then chases off the intruder,3
P1,P1_OVER_NARRATIVE,train,animo4d_L4_safe,animo4d_official_text,present,False,PZ_Nyala_Male_nyala_male__animationnotmotionextractedlocomotion_manisetc352b618__nyala_male_fightchaseoff_140.npy,The male nyala fights and then chases off the intruder,3
P1,P1_OVER_NARRATIVE,train,animo4d_L4_safe,animo4d_official_text,present,False,PZ_Okapi_Female_okapi_female__animationmotionextractedfighting_manisetf4825c6d__okapi_female_fightchaseoff_1.npy,The female okapi fights and then chases off the intruder,3
P1,P1_OVER_NARRATIVE,train,animo4d_L4_safe,animo4d_official_text,present,False,PZ_Okapi_Female_okapi_female__animationmotionextractedfighting_manisetf4825c6d__okapi_female_fightflee_2.npy,The female okapi fights and then flees,3
P1,P1_OVER_NARRATIVE,train,animo4d_L4_safe,animo4d_official_text,present,False,PZ_Okapi_Female_okapi_female__animationmotionextractedfighting_manisetf4825c6d__okapi_female_fighttaunt_3.npy,The female okapi fights and then taunts her opponent,3
P1,P1_OVER_NARRATIVE,train,animo4d_L4_safe,animo4d_official_text,present,False,PZ_Okapi_Female_okapi_female__animationmotionextractedlocomotion_maniset7697e073__okapi_female_fightchaseoff_4.npy,The female okapi fights and then chases off the intruder,3
P1,P1_OVER_NARRATIVE,train,animo4d_L4_safe,animo4d_official_text,present,False,PZ_Okapi_Female_okapi_female__animationmotionextractedlocomotion_maniset7697e073__okapi_female_fighttaunt_5.npy,The female okapi fights and then taunts her opponent,3
P1,P1_OVER_NARRATIVE,train,animo4d_L4_safe,animo4d_official_text,present,False,PZ_Okapi_Female_okapi_female__animationnotmotionextractedbehaviour_maniset6d7dab59__okapi_female_fightchaseoff_45.npy,The female okapi fights and then chases off the intruder,3
P1,P1_OVER_NARRATIVE,train,animo4d_L4_safe,animo4d_official_text,present,False,PZ_Okapi_Female_okapi_female__animationnotmotionextractedbehaviour_maniset6d7dab59__okapi_female_fighttaunt_47.npy,The female okapi fights and then taunts her opponent,3
P1,P1_OVER_NARRATIVE,train,animo4d_L4_safe,animo4d_official_text,present,False,PZ_Okapi_Female_okapi_female__animationnotmotionextractedbehaviour_maniset6d7dab59__okapi_female_fighttauntreact_48.npy,The female okapi fights taunts and then reacts swiftly,3
P1,P1_SOURCE_ACTION_ARTIFACT,train,animo4d_L4_safe,animo4d_official_text,present,False,PZ_Okapi_Female_okapi_female__animationnotmotionextractedbehaviour_maniset6d7dab59__okapi_female_standgimmick01_61.npy,The female okapi stands still and then performs a small playful gimmick,3
P1,P1_OVER_NARRATIVE,train,animo4d_L4_safe,animo4d_official_text,present,False,PZ_Okapi_Female_okapi_female__animationnotmotionextractedfighting_maniset7ad3de6f__okapi_female_fightchaseoff_99.npy,The female okapi fights and then chases off the intruder,3
P1,P1_OVER_NARRATIVE,train,animo4d_L4_safe,animo4d_official_text,present,False,PZ_Okapi_Female_okapi_female__animationnotmotionextractedfighting_maniset7ad3de6f__okapi_female_fightreacttodie_101.npy,The female okapi fights reacts and then dies,3
P1,P1_OVER_NARRATIVE,train,animo4d_L4_safe,animo4d_official_text,present,False,PZ_Okapi_Female_okapi_female__animationnotmotionextractedfighting_maniset7ad3de6f__okapi_female_fighttaunt_102.npy,The female okapi fights and then taunts her opponent,3
P1,P1_OVER_NARRATIVE,train,animo4d_L4_safe,animo4d_official_text,present,False,PZ_Okapi_Female_okapi_female__animationnotmotionextractedfighting_maniset7ad3de6f__okapi_female_fighttauntreact_103.npy,The female okapi fights taunts and then reacts swiftly,3
P1,P1_OVER_NARRATIVE,train,animo4d_L4_safe,animo4d_official_text,present,False,PZ_Okapi_Female_okapi_female__animationnotmotionextractedfighting_maniset7ad3de6f__okapi_female_fightvictorytaunt_105.npy,The female okapi fights wins and then taunts her defeated opponent,3
P1,P1_SOURCE_ACTION_ARTIFACT,train,animo4d_L4_safe,animo4d_official_text,present,False,PZ_Okapi_Female_okapi_female__animationnotmotionextractedfighting_maniset7ad3de6f__okapi_female_standgimmick01_119.npy,The female okapi stands still and then performs a playful gimmick,3
P1,P1_OVER_NARRATIVE,train,animo4d_L4_safe,animo4d_official_text,present,False,PZ_Okapi_Female_okapi_female__animationnotmotionextractedlocomotion_maniset5eef2e55__okapi_female_fightchaseoff_164.npy,The female okapi fights and then chases off the intruder,3
P1,P1_OVER_NARRATIVE,train,animo4d_L4_safe,animo4d_official_text,present,False,PZ_Okapi_Female_okapi_female__animationnotmotionextractedlocomotion_maniset5eef2e55__okapi_female_fighttaunt_168.npy,The female okapi fights and then taunts her opponent,3
P1,P1_OVER_NARRATIVE,train,animo4d_L4_safe,animo4d_official_text,present,False,PZ_Okapi_Female_okapi_female__animationnotmotionextractedlocomotion_maniset5eef2e55__okapi_female_fightvictorytaunt_170.npy,The female okapi fights achieves victory and then taunts her opponent,3
P1,P1_SOURCE_ACTION_ARTIFACT,train,animo4d_L4_safe,animo4d_official_text,present,False,PZ_Okapi_Female_okapi_female__animationnotmotionextractedlocomotion_maniset5eef2e55__okapi_female_standgimmick01_188.npy,The female okapi stands still as part of a playful gimmick,3
P1,P1_OVER_NARRATIVE,train,animo4d_L4_safe,animo4d_official_text,present,False,PZ_Okapi_Juvenile_okapi_juvenile__animationmotionextractedfighting_maniseteb190a45__okapi_juvenile_fightchaseoff_2.npy,The juvenile okapi fights and then chases off its opponent,3
P1,P1_OVER_NARRATIVE,train,animo4d_L4_safe,animo4d_official_text,present,False,PZ_Okapi_Juvenile_okapi_juvenile__animationmotionextractedfighting_maniseteb190a45__okapi_juvenile_fighttaunt_3.npy,The juvenile okapi fights and then taunts its opponent,3
P1,P1_OVER_NARRATIVE,train,animo4d_L4_safe,animo4d_official_text,present,False,PZ_Okapi_Juvenile_okapi_juvenile__animationmotionextractedlocomotion_maniset1201ba4b__okapi_juvenile_fightchaseoff_6.npy,The juvenile okapi fights and then chases off its rival,3
P1,P1_OVER_NARRATIVE,train,animo4d_L4_safe,animo4d_official_text,present,False,PZ_Okapi_Juvenile_okapi_juvenile__animationmotionextractedlocomotion_maniset1201ba4b__okapi_juvenile_fighttaunt_8.npy,The juvenile okapi fights and then taunts its opponent,3
P1,P1_SOURCE_ACTION_ARTIFACT,train,animo4d_L4_safe,animo4d_official_text,present,False,PZ_Okapi_Juvenile_okapi_juvenile__animationnotmotionextractedbehaviour_manisetfb70b131__okapi_juvenile_standgimmick01_43.npy,The juvenile okapi stands still and then performs a playful gimmick,3
P1,P1_OVER_NARRATIVE,train,animo4d_L4_safe,animo4d_official_text,present,False,PZ_Okapi_Juvenile_okapi_juvenile__animationnotmotionextractedfighting_maniset981b8e47__okapi_juvenile_fightvictorytaunt_66.npy,The juvenile okapi fights wins and then taunts its opponent,3
P1,P1_SOURCE_ACTION_ARTIFACT,train,animo4d_L4_safe,animo4d_official_text,present,False,PZ_Okapi_Juvenile_okapi_juvenile__animationnotmotionextractedfighting_maniset981b8e47__okapi_juvenile_standgimmick01_76.npy,The juvenile okapi stands still as part of its playful gimmick,3
P1,P1_OVER_NARRATIVE,train,animo4d_L4_safe,animo4d_official_text,present,False,PZ_Okapi_Juvenile_okapi_juvenile__animationnotmotionextractedlocomotion_maniset35bb0a2d__okapi_juvenile_fightvictorytaunt_104.npy,The juvenile okapi fights wins and then taunts its opponent,3
P1,P1_SOURCE_ACTION_ARTIFACT,train,animo4d_L4_safe,animo4d_official_text,present,False,PZ_Okapi_Juvenile_okapi_juvenile__animationnotmotionextractedlocomotion_maniset35bb0a2d__okapi_juvenile_standgimmick01_117.npy,The juvenile okapi stands still as part of its playful gimmick,3
P1,P1_OVER_NARRATIVE,train,animo4d_L4_safe,animo4d_official_text,present,False,PZ_Okapi_Male_okapi_male__animationmotionextractedfighting_manisetb7de78e2__okapi_male_fightchaseoff_1.npy,The male okapi fights and then chases off the intruder,3
P1,P1_OVER_NARRATIVE,train,animo4d_L4_safe,animo4d_official_text,present,False,PZ_Okapi_Male_okapi_male__animationmotionextractedfighting_manisetb7de78e2__okapi_male_fighttaunt_3.npy,The male okapi fights and then taunts its opponent,3
P1,P1_OVER_NARRATIVE,train,animo4d_L4_safe,animo4d_official_text,present,False,PZ_Okapi_Male_okapi_male__animationmotionextractedlocomotion_maniset8ae72f68__okapi_male_fighttaunt_7.npy,The male okapi fights and then taunts its opponent,3
P1,P1_OVER_NARRATIVE,train,animo4d_L4_safe,animo4d_official_text,present,False,PZ_Okapi_Male_okapi_male__animationnotmotionextractedbehaviour_maniseta6156cce__okapi_male_fightchaseoff_62.npy,The male okapi fights and then chases off the intruder,3
P1,P1_SOURCE_ACTION_ARTIFACT,train,animo4d_L4_safe,animo4d_official_text,present,False,PZ_Okapi_Male_okapi_male__animationnotmotionextractedbehaviour_maniseta6156cce__okapi_male_standgimmick01_81.npy,The male okapi stands still as part of its playful gimmick,3
P1,P1_OVER_NARRATIVE,train,animo4d_L4_safe,animo4d_official_text,present,False,PZ_Okapi_Male_okapi_male__animationnotmotionextractedfighting_manisete032bea4__okapi_male_fightvictorytaunt_138.npy,The male okapi fights achieves victory and then taunts its opponent,3
P1,P1_OVER_NARRATIVE,train,animo4d_L4_safe,animo4d_official_text,present,False,PZ_Okapi_Male_okapi_male__animationnotmotionextractedlocomotion_maniset1c7d210a__okapi_male_fightchaseoff_185.npy,The male okapi fights and then chases off the intruder,3
P1,P1_OVER_NARRATIVE,train,animo4d_L4_safe,animo4d_official_text,present,False,PZ_Okapi_Male_okapi_male__animationnotmotionextractedlocomotion_maniset1c7d210a__okapi_male_fighttaunt_188.npy,The male okapi fights and then taunts its opponent,3
P1,P1_SOURCE_ACTION_ARTIFACT,train,animo4d_L4_safe,animo4d_official_text,present,False,PZ_Okapi_Male_okapi_male__animationnotmotionextractedlocomotion_maniset1c7d210a__okapi_male_standgimmick01_203.npy,The male okapi stands still and then performs a small playful gimmick,3
P1,P1_OVER_NARRATIVE,train,animo4d_L4_safe,animo4d_official_text,present,False,PZ_Plains_Zebra_Female_plains_zebra_female__animationmotionextractedfighting_manisetffd7d2b9__plains_zebra_female_fightflee_1.npy,The female plains zebra fights and then flees,3
P1,P1_OVER_NARRATIVE,train,animo4d_L4_safe,animo4d_official_text,present,False,PZ_Plains_Zebra_Female_plains_zebra_female__animationmotionextractedfighting_manisetffd7d2b9__plains_zebra_female_fighttauntreact_2.npy,The female plains zebra fights taunts her opponent and then reacts swiftly,3
P1,P1_OVER_NARRATIVE,train,animo4d_L4_safe,animo4d_official_text,present,False,PZ_Plains_Zebra_Female_plains_zebra_female__animationnotmotionextractedbehaviour_maniseteedaada5__plains_zebra_female_fightflee_48.npy,The female plains zebra fights and then flees,3
P1,P1_OVER_NARRATIVE,train,animo4d_L4_safe,animo4d_official_text,present,False,PZ_Plains_Zebra_Female_plains_zebra_female__animationnotmotionextractedbehaviour_maniseteedaada5__plains_zebra_female_fighttauntreact_49.npy,The female plains zebra fights taunts her opponent and then reacts swiftly,3
P1,P1_SOURCE_ACTION_ARTIFACT,train,animo4d_L4_safe,animo4d_official_text,present,False,PZ_Plains_Zebra_Female_plains_zebra_female__animationnotmotionextractedbehaviour_maniseteedaada5__plains_zebra_female_standgimmick01_63.npy,The female plains zebra stands still as a gimmick,3
P1,P1_OVER_NARRATIVE,train,animo4d_L4_safe,animo4d_official_text,present,False,PZ_Plains_Zebra_Female_plains_zebra_female__animationnotmotionextractedfighting_maniset2433ddbb__plains_zebra_female_fightchaseoff_104.npy,The female plains zebra fights and then chases off the intruder,3
P1,P1_OVER_NARRATIVE,train,animo4d_L4_safe,animo4d_official_text,present,False,PZ_Plains_Zebra_Female_plains_zebra_female__animationnotmotionextractedfighting_maniset2433ddbb__plains_zebra_female_fightvictorytaunt_108.npy,The female plains zebra fights achieves victory and then taunts her opponent,3
P1,P1_SOURCE_ACTION_ARTIFACT,train,animo4d_L4_safe,animo4d_official_text,present,False,PZ_Plains_Zebra_Female_plains_zebra_female__animationnotmotionextractedfighting_maniset2433ddbb__plains_zebra_female_standgimmick01_122.npy,The female plains zebra stands still as part of her gimmick,3
P1,P1_OVER_NARRATIVE,train,animo4d_L4_safe,animo4d_official_text,present,False,PZ_Plains_Zebra_Female_plains_zebra_female__animationnotmotionextractedlocomotion_manisetab95f3a1__plains_zebra_female_fightchaseoff_166.npy,The female plains zebra fights and then chases off the intruders,3
P1,P1_SOURCE_ACTION_ARTIFACT,train,animo4d_L4_safe,animo4d_official_text,present,False,PZ_Plains_Zebra_Female_plains_zebra_female__animationnotmotionextractedlocomotion_manisetab95f3a1__plains_zebra_female_standgimmick01_189.npy,The female plains zebra stands still as a gimmick,3
P1,P1_OVER_NARRATIVE,train,animo4d_L4_safe,animo4d_official_text,present,False,PZ_Plains_Zebra_Juvenile_plains_zebra_juvenile__animationmotionextractedfighting_maniset21a54391__plains_zebra_juvenile_fightchaseoff_1.npy,The juvenile plains zebra fights and then chases off its rival,3
P1,P1_OVER_NARRATIVE,train,animo4d_L4_safe,animo4d_official_text,present,False,PZ_Plains_Zebra_Juvenile_plains_zebra_juvenile__animationmotionextractedfighting_maniset21a54391__plains_zebra_juvenile_fighttauntreact_4.npy,The juvenile plains zebra fights taunts and then reacts swiftly,3
P1,P1_OVER_NARRATIVE,train,animo4d_L4_safe,animo4d_official_text,present,False,PZ_Plains_Zebra_Juvenile_plains_zebra_juvenile__animationmotionextractedlocomotion_manisetbb61b997__plains_zebra_juvenile_fighttaunt_6.npy,The juvenile plains zebra fights and then taunts its opponent,3
P1,P1_OVER_NARRATIVE,train,animo4d_L4_safe,animo4d_official_text,present,False,PZ_Plains_Zebra_Juvenile_plains_zebra_juvenile__animationnotmotionextractedbehaviour_maniset4817767d__plains_zebra_juvenile_fighttaunt_47.npy,The juvenile plains zebra fights and then taunts its opponent,3
P1,P1_OVER_NARRATIVE,train,animo4d_L4_safe,animo4d_official_text,present,False,PZ_Plains_Zebra_Juvenile_plains_zebra_juvenile__animationnotmotionextractedbehaviour_maniset4817767d__plains_zebra_juvenile_shake_61.npy,The juvenile plains zebra shakes its mane,3
P1,P1_SOURCE_ACTION_ARTIFACT,train,animo4d_L4_safe,animo4d_official_text,present,False,PZ_Plains_Zebra_Juvenile_plains_zebra_juvenile__animationnotmotionextractedbehaviour_maniset4817767d__plains_zebra_juvenile_standgimmick01_64.npy,The juvenile plains zebra stands still as a gimmick,3
P1,P1_OVER_NARRATIVE,train,animo4d_L4_safe,animo4d_official_text,present,False,PZ_Plains_Zebra_Juvenile_plains_zebra_juvenile__animationnotmotionextractedfighting_maniset19789093__plains_zebra_juvenile_fightchaseoff_104.npy,The juvenile plains zebra fights and then chases off its rival,3
P1,P1_OVER_NARRATIVE,train,animo4d_L4_safe,animo4d_official_text,present,False,PZ_Plains_Zebra_Juvenile_plains_zebra_juvenile__animationnotmotionextractedfighting_maniset19789093__plains_zebra_juvenile_fighttaunt_107.npy,The juvenile plains zebra fights and then taunts its opponent,3
P1,P1_OVER_NARRATIVE,train,animo4d_L4_safe,animo4d_official_text,present,False,PZ_Plains_Zebra_Juvenile_plains_zebra_juvenile__animationnotmotionextractedfighting_maniset19789093__plains_zebra_juvenile_fightvictorytaunt_110.npy,The juvenile plains zebra fights achieves victory and then taunts its opponent,3
P1,P1_SOURCE_ACTION_ARTIFACT,train,animo4d_L4_safe,animo4d_official_text,present,False,PZ_Plains_Zebra_Juvenile_plains_zebra_juvenile__animationnotmotionextractedfighting_maniset19789093__plains_zebra_juvenile_standgimmick01_125.npy,The juvenile plains zebra stands still as a gimmick,3
P1,P1_OVER_NARRATIVE,train,animo4d_L4_safe,animo4d_official_text,present,False,PZ_Plains_Zebra_Juvenile_plains_zebra_juvenile__animationnotmotionextractedlocomotion_maniset47285279__plains_zebra_juvenile_fightchaseoff_166.npy,The juvenile plains zebra fights and then chases off its rival,3
P1,P1_OVER_NARRATIVE,train,animo4d_L4_safe,animo4d_official_text,present,False,PZ_Plains_Zebra_Juvenile_plains_zebra_juvenile__animationnotmotionextractedlocomotion_maniset47285279__plains_zebra_juvenile_fighttaunt_169.npy,The juvenile plains zebra fights and then taunts its opponent,3
P1,P1_OVER_NARRATIVE,train,animo4d_L4_safe,animo4d_official_text,present,False,PZ_Plains_Zebra_Juvenile_plains_zebra_juvenile__animationnotmotionextractedlocomotion_maniset47285279__plains_zebra_juvenile_fighttauntreact_170.npy,The juvenile plains zebra fights taunts and then reacts swiftly,3
P1,P1_SOURCE_ACTION_ARTIFACT,train,animo4d_L4_safe,animo4d_official_text,present,False,PZ_Plains_Zebra_Juvenile_plains_zebra_juvenile__animationnotmotionextractedlocomotion_maniset47285279__plains_zebra_juvenile_standgimmick01_187.npy,The juvenile plains zebra stands still as a gimmick,3
P1,P1_OVER_NARRATIVE,train,animo4d_L4_safe,animo4d_official_text,present,False,PZ_Plains_Zebra_Male_plains_zebra_male__animationmotionextractedfighting_maniset6a89ec2e__plains_zebra_male_fightchaseoff_1.npy,The male plains zebra fights and then chases off the intruder,3
P1,P1_OVER_NARRATIVE,train,animo4d_L4_safe,animo4d_official_text,present,False,PZ_Plains_Zebra_Male_plains_zebra_male__animationmotionextractedlocomotion_manisetc17368b4__plains_zebra_male_fightchaseoff_3.npy,The male plains zebra fights and then chases off the intruder,3
P1,P1_SOURCE_ACTION_ARTIFACT,train,animo4d_L4_safe,animo4d_official_text,present,False,PZ_Plains_Zebra_Male_plains_zebra_male__animationnotmotionextractedbehaviour_maniset4f756c1a__plains_zebra_male_standgimmick01_46.npy,The male plains zebra stands still employing a deceptive gimmick,3
P1,P1_OVER_NARRATIVE,train,animo4d_L4_safe,animo4d_official_text,present,False,PZ_Plains_Zebra_Male_plains_zebra_male__animationnotmotionextractedlocomotion_maniset9dda2356__plains_zebra_male_fighttostand_128.npy,The male plains zebra fights and then stands still,3
P1,P1_SOURCE_ACTION_ARTIFACT,train,animo4d_L4_safe,animo4d_official_text,present,False,PZ_Plains_Zebra_Male_plains_zebra_male__animationnotmotionextractedlocomotion_maniset9dda2356__plains_zebra_male_standgimmick01_141.npy,The male plains zebra stands still as a gimmick,3
P1,P1_SOURCE_ACTION_ARTIFACT,train,animo4d_L4_safe,animo4d_official_text,present,False,PZ_Prairie_Dog_Juvenile_prairie_dog_juvenile__animationmotionextractedbehaviour_maniset1c9c2343__prairie_dog_juvenile_gimmicklooptostand_7.npy,The juvenile prairie dog uses a gimmick to stand still,3
P1,P1_OVER_NARRATIVE,train,animo4d_L4_safe,animo4d_official_text,present,False,PZ_Prairie_Dog_Juvenile_prairie_dog_juvenile__animationmotionextractedfighting_maniset8fc63199__prairie_dog_juvenile_fightchaseoff_17.npy,The juvenile prairie dog fights chases and then drives off the intruder,3
P1,P1_OVER_NARRATIVE,train,animo4d_L4_safe,animo4d_official_text,present,False,PZ_Prairie_Dog_Juvenile_prairie_dog_juvenile__animationmotionextractedfighting_maniset8fc63199__prairie_dog_juvenile_fighttaunt_21.npy,The juvenile prairie dog fights and then taunts its opponent,3
P1,P1_OVER_NARRATIVE,train,animo4d_L4_safe,animo4d_official_text,present,False,PZ_Prairie_Dog_Juvenile_prairie_dog_juvenile__animationmotionextractedfighting_maniset8fc63199__prairie_dog_juvenile_fightvictorytaunt_23.npy,The juvenile prairie dog leaps up and then taunts its opponent after a fight victory,3
P1,P1_SOURCE_ACTION_ARTIFACT,train,animo4d_L4_safe,animo4d_official_text,present,False,PZ_Prairie_Dog_Juvenile_prairie_dog_juvenile__animationmotionextractedfighting_maniset8fc63199__prairie_dog_juvenile_gimmicklooptostand_24.npy,The juvenile prairie dog uses a gimmick to stand still,3
P1,P1_OVER_NARRATIVE,train,animo4d_L4_safe,animo4d_official_text,present,False,PZ_Prairie_Dog_Juvenile_prairie_dog_juvenile__animationmotionextractedlocomotion_manisetcda6b9f__prairie_dog_juvenile_fightchaseoff_34.npy,The juvenile prairie dog fights and then chases the intruder off,3
P1,P1_OVER_NARRATIVE,train,animo4d_L4_safe,animo4d_official_text,present,False,PZ_Prairie_Dog_Juvenile_prairie_dog_juvenile__animationmotionextractedlocomotion_manisetcda6b9f__prairie_dog_juvenile_fighttaunt_37.npy,The juvenile prairie dog fights and then taunts its opponent,3
P1,P1_SOURCE_ACTION_ARTIFACT,train,animo4d_L4_safe,animo4d_official_text,present,False,PZ_Prairie_Dog_Juvenile_prairie_dog_juvenile__animationmotionextractedlocomotion_manisetcda6b9f__prairie_dog_juvenile_gimmicklooptostand_39.npy,The juvenile prairie dog uses a gimmick to stand still,1
P1,P1_OVER_NARRATIVE,train,animo4d_L4_safe,animo4d_official_text,present,False,PZ_Prairie_Dog_Juvenile_prairie_dog_juvenile__animationnotmotionextractedbehaviour_maniset2b29ec85__prairie_dog_juvenile_fightchaseoff_70.npy,The juvenile prairie dog fights and then chases off its opponent,3
P1,P1_OVER_NARRATIVE,train,animo4d_L4_safe,animo4d_official_text,present,False,PZ_Prairie_Dog_Juvenile_prairie_dog_juvenile__animationnotmotionextractedbehaviour_maniset2b29ec85__prairie_dog_juvenile_fighttaunt_73.npy,The juvenile prairie dog fights and then taunts its opponent,3
P1,P1_SOURCE_ACTION_ARTIFACT,train,animo4d_L4_safe,animo4d_official_text,present,False,PZ_Prairie_Dog_Juvenile_prairie_dog_juvenile__animationnotmotionextractedbehaviour_maniset2b29ec85__prairie_dog_juvenile_gimmick_75.npy,The juvenile prairie dog performs a playful gimmick by hopping around and then suddenly stopping,3
P1,P1_SOURCE_ACTION_ARTIFACT,train,animo4d_L4_safe,animo4d_official_text,present,False,PZ_Prairie_Dog_Juvenile_prairie_dog_juvenile__animationnotmotionextractedbehaviour_maniset2b29ec85__prairie_dog_juvenile_gimmickloop02_76.npy,The juvenile prairie dog performs a playful gimmick by hopping around and then suddenly stopping,3
P1,P1_SOURCE_ACTION_ARTIFACT,train,animo4d_L4_safe,animo4d_official_text,present,False,PZ_Prairie_Dog_Juvenile_prairie_dog_juvenile__animationnotmotionextractedbehaviour_maniset2b29ec85__prairie_dog_juvenile_standtogimmickloop_90.npy,The juvenile prairie dog stands still to gimmick,3
P1,P1_OVER_NARRATIVE,train,animo4d_L4_safe,animo4d_official_text,present,False,PZ_Prairie_Dog_Juvenile_prairie_dog_juvenile__animationnotmotionextractedfighting_manisetabe5e49b__prairie_dog_juvenile_fightvictorytaunt_118.npy,The juvenile prairie dog leaps and then taunts after a fight victory,3
P1,P1_SOURCE_ACTION_ARTIFACT,train,animo4d_L4_safe,animo4d_official_text,present,False,PZ_Prairie_Dog_Juvenile_prairie_dog_juvenile__animationnotmotionextractedfighting_manisetabe5e49b__prairie_dog_juvenile_gimmick_119.npy,The juvenile prairie dog performs a playful gimmick by hopping around and then suddenly stopping,3
P1,P1_SOURCE_ACTION_ARTIFACT,train,animo4d_L4_safe,animo4d_official_text,present,False,PZ_Prairie_Dog_Juvenile_prairie_dog_juvenile__animationnotmotionextractedfighting_manisetabe5e49b__prairie_dog_juvenile_gimmickloop02_120.npy,The juvenile prairie dog performs a playful gimmick by hopping around,3
P1,P1_OVER_NARRATIVE,train,animo4d_L4_safe,animo4d_official_text,present,False,PZ_Prairie_Dog_Juvenile_prairie_dog_juvenile__animationnotmotionextractedlocomotion_maniset38b06a81__prairie_dog_juvenile_fightchaseoff_144.npy,The juvenile prairie dog fights and then chases off the intruder,3
P1,P1_OVER_NARRATIVE,train,animo4d_L4_safe,animo4d_official_text,present,False,PZ_Prairie_Dog_Juvenile_prairie_dog_juvenile__animationnotmotionextractedlocomotion_maniset38b06a81__prairie_dog_juvenile_fighttaunt_146.npy,The juvenile prairie dog fights and then taunts its opponent,3
P1,P1_SOURCE_ACTION_ARTIFACT,train,animo4d_L4_safe,animo4d_official_text,present,False,PZ_Prairie_Dog_Juvenile_prairie_dog_juvenile__animationnotmotionextractedlocomotion_maniset38b06a81__prairie_dog_juvenile_gimmicklooptostand_148.npy,The juvenile prairie dog uses a gimmick to stand still,3
P1,P1_SOURCE_ACTION_ARTIFACT,train,animo4d_L4_safe,animo4d_official_text,present,False,PZ_Prairie_Dog_Juvenile_prairie_dog_juvenile__animationnotmotionextractedlocomotion_maniset38b06a81__prairie_dog_juvenile_standtogimmickloop_156.npy,The juvenile prairie dog stands still to gimmick,3
P1,P1_SOURCE_ACTION_ARTIFACT,train,animo4d_L4_safe,animo4d_official_text,present,False,PZ_Prairie_Dog_Male_prairie_dog_male__animationmotionextractedfighting_manisetd2951636__prairie_dog_male_burrowgimmick_8.npy,The male prairie dog uses a burrow gimmick to escape into his underground tunnel,3
P1,P1_OVER_NARRATIVE,train,animo4d_L4_safe,animo4d_official_text,present,False,PZ_Prairie_Dog_Male_prairie_dog_male__animationmotionextractedfighting_manisetd2951636__prairie_dog_male_fighttaunt_16.npy,The male prairie dog fights and then taunts its opponent,3
P1,P1_OVER_NARRATIVE,train,animo4d_L4_safe,animo4d_official_text,present,False,PZ_Prairie_Dog_Male_prairie_dog_male__animationmotionextractedfighting_manisetd2951636__prairie_dog_male_fightvictorytaunt_17.npy,The male prairie dog fights wins and then taunts his opponent,3
P1,P1_OVER_NARRATIVE,train,animo4d_L4_safe,animo4d_official_text,present,False,PZ_Prairie_Dog_Male_prairie_dog_male__animationmotionextractedlocomotion_maniset2f9456bc__prairie_dog_male_fighttaunt_29.npy,The male prairie dog fights and then taunts his opponent,3
P1,P1_OVER_NARRATIVE,train,animo4d_L4_safe,animo4d_official_text,present,False,PZ_Prairie_Dog_Male_prairie_dog_male__animationmotionextractedlocomotion_maniset2f9456bc__prairie_dog_male_fighttauntreact_30.npy,The male prairie dog fights taunts and then reacts swiftly,3
P1,P1_SOURCE_ACTION_ARTIFACT,train,animo4d_L4_safe,animo4d_official_text,present,False,PZ_Prairie_Dog_Male_prairie_dog_male__animationnotmotionextractedbehaviour_maniseta0ee1e22__prairie_dog_male_diggimmick_53.npy,The male prairie dog digs a hole and then hides in the gimmick,3
P1,P1_OVER_NARRATIVE,train,animo4d_L4_safe,animo4d_official_text,present,False,PZ_Prairie_Dog_Male_prairie_dog_male__animationnotmotionextractedbehaviour_maniseta0ee1e22__prairie_dog_male_fighttaunt_66.npy,The male prairie dog fights and then taunts his opponent,3
P1,P1_OVER_NARRATIVE,train,animo4d_L4_safe,animo4d_official_text,present,False,PZ_Prairie_Dog_Male_prairie_dog_male__animationnotmotionextractedbehaviour_maniseta0ee1e22__prairie_dog_male_fightvictorytaunt_67.npy,The male prairie dog fights wins and then taunts his opponent,3
P1,P1_SOURCE_ACTION_ARTIFACT,train,animo4d_L4_safe,animo4d_official_text,present,False,PZ_Prairie_Dog_Male_prairie_dog_male__animationnotmotionextractedbehaviour_maniseta0ee1e22__prairie_dog_male_gimmick_68.npy,The male prairie dog performs a playful gimmick by hopping around and then suddenly stopping,3
P1,P1_OVER_NARRATIVE;P1_SOURCE_ACTION_ARTIFACT,train,animo4d_L4_safe,animo4d_official_text,present,False,PZ_Prairie_Dog_Male_prairie_dog_male__animationnotmotionextractedbehaviour_maniseta0ee1e22__prairie_dog_male_gimmickloop02_69.npy,The male prairie dog performs a playful gimmick by hopping around in a circle,3
P1,P1_SOURCE_ACTION_ARTIFACT,train,animo4d_L4_safe,animo4d_official_text,present,False,PZ_Prairie_Dog_Male_prairie_dog_male__animationnotmotionextractedfighting_maniset64c70af8__prairie_dog_male_diggimmick_104.npy,The male prairie dog digs a hole and then plays a gimmick,3
P1,P1_OVER_NARRATIVE,train,animo4d_L4_safe,animo4d_official_text,present,False,PZ_Prairie_Dog_Male_prairie_dog_male__animationnotmotionextractedfighting_maniset64c70af8__prairie_dog_male_fightvictorytaunt_119.npy,The male prairie dog fights wins and then taunts his opponent,3
P1,P1_SOURCE_ACTION_ARTIFACT,train,animo4d_L4_safe,animo4d_official_text,present,False,PZ_Prairie_Dog_Male_prairie_dog_male__animationnotmotionextractedfighting_maniset64c70af8__prairie_dog_male_gimmick_120.npy,The male prairie dog performs a playful gimmick,3
P1,P1_SOURCE_ACTION_ARTIFACT,train,animo4d_L4_safe,animo4d_official_text,present,False,PZ_Prairie_Dog_Male_prairie_dog_male__animationnotmotionextractedfighting_maniset64c70af8__prairie_dog_male_gimmickloop02_121.npy,The male prairie dog performs a playful gimmick by hopping around in a circle,3
P1,P1_SOURCE_ACTION_ARTIFACT,train,animo4d_L4_safe,animo4d_official_text,present,False,PZ_Prairie_Dog_Male_prairie_dog_male__animationnotmotionextractedfighting_maniset64c70af8__prairie_dog_male_standtogimmickloop_138.npy,The male prairie dog stands still to gimmick,3
P1,P1_SOURCE_ACTION_ARTIFACT,train,animo4d_L4_safe,animo4d_official_text,present,False,PZ_Prairie_Dog_Male_prairie_dog_male__animationnotmotionextractedlocomotion_maniset3047775e__prairie_dog_male_burrowgimmick_156.npy,The male prairie dog uses a burrow gimmick to escape,3
P1,P1_SOURCE_ACTION_ARTIFACT,train,animo4d_L4_safe,animo4d_official_text,present,False,PZ_Prairie_Dog_Male_prairie_dog_male__animationnotmotionextractedlocomotion_maniset3047775e__prairie_dog_male_diggimmick_157.npy,The male prairie dog digs a hole and then hides in the gimmick,3
P1,P1_OVER_NARRATIVE,train,animo4d_L4_safe,animo4d_official_text,present,False,PZ_Prairie_Dog_Male_prairie_dog_male__animationnotmotionextractedlocomotion_maniset3047775e__prairie_dog_male_fightvictorytaunt_173.npy,The male prairie dog engages in a fight emerges victorious and then taunts his opponent,3
P1,P1_SOURCE_ACTION_ARTIFACT,train,animo4d_L4_safe,animo4d_official_text,present,False,PZ_Prairie_Dog_Male_prairie_dog_male__animationnotmotionextractedlocomotion_maniset3047775e__prairie_dog_male_gimmickloop02_174.npy,The male prairie dog performs a playful gimmick by hopping around in a circle,3
P1,P1_SOURCE_ACTION_ARTIFACT,train,animo4d_L4_safe,animo4d_official_text,present,False,PZ_Prairie_Dog_Male_prairie_dog_male__animationnotmotionextractedlocomotion_maniset3047775e__prairie_dog_male_standtogimmickloop_190.npy,The male prairie dog stands still to gimmick,3
P1,P1_OVER_NARRATIVE,train,animo4d_L4_safe,animo4d_official_text,present,False,PZ_Proboscis_Monkey_Female_proboscis_monkey_female__animationmotionextractedfighting_maniset539b17ab__proboscis_monkey_female_fightchaseoff_1.npy,The female proboscis monkey fights and then chases off the intruder,3
P1,P1_OVER_NARRATIVE,train,animo4d_L4_safe,animo4d_official_text,present,False,PZ_Proboscis_Monkey_Female_proboscis_monkey_female__animationnotmotionextractedfighting_maniset3ae7902d__proboscis_monkey_female_fightchaseoff_133.npy,The female proboscis monkey fights and then chases off the intruder,3
P1,P1_OVER_NARRATIVE,train,animo4d_L4_safe,animo4d_official_text,present,False,PZ_Proboscis_Monkey_Female_proboscis_monkey_female__animationnotmotionextractedfighting_maniset3ae7902d__proboscis_monkey_female_fighttaunt_137.npy,The female proboscis monkey fights and then taunts her opponent,3
P1,P1_OVER_NARRATIVE,train,animo4d_L4_safe,animo4d_official_text,present,False,PZ_Proboscis_Monkey_Female_proboscis_monkey_female__animationnotmotionextractedfighting_maniset3ae7902d__proboscis_monkey_female_fighttauntreact_138.npy,The female proboscis monkey fights taunts her opponent and then reacts swiftly,3
P1,P1_OVER_NARRATIVE,train,animo4d_L4_safe,animo4d_official_text,present,False,PZ_Proboscis_Monkey_Female_proboscis_monkey_female__animationnotmotionextractedlocomotion_maniset80e18f13__proboscis_monkey_female_fightchaseoff_215.npy,The female proboscis monkey fights and then chases off the intruder,3
P1,P1_OVER_NARRATIVE,train,animo4d_L4_safe,animo4d_official_text,present,False,PZ_Proboscis_Monkey_Female_proboscis_monkey_female__animationnotmotionextractedlocomotion_maniset80e18f13__proboscis_monkey_female_fighttauntreact_220.npy,The female proboscis monkey fights taunts her opponent and then reacts swiftly,3
P1,P1_SOURCE_ACTION_ARTIFACT,train,animo4d_L4_safe,animo4d_official_text,present,False,PZ_Proboscis_Monkey_Female_proboscis_monkey_female__animationnotmotionextractedlocomotion_maniset80e18f13__proboscis_monkey_female_gimmick_222.npy,The female proboscis monkey performs a playful gimmick by swinging from branch to branch,3
P1,P1_OVER_NARRATIVE,train,animo4d_L4_safe,animo4d_official_text,present,False,PZ_Proboscis_Monkey_Juvenile_proboscis_monkey_juvenile__animationmotionextractedlocomotion_manisetd2156c09__proboscis_monkey_juvenile_fightchaseoff_12.npy,The juvenile proboscis monkey fights and then chases off its opponent,3
P1,P1_SOURCE_ACTION_ARTIFACT,train,animo4d_L4_safe,animo4d_official_text,present,False,PZ_Proboscis_Monkey_Juvenile_proboscis_monkey_juvenile__animationnotmotionextractedfighting_manisetabe2a785__proboscis_monkey_juvenile_gimmick_131.npy,The juvenile proboscis monkey performs a playful gimmick by leaping from branch to branch,3
P1,P1_OVER_NARRATIVE,train,animo4d_L4_safe,animo4d_official_text,present,False,PZ_Proboscis_Monkey_Juvenile_proboscis_monkey_juvenile__animationnotmotionextractedlocomotion_maniset9dc8926b__proboscis_monkey_juvenile_fightchaseoff_195.npy,The juvenile proboscis monkey fights and then chases the other off,3
P1,P1_OVER_NARRATIVE,train,animo4d_L4_safe,animo4d_official_text,present,False,PZ_Proboscis_Monkey_Juvenile_proboscis_monkey_juvenile__animationnotmotionextractedlocomotion_maniset9dc8926b__proboscis_monkey_juvenile_fighttaunt_200.npy,The juvenile proboscis monkey fights and then taunts its opponent,3
P1,P1_OVER_NARRATIVE,train,animo4d_L4_safe,animo4d_official_text,present,False,PZ_Proboscis_Monkey_Male_proboscis_monkey_male__animationmotionextractedfighting_maniset1e734ca0__proboscis_monkey_male_fightchaseoff_1.npy,The male proboscis monkey fights and then chases off the intruder,3
P1,P1_OVER_NARRATIVE,train,animo4d_L4_safe,animo4d_official_text,present,False,PZ_Proboscis_Monkey_Male_proboscis_monkey_male__animationnotmotionextractedfighting_maniset4792e8e2__proboscis_monkey_male_fighttaunt_133.npy,The male proboscis monkey fights and then taunts his opponent,3
P1,P1_OVER_NARRATIVE,train,animo4d_L4_safe,animo4d_official_text,present,False,PZ_Pronghorn_Antelope_Female_pronghorn_antelope_female__animationmotionextractedfighting_manisetff79a8f9__pronghorn_antelope_female_fightchaseoff_1.npy,The female pronghorn antelope fights and then chases off the intruder,3
P1,P1_OVER_NARRATIVE,train,animo4d_L4_safe,animo4d_official_text,present,False,PZ_Pronghorn_Antelope_Female_pronghorn_antelope_female__animationmotionextractedlocomotion_maniset8e3a92ff__pronghorn_antelope_female_fightchaseoff_2.npy,The female pronghorn antelope fights and then chases off the intruder,3
P1,P1_OVER_NARRATIVE,train,animo4d_L4_safe,animo4d_official_text,present,False,PZ_Pronghorn_Antelope_Female_pronghorn_antelope_female__animationnotmotionextractedbehaviour_maniset250ec3e5__pronghorn_antelope_female_fightchaseoff_47.npy,The female pronghorn antelope fights and then chases off the intruder,3
P1,P1_OVER_NARRATIVE,train,animo4d_L4_safe,animo4d_official_text,present,False,PZ_Pronghorn_Antelope_Female_pronghorn_antelope_female__animationnotmotionextractedfighting_maniset5ed63fb__pronghorn_antelope_female_fightchaseoff_101.npy,The female pronghorn antelope fights and then chases off the intruder,3
P1,P1_OVER_NARRATIVE,train,animo4d_L4_safe,animo4d_official_text,present,False,PZ_Pronghorn_Antelope_Female_pronghorn_antelope_female__animationnotmotionextractedfighting_maniset5ed63fb__pronghorn_antelope_female_fighttaunt_103.npy,The female pronghorn antelope fights and then taunts her opponent,1
P1,P1_OVER_NARRATIVE,train,animo4d_L4_safe,animo4d_official_text,present,False,PZ_Pronghorn_Antelope_Female_pronghorn_antelope_female__animationnotmotionextractedfighting_maniset5ed63fb__pronghorn_antelope_female_fightvictorytaunt_105.npy,The female pronghorn antelope fights achieves victory and then taunts her opponent,3
P1,P1_OVER_NARRATIVE,train,animo4d_L4_safe,animo4d_official_text,present,False,PZ_Pronghorn_Antelope_Female_pronghorn_antelope_female__animationnotmotionextractedlocomotion_maniset3f2899e1__pronghorn_antelope_female_fightchaseoff_160.npy,The female pronghorn antelope fights and then chases off the intruder,3
P1,P1_OVER_NARRATIVE,train,animo4d_L4_safe,animo4d_official_text,present,False,PZ_Pronghorn_Antelope_Female_pronghorn_antelope_female__animationnotmotionextractedlocomotion_maniset3f2899e1__pronghorn_antelope_female_fighttaunt_162.npy,The female pronghorn antelope fights and then taunts her opponent,3
P1,P1_OVER_NARRATIVE,train,animo4d_L4_safe,animo4d_official_text,present,False,PZ_Pronghorn_Antelope_Female_pronghorn_antelope_female__animationnotmotionextractedlocomotion_maniset3f2899e1__pronghorn_antelope_female_fightvictorytaunt_164.npy,The female pronghorn antelope fights achieves victory and then taunts her opponent,3
P1,P1_OVER_NARRATIVE,train,animo4d_L4_safe,animo4d_official_text,present,False,PZ_Pronghorn_Antelope_Male_pronghorn_antelope_male__animationmotionextractedlocomotion_maniset30e3cef4__pronghorn_antelope_male_fightchaseoff_2.npy,The male pronghorn antelope fights and then chases off the rival,3
P1,P1_OVER_NARRATIVE,train,animo4d_L4_safe,animo4d_official_text,present,False,PZ_Pronghorn_Antelope_Male_pronghorn_antelope_male__animationnotmotionextractedbehaviour_maniset312ef25a__pronghorn_antelope_male_fightchaseoff_43.npy,The male pronghorn antelope fights and then chases off the intruder,3
P1,P1_SOURCE_ACTION_ARTIFACT,train,animo4d_L4_safe,animo4d_official_text,present,False,PZ_Pronghorn_Antelope_Male_pronghorn_antelope_male__animationnotmotionextractedbehaviour_maniset312ef25a__pronghorn_antelope_male_standgimmick01_59.npy,The male pronghorn antelope stands still as a clever gimmick,3
P1,P1_OVER_NARRATIVE;P2_GENERIC_CREATURE_CLASS,train,animo4d_L4_safe,animo4d_official_text,present,False,PZ_Pronghorn_Antelope_Male_pronghorn_antelope_male__animationnotmotionextractedfighting_manisetf7d57130__pronghorn_antelope_male_fightchaseoff_96.npy,The male pronghorn antelope fights and then chases off the intruder,3
P1,P1_OVER_NARRATIVE,train,animo4d_L4_safe,animo4d_official_text,present,False,PZ_Pronghorn_Antelope_Male_pronghorn_antelope_male__animationnotmotionextractedfighting_manisetf7d57130__pronghorn_antelope_male_fighttaunt_100.npy,The male pronghorn antelope fights and then taunts its opponent,3
P1,P1_OVER_NARRATIVE,train,animo4d_L4_safe,animo4d_official_text,present,False,PZ_Pronghorn_Antelope_Male_pronghorn_antelope_male__animationnotmotionextractedfighting_manisetf7d57130__pronghorn_antelope_male_fighttauntreact_101.npy,The male pronghorn antelope fights taunts and then reacts swiftly,3
P1,P1_SOURCE_ACTION_ARTIFACT,train,animo4d_L4_safe,animo4d_official_text,present,False,PZ_Pronghorn_Antelope_Male_pronghorn_antelope_male__animationnotmotionextractedfighting_manisetf7d57130__pronghorn_antelope_male_standgimmick01_115.npy,The male pronghorn antelope stands still as a gimmick,3
P1,P1_OVER_NARRATIVE,train,animo4d_L4_safe,animo4d_official_text,present,False,PZ_Pronghorn_Antelope_Male_pronghorn_antelope_male__animationnotmotionextractedlocomotion_manisetd40e3996__pronghorn_antelope_male_fightchaseoff_155.npy,The male pronghorn antelope fights and then chases off the intruder,3
P1,P1_SOURCE_ACTION_ARTIFACT,train,animo4d_L4_safe,animo4d_official_text,present,False,PZ_Pronghorn_Antelope_Male_pronghorn_antelope_male__animationnotmotionextractedlocomotion_manisetd40e3996__pronghorn_antelope_male_standgimmick01_176.npy,The male pronghorn antelope stands still as a gimmick,3
P1,P1_SOURCE_ACTION_ARTIFACT,train,animo4d_L4_safe,animo4d_official_text,present,False,PZ_Przewalskis_Horse_Female_przewalskis_horse_female__animationmotionextractedbehaviour_maniset987d8fbe__przewalskis_horse_female_gimmick_1.npy,The female Przewalskis horse performs a playful gimmick by trotting in circles,3
P1,P1_OVER_NARRATIVE,train,animo4d_L4_safe,animo4d_official_text,present,False,PZ_Przewalskis_Horse_Female_przewalskis_horse_female__animationmotionextractedlocomotion_maniset6c8e2da__przewalskis_horse_female_fighttaunt_3.npy,The female Przewalskis horse fights and then taunts her opponent,3
P1,P1_SOURCE_ACTION_ARTIFACT,train,animo4d_L4_safe,animo4d_official_text,present,False,PZ_Przewalskis_Horse_Female_przewalskis_horse_female__animationmotionextractedlocomotion_maniset6c8e2da__przewalskis_horse_female_gimmick_4.npy,The female Przewalskis horse performs a playful gimmick by trotting in circles,4
P1,P1_OVER_NARRATIVE,train,animo4d_L4_safe,animo4d_official_text,present,False,PZ_Przewalskis_Horse_Female_przewalskis_horse_female__animationnotmotionextractedbehaviour_manisetd9a78940__przewalskis_horse_female_fighttauntreact_26.npy,The female Przewalskis horse fights taunts and then reacts swiftly,3
P1,P1_OVER_NARRATIVE,train,animo4d_L4_safe,animo4d_official_text,present,False,PZ_Przewalskis_Horse_Female_przewalskis_horse_female__animationnotmotionextractedfighting_manisetdb4f1696__przewalskis_horse_female_fighttaunt_53.npy,The female Przewalskis horse fights and then taunts her opponent,3
P1,P1_SOURCE_ACTION_ARTIFACT,train,animo4d_L4_safe,animo4d_official_text,present,False,PZ_Przewalskis_Horse_Female_przewalskis_horse_female__animationnotmotionextractedfighting_manisetdb4f1696__przewalskis_horse_female_gimmick_54.npy,The female Przewalskis horse performs a playful gimmick by trotting in circles,3
P1,P1_SOURCE_ACTION_ARTIFACT,train,animo4d_L4_safe,animo4d_official_text,present,False,PZ_Przewalskis_Horse_Juvenile_przewalskis_horse_juvenile__animationmotionextractedbehaviour_maniset2838d956__przewalskis_horse_juvenile_gimmick_1.npy,The juvenile Przewalskis horse performs a playful gimmick by trotting in circles,3
P1,P1_OVER_NARRATIVE,train,animo4d_L4_safe,animo4d_official_text,present,False,PZ_Przewalskis_Horse_Juvenile_przewalskis_horse_juvenile__animationmotionextractedfighting_manisete28846ec__przewalskis_horse_juvenile_fightchaseoff_2.npy,The juvenile Przewalskis horse fights and then chases off its rival,3
P1,P1_OVER_NARRATIVE,train,animo4d_L4_safe,animo4d_official_text,present,False,PZ_Przewalskis_Horse_Juvenile_przewalskis_horse_juvenile__animationmotionextractedfighting_manisete28846ec__przewalskis_horse_juvenile_fightflee_3.npy,The juvenile Przewalskis horse fights and then flees,3
P1,P1_OVER_NARRATIVE,train,animo4d_L4_safe,animo4d_official_text,present,False,PZ_Przewalskis_Horse_Juvenile_przewalskis_horse_juvenile__animationmotionextractedfighting_manisete28846ec__przewalskis_horse_juvenile_fighttaunt_4.npy,The juvenile Przewalskis horse fights and then taunts its opponent,3
P1,P1_SOURCE_ACTION_ARTIFACT,train,animo4d_L4_safe,animo4d_official_text,present,False,PZ_Przewalskis_Horse_Juvenile_przewalskis_horse_juvenile__animationmotionextractedfighting_manisete28846ec__przewalskis_horse_juvenile_gimmick_6.npy,The juvenile Przewalskis horse performs a playful gimmick by trotting in circles,3
P1,P1_OVER_NARRATIVE,train,animo4d_L4_safe,animo4d_official_text,present,False,PZ_Przewalskis_Horse_Juvenile_przewalskis_horse_juvenile__animationmotionextractedlocomotion_maniset727cf272__przewalskis_horse_juvenile_fightchaseoff_7.npy,The juvenile Przewalskis horse fights and then chases off its rival,3
P1,P1_OVER_NARRATIVE,train,animo4d_L4_safe,animo4d_official_text,present,False,PZ_Przewalskis_Horse_Juvenile_przewalskis_horse_juvenile__animationmotionextractedlocomotion_maniset727cf272__przewalskis_horse_juvenile_fighttaunt_9.npy,The juvenile Przewalskis horse fights and then taunts its opponent,3
P1,P1_SOURCE_ACTION_ARTIFACT,train,animo4d_L4_safe,animo4d_official_text,present,False,PZ_Przewalskis_Horse_Juvenile_przewalskis_horse_juvenile__animationmotionextractedlocomotion_maniset727cf272__przewalskis_horse_juvenile_gimmick_11.npy,The juvenile Przewalskis horse performs a playful gimmick by trotting in circles,3
P1,P1_OVER_NARRATIVE,train,animo4d_L4_safe,animo4d_official_text,present,False,PZ_Przewalskis_Horse_Juvenile_przewalskis_horse_juvenile__animationnotmotionextractedbehaviour_maniset1989a4d8__przewalskis_horse_juvenile_fightchaseoff_62.npy,The juvenile Przewalskis horse fights and then chases off its rival,3
P1,P1_OVER_NARRATIVE,train,animo4d_L4_safe,animo4d_official_text,present,False,PZ_Przewalskis_Horse_Juvenile_przewalskis_horse_juvenile__animationnotmotionextractedbehaviour_maniset1989a4d8__przewalskis_horse_juvenile_fighttaunt_64.npy,The juvenile Przewalskis horse fights and then taunts its opponent,3
P1,P1_SOURCE_ACTION_ARTIFACT,train,animo4d_L4_safe,animo4d_official_text,present,False,PZ_Przewalskis_Horse_Juvenile_przewalskis_horse_juvenile__animationnotmotionextractedbehaviour_maniset1989a4d8__przewalskis_horse_juvenile_gimmick_66.npy,The juvenile Przewalskis horse performs a playful gimmick by trotting in circles,3
P1,P1_OVER_NARRATIVE,train,animo4d_L4_safe,animo4d_official_text,present,False,PZ_Przewalskis_Horse_Juvenile_przewalskis_horse_juvenile__animationnotmotionextractedfighting_maniset4456c2e__przewalskis_horse_juvenile_fightchaseoff_130.npy,The juvenile Przewalskis horse fights and then chases off the intruders,3
P1,P1_OVER_NARRATIVE,train,animo4d_L4_safe,animo4d_official_text,present,False,PZ_Przewalskis_Horse_Juvenile_przewalskis_horse_juvenile__animationnotmotionextractedfighting_maniset4456c2e__przewalskis_horse_juvenile_fighttaunt_133.npy,The juvenile Przewalskis horse fights and then taunts its opponent,3
P1,P1_SOURCE_ACTION_ARTIFACT,train,animo4d_L4_safe,animo4d_official_text,present,False,PZ_Przewalskis_Horse_Juvenile_przewalskis_horse_juvenile__animationnotmotionextractedfighting_maniset4456c2e__przewalskis_horse_juvenile_gimmick_136.npy,The juvenile Przewalskis horse performs a playful gimmick by trotting in circles,3
P1,P1_OVER_NARRATIVE,train,animo4d_L4_safe,animo4d_official_text,present,False,PZ_Przewalskis_Horse_Juvenile_przewalskis_horse_juvenile__animationnotmotionextractedlocomotion_maniset3ddf8394__przewalskis_horse_juvenile_fightvictorytaunt_188.npy,The juvenile Przewalskis horse fights wins and then taunts its opponent,3
P1,P1_SOURCE_ACTION_ARTIFACT,train,animo4d_L4_safe,animo4d_official_text,present,False,PZ_Przewalskis_Horse_Male_przewalskis_horse_male__animationmotionextractedbehaviour_manisete53d47b3__przewalskis_horse_male_gimmick_1.npy,The male Przewalskis horse performs a playful gimmick by trotting in circles,3
P1,P1_OVER_NARRATIVE,train,animo4d_L4_safe,animo4d_official_text,present,False,PZ_Przewalskis_Horse_Male_przewalskis_horse_male__animationmotionextractedfighting_maniset97f37a09__przewalskis_horse_male_fighttaunt_2.npy,The male Przewalskis horse fights and then taunts its opponent,3
P1,P1_SOURCE_ACTION_ARTIFACT,train,animo4d_L4_safe,animo4d_official_text,present,False,PZ_Przewalskis_Horse_Male_przewalskis_horse_male__animationmotionextractedfighting_maniset97f37a09__przewalskis_horse_male_gimmick_3.npy,The male Przewalskis horse performs a playful gimmick by trotting in circles,3
P1,P1_OVER_NARRATIVE,train,animo4d_L4_safe,animo4d_official_text,present,False,PZ_Przewalskis_Horse_Male_przewalskis_horse_male__animationmotionextractedlocomotion_maniset82566c0f__przewalskis_horse_male_fighttaunt_4.npy,The male Przewalskis horse fights and then taunts its opponent,3
P1,P1_OVER_NARRATIVE,train,animo4d_L4_safe,animo4d_official_text,present,False,PZ_Przewalskis_Horse_Male_przewalskis_horse_male__animationmotionextractedlocomotion_maniset82566c0f__przewalskis_horse_male_fighttauntreact_5.npy,The male Przewalskis horse fights taunts and then reacts swiftly,3
P1,P1_SOURCE_ACTION_ARTIFACT,train,animo4d_L4_safe,animo4d_official_text,present,False,PZ_Przewalskis_Horse_Male_przewalskis_horse_male__animationmotionextractedlocomotion_maniset82566c0f__przewalskis_horse_male_gimmick_6.npy,The male Przewalskis horse performs a playful gimmick by trotting in circles,3
P1,P1_OVER_NARRATIVE,train,animo4d_L4_safe,animo4d_official_text,present,False,PZ_Przewalskis_Horse_Male_przewalskis_horse_male__animationnotmotionextractedbehaviour_maniset690a4f5__przewalskis_horse_male_fighttaunt_45.npy,The male Przewalskis horse fights and then taunts its opponent,3
P1,P1_OVER_NARRATIVE,train,animo4d_L4_safe,animo4d_official_text,present,False,PZ_Przewalskis_Horse_Male_przewalskis_horse_male__animationnotmotionextractedfighting_maniset7063c10b__przewalskis_horse_male_fighttaunt_104.npy,The male Przewalskis horse fights and then taunts its opponent,3
P1,P1_OVER_NARRATIVE,train,animo4d_L4_safe,animo4d_official_text,present,False,PZ_Przewalskis_Horse_Male_przewalskis_horse_male__animationnotmotionextractedlocomotion_maniset88a6fef1__przewalskis_horse_male_fighttaunt_158.npy,The male Przewalskis horse fights and then taunts its opponent,3
P1,P1_SOURCE_ACTION_ARTIFACT,train,animo4d_L4_safe,animo4d_official_text,present,False,PZ_Przewalskis_Horse_Male_przewalskis_horse_male__animationnotmotionextractedlocomotion_maniset88a6fef1__przewalskis_horse_male_gimmick_160.npy,The male Przewalskis horse performs a playful gimmick by trotting in circles,3
P1,P1_OVER_NARRATIVE,train,animo4d_L4_safe,animo4d_official_text,present,False,PZ_Pygmy_Hippo_Female_pygmy_hippo_female__animationmotionextractedfighting_manisete6c0d33c__pygmy_hippo_female_fightchaseoff_1.npy,The female pygmy hippo fights and then chases off the intruder,3
P1,P1_OVER_NARRATIVE,train,animo4d_L4_safe,animo4d_official_text,present,False,PZ_Pygmy_Hippo_Female_pygmy_hippo_female__animationmotionextractedfighting_manisete6c0d33c__pygmy_hippo_female_fightreacttodie_3.npy,The female pygmy hippo fights and then reacts by lying down to die,3
P1,P1_OVER_NARRATIVE,train,animo4d_L4_safe,animo4d_official_text,present,False,PZ_Pygmy_Hippo_Female_pygmy_hippo_female__animationmotionextractedlocomotion_manisetbdc326c2__pygmy_hippo_female_fightchaseoff_10.npy,The female pygmy hippo fights and then chases off the intruder,3
P1,P1_OVER_NARRATIVE,train,animo4d_L4_safe,animo4d_official_text,present,False,PZ_Pygmy_Hippo_Female_pygmy_hippo_female__animationnotmotionextractedbehaviour_maniset4a718128__pygmy_hippo_female_fightchaseoff_64.npy,The female pygmy hippo fights and then chases off the intruder,3
P1,P1_SOURCE_ACTION_ARTIFACT,train,animo4d_L4_safe,animo4d_official_text,present,False,PZ_Pygmy_Hippo_Female_pygmy_hippo_female__animationnotmotionextractedbehaviour_maniset4a718128__pygmy_hippo_female_standgimmick01_81.npy,The female pygmy hippo stands still as a playful gimmick,3
P1,P1_OVER_NARRATIVE,train,animo4d_L4_safe,animo4d_official_text,present,False,PZ_Pygmy_Hippo_Female_pygmy_hippo_female__animationnotmotionextractedfighting_maniset39e9f47e__pygmy_hippo_female_fightchaseoff_130.npy,The female pygmy hippo fights and then chases off the intruder,3
P1,P1_OVER_NARRATIVE,train,animo4d_L4_safe,animo4d_official_text,present,False,PZ_Pygmy_Hippo_Female_pygmy_hippo_female__animationnotmotionextractedfighting_maniset39e9f47e__pygmy_hippo_female_fighttaunt_134.npy,The female pygmy hippo fights and then taunts her opponent,3
P1,P1_OVER_NARRATIVE,train,animo4d_L4_safe,animo4d_official_text,present,False,PZ_Pygmy_Hippo_Female_pygmy_hippo_female__animationnotmotionextractedfighting_maniset39e9f47e__pygmy_hippo_female_fighttaunttostand_136.npy,The female pygmy hippo fights and then taunts her opponent to stand still,3
P1,P1_SOURCE_ACTION_ARTIFACT,train,animo4d_L4_safe,animo4d_official_text,present,False,PZ_Pygmy_Hippo_Female_pygmy_hippo_female__animationnotmotionextractedfighting_maniset39e9f47e__pygmy_hippo_female_standgimmick01_150.npy,The female pygmy hippo stands still as part of her gimmick,3
P1,P1_OVER_NARRATIVE,train,animo4d_L4_safe,animo4d_official_text,present,False,PZ_Pygmy_Hippo_Juvenile_pygmy_hippo_juvenile__animationnotmotionextractedfighting_maniset750f6416__pygmy_hippo_juvenile_fightvictorytaunt_124.npy,The juvenile pygmy hippo fights wins and then taunts its opponent,3
P1,P1_OVER_NARRATIVE,train,animo4d_L4_safe,animo4d_official_text,present,False,PZ_Pygmy_Hippo_Juvenile_pygmy_hippo_juvenile__animationnotmotionextractedlocomotion_maniset71332f7c__pygmy_hippo_juvenile_fightvictorytaunt_191.npy,The juvenile pygmy hippo fights wins and then taunts its opponent,3
P1,P1_OVER_NARRATIVE,train,animo4d_L4_safe,animo4d_official_text,present,False,PZ_Pygmy_Hippo_Male_pygmy_hippo_male__animationmotionextractedfighting_manisetc722eff1__pygmy_hippo_male_fightchaseoff_1.npy,The male pygmy hippo fights and then chases the intruder off,3
P1,P1_OVER_NARRATIVE,train,animo4d_L4_safe,animo4d_official_text,present,False,PZ_Pygmy_Hippo_Male_pygmy_hippo_male__animationmotionextractedlocomotion_maniset69e95f7__pygmy_hippo_male_fightchaseoff_3.npy,The male pygmy hippo fights and then chases off the intruder,3
P1,P1_OVER_NARRATIVE,train,animo4d_L4_safe,animo4d_official_text,present,False,PZ_Pygmy_Hippo_Male_pygmy_hippo_male__animationnotmotionextractedbehaviour_maniset652b82dd__pygmy_hippo_male_fightchaseoff_35.npy,The male pygmy hippo fights and then chases off the intruder,3
P1,P1_SOURCE_ACTION_ARTIFACT,train,animo4d_L4_safe,animo4d_official_text,present,False,PZ_Pygmy_Hippo_Male_pygmy_hippo_male__animationnotmotionextractedbehaviour_maniset652b82dd__pygmy_hippo_male_standgimmick01_43.npy,The male pygmy hippo stands still as part of its gimmick,3
P1,P1_OVER_NARRATIVE,train,animo4d_L4_safe,animo4d_official_text,present,False,PZ_Pygmy_Hippo_Male_pygmy_hippo_male__animationnotmotionextractedfighting_maniset275e04f3__pygmy_hippo_male_fightchaseoff_74.npy,The male pygmy hippo fights and then chases the intruder off,3
P1,P1_OVER_NARRATIVE,train,animo4d_L4_safe,animo4d_official_text,present,False,PZ_Pygmy_Hippo_Male_pygmy_hippo_male__animationnotmotionextractedfighting_maniset275e04f3__pygmy_hippo_male_fighttaunt_78.npy,The male pygmy hippo fights and then taunts his opponent,3
P1,P1_OVER_NARRATIVE,train,animo4d_L4_safe,animo4d_official_text,present,False,PZ_Pygmy_Hippo_Male_pygmy_hippo_male__animationnotmotionextractedfighting_maniset275e04f3__pygmy_hippo_male_fightvictorytaunt_80.npy,The male pygmy hippo fights wins and then taunts his opponent,3
P1,P1_OVER_NARRATIVE,train,animo4d_L4_safe,animo4d_official_text,present,False,PZ_Pygmy_Hippo_Male_pygmy_hippo_male__animationnotmotionextractedlocomotion_manisetf970f6d9__pygmy_hippo_male_fightchaseoff_115.npy,The male pygmy hippo fights and then chases the intruder off,3
P1,P1_OVER_NARRATIVE,train,animo4d_L4_safe,animo4d_official_text,present,False,PZ_Pygmy_Hippo_Male_pygmy_hippo_male__animationnotmotionextractedlocomotion_manisetf970f6d9__pygmy_hippo_male_fighttaunt_118.npy,The male pygmy hippo fights and then taunts his opponent,3
P1,P1_OVER_NARRATIVE,train,animo4d_L4_safe,animo4d_official_text,present,False,PZ_Pygmy_Hippo_Male_pygmy_hippo_male__animationnotmotionextractedlocomotion_manisetf970f6d9__pygmy_hippo_male_fightvictorytaunt_120.npy,The male pygmy hippo fights achieves victory and then taunts his opponent,3
P1,P1_SOURCE_ACTION_ARTIFACT,train,animo4d_L4_safe,animo4d_official_text,present,False,PZ_Pygmy_Hippo_Male_pygmy_hippo_male__animationnotmotionextractedlocomotion_manisetf970f6d9__pygmy_hippo_male_standgimmick01_126.npy,The male pygmy hippo stands still as part of its gimmick,3
P1,P1_OVER_NARRATIVE,train,animo4d_L4_safe,animo4d_official_text,present,False,PZ_Quokka_Female_quokka_female__animationmotionextractedfighting_maniset3b928600__quokka_female_fightchaseoff_3.npy,The female quokka fights and then chases off the intruder,3
P1,P1_OVER_NARRATIVE,train,animo4d_L4_safe,animo4d_official_text,present,False,PZ_Quokka_Female_quokka_female__animationmotionextractedlocomotion_manisetb5f89b86__quokka_female_fightchaseoff_6.npy,The female quokka fights and then chases off the intruder,3
P1,P1_OVER_NARRATIVE,train,animo4d_L4_safe,animo4d_official_text,present,False,PZ_Quokka_Female_quokka_female__animationnotmotionextractedfighting_maniset154faa42__quokka_female_fighttostand_72.npy,The female quokka fights to stand still,3
P1,P1_OVER_NARRATIVE,train,animo4d_L4_safe,animo4d_official_text,present,False,PZ_Quokka_Female_quokka_female__animationnotmotionextractedfighting_maniset154faa42__quokka_female_fightvictorytaunt_73.npy,The female quokka fights wins and then taunts her opponent,3
P1,P1_OVER_NARRATIVE,train,animo4d_L4_safe,animo4d_official_text,present,False,PZ_Quokka_Female_quokka_female__animationnotmotionextractedlocomotion_maniset2742aba8__quokka_female_fightchaseoff_105.npy,The female quokka fights and then chases off the intruder,3
P1,P1_OVER_NARRATIVE,train,animo4d_L4_safe,animo4d_official_text,present,False,PZ_Quokka_Female_quokka_female__animationnotmotionextractedlocomotion_maniset2742aba8__quokka_female_fighttaunt_108.npy,The female quokka fights and then taunts her opponent,3
P1,P1_OVER_NARRATIVE,train,animo4d_L4_safe,animo4d_official_text,present,False,PZ_Quokka_Female_quokka_female__animationnotmotionextractedlocomotion_maniset2742aba8__quokka_female_fighttauntreact_109.npy,The female quokka fights taunts and then reacts swiftly,3
P1,P1_OVER_NARRATIVE,train,animo4d_L4_safe,animo4d_official_text,present,False,PZ_Quokka_Female_quokka_female__animationnotmotionextractedlocomotion_maniset2742aba8__quokka_female_fightvictorytaunt_110.npy,The female quokka fights achieves victory and then taunts her opponent,3
P1,P1_OVER_NARRATIVE,train,animo4d_L4_safe,animo4d_official_text,present,False,PZ_Quokka_Juvenile_quokka_juvenile__animationmotionextractedfighting_maniset36d9e498__quokka_juvenile_fightchaseoff_3.npy,The juvenile quokka fights and then chases off its opponent,3
P1,P1_OVER_NARRATIVE,train,animo4d_L4_safe,animo4d_official_text,present,False,PZ_Quokka_Juvenile_quokka_juvenile__animationnotmotionextractedbehaviour_manisetc3c42e84__quokka_juvenile_fightchaseoff_29.npy,The juvenile quokka fights and then chases off the intruder,3
P1,P1_OVER_NARRATIVE,train,animo4d_L4_safe,animo4d_official_text,present,False,PZ_Quokka_Juvenile_quokka_juvenile__animationnotmotionextractedfighting_manisetc0b99ada__quokka_juvenile_fightchaseoff_62.npy,The juvenile quokka fights and then chases off the intruder,3
P1,P1_OVER_NARRATIVE,train,animo4d_L4_safe,animo4d_official_text,present,False,PZ_Quokka_Juvenile_quokka_juvenile__animationnotmotionextractedfighting_manisetc0b99ada__quokka_juvenile_fighttaunt_65.npy,The juvenile quokka fights and then taunts its opponent,3
P1,P1_OVER_NARRATIVE,train,animo4d_L4_safe,animo4d_official_text,present,False,PZ_Quokka_Male_quokka_male__animationmotionextractedfighting_maniset3a121b5__quokka_male_fightchaseoff_2.npy,The male quokka fights and then chases the intruder off,3
P1,P1_OVER_NARRATIVE,train,animo4d_L4_safe,animo4d_official_text,present,False,PZ_Quokka_Male_quokka_male__animationmotionextractedlocomotion_manisetd6a809bb__quokka_male_fightchaseoff_4.npy,The male quokka fights and then chases off the intruder,3
P1,P1_OVER_NARRATIVE,train,animo4d_L4_safe,animo4d_official_text,present,False,PZ_Quokka_Male_quokka_male__animationnotmotionextractedbehaviour_maniset409138a1__quokka_male_fightchaseoff_29.npy,The male quokka fights and then chases off the intruder,3
P1,P1_OVER_NARRATIVE,train,animo4d_L4_safe,animo4d_official_text,present,False,PZ_Quokka_Male_quokka_male__animationnotmotionextractedfighting_maniset1f9379b7__quokka_male_fightreacttodie_65.npy,The male quokka fights reacts and then dies,3
P1,P1_OVER_NARRATIVE,train,animo4d_L4_safe,animo4d_official_text,present,False,PZ_Quokka_Male_quokka_male__animationnotmotionextractedfighting_maniset1f9379b7__quokka_male_fighttauntreact_66.npy,The male quokka fights taunts and then reacts swiftly,3
P1,P1_OVER_NARRATIVE,train,animo4d_L4_safe,animo4d_official_text,present,False,PZ_Quokka_Male_quokka_male__animationnotmotionextractedfighting_maniset1f9379b7__quokka_male_fightvictorytaunt_68.npy,The male quokka fights wins and then taunts its opponent,3
P1,P1_OVER_NARRATIVE,train,animo4d_L4_safe,animo4d_official_text,present,False,PZ_Raccoon_Juvenile_raccoon_juvenile__animationnotmotionextractedbehaviour_maniset1aa75eb5__raccoon_juvenile_fightreacttodie_108.npy,The juvenile raccoon fights reacts and then dies,3
P1,P1_OVER_NARRATIVE,train,animo4d_L4_safe,animo4d_official_text,present,False,PZ_Raccoon_Juvenile_raccoon_juvenile__animationnotmotionextractedfighting_maniset28010acb__raccoon_juvenile_fightreacttodie_198.npy,The juvenile raccoon fights reacts and then dies,3
P1,P1_OVER_NARRATIVE,train,animo4d_L4_safe,animo4d_official_text,present,False,PZ_Raccoon_Juvenile_raccoon_juvenile__animationnotmotionextractedfighting_maniset28010acb__raccoon_juvenile_fightvictorytaunt_201.npy,The juvenile raccoon fights wins and then taunts its opponent,3
P1,P1_OVER_NARRATIVE,train,animo4d_L4_safe,animo4d_official_text,present,False,PZ_Raccoon_Juvenile_raccoon_juvenile__animationnotmotionextractedlocomotion_manisetfd5328b1__raccoon_juvenile_fightvictorytaunt_304.npy,The juvenile raccoon fights wins and then taunts its opponent,3
P1,P1_OVER_NARRATIVE,train,animo4d_L4_safe,animo4d_official_text,present,False,PZ_Raccoon_Male_raccoon_male__animationmotionextractedbehaviour_maniset9fe69950__raccoon_male_fightvictorytaunt_1.npy,The male raccoon fights wins and then taunts,3
P1,P1_OVER_NARRATIVE,train,animo4d_L4_safe,animo4d_official_text,present,False,PZ_Raccoon_Male_raccoon_male__animationmotionextractedfighting_manisetd9f1c066__raccoon_male_fightvictorytaunt_6.npy,The male raccoon fights wins and then taunts his opponent,3
P1,P1_OVER_NARRATIVE,train,animo4d_L4_safe,animo4d_official_text,present,False,PZ_Raccoon_Male_raccoon_male__animationmotionextractedfighting_pounce_maniset350ee538__raccoon_male_fightvictorytaunt_13.npy,The male raccoon fights wins and then taunts his opponent,3
P1,P1_OVER_NARRATIVE,train,animo4d_L4_safe,animo4d_official_text,present,False,PZ_Raccoon_Male_raccoon_male__animationnotmotionextractedbehaviour_manisetbea9f852__raccoon_male_fightvictorytaunt_87.npy,The male raccoon fights wins and then taunts his opponent,3
P1,P1_SOURCE_ACTION_ARTIFACT,train,animo4d_L4_safe,animo4d_official_text,present,False,PZ_Raccoon_Male_raccoon_male__animationnotmotionextractedbehaviour_manisetbea9f852__raccoon_male_standgimmick_96.npy,The male raccoon stands still as part of its gimmick,3
P1,P1_OVER_NARRATIVE,train,animo4d_L4_safe,animo4d_official_text,present,False,PZ_Raccoon_Male_raccoon_male__animationnotmotionextractedfighting_maniset1c669928__raccoon_male_fighttauntreact_147.npy,The male raccoon fights taunts and then reacts swiftly,3
P1,P1_OVER_NARRATIVE,train,animo4d_L4_safe,animo4d_official_text,present,False,PZ_Raccoon_Male_raccoon_male__animationnotmotionextractedfighting_maniset1c669928__raccoon_male_fightvictorytaunt_148.npy,The male raccoon fights wins and then taunts his opponent,3
P1,P1_SOURCE_ACTION_ARTIFACT,train,animo4d_L4_safe,animo4d_official_text,present,False,PZ_Raccoon_Male_raccoon_male__animationnotmotionextractedfighting_maniset1c669928__raccoon_male_standgimmick_156.npy,The male raccoon stands still as part of its gimmick,3
P1,P1_OVER_NARRATIVE,train,animo4d_L4_safe,animo4d_official_text,present,False,PZ_Raccoon_Male_raccoon_male__animationnotmotionextractedfighting_maniset936869f3__raccoon_male_fightvictorytaunt_188.npy,The male raccoon fights wins and then taunts his opponent,3
P1,P1_OVER_NARRATIVE,train,animo4d_L4_safe,animo4d_official_text,present,False,PZ_Raccoon_Male_raccoon_male__animationnotmotionextractedlocomotion_maniset7e25dbd9__raccoon_male_fightvictorytaunt_190.npy,The male raccoon fights wins and then taunts his opponent,3
P1,P1_SOURCE_ACTION_ARTIFACT,train,animo4d_L4_safe,animo4d_official_text,present,False,PZ_Raccoon_Male_raccoon_male__animationnotmotionextractedlocomotion_manisetac629d8e__raccoon_male_standgimmick_245.npy,The male raccoon stands still as part of its gimmick,3
P1,P1_OVER_NARRATIVE,train,animo4d_L4_safe,animo4d_official_text,present,False,PZ_Red_Deer_Female_red_deer_female__animationmotionextractedlocomotion_maniset933810df__red_deer_female_fightchaseoff_1.npy,The female red deer fights and then chases off the intruder,3
P1,P1_OVER_NARRATIVE,train,animo4d_L4_safe,animo4d_official_text,present,False,PZ_Red_Deer_Female_red_deer_female__animationnotmotionextractedbehaviour_maniset465831c5__red_deer_female_fightchaseoff_39.npy,The female red deer fights and then chases off the intruder,3
P1,P1_SOURCE_ACTION_ARTIFACT,train,animo4d_L4_safe,animo4d_official_text,present,False,PZ_Red_Deer_Female_red_deer_female__animationnotmotionextractedbehaviour_maniset465831c5__red_deer_female_standgimmick01_51.npy,The female red deer stands still as a gimmick,3
P1,P1_OVER_NARRATIVE,train,animo4d_L4_safe,animo4d_official_text,present,False,PZ_Red_Deer_Juvenile_red_deer_juvenile__animationnotmotionextractedbehaviour_maniset7506829d__red_deer_juvenile_fightchaseoff_41.npy,The juvenile red deer fights and then chases off its rival,3
P1,P1_SOURCE_ACTION_ARTIFACT,train,animo4d_L4_safe,animo4d_official_text,present,False,PZ_Red_Deer_Juvenile_red_deer_juvenile__animationnotmotionextractedbehaviour_maniset7506829d__red_deer_juvenile_standgimmick01_55.npy,The juvenile red deer stands still as a gimmick,3
P1,P1_SOURCE_ACTION_ARTIFACT,train,animo4d_L4_safe,animo4d_official_text,present,False,PZ_Red_Deer_Juvenile_red_deer_juvenile__animationnotmotionextractedfighting_maniset70f614b3__red_deer_juvenile_standgimmick01_116.npy,The juvenile red deer stands still as a gimmick,3
P1,P1_OVER_NARRATIVE,train,animo4d_L4_safe,animo4d_official_text,present,False,PZ_Red_Deer_Juvenile_red_deer_juvenile__animationnotmotionextractedlocomotion_maniset6c0ae699__red_deer_juvenile_fightchaseoff_160.npy,The juvenile red deer fights and then chases off its rival,3
P1,P1_OVER_NARRATIVE,train,animo4d_L4_safe,animo4d_official_text,present,False,PZ_Red_Deer_Juvenile_red_deer_juvenile__animationnotmotionextractedlocomotion_maniset6c0ae699__red_deer_juvenile_fighttaunt_162.npy,The juvenile red deer fights and then taunts its opponent,3
P1,P1_OVER_NARRATIVE,train,animo4d_L4_safe,animo4d_official_text,present,False,PZ_Red_Deer_Male_red_deer_male__animationmotionextractedfighting_maniset52edc84e__red_deer_male_fightchaseoff_1.npy,The male red deer fights and then chases off the rival,3
P1,P1_OVER_NARRATIVE,train,animo4d_L4_safe,animo4d_official_text,present,False,PZ_Red_Deer_Male_red_deer_male__animationmotionextractedlocomotion_manisetb2a854d4__red_deer_male_fightchaseoff_3.npy,The male red deer fights and then chases off the rival,3
P1,P1_OVER_NARRATIVE,train,animo4d_L4_safe,animo4d_official_text,present,False,PZ_Red_Deer_Male_red_deer_male__animationnotmotionextractedfighting_manisetfcd2ef10__red_deer_male_fightchaseoff_104.npy,The male red deer fights and then chases off the rival,3
P1,P1_OVER_NARRATIVE,train,animo4d_L4_safe,animo4d_official_text,present,False,PZ_Red_Deer_Male_red_deer_male__animationnotmotionextractedfighting_manisetfcd2ef10__red_deer_male_fighttaunt_106.npy,The male red deer fights and then taunts his opponent,3
P1,P1_SOURCE_ACTION_ARTIFACT,train,animo4d_L4_safe,animo4d_official_text,present,False,PZ_Red_Deer_Male_red_deer_male__animationnotmotionextractedfighting_manisetfcd2ef10__red_deer_male_standgimmick01_124.npy,The male red deer stands still as a gimmick,3
P1,P1_OVER_NARRATIVE,train,animo4d_L4_safe,animo4d_official_text,present,False,PZ_Red_Deer_Male_red_deer_male__animationnotmotionextractedlocomotion_manisetf557a776__red_deer_male_fighttaunt_171.npy,The male red deer fights and then taunts his opponent,3
P1,P1_SOURCE_ACTION_ARTIFACT,train,animo4d_L4_safe,animo4d_official_text,present,False,PZ_Red_Deer_Male_red_deer_male__animationnotmotionextractedlocomotion_manisetf557a776__red_deer_male_standgimmick01_189.npy,The male red deer stands still as a gimmick,3
P1,P1_OVER_NARRATIVE,train,animo4d_L4_safe,animo4d_official_text,present,False,PZ_Red_Fox_Juvenile_red_fox_juvenile__animationmotionextractedfighting_maniset6ec71076__red_fox_juvenile_fightchaseoff_1.npy,The juvenile red fox fights and then chases off its opponent,3
P1,P1_OVER_NARRATIVE,train,animo4d_L4_safe,animo4d_official_text,present,False,PZ_Red_Fox_Juvenile_red_fox_juvenile__animationmotionextractedlocomotion_maniset2cb970fc__red_fox_juvenile_fightflee_3.npy,The juvenile red fox fights and then flees,3
P1,P1_OVER_NARRATIVE,train,animo4d_L4_safe,animo4d_official_text,present,False,PZ_Red_Fox_Juvenile_red_fox_juvenile__animationmotionextractedlocomotion_maniset2cb970fc__red_fox_juvenile_fighttaunt_4.npy,The juvenile red fox fights and then taunts its opponent,1
P1,P1_OVER_NARRATIVE,train,animo4d_L4_safe,animo4d_official_text,present,False,PZ_Red_Fox_Juvenile_red_fox_juvenile__animationnotmotionextractedlocomotion_maniset5de7419e__red_fox_juvenile_fightchaseoff_102.npy,The juvenile red fox fights and then chases off its opponent,3
P1,P1_OVER_NARRATIVE,train,animo4d_L4_safe,animo4d_official_text,present,False,PZ_Red_Fox_Juvenile_red_fox_juvenile__animationnotmotionextractedlocomotion_maniset5de7419e__red_fox_juvenile_fighttaunt_104.npy,The juvenile red fox fights and then taunts its opponent,3
P1,P1_OVER_NARRATIVE,train,animo4d_L4_safe,animo4d_official_text,present,False,PZ_Red_Kangaroo_Female_red_kangaroo_female__animationmotionextractedfighting_manisetecf2f86d__red_kangaroo_female_fightchaseoff_1.npy,The female red kangaroo fights and then chases off the intruder,3
P1,P1_OVER_NARRATIVE,train,animo4d_L4_safe,animo4d_official_text,present,False,PZ_Red_Kangaroo_Female_red_kangaroo_female__animationmotionextractedlocomotion_maniset2df67c73__red_kangaroo_female_fightchaseoff_19.npy,The female red kangaroo fights and then chases off the intruder,3
P1,P1_OVER_NARRATIVE,train,animo4d_L4_safe,animo4d_official_text,present,False,PZ_Red_Kangaroo_Female_red_kangaroo_female__animationnotmotionextractedbehaviour_manisetaaca4759__red_kangaroo_female_fightchaseoff_67.npy,The female red kangaroo fights and then chases off her opponent,3
P1,P1_OVER_NARRATIVE,train,animo4d_L4_safe,animo4d_official_text,present,False,PZ_Red_Kangaroo_Female_red_kangaroo_female__animationnotmotionextractedfighting_maniset84497a6f__red_kangaroo_female_fightchaseoff_112.npy,The female red kangaroo fights and then chases off the intruder,3
P1,P1_OVER_NARRATIVE,train,animo4d_L4_safe,animo4d_official_text,present,False,PZ_Red_Kangaroo_Juvenile_red_kangaroo_juvenile__animationmotionextractedfighting_manisetc220a645__red_kangaroo_juvenile_fightchaseoff_1.npy,The juvenile red kangaroo fights and then chases off its opponent,3
P1,P1_OVER_NARRATIVE,train,animo4d_L4_safe,animo4d_official_text,present,False,PZ_Red_Kangaroo_Juvenile_red_kangaroo_juvenile__animationmotionextractedfighting_manisetc220a645__red_kangaroo_juvenile_fightflee_2.npy,The juvenile red kangaroo fights and then flees,3
P1,P1_OVER_NARRATIVE,train,animo4d_L4_safe,animo4d_official_text,present,False,PZ_Red_Kangaroo_Juvenile_red_kangaroo_juvenile__animationmotionextractedlocomotion_maniset1b77564b__red_kangaroo_juvenile_fightchaseoff_22.npy,The juvenile red kangaroo fights and then chases off its rival,3
P1,P1_OVER_NARRATIVE,train,animo4d_L4_safe,animo4d_official_text,present,False,PZ_Red_Kangaroo_Juvenile_red_kangaroo_juvenile__animationnotmotionextractedbehaviour_manisetbe544d31__red_kangaroo_juvenile_fightchaseoff_76.npy,The juvenile red kangaroo fights and then chases off its opponent,3
P1,P1_OVER_NARRATIVE,train,animo4d_L4_safe,animo4d_official_text,present,False,PZ_Red_Kangaroo_Juvenile_red_kangaroo_juvenile__animationnotmotionextractedlocomotion_maniset3ff5a62d__red_kangaroo_juvenile_fightchaseoff_176.npy,The juvenile red kangaroo fights and then chases off its opponent,3
P1,P1_OVER_NARRATIVE,train,animo4d_L4_safe,animo4d_official_text,present,False,PZ_Red_Kangaroo_Male_red_kangaroo_male__animationmotionextractedlocomotion_maniset61eecb68__red_kangaroo_male_fightchaseoff_11.npy,The male red kangaroo fights and then chases off the intruder,3
P1,P1_OVER_NARRATIVE,train,animo4d_L4_safe,animo4d_official_text,present,False,PZ_Red_Kangaroo_Male_red_kangaroo_male__animationnotmotionextractedfighting_maniset97915aa4__red_kangaroo_male_fightchaseoff_109.npy,The male red kangaroo fights and then chases off the intruder,3
P1,P1_OVER_NARRATIVE,train,animo4d_L4_safe,animo4d_official_text,present,False,PZ_Red_Kangaroo_Male_red_kangaroo_male__animationnotmotionextractedlocomotion_maniset59c9bd0a__red_kangaroo_male_fightchaseoff_155.npy,The male red kangaroo fights and then chases off the intruder,3
P1,P1_OVER_NARRATIVE,train,animo4d_L4_safe,animo4d_official_text,present,False,PZ_Red_Panda_Juvenile_red_panda_juvenile__animationnotmotionextractedfighting_maniset224fa61f__red_panda_juvenile_fighttaunt_160.npy,The juvenile red panda fights and then taunts its opponent,3
P1,P1_OVER_NARRATIVE,train,animo4d_L4_safe,animo4d_official_text,present,False,PZ_Red_Panda_Juvenile_red_panda_juvenile__animationnotmotionextractedlocomotion_maniset69674e05__red_panda_juvenile_fighttaunt_230.npy,The juvenile red panda fights and then taunts its opponent,3
P1,P1_OVER_NARRATIVE,train,animo4d_L4_safe,animo4d_official_text,present,False,PZ_Red_River_Hog_Female_red_river_hog_female__animationmotionextractedfighting_maniset64103b2__red_river_hog_female_fightchaseoff_large_1.npy,The female river hog fights chases and then drives off the large intruder,3
P1,P1_OVER_NARRATIVE,train,animo4d_L4_safe,animo4d_official_text,present,False,PZ_Red_River_Hog_Female_red_river_hog_female__animationmotionextractedfighting_maniset64103b2__red_river_hog_female_fightvictorytaunt_3.npy,The female river hog fights wins and then taunts her opponent,3
P1,P1_OVER_NARRATIVE,train,animo4d_L4_safe,animo4d_official_text,present,False,PZ_Red_River_Hog_Female_red_river_hog_female__animationmotionextractedlocomotion_maniseta32a238__red_river_hog_female_fightchaseoff_large_4.npy,The female river hog fights and then chases off the large intruder,3
P1,P1_OVER_NARRATIVE,train,animo4d_L4_safe,animo4d_official_text,present,False,PZ_Red_River_Hog_Female_red_river_hog_female__animationmotionextractedlocomotion_maniseta32a238__red_river_hog_female_fightvictorytaunt_6.npy,The female river hog fights wins and then taunts her opponent,3
P1,P1_OVER_NARRATIVE,train,animo4d_L4_safe,animo4d_official_text,present,False,PZ_Red_River_Hog_Female_red_river_hog_female__animationnotmotionextractedbehaviour_manisetf07dc79e__red_river_hog_female_fightchaseoff_large_22.npy,The female river hog fights and then chases off the large intruder,3
P1,P1_OVER_NARRATIVE,train,animo4d_L4_safe,animo4d_official_text,present,False,PZ_Red_River_Hog_Female_red_river_hog_female__animationnotmotionextractedbehaviour_manisetf07dc79e__red_river_hog_female_fightvictorytaunt_24.npy,The female river hog fights wins and then taunts her opponent,3
P1,P1_OVER_NARRATIVE,train,animo4d_L4_safe,animo4d_official_text,present,False,PZ_Red_River_Hog_Female_red_river_hog_female__animationnotmotionextractedfighting_maniset60262574__red_river_hog_female_fightattack_small_48.npy,The female river hog fights and then attacks the small prey,3
P1,P1_OVER_NARRATIVE,train,animo4d_L4_safe,animo4d_official_text,present,False,PZ_Red_River_Hog_Female_red_river_hog_female__animationnotmotionextractedfighting_maniset60262574__red_river_hog_female_fightchaseoff_small_49.npy,The female river hog fights and then chases off the small intruder,3
P1,P1_OVER_NARRATIVE,train,animo4d_L4_safe,animo4d_official_text,present,False,PZ_Red_River_Hog_Female_red_river_hog_female__animationnotmotionextractedfighting_maniset60262574__red_river_hog_female_fighttaunt_52.npy,The female river hog fights and then taunts her opponent,3
P1,P1_SOURCE_ACTION_ARTIFACT,train,animo4d_L4_safe,animo4d_official_text,present,False,PZ_Red_River_Hog_Female_red_river_hog_female__animationnotmotionextractedfighting_maniset60262574__red_river_hog_female_standgimmick_62.npy,The female river hog stands still as part of her gimmick,3
P1,P1_OVER_NARRATIVE,train,animo4d_L4_safe,animo4d_official_text,present,False,PZ_Red_River_Hog_Female_red_river_hog_female__animationnotmotionextractedlocomotion_maniseta2676fda__red_river_hog_female_fightchaseoff_82.npy,The female river hog fights and then chases off the intruder,3
P1,P1_OVER_NARRATIVE,train,animo4d_L4_safe,animo4d_official_text,present,False,PZ_Red_River_Hog_Female_red_river_hog_female__animationnotmotionextractedlocomotion_maniseta2676fda__red_river_hog_female_fightvictorytaunt_85.npy,The female river hog fights wins and then taunts her opponent,3
P1,P1_SOURCE_ACTION_ARTIFACT,train,animo4d_L4_safe,animo4d_official_text,present,False,PZ_Red_River_Hog_Female_red_river_hog_female__animationnotmotionextractedlocomotion_maniseta2676fda__red_river_hog_female_standgimmick_94.npy,The female river hog stands still as part of her gimmick,3
P1,P1_OVER_NARRATIVE,train,animo4d_L4_safe,animo4d_official_text,present,False,PZ_Red_River_Hog_Juvenile_red_river_hog_juvenile__animationmotionextractedfighting_maniset671e96ca__red_river_hog_juvenile_fightvictorytaunt_3.npy,The juvenile river hog charges forward in a victorious taunt after the fight,3
P1,P1_OVER_NARRATIVE,train,animo4d_L4_safe,animo4d_official_text,present,False,PZ_Red_River_Hog_Juvenile_red_river_hog_juvenile__animationmotionextractedlocomotion_manisetf7540150__red_river_hog_juvenile_fightchaseoff_4.npy,The juvenile river hog fights and then chases off its opponent,3
P1,P1_OVER_NARRATIVE,train,animo4d_L4_safe,animo4d_official_text,present,False,PZ_Red_River_Hog_Juvenile_red_river_hog_juvenile__animationmotionextractedlocomotion_manisetf7540150__red_river_hog_juvenile_fightvictorytaunt_5.npy,The juvenile river hog charges forward in a victorious taunt after the fight,3
P1,P1_SOURCE_ACTION_ARTIFACT,train,animo4d_L4_safe,animo4d_official_text,present,False,PZ_Red_River_Hog_Juvenile_red_river_hog_juvenile__animationnotmotionextractedbehaviour_maniset3ee8f2b6__red_river_hog_juvenile_standgimmick_37.npy,The juvenile river hog stands still as a gimmick,3
P1,P1_OVER_NARRATIVE,train,animo4d_L4_safe,animo4d_official_text,present,False,PZ_Red_River_Hog_Juvenile_red_river_hog_juvenile__animationnotmotionextractedfighting_maniset1b1baa8c__red_river_hog_juvenile_fightchaseoff_73.npy,The juvenile river hog fights and then chases off its opponent,3
P1,P1_OVER_NARRATIVE,train,animo4d_L4_safe,animo4d_official_text,present,False,PZ_Red_River_Hog_Juvenile_red_river_hog_juvenile__animationnotmotionextractedfighting_maniset1b1baa8c__red_river_hog_juvenile_fightvictorytaunt_78.npy,The juvenile river hog charges forward in a victorious taunt after the fight,3
P1,P1_SOURCE_ACTION_ARTIFACT,train,animo4d_L4_safe,animo4d_official_text,present,False,PZ_Red_River_Hog_Juvenile_red_river_hog_juvenile__animationnotmotionextractedfighting_maniset1b1baa8c__red_river_hog_juvenile_standgimmick_88.npy,The juvenile river hog stands still as a gimmick,3
P1,P1_OVER_NARRATIVE,train,animo4d_L4_safe,animo4d_official_text,present,False,PZ_Red_River_Hog_Juvenile_red_river_hog_juvenile__animationnotmotionextractedlocomotion_maniset3849c0f2__red_river_hog_juvenile_fightvictorytaunt_146.npy,The juvenile river hog charges forward and then performs a victory taunt,3
P1,P1_SOURCE_ACTION_ARTIFACT,train,animo4d_L4_safe,animo4d_official_text,present,False,PZ_Red_River_Hog_Juvenile_red_river_hog_juvenile__animationnotmotionextractedlocomotion_maniset3849c0f2__red_river_hog_juvenile_standgimmick_166.npy,The juvenile river hog stands still as a gimmick,3
P1,P1_OVER_NARRATIVE,train,animo4d_L4_safe,animo4d_official_text,present,False,PZ_Red_River_Hog_Male_red_river_hog_male__animationmotionextractedfighting_manisetc4d08ae7__red_river_hog_male_fightchaseoff_large_1.npy,The male river hog fights and then chases off the large intruder,3
P1,P1_OVER_NARRATIVE,train,animo4d_L4_safe,animo4d_official_text,present,False,PZ_Red_River_Hog_Male_red_river_hog_male__animationmotionextractedfighting_manisetc4d08ae7__red_river_hog_male_fightchaseoff_small_2.npy,The male river hog fights and then chases off the small intruder,3
P1,P1_OVER_NARRATIVE,train,animo4d_L4_safe,animo4d_official_text,present,False,PZ_Red_River_Hog_Male_red_river_hog_male__animationmotionextractedfighting_manisetc4d08ae7__red_river_hog_male_fightvictorytaunt_5.npy,The male river hog fights wins and then taunts his opponent,3
P1,P1_OVER_NARRATIVE,train,animo4d_L4_safe,animo4d_official_text,present,False,PZ_Red_River_Hog_Male_red_river_hog_male__animationmotionextractedlocomotion_maniset6ecbbed__red_river_hog_male_fightchaseoff_large_6.npy,The male river hog fights and then chases off the large intruder,3
P1,P1_OVER_NARRATIVE,train,animo4d_L4_safe,animo4d_official_text,present,False,PZ_Red_River_Hog_Male_red_river_hog_male__animationmotionextractedlocomotion_maniset6ecbbed__red_river_hog_male_fightchaseoff_small_7.npy,The male river hog fights and then chases off the small intruder,3
P1,P1_OVER_NARRATIVE,train,animo4d_L4_safe,animo4d_official_text,present,False,PZ_Red_River_Hog_Male_red_river_hog_male__animationmotionextractedlocomotion_maniset6ecbbed__red_river_hog_male_fightvictorytaunt_10.npy,The male river hog fights wins and then taunts his defeated opponent,3
P1,P1_OVER_NARRATIVE,train,animo4d_L4_safe,animo4d_official_text,present,False,PZ_Red_River_Hog_Male_red_river_hog_male__animationnotmotionextractedbehaviour_maniset8b67b3d3__red_river_hog_male_fightchaseoff_large_51.npy,The male river hog fights and then chases off the large intruder,3
P1,P1_OVER_NARRATIVE,train,animo4d_L4_safe,animo4d_official_text,present,False,PZ_Red_River_Hog_Male_red_river_hog_male__animationnotmotionextractedbehaviour_maniset8b67b3d3__red_river_hog_male_fightchaseoff_small_52.npy,The male river hog fights and then chases off the small intruder,3
P1,P1_OVER_NARRATIVE,train,animo4d_L4_safe,animo4d_official_text,present,False,PZ_Red_River_Hog_Male_red_river_hog_male__animationnotmotionextractedbehaviour_maniset8b67b3d3__red_river_hog_male_fightvictorytaunt_55.npy,The male river hog fights wins and then taunts his opponent,3
P1,P1_SOURCE_ACTION_ARTIFACT,train,animo4d_L4_safe,animo4d_official_text,present,False,PZ_Red_River_Hog_Male_red_river_hog_male__animationnotmotionextractedbehaviour_maniset8b67b3d3__red_river_hog_male_standgimmick01_73.npy,The male river hog stands still as part of its gimmick,3
P1,P1_OVER_NARRATIVE,train,animo4d_L4_safe,animo4d_official_text,present,False,PZ_Red_River_Hog_Male_red_river_hog_male__animationnotmotionextractedfighting_maniset73cd8069__red_river_hog_male_fightattack_large_111.npy,The male river hog fights and then attacks the large opponent,3
P1,P1_OVER_NARRATIVE,train,animo4d_L4_safe,animo4d_official_text,present,False,PZ_Red_River_Hog_Male_red_river_hog_male__animationnotmotionextractedfighting_maniset73cd8069__red_river_hog_male_fightattack_small_112.npy,The male river hog fights and then attacks the smaller opponent,3
P1,P1_OVER_NARRATIVE,train,animo4d_L4_safe,animo4d_official_text,present,False,PZ_Red_River_Hog_Male_red_river_hog_male__animationnotmotionextractedfighting_maniset73cd8069__red_river_hog_male_fightchaseoff_large_113.npy,The male river hog fights and then chases off the large intruder,3
P1,P1_OVER_NARRATIVE,train,animo4d_L4_safe,animo4d_official_text,present,False,PZ_Red_River_Hog_Male_red_river_hog_male__animationnotmotionextractedfighting_maniset73cd8069__red_river_hog_male_fightchaseoff_small_114.npy,The male river hog fights chases and then drives off the smaller intruder,3
P1,P1_OVER_NARRATIVE,train,animo4d_L4_safe,animo4d_official_text,present,False,PZ_Red_River_Hog_Male_red_river_hog_male__animationnotmotionextractedfighting_maniset73cd8069__red_river_hog_male_fighttaunt_120.npy,The male river hog fights and then taunts his opponent,3
P1,P1_SOURCE_ACTION_ARTIFACT,train,animo4d_L4_safe,animo4d_official_text,present,False,PZ_Red_River_Hog_Male_red_river_hog_male__animationnotmotionextractedfighting_maniset73cd8069__red_river_hog_male_standgimmick01_140.npy,The male river hog stands still as a gimmick,1
P1,P1_SOURCE_ACTION_ARTIFACT,train,animo4d_L4_safe,animo4d_official_text,present,False,PZ_Red_River_Hog_Male_red_river_hog_male__animationnotmotionextractedfighting_maniset73cd8069__red_river_hog_male_standgimmick_139.npy,The male river hog stands still as part of its gimmick,3
P1,P1_OVER_NARRATIVE,train,animo4d_L4_safe,animo4d_official_text,present,False,PZ_Red_River_Hog_Male_red_river_hog_male__animationnotmotionextractedlocomotion_maniset9f7d3d4f__red_river_hog_male_fightattack_large_178.npy,The male river hog fights and then attacks the large opponent,3
P1,P1_OVER_NARRATIVE;P2_GENERIC_CREATURE_CLASS,train,animo4d_L4_safe,animo4d_official_text,present,False,PZ_Red_River_Hog_Male_red_river_hog_male__animationnotmotionextractedlocomotion_maniset9f7d3d4f__red_river_hog_male_fightattack_small_179.npy,The male river hog fights and then attacks the small prey,3
P1,P1_OVER_NARRATIVE,train,animo4d_L4_safe,animo4d_official_text,present,False,PZ_Red_River_Hog_Male_red_river_hog_male__animationnotmotionextractedlocomotion_maniset9f7d3d4f__red_river_hog_male_fightchaseoff_large_180.npy,The male river hog fights and then chases off the large intruder,3
P1,P1_OVER_NARRATIVE,train,animo4d_L4_safe,animo4d_official_text,present,False,PZ_Red_River_Hog_Male_red_river_hog_male__animationnotmotionextractedlocomotion_maniset9f7d3d4f__red_river_hog_male_fightchaseoff_small_181.npy,The male river hog fights and then chases off the small intruder,3
P1,P1_OVER_NARRATIVE,train,animo4d_L4_safe,animo4d_official_text,present,False,PZ_Red_River_Hog_Male_red_river_hog_male__animationnotmotionextractedlocomotion_maniset9f7d3d4f__red_river_hog_male_fighttaunt_187.npy,The male river hog fights and then taunts his opponent,3
P1,P1_OVER_NARRATIVE,train,animo4d_L4_safe,animo4d_official_text,present,False,PZ_Red_River_Hog_Male_red_river_hog_male__animationnotmotionextractedlocomotion_maniset9f7d3d4f__red_river_hog_male_fightvictorytaunt_189.npy,The male river hog fights wins and then taunts his opponent,3
P1,P1_SOURCE_ACTION_ARTIFACT,train,animo4d_L4_safe,animo4d_official_text,present,False,PZ_Red_River_Hog_Male_red_river_hog_male__animationnotmotionextractedlocomotion_maniset9f7d3d4f__red_river_hog_male_standgimmick01_209.npy,The male river hog stands still as part of its gimmick,3
P1,P1_SOURCE_ACTION_ARTIFACT,train,animo4d_L4_safe,animo4d_official_text,present,False,PZ_Red_River_Hog_Male_red_river_hog_male__animationnotmotionextractedlocomotion_maniset9f7d3d4f__red_river_hog_male_standgimmick_208.npy,The male river hog stands still as part of its gimmick,3
P1,P1_OVER_NARRATIVE,train,animo4d_L4_safe,animo4d_official_text,present,False,PZ_Red_Ruffed_Lemur_Female_red_ruffed_lemur_female__animationmotionextractedfighting_manisetb63edc7d__red_ruffed_lemur_female_fightchaseoff_3.npy,The female ruffed lemur fights and then chases off the intruder,3
P1,P1_OVER_NARRATIVE,train,animo4d_L4_safe,animo4d_official_text,present,False,PZ_Red_Ruffed_Lemur_Female_red_ruffed_lemur_female__animationmotionextractedlocomotion_manisetc3b5e883__red_ruffed_lemur_female_fightchaseoff_22.npy,The female ruffed lemur fights and then chases off the intruder,3
P1,P1_OVER_NARRATIVE,train,animo4d_L4_safe,animo4d_official_text,present,False,PZ_Red_Ruffed_Lemur_Female_red_ruffed_lemur_female__animationmotionextractedlocomotion_manisetc3b5e883__red_ruffed_lemur_female_testtransition2_36.npy,The female ruffed lemur tests the transition by leaping gracefully,3
P1,P1_OVER_NARRATIVE,train,animo4d_L4_safe,animo4d_official_text,present,False,PZ_Red_Ruffed_Lemur_Female_red_ruffed_lemur_female__animationnotmotionextractedbehaviour_manisetab813b69__red_ruffed_lemur_female_fightchaseoff_73.npy,The female ruffed lemur fights and then chases off her opponent,3
P1,P1_OVER_NARRATIVE,train,animo4d_L4_safe,animo4d_official_text,present,False,PZ_Red_Ruffed_Lemur_Female_red_ruffed_lemur_female__animationnotmotionextractedfighting_maniset87942a7f__red_ruffed_lemur_female_fighttaunt_142.npy,The female ruffed lemur fights and then taunts her opponent,3
P1,P1_OVER_NARRATIVE,train,animo4d_L4_safe,animo4d_official_text,present,False,PZ_Red_Ruffed_Lemur_Female_red_ruffed_lemur_female__animationnotmotionextractedlocomotion_maniset2c170265__red_ruffed_lemur_female_fightchaseoff_213.npy,The female ruffed lemur fights and then chases off the intruder,3
P1,P1_OVER_NARRATIVE,train,animo4d_L4_safe,animo4d_official_text,present,False,PZ_Red_Ruffed_Lemur_Female_red_ruffed_lemur_female__animationnotmotionextractedlocomotion_maniset2c170265__red_ruffed_lemur_female_fighttaunt_214.npy,The female ruffed lemur fights and then taunts her opponent,3
P1,P1_OVER_NARRATIVE,train,animo4d_L4_safe,animo4d_official_text,present,False,PZ_Red_Ruffed_Lemur_Male_red_ruffed_lemur_male__animationmotionextractedlocomotion_manisetadc3f378__red_ruffed_lemur_male_fightchaseoff_19.npy,The male ruffed lemur fights and then chases off the intruder,3
P1,P1_OVER_NARRATIVE,train,animo4d_L4_safe,animo4d_official_text,present,False,PZ_Red_Ruffed_Lemur_Male_red_ruffed_lemur_male__animationnotmotionextractedlocomotion_maniset5a80b11a__red_ruffed_lemur_male_standtofightentry_225.npy,The male ruffed lemur stands still to fight off entry,3
P1,P1_OVER_NARRATIVE,train,animo4d_L4_safe,animo4d_official_text,present,False,PZ_Rednecked_Wallaby_Female_rednecked_wallaby_female__animationnotmotionextractedfighting_manisetb56ec887__rednecked_wallaby_female_fighttauntreact_28.npy,The female rednecked wallaby fights taunts and then reacts swiftly,3
P1,P1_OVER_NARRATIVE,train,animo4d_L4_safe,animo4d_official_text,present,False,PZ_Rednecked_Wallaby_Juvenile_rednecked_wallaby_juvenile__animationmotionextractedfighting_maniset7c62a85d__rednecked_wallaby_juvenile_fightchaseoff_1.npy,The juvenile rednecked wallaby fights and then chases off its opponent,3
P1,P1_OVER_NARRATIVE,train,animo4d_L4_safe,animo4d_official_text,present,False,PZ_Rednecked_Wallaby_Juvenile_rednecked_wallaby_juvenile__animationmotionextractedlocomotion_maniset4c9ca463__rednecked_wallaby_juvenile_fightchaseoff_22.npy,The juvenile rednecked wallaby fights and then chases off its opponent,3
P1,P1_OVER_NARRATIVE,train,animo4d_L4_safe,animo4d_official_text,present,False,PZ_Rednecked_Wallaby_Juvenile_rednecked_wallaby_juvenile__animationnotmotionextractedbehaviour_maniset7f22e749__rednecked_wallaby_juvenile_fightchaseoff_72.npy,The juvenile rednecked wallaby fights and then chases off its opponent,3
P1,P1_OVER_NARRATIVE,train,animo4d_L4_safe,animo4d_official_text,present,False,PZ_Rednecked_Wallaby_Juvenile_rednecked_wallaby_juvenile__animationnotmotionextractedfighting_manisete5195e5f__rednecked_wallaby_juvenile_fightchaseoff_114.npy,The juvenile rednecked wallaby fights and then chases off its opponent,3
P1,P1_OVER_NARRATIVE;P2_GENERIC_CREATURE_CLASS,train,animo4d_L4_safe,animo4d_official_text,present,False,PZ_Rednecked_Wallaby_Male_rednecked_wallaby_male__animationmotionextractedfighting_maniset4c9ccafa__rednecked_wallaby_male_fightchaseoff_2.npy,The male rednecked wallaby fights and then chases off the intruder,3
P1,P1_OVER_NARRATIVE,train,animo4d_L4_safe,animo4d_official_text,present,False,PZ_Rednecked_Wallaby_Male_rednecked_wallaby_male__animationmotionextractedlocomotion_maniset1c30cd80__rednecked_wallaby_male_fightchaseoff_5.npy,The male rednecked wallaby fights and then chases off the intruder,3
P1,P1_OVER_NARRATIVE,train,animo4d_L4_safe,animo4d_official_text,present,False,PZ_Rednecked_Wallaby_Male_rednecked_wallaby_male__animationnotmotionextractedbehaviour_manisete0b056e6__rednecked_wallaby_male_fightchaseoff_25.npy,The male rednecked wallaby fights and then chases off the intruder,3
P1,P1_OVER_NARRATIVE,train,animo4d_L4_safe,animo4d_official_text,present,False,PZ_Rednecked_Wallaby_Male_rednecked_wallaby_male__animationnotmotionextractedfighting_manisetea5c42bc__rednecked_wallaby_male_fighttauntreact_59.npy,The male rednecked wallaby fights taunts and then reacts swiftly,3
P1,P1_OVER_NARRATIVE,train,animo4d_L4_safe,animo4d_official_text,present,False,PZ_Rednecked_Wallaby_Male_rednecked_wallaby_male__animationnotmotionextractedlocomotion_maniset697af122__rednecked_wallaby_male_fighttaunt_93.npy,The male rednecked wallaby fights and then taunts his opponent,3
P1,P1_OVER_NARRATIVE,train,animo4d_L4_safe,animo4d_official_text,present,False,PZ_Rednecked_Wallaby_Male_rednecked_wallaby_male__animationnotmotionextractedlocomotion_maniset697af122__rednecked_wallaby_male_fighttauntreact_94.npy,The male rednecked wallaby fights taunts and then reacts swiftly,3
P1,P1_OVER_NARRATIVE,train,animo4d_L4_safe,animo4d_official_text,present,False,PZ_Reindeer_Female_reindeer_female__animationnotmotionextractedbehaviour_maniset65f6850e__reindeer_female_fightchaseoff_20.npy,The female reindeer fights and then chases off the intruder,3
P1,P1_OVER_NARRATIVE,train,animo4d_L4_safe,animo4d_official_text,present,False,PZ_Reindeer_Female_reindeer_female__animationnotmotionextractedbehaviour_maniset65f6850e__reindeer_female_fighttaunt_21.npy,The female reindeer fights and then taunts her opponent,3
P1,P1_SOURCE_ACTION_ARTIFACT,train,animo4d_L4_safe,animo4d_official_text,present,False,PZ_Reindeer_Female_reindeer_female__animationnotmotionextractedbehaviour_maniset65f6850e__reindeer_female_standgimmick01_24.npy,The female reindeer stands still as part of a gimmick,3
P1,P1_OVER_NARRATIVE,train,animo4d_L4_safe,animo4d_official_text,present,False,PZ_Reindeer_Female_reindeer_female__animationnotmotionextractedfighting_maniset9870c6e4__reindeer_female_fightchaseoff_42.npy,The female reindeer fights and then chases off the intruder,3
P1,P1_OVER_NARRATIVE,train,animo4d_L4_safe,animo4d_official_text,present,False,PZ_Reindeer_Female_reindeer_female__animationnotmotionextractedfighting_maniset9870c6e4__reindeer_female_fighttaunt_44.npy,The female reindeer fights and then taunts her opponent,3
P1,P1_OVER_NARRATIVE,train,animo4d_L4_safe,animo4d_official_text,present,False,PZ_Reindeer_Female_reindeer_female__animationnotmotionextractedlocomotion_maniset5905494a__reindeer_female_fightchaseoff_69.npy,The female reindeer fights and then chases off the intruder,3
P1,P1_OVER_NARRATIVE,train,animo4d_L4_safe,animo4d_official_text,present,False,PZ_Reindeer_Female_reindeer_female__animationnotmotionextractedlocomotion_maniset5905494a__reindeer_female_fighttaunt_71.npy,The female reindeer fights and then taunts her opponent,3
P1,P1_SOURCE_ACTION_ARTIFACT,train,animo4d_L4_safe,animo4d_official_text,present,False,PZ_Reindeer_Female_reindeer_female__animationnotmotionextractedlocomotion_maniset5905494a__reindeer_female_standgimmick01_77.npy,The female reindeer stands still as part of a playful gimmick,3
P1,P1_OVER_NARRATIVE,train,animo4d_L4_safe,animo4d_official_text,present,False,PZ_Reindeer_Juvenile_reindeer_juvenile__animationmotionextractedfighting_manisetf9f2003a__reindeer_juvenile_fighttaunt_2.npy,The juvenile reindeer fights and then taunts its opponent,3
P1,P1_OVER_NARRATIVE,train,animo4d_L4_safe,animo4d_official_text,present,False,PZ_Reindeer_Juvenile_reindeer_juvenile__animationmotionextractedlocomotion_maniset2f9ea2c0__reindeer_juvenile_fightchaseoff_4.npy,The juvenile reindeer fights and then chases off its rival,3
P1,P1_OVER_NARRATIVE,train,animo4d_L4_safe,animo4d_official_text,present,False,PZ_Reindeer_Juvenile_reindeer_juvenile__animationmotionextractedlocomotion_maniset2f9ea2c0__reindeer_juvenile_fighttaunt_6.npy,The juvenile reindeer fights and then taunts its opponent,3
P1,P1_OVER_NARRATIVE,train,animo4d_L4_safe,animo4d_official_text,present,False,PZ_Reindeer_Juvenile_reindeer_juvenile__animationnotmotionextractedfighting_maniset909467fc__reindeer_juvenile_fightchaseoff_109.npy,The juvenile reindeer fights and then chases off its rival,3
P1,P1_OVER_NARRATIVE,train,animo4d_L4_safe,animo4d_official_text,present,False,PZ_Reindeer_Juvenile_reindeer_juvenile__animationnotmotionextractedfighting_maniset909467fc__reindeer_juvenile_fightreacttodie_111.npy,The juvenile reindeer fights reacts and then dies,3
P1,P1_OVER_NARRATIVE,train,animo4d_L4_safe,animo4d_official_text,present,False,PZ_Reindeer_Juvenile_reindeer_juvenile__animationnotmotionextractedfighting_maniset909467fc__reindeer_juvenile_fighttaunt_112.npy,The juvenile reindeer fights and then taunts its opponent,3
P1,P1_OVER_NARRATIVE,train,animo4d_L4_safe,animo4d_official_text,present,False,PZ_Reindeer_Juvenile_reindeer_juvenile__animationnotmotionextractedfighting_maniset909467fc__reindeer_juvenile_fightvictorytaunt_114.npy,The juvenile reindeer fights wins and then taunts its opponent,3
P1,P1_OVER_NARRATIVE,train,animo4d_L4_safe,animo4d_official_text,present,False,PZ_Reindeer_Juvenile_reindeer_juvenile__animationnotmotionextractedlocomotion_manisetdc3b662__reindeer_juvenile_fighttaunt_174.npy,The juvenile reindeer fights and then taunts its opponent,3
P1,P1_OVER_NARRATIVE,train,animo4d_L4_safe,animo4d_official_text,present,False,PZ_Reindeer_Juvenile_reindeer_juvenile__animationnotmotionextractedlocomotion_manisetdc3b662__reindeer_juvenile_fightvictorytaunt_177.npy,The juvenile reindeer fights wins and then taunts its opponent,3
P1,P1_SOURCE_ACTION_ARTIFACT,train,animo4d_L4_safe,animo4d_official_text,present,False,PZ_Reindeer_Juvenile_reindeer_juvenile__animationnotmotionextractedlocomotion_manisetdc3b662__reindeer_juvenile_standgimmick01_194.npy,The juvenile reindeer stands still as part of a playful gimmick,3
P1,P1_OVER_NARRATIVE,train,animo4d_L4_safe,animo4d_official_text,present,False,PZ_Reticulated_Giraffe_Female_reticulated_giraffe_female__animationnotmotionextractedfighting_maniset8de1b40c__reticulated_giraffe_female_fightvictorytaunt_39.npy,The female reticulated giraffe fights wins and then taunts her opponent,3
P1,P1_SOURCE_ACTION_ARTIFACT,train,animo4d_L4_safe,animo4d_official_text,present,False,PZ_Reticulated_Giraffe_Juvenile_reticulated_giraffe_juvenile__animationnotmotionextractedbehaviour_manisete67a0d4e__reticulated_giraffe_juvenile_standgimmick01_51.npy,The juvenile reticulated giraffe stands still as a gimmick,3
P1,P1_OVER_NARRATIVE,train,animo4d_L4_safe,animo4d_official_text,present,False,PZ_Reticulated_Giraffe_Male_reticulated_giraffe_male__animationmotionextractedlocomotion_maniset7fb8be85__reticulated_giraffe_male_fightchaseoff_3.npy,The male reticulated giraffe fights and then chases off the intruder,3
P1,P1_OVER_NARRATIVE,train,animo4d_L4_safe,animo4d_official_text,present,False,PZ_Reticulated_Giraffe_Male_reticulated_giraffe_male__animationnotmotionextractedbehaviour_manisetb923426b__reticulated_giraffe_male_fightchaseoff_31.npy,The male reticulated giraffe fights and then chases off the intruder,3
P1,P1_OVER_NARRATIVE,train,animo4d_L4_safe,animo4d_official_text,present,False,PZ_Reticulated_Giraffe_Male_reticulated_giraffe_male__animationnotmotionextractedfighting_maniset4fa48901__reticulated_giraffe_male_fightchaseoff_74.npy,The male reticulated giraffe fights and then chases off the intruder,3
P1,P1_OVER_NARRATIVE,train,animo4d_L4_safe,animo4d_official_text,present,False,PZ_Reticulated_Giraffe_Male_reticulated_giraffe_male__animationnotmotionextractedfighting_maniset4fa48901__reticulated_giraffe_male_fighttaunt_77.npy,The male reticulated giraffe fights and then taunts its opponent,3
P1,P1_OVER_NARRATIVE,train,animo4d_L4_safe,animo4d_official_text,present,False,PZ_Reticulated_Giraffe_Male_reticulated_giraffe_male__animationnotmotionextractedfighting_maniset4fa48901__reticulated_giraffe_male_fighttauntreact_78.npy,The male reticulated giraffe fights taunts and then reacts swiftly,3
P1,P1_OVER_NARRATIVE,train,animo4d_L4_safe,animo4d_official_text,present,False,PZ_Reticulated_Giraffe_Male_reticulated_giraffe_male__animationnotmotionextractedfighting_maniset4fa48901__reticulated_giraffe_male_fightvictorytaunt_79.npy,The male reticulated giraffe fights achieves victory and then taunts,3
P1,P1_SOURCE_ACTION_ARTIFACT,train,animo4d_L4_safe,animo4d_official_text,present,False,PZ_Reticulated_Giraffe_Male_reticulated_giraffe_male__animationnotmotionextractedlocomotion_maniset2a56d1e7__reticulated_giraffe_male_standgimmick01_138.npy,The male reticulated giraffe stands still as a gimmick,3
P1,P1_OVER_NARRATIVE,train,animo4d_L4_safe,animo4d_official_text,present,False,PZ_Ring_Tailed_Lemur_Male_ring_tailed_lemur_male__animationnotmotionextractedfighting_maniset2814984c__ring_tailed_lemur_male_fightattack_167.npy,The male tailed lemur fights and then attacks,3
P1,P1_OVER_NARRATIVE,train,animo4d_L4_safe,animo4d_official_text,present,False,PZ_Ring_Tailed_Lemur_Male_ring_tailed_lemur_male__animationnotmotionextractedlocomotion_maniseted47a5fd__ring_tailed_lemur_male_standtofightentry_297.npy,The male tailed lemur stands still to fight off any entry,3
P1,P1_OVER_NARRATIVE,train,animo4d_L4_safe,animo4d_official_text,present,False,PZ_Sable_Antelope_Female_sable_antelope_female__animationmotionextractedfighting_manisetbc45fc4d__sable_antelope_female_fightchaseoff_1.npy,The female sable antelope fights and then chases off the intruder,3
P1,P1_OVER_NARRATIVE,train,animo4d_L4_safe,animo4d_official_text,present,False,PZ_Sable_Antelope_Female_sable_antelope_female__animationmotionextractedlocomotion_manisetb4e87053__sable_antelope_female_fightchaseoff_2.npy,The female sable antelope fights and then chases off the intruder,3
P1,P1_SOURCE_ACTION_ARTIFACT,train,animo4d_L4_safe,animo4d_official_text,present,False,PZ_Sable_Antelope_Female_sable_antelope_female__animationnotmotionextractedbehaviour_maniset7f532b39__sable_antelope_female_standgimmick01_63.npy,The female sable antelope stands still employing a clever gimmick,3
P1,P1_OVER_NARRATIVE,train,animo4d_L4_safe,animo4d_official_text,present,False,PZ_Sable_Antelope_Female_sable_antelope_female__animationnotmotionextractedfighting_maniset8f87e64f__sable_antelope_female_fighttauntreact_108.npy,The female sable antelope fights taunts her opponent and then reacts swiftly,3
P1,P1_OVER_NARRATIVE,train,animo4d_L4_safe,animo4d_official_text,present,False,PZ_Sable_Antelope_Female_sable_antelope_female__animationnotmotionextractedfighting_maniset8f87e64f__sable_antelope_female_fightvictorytaunt_110.npy,The female sable antelope fights wins and then taunts her opponent,3
P1,P1_SOURCE_ACTION_ARTIFACT,train,animo4d_L4_safe,animo4d_official_text,present,False,PZ_Sable_Antelope_Female_sable_antelope_female__animationnotmotionextractedfighting_maniset8f87e64f__sable_antelope_female_standgimmick01_127.npy,The female sable antelope stands still as a clever gimmick,3
P1,P1_OVER_NARRATIVE,train,animo4d_L4_safe,animo4d_official_text,present,False,PZ_Sable_Antelope_Female_sable_antelope_female__animationnotmotionextractedlocomotion_maniset3c242635__sable_antelope_female_fighttaunt_171.npy,The female sable antelope fights and then taunts her opponent,3
P1,P1_OVER_NARRATIVE,train,animo4d_L4_safe,animo4d_official_text,present,False,PZ_Sable_Antelope_Female_sable_antelope_female__animationnotmotionextractedlocomotion_maniset3c242635__sable_antelope_female_fightvictorytaunt_174.npy,The female sable antelope fights achieves victory and then taunts her opponent,3
P1,P1_SOURCE_ACTION_ARTIFACT,train,animo4d_L4_safe,animo4d_official_text,present,False,PZ_Sable_Antelope_Female_sable_antelope_female__animationnotmotionextractedlocomotion_maniset3c242635__sable_antelope_female_standgimmick01_194.npy,The female sable antelope stands still as a clever gimmick,3
P1,P1_OVER_NARRATIVE,train,animo4d_L4_safe,animo4d_official_text,present,False,PZ_Saiga_Female_saiga_female__animationmotionextractedfighting_manisetd743b97d__saiga_female_fightchaseoff_2.npy,The female saiga fights and then chases off the intruder,3
P1,P1_OVER_NARRATIVE,train,animo4d_L4_safe,animo4d_official_text,present,False,PZ_Saiga_Female_saiga_female__animationmotionextractedfighting_manisetd743b97d__saiga_female_fightvictorytaunt_6.npy,The female saiga fights achieves victory and then taunts her opponent,3
P1,P1_OVER_NARRATIVE,train,animo4d_L4_safe,animo4d_official_text,present,False,PZ_Saiga_Female_saiga_female__animationmotionextractedlocomotion_maniset65e14583__saiga_female_fightchaseoff_8.npy,The female saiga fights and then chases off the intruder,3
P1,P1_OVER_NARRATIVE,train,animo4d_L4_safe,animo4d_official_text,present,False,PZ_Saiga_Female_saiga_female__animationmotionextractedlocomotion_maniset65e14583__saiga_female_fightvictorytaunt_12.npy,The female saiga fights achieves victory and then taunts her opponent,3
P1,P1_OVER_NARRATIVE,train,animo4d_L4_safe,animo4d_official_text,present,False,PZ_Saiga_Female_saiga_female__animationnotmotionextractedbehaviour_manisetfe131869__saiga_female_fightchaseoff_69.npy,The female saiga fights and then chases off the intruder,3
P1,P1_OVER_NARRATIVE,train,animo4d_L4_safe,animo4d_official_text,present,False,PZ_Saiga_Female_saiga_female__animationnotmotionextractedbehaviour_manisetfe131869__saiga_female_fightreacttodie_72.npy,The female saiga fights reacts and then dies,3
P1,P1_OVER_NARRATIVE,train,animo4d_L4_safe,animo4d_official_text,present,False,PZ_Saiga_Female_saiga_female__animationnotmotionextractedbehaviour_manisetfe131869__saiga_female_fightvictorytaunt_73.npy,The female saiga fights achieves victory and then taunts her opponent,3
P1,P1_OVER_NARRATIVE,train,animo4d_L4_safe,animo4d_official_text,present,False,PZ_Saiga_Female_saiga_female__animationnotmotionextractedfighting_maniset620ac77f__saiga_female_fightchaseoff_144.npy,The female saiga fights and then chases off the intruder,3
P1,P1_OVER_NARRATIVE,train,animo4d_L4_safe,animo4d_official_text,present,False,PZ_Saiga_Female_saiga_female__animationnotmotionextractedfighting_maniset620ac77f__saiga_female_fighttaunt_146.npy,The female saiga fights and then taunts her opponent,3
P1,P1_OVER_NARRATIVE,train,animo4d_L4_safe,animo4d_official_text,present,False,PZ_Saiga_Female_saiga_female__animationnotmotionextractedfighting_maniset620ac77f__saiga_female_fighttauntreact_147.npy,The female saiga fights taunts and then reacts swiftly,3
P1,P1_OVER_NARRATIVE,train,animo4d_L4_safe,animo4d_official_text,present,False,PZ_Saiga_Female_saiga_female__animationnotmotionextractedfighting_maniset620ac77f__saiga_female_fightvictorytaunt_148.npy,The female saiga fights wins and then taunts her opponent,1
P1,P1_SOURCE_ACTION_ARTIFACT,train,animo4d_L4_safe,animo4d_official_text,present,False,PZ_Saiga_Female_saiga_female__animationnotmotionextractedfighting_maniset620ac77f__saiga_female_gimmick_149.npy,The female saiga performs a quick quirky gimmick,3
P1,P1_OVER_NARRATIVE,train,animo4d_L4_safe,animo4d_official_text,present,False,PZ_Saiga_Female_saiga_female__animationnotmotionextractedlocomotion_maniset6a941f65__saiga_female_fightchaseoff_200.npy,The female saiga fights and then chases off the intruder,3
P1,P1_OVER_NARRATIVE,train,animo4d_L4_safe,animo4d_official_text,present,False,PZ_Saiga_Female_saiga_female__animationnotmotionextractedlocomotion_maniset6a941f65__saiga_female_fighttaunt_202.npy,The female saiga fights and then taunts her opponent,3
P1,P1_OVER_NARRATIVE,train,animo4d_L4_safe,animo4d_official_text,present,False,PZ_Saiga_Female_saiga_female__animationnotmotionextractedlocomotion_maniset6a941f65__saiga_female_fightvictorytaunt_204.npy,The female saiga fights achieves victory and then taunts her opponent,3
P1,P1_SOURCE_ACTION_ARTIFACT,train,animo4d_L4_safe,animo4d_official_text,present,False,PZ_Saiga_Female_saiga_female__animationnotmotionextractedlocomotion_maniset6a941f65__saiga_female_gimmick_205.npy,The female saiga performs a quirky gimmick,3
P1,P1_OVER_NARRATIVE,train,animo4d_L4_safe,animo4d_official_text,present,False,PZ_Saiga_Juvenile_saiga_juvenile__animationmotionextractedfighting_maniset83a5eb55__saiga_juvenile_fightchaseoff_1.npy,The juvenile saiga fights and then chases off its opponent,3
P1,P1_OVER_NARRATIVE,train,animo4d_L4_safe,animo4d_official_text,present,False,PZ_Saiga_Juvenile_saiga_juvenile__animationmotionextractedlocomotion_manisetf938a35b__saiga_juvenile_fightchaseoff_2.npy,The juvenile saiga fights and then chases off its rival,3
P1,P1_SOURCE_ACTION_ARTIFACT,train,animo4d_L4_safe,animo4d_official_text,present,False,PZ_Saiga_Juvenile_saiga_juvenile__animationnotmotionextractedbehaviour_maniset715a241__saiga_juvenile_gimmick_41.npy,The juvenile saiga performs a playful gimmick by leaping and twirling in the air,3
P1,P1_OVER_NARRATIVE,train,animo4d_L4_safe,animo4d_official_text,present,False,PZ_Saiga_Juvenile_saiga_juvenile__animationnotmotionextractedfighting_maniset28b0fb57__saiga_juvenile_fightvictorytaunt_101.npy,The juvenile saiga fights achieves victory and then taunts its opponent,3
P1,P1_SOURCE_ACTION_ARTIFACT,train,animo4d_L4_safe,animo4d_official_text,present,False,PZ_Saiga_Juvenile_saiga_juvenile__animationnotmotionextractedfighting_maniset28b0fb57__saiga_juvenile_gimmick_102.npy,The juvenile saiga performs a playful gimmick by leaping and twirling in the air,3
P1,P1_OVER_NARRATIVE,train,animo4d_L4_safe,animo4d_official_text,present,False,PZ_Saiga_Juvenile_saiga_juvenile__animationnotmotionextractedlocomotion_manisetbe607f3d__saiga_juvenile_fightchaseoff_156.npy,The juvenile saiga fights and then chases off its rival,3
P1,P1_OVER_NARRATIVE,train,animo4d_L4_safe,animo4d_official_text,present,False,PZ_Saiga_Juvenile_saiga_juvenile__animationnotmotionextractedlocomotion_manisetbe607f3d__saiga_juvenile_fighttauntreact_158.npy,The juvenile saiga fights taunts and then reacts swiftly,3
P1,P1_OVER_NARRATIVE,train,animo4d_L4_safe,animo4d_official_text,present,False,PZ_Saiga_Juvenile_saiga_juvenile__animationnotmotionextractedlocomotion_manisetbe607f3d__saiga_juvenile_fightvictorytaunt_160.npy,The juvenile saiga fights wins and then taunts its opponent,3
P1,P1_OVER_NARRATIVE,train,animo4d_L4_safe,animo4d_official_text,present,False,PZ_Saiga_Male_saiga_male__animationmotionextractedfighting_maniset958551f2__saiga_male_fightchaseoff_2.npy,The male saiga fights and then chases off the intruder,3
P1,P1_OVER_NARRATIVE,train,animo4d_L4_safe,animo4d_official_text,present,False,PZ_Saiga_Male_saiga_male__animationmotionextractedlocomotion_maniset23741078__saiga_male_fightchaseoff_5.npy,The male saiga fights and then chases off the intruders,3
P1,P1_OVER_NARRATIVE,train,animo4d_L4_safe,animo4d_official_text,present,False,PZ_Saiga_Male_saiga_male__animationnotmotionextractedbehaviour_maniset8d4c55de__saiga_male_fightchaseoff_54.npy,The male saiga fights and then chases off the intruder,3
P1,P1_OVER_NARRATIVE,train,animo4d_L4_safe,animo4d_official_text,present,False,PZ_Saiga_Male_saiga_male__animationnotmotionextractedbehaviour_maniset8d4c55de__saiga_male_fightvictorytaunt_58.npy,The male saiga fights achieves victory and then taunts its opponent,3
P1,P1_OVER_NARRATIVE,train,animo4d_L4_safe,animo4d_official_text,present,False,PZ_Saiga_Male_saiga_male__animationnotmotionextractedfighting_manisetcf7c23b4__saiga_male_fightchaseoff_117.npy,The male saiga fights and then chases off the intruder,3
P1,P1_OVER_NARRATIVE,train,animo4d_L4_safe,animo4d_official_text,present,False,PZ_Saiga_Male_saiga_male__animationnotmotionextractedfighting_manisetcf7c23b4__saiga_male_fighttaunt_119.npy,The male saiga fights and then taunts its opponent,3
P1,P1_OVER_NARRATIVE,train,animo4d_L4_safe,animo4d_official_text,present,False,PZ_Saiga_Male_saiga_male__animationnotmotionextractedfighting_manisetcf7c23b4__saiga_male_fightvictorytaunt_121.npy,The male saiga fights wins and then taunts its opponent,3
P1,P1_OVER_NARRATIVE,train,animo4d_L4_safe,animo4d_official_text,present,False,PZ_Saiga_Male_saiga_male__animationnotmotionextractedfighting_manisetcf7c23b4__saiga_male_walktoeatturnr_164.npy,The male saiga walks to eat and then turns right,3
P1,P1_OVER_NARRATIVE,train,animo4d_L4_safe,animo4d_official_text,present,False,PZ_Saiga_Male_saiga_male__animationnotmotionextractedlocomotion_manisetad128e1a__saiga_male_fightchaseoff_175.npy,The male saiga fights and then chases off the intruder,3
P1,P1_OVER_NARRATIVE,train,animo4d_L4_safe,animo4d_official_text,present,False,PZ_Saiga_Male_saiga_male__animationnotmotionextractedlocomotion_manisetad128e1a__saiga_male_fighttaunt_178.npy,The male saiga fights and then taunts its opponent,3
P1,P1_OVER_NARRATIVE,train,animo4d_L4_safe,animo4d_official_text,present,False,PZ_Saiga_Male_saiga_male__animationnotmotionextractedlocomotion_manisetad128e1a__saiga_male_fighttauntreact_179.npy,The male saiga fights taunts and then reacts swiftly,3
P1,P1_OVER_NARRATIVE,train,animo4d_L4_safe,animo4d_official_text,present,False,PZ_Saiga_Male_saiga_male__animationnotmotionextractedlocomotion_manisetad128e1a__saiga_male_fightvictorytaunt_180.npy,The male saiga fights achieves victory and then taunts its opponent,3
P1,P1_SOURCE_ACTION_ARTIFACT,train,animo4d_L4_safe,animo4d_official_text,present,False,PZ_Saiga_Male_saiga_male__animationnotmotionextractedlocomotion_manisetad128e1a__saiga_male_gimmick_181.npy,The male saiga performs a unique gimmick by leaping and twirling in the air,3
P1,P1_OVER_NARRATIVE,train,animo4d_L4_safe,animo4d_official_text,present,False,PZ_Saltwater_Crocodile_Female_saltwater_crocodile_female__animationmotionextractedfighting_maniset4c57624c__saltwater_crocodile_female_fighttaunt_2.npy,The female saltwater crocodile fights and then taunts her opponent,1
P1,P1_OVER_NARRATIVE,train,animo4d_L4_safe,animo4d_official_text,present,False,PZ_Saltwater_Crocodile_Female_saltwater_crocodile_female__animationmotionextractedlocomotion_maniset1b2abdd2__saltwater_crocodile_female_fightchaseoff_7.npy,The female saltwater crocodile fights and then chases off her rival,3
P1,P1_OVER_NARRATIVE,train,animo4d_L4_safe,animo4d_official_text,present,False,PZ_Saltwater_Crocodile_Female_saltwater_crocodile_female__animationmotionextractedpounce_manisetd9615b0f__saltwater_crocodile_female_fightreacttodie_41.npy,The female saltwater crocodile fights reacts fiercely and then dies,3
P1,P1_OVER_NARRATIVE,train,animo4d_L4_safe,animo4d_official_text,present,False,PZ_Saltwater_Crocodile_Female_saltwater_crocodile_female__animationnotmotionextractedfighting_maniset8f938f8e__saltwater_crocodile_female_fightchaseoff_114.npy,The female saltwater crocodile fights and then chases off the intruder,3
P1,P1_OVER_NARRATIVE,train,animo4d_L4_safe,animo4d_official_text,present,False,PZ_Saltwater_Crocodile_Female_saltwater_crocodile_female__animationnotmotionextractedfighting_maniset8f938f8e__saltwater_crocodile_female_fightflee_115.npy,The female saltwater crocodile fights and then flees,3
P1,P1_OVER_NARRATIVE,train,animo4d_L4_safe,animo4d_official_text,present,False,PZ_Saltwater_Crocodile_Female_saltwater_crocodile_female__animationnotmotionextractedfighting_maniset8f938f8e__saltwater_crocodile_female_fighttaunt_118.npy,The female saltwater crocodile fights and then taunts her opponent,3
P1,P1_OVER_NARRATIVE,train,animo4d_L4_safe,animo4d_official_text,present,False,PZ_Saltwater_Crocodile_Female_saltwater_crocodile_female__animationnotmotionextractedfighting_maniset8f938f8e__saltwater_crocodile_female_fighttauntreact_119.npy,The female saltwater crocodile fights taunts her opponent and then reacts swiftly,3
P1,P1_OVER_NARRATIVE,train,animo4d_L4_safe,animo4d_official_text,present,False,PZ_Saltwater_Crocodile_Female_saltwater_crocodile_female__animationnotmotionextractedlocomotion_maniset405056f4__saltwater_crocodile_female_fightchaseoff_161.npy,The female saltwater crocodile fights and then chases off the intruder,3
P1,P1_OVER_NARRATIVE,train,animo4d_L4_safe,animo4d_official_text,present,False,PZ_Saltwater_Crocodile_Male_saltwater_crocodile_male__animationmotionextractedfighting_manisetacaa7b01__saltwater_crocodile_male_fightchaseoff_1.npy,The male saltwater crocodile fights and then chases off its rival,3
P1,P1_OVER_NARRATIVE,train,animo4d_L4_safe,animo4d_official_text,present,False,PZ_Saltwater_Crocodile_Male_saltwater_crocodile_male__animationmotionextractedfighting_manisetacaa7b01__saltwater_crocodile_male_fighttaunt_3.npy,The male saltwater crocodile fights and then taunts its opponent,3
P1,P1_OVER_NARRATIVE,train,animo4d_L4_safe,animo4d_official_text,present,False,PZ_Saltwater_Crocodile_Male_saltwater_crocodile_male__animationmotionextractedpounce_maniset7992ce4__saltwater_crocodile_male_fightflee_37.npy,The male saltwater crocodile fights and then flees into the water,3
P1,P1_OVER_NARRATIVE,train,animo4d_L4_safe,animo4d_official_text,present,False,PZ_Saltwater_Crocodile_Male_saltwater_crocodile_male__animationnotmotionextractedbehaviour_manisetbad51ded__saltwater_crocodile_male_fightchaseoff_64.npy,The male saltwater crocodile fights and then chases off its rival,3
P1,P1_OVER_NARRATIVE,train,animo4d_L4_safe,animo4d_official_text,present,False,PZ_Saltwater_Crocodile_Male_saltwater_crocodile_male__animationnotmotionextractedbehaviour_manisetbad51ded__saltwater_crocodile_male_fighttaunt_66.npy,The male saltwater crocodile fights and then taunts its opponent,3
P1,P1_OVER_NARRATIVE,train,animo4d_L4_safe,animo4d_official_text,present,False,PZ_Saltwater_Crocodile_Male_saltwater_crocodile_male__animationnotmotionextractedfighting_maniset84c59c03__saltwater_crocodile_male_fightchaseoff_117.npy,The male saltwater crocodile fights and then chases off its rival,3
P1,P1_OVER_NARRATIVE,train,animo4d_L4_safe,animo4d_official_text,present,False,PZ_Saltwater_Crocodile_Male_saltwater_crocodile_male__animationnotmotionextractedfighting_maniset84c59c03__saltwater_crocodile_male_fighttaunt_121.npy,The male saltwater crocodile fights and then taunts its opponent,3
P1,P1_OVER_NARRATIVE,train,animo4d_L4_safe,animo4d_official_text,present,False,PZ_Saltwater_Crocodile_Male_saltwater_crocodile_male__animationnotmotionextractedfighting_maniset84c59c03__saltwater_crocodile_male_fighttauntreact_122.npy,The male saltwater crocodile fights taunts and then reacts swiftly,3
P1,P1_OVER_NARRATIVE,train,animo4d_L4_safe,animo4d_official_text,present,False,PZ_Saltwater_Crocodile_Male_saltwater_crocodile_male__animationnotmotionextractedlocomotion_maniset5fed95e9__saltwater_crocodile_male_fightchaseoff_191.npy,The male saltwater crocodile fights and then chases off its rival,3
P1,P1_OVER_NARRATIVE,train,animo4d_L4_safe,animo4d_official_text,present,False,PZ_Saltwater_Crocodile_Male_saltwater_crocodile_male__animationnotmotionextractedlocomotion_maniset5fed95e9__saltwater_crocodile_male_fighttaunt_195.npy,The male saltwater crocodile fights and then taunts its opponent,3
P1,P1_OVER_NARRATIVE,train,animo4d_L4_safe,animo4d_official_text,present,False,PZ_Saltwater_Crocodile_Male_saltwater_crocodile_male__animationnotmotionextractedlocomotion_maniset5fed95e9__saltwater_crocodile_male_fighttauntreact_196.npy,The male saltwater crocodile fights taunts and then reacts swiftly,3
P1,P1_OVER_NARRATIVE,train,animo4d_L4_safe,animo4d_official_text,present,False,PZ_Sand_Cat_Juvenile_sand_cat_juvenile__animationmotionextractedfighting_maniset6d58e714__sand_cat_juvenile_fightchaseoff_3.npy,The juvenile sand cat fights and then chases off its opponent,3
P1,P1_OVER_NARRATIVE,train,animo4d_L4_safe,animo4d_official_text,present,False,PZ_Sand_Cat_Juvenile_sand_cat_juvenile__animationmotionextractedfighting_maniset6d58e714__sand_cat_juvenile_fighttaunt_6.npy,The juvenile sand cat fights and then taunts its opponent,3
P1,P1_OVER_NARRATIVE,train,animo4d_L4_safe,animo4d_official_text,present,False,PZ_Sand_Cat_Juvenile_sand_cat_juvenile__animationmotionextractedlocomotion_maniset3771669a__sand_cat_juvenile_fightchaseoff_33.npy,The juvenile sand cat fights and then chases off its opponent,3
P1,P1_OVER_NARRATIVE,train,animo4d_L4_safe,animo4d_official_text,present,False,PZ_Sand_Cat_Juvenile_sand_cat_juvenile__animationmotionextractedlocomotion_maniset3771669a__sand_cat_juvenile_fighttaunt_36.npy,The juvenile sand cat fights and then taunts its opponent,3
P1,P1_OVER_NARRATIVE,train,animo4d_L4_safe,animo4d_official_text,present,False,PZ_Sand_Cat_Juvenile_sand_cat_juvenile__animationmotionextractedpounce_maniset7e7d1cd7__sand_cat_juvenile_fightchaseoff_123.npy,The juvenile sand cat fights and then chases off its opponent,3
P1,P1_OVER_NARRATIVE,train,animo4d_L4_safe,animo4d_official_text,present,False,PZ_Sand_Cat_Juvenile_sand_cat_juvenile__animationmotionextractedpounce_maniset7e7d1cd7__sand_cat_juvenile_fighttaunt_125.npy,The juvenile sand cat fights and then taunts its opponent,3
P1,P1_OVER_NARRATIVE,train,animo4d_L4_safe,animo4d_official_text,present,False,PZ_Sand_Cat_Juvenile_sand_cat_juvenile__animationnotmotionextractedbehaviour_maniset6e6bed00__sand_cat_juvenile_fightreacttofendoff_193.npy,The juvenile sand cat fights and reacts swiftly to fend off the threat,3
P1,P1_OVER_NARRATIVE,train,animo4d_L4_safe,animo4d_official_text,present,False,PZ_Sand_Cat_Juvenile_sand_cat_juvenile__animationnotmotionextractedfighting_manisetd8278a56__sand_cat_juvenile_fightreacttofendoff_271.npy,The juvenile sand cat fights and reacts swiftly to fend off the threat,3
P1,P1_OVER_NARRATIVE,train,animo4d_L4_safe,animo4d_official_text,present,False,PZ_Sand_Cat_Juvenile_sand_cat_juvenile__animationnotmotionextractedfighting_manisetd8278a56__sand_cat_juvenile_fighttaunt_272.npy,The juvenile sand cat fights and then taunts its opponent,3
P1,P1_OVER_NARRATIVE,train,animo4d_L4_safe,animo4d_official_text,present,False,PZ_Sand_Cat_Juvenile_sand_cat_juvenile__animationnotmotionextractedfighting_manisetd8278a56__sand_cat_juvenile_fighttaunttostand_273.npy,The juvenile sand cat fights and taunts before standing still,3
P1,P1_OVER_NARRATIVE,train,animo4d_L4_safe,animo4d_official_text,present,False,PZ_Sand_Cat_Juvenile_sand_cat_juvenile__animationnotmotionextractedlocomotion_maniset547475bc__sand_cat_juvenile_fighttaunt_323.npy,The juvenile sand cat fights and then taunts its opponent,3
P1,P1_OVER_NARRATIVE,train,animo4d_L4_safe,animo4d_official_text,present,False,PZ_Sand_Cat_Male_sand_cat_male__animationmotionextractedbehaviour_maniset6f97bddb__sand_cat_male_fightchaseoff_51.npy,The male sand cat fights and then chases off its opponent,3
P1,P1_OVER_NARRATIVE,train,animo4d_L4_safe,animo4d_official_text,present,False,PZ_Sand_Cat_Male_sand_cat_male__animationmotionextractedbehaviour_maniset6f97bddb__sand_cat_male_fighttaunt_54.npy,The male sand cat fights and then taunts its opponent,3
P1,P1_OVER_NARRATIVE,train,animo4d_L4_safe,animo4d_official_text,present,False,PZ_Sand_Cat_Male_sand_cat_male__animationmotionextractedfighting_manisete96a4631__sand_cat_male_fightchaseoff_176.npy,The male sand cat fights and then chases off the intruder,3
P1,P1_OVER_NARRATIVE,train,animo4d_L4_safe,animo4d_official_text,present,False,PZ_Sand_Cat_Male_sand_cat_male__animationmotionextractedfighting_manisete96a4631__sand_cat_male_fighttaunt_179.npy,The male sand cat fights and then taunts its opponent,3
P1,P1_OVER_NARRATIVE,train,animo4d_L4_safe,animo4d_official_text,present,False,PZ_Sand_Cat_Male_sand_cat_male__animationmotionextractedfighting_manisete96a4631__sand_cat_male_fighttaunttostand_181.npy,The male sand cat fights taunts and then stands still,3
P1,P1_OVER_NARRATIVE,train,animo4d_L4_safe,animo4d_official_text,present,False,PZ_Sand_Cat_Male_sand_cat_male__animationmotionextractedlocomotion_manisetd270c37__sand_cat_male_fightchaseoff_296.npy,The male sand cat fights and then chases off its opponent,3
P1,P1_OVER_NARRATIVE,train,animo4d_L4_safe,animo4d_official_text,present,False,PZ_Sand_Cat_Male_sand_cat_male__animationmotionextractedlocomotion_manisetd270c37__sand_cat_male_fighttaunt_299.npy,The male sand cat fights and then taunts its opponent,3
P1,P1_OVER_NARRATIVE,train,animo4d_L4_safe,animo4d_official_text,present,False,PZ_Sand_Cat_Male_sand_cat_male__animationmotionextractedpounce_manisetae77614__sand_cat_male_fightchaseoff_420.npy,The male sand cat fights and then chases off the intruder,3
P1,P1_OVER_NARRATIVE,train,animo4d_L4_safe,animo4d_official_text,present,False,PZ_Sand_Cat_Male_sand_cat_male__animationmotionextractedpounce_manisetae77614__sand_cat_male_fightreacttofendoff_422.npy,The male sand cat fights and reacts swiftly to fend off the threat,3
P1,P1_OVER_NARRATIVE,train,animo4d_L4_safe,animo4d_official_text,present,False,PZ_Sand_Cat_Male_sand_cat_male__animationmotionextractedpounce_manisetae77614__sand_cat_male_fighttaunt_423.npy,The male sand cat fights and then taunts its opponent,3
P1,P1_OVER_NARRATIVE,train,animo4d_L4_safe,animo4d_official_text,present,False,PZ_Sand_Cat_Male_sand_cat_male__animationnotmotionextractedbehaviour_manisetcb85191d__sand_cat_male_fighttaunt_536.npy,The male sand cat fights and then taunts its opponent,3
P1,P1_OVER_NARRATIVE,train,animo4d_L4_safe,animo4d_official_text,present,False,PZ_Sand_Cat_Male_sand_cat_male__animationnotmotionextractedfighting_manisetf1dd0b33__sand_cat_male_fightchaseoff_657.npy,The male sand cat fights and then chases off its opponent,3
P1,P1_OVER_NARRATIVE,train,animo4d_L4_safe,animo4d_official_text,present,False,PZ_Sand_Cat_Male_sand_cat_male__animationnotmotionextractedfighting_manisetf1dd0b33__sand_cat_male_fightreacttodie_658.npy,The male sand cat fights reacts and then dies,3
P1,P1_OVER_NARRATIVE,train,animo4d_L4_safe,animo4d_official_text,present,False,PZ_Sand_Cat_Male_sand_cat_male__animationnotmotionextractedfighting_manisetf1dd0b33__sand_cat_male_fighttaunt_660.npy,The male sand cat fights and then taunts its opponent,3
P1,P1_OVER_NARRATIVE,train,animo4d_L4_safe,animo4d_official_text,present,False,PZ_Sand_Cat_Male_sand_cat_male__animationnotmotionextractedlocomotion_maniset5c891d19__sand_cat_male_fightchaseoff_777.npy,The male sand cat fights and then chases off the intruder,3
P1,P1_OVER_NARRATIVE,train,animo4d_L4_safe,animo4d_official_text,present,False,PZ_Sand_Cat_Male_sand_cat_male__animationnotmotionextractedlocomotion_maniset5c891d19__sand_cat_male_fighttaunt_779.npy,The male sand cat fights and then taunts its opponent,3
P1,P1_OVER_NARRATIVE,train,animo4d_L4_safe,animo4d_official_text,present,False,PZ_Scimitar_Horned_Oryx_Female_scimitar_horned_oryx_female__animationmotionextractedlocomotion_maniset3d2bd5c0__scimitar_horned_oryx_female_fightchaseoff_1.npy,The female horned oryx fights and then chases off the intruder,3
P1,P1_SOURCE_ACTION_ARTIFACT,train,animo4d_L4_safe,animo4d_official_text,present,False,PZ_Scimitar_Horned_Oryx_Female_scimitar_horned_oryx_female__animationnotmotionextractedbehaviour_maniset9c757f26__scimitar_horned_oryx_female_standgimmick01_65.npy,The female horned oryx stands still as a clever gimmick,3
P1,P1_OVER_NARRATIVE,train,animo4d_L4_safe,animo4d_official_text,present,False,PZ_Scimitar_Horned_Oryx_Female_scimitar_horned_oryx_female__animationnotmotionextractedfighting_maniset363a5afc__scimitar_horned_oryx_female_fightchaseoff_107.npy,The female horned oryx fights and then chases off the intruder,3
P1,P1_OVER_NARRATIVE,train,animo4d_L4_safe,animo4d_official_text,present,False,PZ_Scimitar_Horned_Oryx_Female_scimitar_horned_oryx_female__animationnotmotionextractedfighting_maniset363a5afc__scimitar_horned_oryx_female_fighttaunt_108.npy,The female horned oryx fights and then taunts her opponent,3
P1,P1_OVER_NARRATIVE,train,animo4d_L4_safe,animo4d_official_text,present,False,PZ_Scimitar_Horned_Oryx_Female_scimitar_horned_oryx_female__animationnotmotionextractedfighting_maniset363a5afc__scimitar_horned_oryx_female_fightvictorytaunt_110.npy,The female horned oryx fights wins and then taunts her opponent,3
P1,P1_SOURCE_ACTION_ARTIFACT,train,animo4d_L4_safe,animo4d_official_text,present,False,PZ_Scimitar_Horned_Oryx_Female_scimitar_horned_oryx_female__animationnotmotionextractedfighting_maniset363a5afc__scimitar_horned_oryx_female_standgimmick01_122.npy,The female horned oryx stands still as a clever gimmick,3
P1,P1_OVER_NARRATIVE,train,animo4d_L4_safe,animo4d_official_text,present,False,PZ_Scimitar_Horned_Oryx_Female_scimitar_horned_oryx_female__animationnotmotionextractedlocomotion_maniset2b2b2962__scimitar_horned_oryx_female_fightchaseoff_160.npy,The female horned oryx fights and then chases off the intruder,3
P1,P1_OVER_NARRATIVE,train,animo4d_L4_safe,animo4d_official_text,present,False,PZ_Scimitar_Horned_Oryx_Female_scimitar_horned_oryx_female__animationnotmotionextractedlocomotion_maniset2b2b2962__scimitar_horned_oryx_female_fighttauntreact_162.npy,The female horned oryx fights taunts her opponent and then reacts swiftly,3
P1,P1_OVER_NARRATIVE,train,animo4d_L4_safe,animo4d_official_text,present,False,PZ_Scimitar_Horned_Oryx_Female_scimitar_horned_oryx_female__animationnotmotionextractedlocomotion_maniset2b2b2962__scimitar_horned_oryx_female_fightvictorytaunt_163.npy,The female horned oryx fights wins and then taunts her opponent,3
P1,P1_SOURCE_ACTION_ARTIFACT,train,animo4d_L4_safe,animo4d_official_text,present,False,PZ_Scimitar_Horned_Oryx_Female_scimitar_horned_oryx_female__animationnotmotionextractedlocomotion_maniset2b2b2962__scimitar_horned_oryx_female_standgimmick01_180.npy,The female horned oryx stands still as a clever gimmick,3
P1,P1_OVER_NARRATIVE,train,animo4d_L4_safe,animo4d_official_text,present,False,PZ_Scimitar_Horned_Oryx_Juvenile_scimitar_horned_oryx_juvenile__animationmotionextractedfighting_manisetdda54852__scimitar_horned_oryx_juvenile_fightchaseoff_1.npy,The juvenile horned oryx fights and then chases off its rival,3
P1,P1_OVER_NARRATIVE,train,animo4d_L4_safe,animo4d_official_text,present,False,PZ_Scimitar_Horned_Oryx_Juvenile_scimitar_horned_oryx_juvenile__animationmotionextractedlocomotion_manisetcd6836d8__scimitar_horned_oryx_juvenile_fightchaseoff_2.npy,The juvenile horned oryx fights and then chases off its opponent,3
P1,P1_OVER_NARRATIVE,train,animo4d_L4_safe,animo4d_official_text,present,False,PZ_Scimitar_Horned_Oryx_Juvenile_scimitar_horned_oryx_juvenile__animationnotmotionextractedbehaviour_manisetc7acac3e__scimitar_horned_oryx_juvenile_fightchaseoff_43.npy,The juvenile horned oryx fights and then chases off its rival,3
P1,P1_OVER_NARRATIVE,train,animo4d_L4_safe,animo4d_official_text,present,False,PZ_Scimitar_Horned_Oryx_Juvenile_scimitar_horned_oryx_juvenile__animationnotmotionextractedfighting_manisetc7136214__scimitar_horned_oryx_juvenile_fightchaseoff_100.npy,The juvenile horned oryx fights and then chases off its rival,3
P1,P1_OVER_NARRATIVE,train,animo4d_L4_safe,animo4d_official_text,present,False,PZ_Scimitar_Horned_Oryx_Juvenile_scimitar_horned_oryx_juvenile__animationnotmotionextractedfighting_manisetc7136214__scimitar_horned_oryx_juvenile_fighttaunt_102.npy,The juvenile horned oryx fights and then taunts its opponent,3
P1,P1_OVER_NARRATIVE,train,animo4d_L4_safe,animo4d_official_text,present,False,PZ_Scimitar_Horned_Oryx_Juvenile_scimitar_horned_oryx_juvenile__animationnotmotionextractedlocomotion_manisete1fc7a__scimitar_horned_oryx_juvenile_fightchaseoff_158.npy,The juvenile horned oryx fights and then chases off its rival,3
P1,P1_OVER_NARRATIVE,train,animo4d_L4_safe,animo4d_official_text,present,False,PZ_Scimitar_Horned_Oryx_Juvenile_scimitar_horned_oryx_juvenile__animationnotmotionextractedlocomotion_manisete1fc7a__scimitar_horned_oryx_juvenile_fighttaunt_161.npy,The juvenile horned oryx fights and then taunts its opponent,3
P1,P1_OVER_NARRATIVE,train,animo4d_L4_safe,animo4d_official_text,present,False,PZ_Scimitar_Horned_Oryx_Juvenile_scimitar_horned_oryx_juvenile__animationnotmotionextractedlocomotion_manisete1fc7a__scimitar_horned_oryx_juvenile_fightvictorytaunt_163.npy,The juvenile horned oryx fights wins and then taunts its opponent,3
P1,P1_OVER_NARRATIVE,train,animo4d_L4_safe,animo4d_official_text,present,False,PZ_Scimitar_Horned_Oryx_Male_scimitar_horned_oryx_male__animationnotmotionextractedfighting_maniseta6c6b3f1__scimitar_horned_oryx_male_fightvictorytaunt_107.npy,The male horned oryx fights wins and then taunts its defeated opponent,3
P1,P1_SOURCE_ACTION_ARTIFACT,train,animo4d_L4_safe,animo4d_official_text,present,False,PZ_Scimitar_Horned_Oryx_Male_scimitar_horned_oryx_male__animationnotmotionextractedfighting_maniseta6c6b3f1__scimitar_horned_oryx_male_standgimmick01_121.npy,The male horned oryx stands still as a gimmick,3
P1,P1_OVER_NARRATIVE,train,animo4d_L4_safe,animo4d_official_text,present,False,PZ_Scimitar_Horned_Oryx_Male_scimitar_horned_oryx_male__animationnotmotionextractedlocomotion_maniset4b74f4d7__scimitar_horned_oryx_male_fightchaseoff_164.npy,The male horned oryx fights and then chases off the intruder,3
P1,P1_OVER_NARRATIVE,train,animo4d_L4_safe,animo4d_official_text,present,False,PZ_Scimitar_Horned_Oryx_Male_scimitar_horned_oryx_male__animationnotmotionextractedlocomotion_maniset4b74f4d7__scimitar_horned_oryx_male_fighttaunt_165.npy,The male horned oryx fights and then taunts its opponent,3
P1,P1_OVER_NARRATIVE,train,animo4d_L4_safe,animo4d_official_text,present,False,PZ_Siberian_Tiger_Female_siberian_tiger_female__animationmotionextractedfighting_maniset981f97fb__siberian_tiger_female_fightchaseoff_1.npy,The female Siberian tiger fights and then chases off her opponent,3
P1,P1_OVER_NARRATIVE,train,animo4d_L4_safe,animo4d_official_text,present,False,PZ_Siberian_Tiger_Female_siberian_tiger_female__animationmotionextractedlocomotion_manisetd6643301__siberian_tiger_female_fightchaseoff_20.npy,The female Siberian tiger fights and then chases off her opponent,3
P1,P1_OVER_NARRATIVE,train,animo4d_L4_safe,animo4d_official_text,present,False,PZ_Siberian_Tiger_Female_siberian_tiger_female__animationmotionextractedlocomotion_manisetd6643301__siberian_tiger_female_fighttaunt_22.npy,The female Siberian tiger fights and then taunts her opponent,3
P1,P1_OVER_NARRATIVE,train,animo4d_L4_safe,animo4d_official_text,present,False,PZ_Siberian_Tiger_Female_siberian_tiger_female__animationmotionextractedpounce_manisetfbc9761e__siberian_tiger_female_fightreact_67.npy,The female Siberian tiger reacts swiftly and fiercely in the fight,3
P1,P1_OVER_NARRATIVE,train,animo4d_L4_safe,animo4d_official_text,present,False,PZ_Siberian_Tiger_Female_siberian_tiger_female__animationmotionextractedpounce_manisetfbc9761e__siberian_tiger_female_fightreacttofendoff_69.npy,The female Siberian tiger fights and reacts swiftly to fend off the threat,3
P1,P1_OVER_NARRATIVE,train,animo4d_L4_safe,animo4d_official_text,present,False,PZ_Siberian_Tiger_Female_siberian_tiger_female__animationmotionextractedpounce_manisetfbc9761e__siberian_tiger_female_fighttaunt_70.npy,The female Siberian tiger fights and then taunts her opponent,3
P1,P1_OVER_NARRATIVE,train,animo4d_L4_safe,animo4d_official_text,present,False,PZ_Siberian_Tiger_Female_siberian_tiger_female__animationmotionextractedpounce_manisetfbc9761e__siberian_tiger_female_fighttauntreact_71.npy,The female Siberian tiger fights taunts her opponent and then reacts swiftly,3
P1,P1_OVER_NARRATIVE,train,animo4d_L4_safe,animo4d_official_text,present,False,PZ_Siberian_Tiger_Female_siberian_tiger_female__animationnotmotionextractedbehaviour_maniseta92c94e7__siberian_tiger_female_fightreact_115.npy,The female Siberian tiger reacts swiftly to the fight,3
P1,P1_OVER_NARRATIVE,train,animo4d_L4_safe,animo4d_official_text,present,False,PZ_Siberian_Tiger_Female_siberian_tiger_female__animationnotmotionextractedbehaviour_maniseta92c94e7__siberian_tiger_female_fighttaunt_116.npy,The female Siberian tiger fights and then taunts her opponent,3
P1,P1_OVER_NARRATIVE,train,animo4d_L4_safe,animo4d_official_text,present,False,PZ_Siberian_Tiger_Female_siberian_tiger_female__animationnotmotionextractedbehaviour_maniseta92c94e7__siberian_tiger_female_fighttauntreact_117.npy,The female Siberian tiger fights taunts and then reacts swiftly,3
P1,P1_OVER_NARRATIVE,train,animo4d_L4_safe,animo4d_official_text,present,False,PZ_Siberian_Tiger_Female_siberian_tiger_female__animationnotmotionextractedfighting_manisetfeff0c7d__siberian_tiger_female_fightchaseoff_175.npy,The female Siberian tiger fights and then chases off her opponent,3
P1,P1_OVER_NARRATIVE,train,animo4d_L4_safe,animo4d_official_text,present,False,PZ_Siberian_Tiger_Female_siberian_tiger_female__animationnotmotionextractedfighting_manisetfeff0c7d__siberian_tiger_female_fightidle_176.npy,The female Siberian tiger fiercely fights her opponent,3
P1,P1_OVER_NARRATIVE,train,animo4d_L4_safe,animo4d_official_text,present,False,PZ_Siberian_Tiger_Female_siberian_tiger_female__animationnotmotionextractedlocomotion_maniset41feb363__siberian_tiger_female_fightreact_253.npy,The female Siberian tiger fights and then reacts swiftly,3
P1,P1_OVER_NARRATIVE,train,animo4d_L4_safe,animo4d_official_text,present,False,PZ_Siberian_Tiger_Female_siberian_tiger_female__animationnotmotionextractedlocomotion_maniset41feb363__siberian_tiger_female_fighttaunt_255.npy,The female Siberian tiger fights and then taunts her opponent,3
P1,P1_OVER_NARRATIVE,train,animo4d_L4_safe,animo4d_official_text,present,False,PZ_Siberian_Tiger_Female_siberian_tiger_female__animationnotmotionextractedlocomotion_maniset41feb363__siberian_tiger_female_fighttauntreact_256.npy,The female Siberian tiger fights taunts and then reacts swiftly,3
P1,P1_OVER_NARRATIVE,train,animo4d_L4_safe,animo4d_official_text,present,False,PZ_Siberian_Tiger_Male_siberian_tiger_male__animationmotionextractedfighting_manisetd03b78f0__siberian_tiger_male_fightchaseoff_1.npy,The male Siberian tiger fights and then chases off its opponent,3
P1,P1_OVER_NARRATIVE,train,animo4d_L4_safe,animo4d_official_text,present,False,PZ_Siberian_Tiger_Male_siberian_tiger_male__animationmotionextractedfighting_manisetd03b78f0__siberian_tiger_male_fighttaunttostand_4.npy,The male Siberian tiger fights taunts and then stands still,3
P1,P1_OVER_NARRATIVE,train,animo4d_L4_safe,animo4d_official_text,present,False,PZ_Siberian_Tiger_Male_siberian_tiger_male__animationmotionextractedlocomotion_maniset8ac18676__siberian_tiger_male_fightchaseoff_16.npy,The male Siberian tiger fights and then chases off the intruder,3
P1,P1_OVER_NARRATIVE,train,animo4d_L4_safe,animo4d_official_text,present,False,PZ_Siberian_Tiger_Male_siberian_tiger_male__animationmotionextractedlocomotion_maniset8ac18676__siberian_tiger_male_fightreact_18.npy,The male Siberian tiger fights and then reacts swiftly,3
P1,P1_OVER_NARRATIVE,train,animo4d_L4_safe,animo4d_official_text,present,False,PZ_Siberian_Tiger_Male_siberian_tiger_male__animationmotionextractedpounce_maniset3bd13833__siberian_tiger_male_fightreact_60.npy,The male Siberian tiger fights and then reacts swiftly,3
P1,P1_OVER_NARRATIVE,train,animo4d_L4_safe,animo4d_official_text,present,False,PZ_Siberian_Tiger_Male_siberian_tiger_male__animationmotionextractedpounce_maniset3bd13833__siberian_tiger_male_fighttaunt_62.npy,The male Siberian tiger fights and then taunts its opponent,3
P1,P1_OVER_NARRATIVE,train,animo4d_L4_safe,animo4d_official_text,present,False,PZ_Siberian_Tiger_Male_siberian_tiger_male__animationmotionextractedpounce_maniset3bd13833__siberian_tiger_male_fighttauntreact_63.npy,The male Siberian tiger fights taunts and then reacts swiftly,3
P1,P1_OVER_NARRATIVE,train,animo4d_L4_safe,animo4d_official_text,present,False,PZ_Siberian_Tiger_Male_siberian_tiger_male__animationnotmotionextractedbehaviour_maniset2a409adc__siberian_tiger_male_fightchaseoff_107.npy,The male Siberian tiger fights and then chases off the intruder,3
P1,P1_OVER_NARRATIVE,train,animo4d_L4_safe,animo4d_official_text,present,False,PZ_Siberian_Tiger_Male_siberian_tiger_male__animationnotmotionextractedbehaviour_maniset2a409adc__siberian_tiger_male_fighttaunttostand_111.npy,The male Siberian tiger fights taunts and then stands still,3
P1,P1_OVER_NARRATIVE,train,animo4d_L4_safe,animo4d_official_text,present,False,PZ_Siberian_Tiger_Male_siberian_tiger_male__animationnotmotionextractedfighting_maniset3fff1132__siberian_tiger_male_fightchaseoff_167.npy,The male Siberian tiger fights and then chases off the intruder,3
P1,P1_OVER_NARRATIVE,train,animo4d_L4_safe,animo4d_official_text,present,False,PZ_Siberian_Tiger_Male_siberian_tiger_male__animationnotmotionextractedfighting_maniset3fff1132__siberian_tiger_male_fightidle_169.npy,The male Siberian tiger fiercely fights,3
P1,P1_OVER_NARRATIVE,train,animo4d_L4_safe,animo4d_official_text,present,False,PZ_Siberian_Tiger_Male_siberian_tiger_male__animationnotmotionextractedfighting_maniset3fff1132__siberian_tiger_male_fighttauntreact_173.npy,The male Siberian tiger fights taunts and then reacts swiftly,3
P1,P1_OVER_NARRATIVE,train,animo4d_L4_safe,animo4d_official_text,present,False,PZ_Siberian_Tiger_Male_siberian_tiger_male__animationnotmotionextractedlocomotion_maniset582c0a98__siberian_tiger_male_fightidle_227.npy,The male Siberian tiger fiercely fights,3
P1,P1_OVER_NARRATIVE,train,animo4d_L4_safe,animo4d_official_text,present,False,PZ_Siberian_Tiger_Male_siberian_tiger_male__animationnotmotionextractedlocomotion_maniset582c0a98__siberian_tiger_male_fightreact_229.npy,The male Siberian tiger fights and then reacts swiftly,3
P1,P1_OVER_NARRATIVE,train,animo4d_L4_safe,animo4d_official_text,present,False,PZ_Siberian_Tiger_Male_siberian_tiger_male__animationnotmotionextractedlocomotion_maniset582c0a98__siberian_tiger_male_fightreacttofendoff_230.npy,The male Siberian tiger fights and reacts swiftly to fend off the threat,3
P1,P1_OVER_NARRATIVE,train,animo4d_L4_safe,animo4d_official_text,present,False,PZ_Siberian_Tiger_Male_siberian_tiger_male__animationnotmotionextractedlocomotion_maniset582c0a98__siberian_tiger_male_fighttaunt_231.npy,The male Siberian tiger fights and then taunts its opponent,3
P1,P1_OVER_NARRATIVE,train,animo4d_L4_safe,animo4d_official_text,present,False,PZ_Snow_Leopard_Female_snow_leopard_female__animationmotionextractedfighting_maniset2bccf4c7__snow_leopard_female_fightchaseoff_3.npy,The female snow leopard fights and then chases off the intruder,3
P1,P1_OVER_NARRATIVE,train,animo4d_L4_safe,animo4d_official_text,present,False,PZ_Snow_Leopard_Female_snow_leopard_female__animationmotionextractedfighting_maniset2bccf4c7__snow_leopard_female_fightreactdie_6.npy,The female snow leopard fights reacts and then dies,3
P1,P1_OVER_NARRATIVE,train,animo4d_L4_safe,animo4d_official_text,present,False,PZ_Snow_Leopard_Female_snow_leopard_female__animationmotionextractedfighting_maniset2bccf4c7__snow_leopard_female_fighttaunt_8.npy,The female snow leopard fights and then taunts her opponent,3
P1,P1_OVER_NARRATIVE,train,animo4d_L4_safe,animo4d_official_text,present,False,PZ_Snow_Leopard_Female_snow_leopard_female__animationmotionextractedlocomotion_maniset7cb15cd__snow_leopard_female_fightchaseoff_33.npy,The female snow leopard fights and then chases off the intruder,3
P1,P1_OVER_NARRATIVE,train,animo4d_L4_safe,animo4d_official_text,present,False,PZ_Snow_Leopard_Female_snow_leopard_female__animationmotionextractedlocomotion_maniset7cb15cd__snow_leopard_female_fightreactdie_36.npy,The female snow leopard fights reacts and then dies,3
P1,P1_OVER_NARRATIVE,train,animo4d_L4_safe,animo4d_official_text,present,False,PZ_Snow_Leopard_Female_snow_leopard_female__animationmotionextractedlocomotion_maniset7cb15cd__snow_leopard_female_fighttaunt_38.npy,The female snow leopard fights and then taunts her opponent,3
P1,P1_OVER_NARRATIVE,train,animo4d_L4_safe,animo4d_official_text,present,False,PZ_Snow_Leopard_Female_snow_leopard_female__animationmotionextractedlocomotion_maniset7cb15cd__snow_leopard_female_fighttauntreact_39.npy,The female snow leopard fights taunts her opponent and then reacts swiftly,3
P1,P1_OVER_NARRATIVE,train,animo4d_L4_safe,animo4d_official_text,present,False,PZ_Snow_Leopard_Female_snow_leopard_female__animationmotionextractedlocomotion_maniset7cb15cd__snow_leopard_female_fighttaunttostand_40.npy,The female snow leopard fights taunts and then stands still,3
P1,P1_OVER_NARRATIVE,train,animo4d_L4_safe,animo4d_official_text,present,False,PZ_Snow_Leopard_Female_snow_leopard_female__animationmotionextractedpounce_maniset5a0cb26a__snow_leopard_female_fightattack_125.npy,The female snow leopard fights and then attacks,3
P1,P1_OVER_NARRATIVE,train,animo4d_L4_safe,animo4d_official_text,present,False,PZ_Snow_Leopard_Female_snow_leopard_female__animationmotionextractedpounce_maniset5a0cb26a__snow_leopard_female_fightreactdie_128.npy,The female snow leopard fights reacts and then dies,3
P1,P1_OVER_NARRATIVE,train,animo4d_L4_safe,animo4d_official_text,present,False,PZ_Snow_Leopard_Female_snow_leopard_female__animationmotionextractedpounce_maniset5a0cb26a__snow_leopard_female_fighttaunt_130.npy,The female snow leopard fights and then taunts her opponent,3
P1,P1_OVER_NARRATIVE,train,animo4d_L4_safe,animo4d_official_text,present,False,PZ_Snow_Leopard_Female_snow_leopard_female__animationnotmotionextractedbehaviour_maniset259ffdb3__snow_leopard_female_fightchaseoff_195.npy,The female snow leopard fights and then chases off the intruder,3
P1,P1_OVER_NARRATIVE,train,animo4d_L4_safe,animo4d_official_text,present,False,PZ_Snow_Leopard_Female_snow_leopard_female__animationnotmotionextractedfighting_maniset25a9d249__snow_leopard_female_fightattack_270.npy,The female snow leopard fights and then attacks,3
P1,P1_OVER_NARRATIVE,train,animo4d_L4_safe,animo4d_official_text,present,False,PZ_Snow_Leopard_Female_snow_leopard_female__animationnotmotionextractedfighting_maniset25a9d249__snow_leopard_female_fightidle_272.npy,The female snow leopard fights fiercely,3
P1,P1_OVER_NARRATIVE,train,animo4d_L4_safe,animo4d_official_text,present,False,PZ_Snow_Leopard_Female_snow_leopard_female__animationnotmotionextractedfighting_maniset25a9d249__snow_leopard_female_fighttaunt_275.npy,The female snow leopard fights and then taunts her opponent,3
P1,P1_OVER_NARRATIVE,train,animo4d_L4_safe,animo4d_official_text,present,False,PZ_Snow_Leopard_Female_snow_leopard_female__animationnotmotionextractedfighting_maniset25a9d249__snow_leopard_female_fighttaunttostand_276.npy,The female snow leopard fights and then taunts her opponent to stand still,3
P1,P1_OVER_NARRATIVE,train,animo4d_L4_safe,animo4d_official_text,present,False,PZ_Snow_Leopard_Female_snow_leopard_female__animationnotmotionextractedlocomotion_maniseta8ef7f2f__snow_leopard_female_fightidle_352.npy,The female snow leopard fights fiercely,3
P1,P1_OVER_NARRATIVE,train,animo4d_L4_safe,animo4d_official_text,present,False,PZ_Snow_Leopard_Female_snow_leopard_female__animationnotmotionextractedlocomotion_maniseta8ef7f2f__snow_leopard_female_fighttaunt_354.npy,The female snow leopard fights and then taunts her opponent,1
P1,P1_OVER_NARRATIVE,train,animo4d_L4_safe,animo4d_official_text,present,False,PZ_Snow_Leopard_Male_snow_leopard_male__animationmotionextractedfighting_maniset4f1332bc__snow_leopard_male_fightchaseoff_3.npy,The male snow leopard fights and then chases the intruder off,3
P1,P1_OVER_NARRATIVE,train,animo4d_L4_safe,animo4d_official_text,present,False,PZ_Snow_Leopard_Male_snow_leopard_male__animationmotionextractedlocomotion_manisetbf394642__snow_leopard_male_fightattack_21.npy,The male snow leopard fights and then attacks,3
P1,P1_OVER_NARRATIVE,train,animo4d_L4_safe,animo4d_official_text,present,False,PZ_Snow_Leopard_Male_snow_leopard_male__animationmotionextractedlocomotion_manisetbf394642__snow_leopard_male_fightchaseoff_22.npy,The male snow leopard fights and then chases the intruder off,3
P1,P1_OVER_NARRATIVE,train,animo4d_L4_safe,animo4d_official_text,present,False,PZ_Snow_Leopard_Male_snow_leopard_male__animationmotionextractedpounce_manisetff40f17f__snow_leopard_male_fighttaunt_78.npy,The male snow leopard fights and then taunts its opponent,3
P1,P1_OVER_NARRATIVE,train,animo4d_L4_safe,animo4d_official_text,present,False,PZ_Snow_Leopard_Male_snow_leopard_male__animationnotmotionextractedbehaviour_maniset50eb60a8__snow_leopard_male_fightchaseoff_127.npy,The male snow leopard fights and then chases off the intruder,3
P1,P1_OVER_NARRATIVE,train,animo4d_L4_safe,animo4d_official_text,present,False,PZ_Snow_Leopard_Male_snow_leopard_male__animationnotmotionextractedbehaviour_maniset50eb60a8__snow_leopard_male_fightreactdie_128.npy,The male snow leopard fights reacts defensively and then dies,3
P1,P1_OVER_NARRATIVE,train,animo4d_L4_safe,animo4d_official_text,present,False,PZ_Snow_Leopard_Male_snow_leopard_male__animationnotmotionextractedbehaviour_maniset50eb60a8__snow_leopard_male_fighttauntreact_130.npy,The male snow leopard fights taunts and then reacts swiftly,3
P1,P1_OVER_NARRATIVE,train,animo4d_L4_safe,animo4d_official_text,present,False,PZ_Snow_Leopard_Male_snow_leopard_male__animationnotmotionextractedfighting_maniset7165f3fe__snow_leopard_male_fightchaseoff_184.npy,The male snow leopard fights and then chases off the intruder,3
P1,P1_OVER_NARRATIVE,train,animo4d_L4_safe,animo4d_official_text,present,False,PZ_Snow_Leopard_Male_snow_leopard_male__animationnotmotionextractedfighting_maniset7165f3fe__snow_leopard_male_fightidle_185.npy,The male snow leopard fights fiercely,3
P1,P1_OVER_NARRATIVE,train,animo4d_L4_safe,animo4d_official_text,present,False,PZ_Snow_Leopard_Male_snow_leopard_male__animationnotmotionextractedfighting_maniset7165f3fe__snow_leopard_male_fighttaunt_187.npy,The male snow leopard fights and then taunts his opponent,3
P1,P1_OVER_NARRATIVE,train,animo4d_L4_safe,animo4d_official_text,present,False,PZ_Snow_Leopard_Male_snow_leopard_male__animationnotmotionextractedlocomotion_manisetd49f7364__snow_leopard_male_fightidle_282.npy,The male snow leopard fights fiercely,3
P1,P1_OVER_NARRATIVE,train,animo4d_L4_safe,animo4d_official_text,present,False,PZ_Snow_Leopard_Male_snow_leopard_male__animationnotmotionextractedlocomotion_manisetd49f7364__snow_leopard_male_fighttaunt_286.npy,The male snow leopard fights and then taunts its opponent,3
P1,P1_SOURCE_ACTION_ARTIFACT,train,animo4d_L4_safe,animo4d_official_text,present,False,PZ_Somali_Wild_Ass_Juvenile_somali_wild_ass_juvenile__animationmotionextractedbehaviour_maniset27c2eb10__somali_wild_ass_juvenile_gimmick_1.npy,The juvenile wild ass performs a playful gimmick by trotting and then kicking up its heels,3
P1,P1_SOURCE_ACTION_ARTIFACT,train,animo4d_L4_safe,animo4d_official_text,present,False,PZ_Somali_Wild_Ass_Juvenile_somali_wild_ass_juvenile__animationmotionextractedfighting_maniseta70ea226__somali_wild_ass_juvenile_gimmick_3.npy,The juvenile wild ass performs a playful gimmick by leaping and then trotting away,3
P1,P1_SOURCE_ACTION_ARTIFACT,train,animo4d_L4_safe,animo4d_official_text,present,False,PZ_Somali_Wild_Ass_Juvenile_somali_wild_ass_juvenile__animationmotionextractedlocomotion_maniset7cd25aac__somali_wild_ass_juvenile_gimmick_5.npy,The juvenile wild ass performs a playful gimmick by jumping and then trotting away,3
P1,P1_SOURCE_ACTION_ARTIFACT,train,animo4d_L4_safe,animo4d_official_text,present,False,PZ_Somali_Wild_Ass_Juvenile_somali_wild_ass_juvenile__animationnotmotionextractedbehaviour_maniseta46c9a12__somali_wild_ass_juvenile_gimmick_42.npy,The juvenile wild ass performs a playful gimmick by jumping and then trotting away,3
P1,P1_OVER_NARRATIVE,train,animo4d_L4_safe,animo4d_official_text,present,False,PZ_Somali_Wild_Ass_Juvenile_somali_wild_ass_juvenile__animationnotmotionextractedfighting_manisetf995cae8__somali_wild_ass_juvenile_fighttaunt_99.npy,The juvenile wild ass fights and then taunts its opponent,3
P1,P1_OVER_NARRATIVE,train,animo4d_L4_safe,animo4d_official_text,present,False,PZ_Somali_Wild_Ass_Juvenile_somali_wild_ass_juvenile__animationnotmotionextractedlocomotion_manisetd54af4e__somali_wild_ass_juvenile_fightidle_151.npy,The juvenile wild ass fights with its peers,3
P1,P1_OVER_NARRATIVE,train,animo4d_L4_safe,animo4d_official_text,present,False,PZ_Somali_Wild_Ass_Male_somali_wild_ass_male__animationmotionextractedbehaviour_maniset681f8c6d__somali_wild_ass_male_fighttaunt_8.npy,The male wild ass fights and then taunts its opponent,3
P1,P1_SOURCE_ACTION_ARTIFACT,train,animo4d_L4_safe,animo4d_official_text,present,False,PZ_Somali_Wild_Ass_Male_somali_wild_ass_male__animationmotionextractedbehaviour_maniset681f8c6d__somali_wild_ass_male_gimmick_11.npy,The male wild ass performs a playful gimmick by trotting in circles,3
P1,P1_OVER_NARRATIVE,train,animo4d_L4_safe,animo4d_official_text,present,False,PZ_Somali_Wild_Ass_Male_somali_wild_ass_male__animationmotionextractedfighting_manisetb6294843__somali_wild_ass_male_fighttaunt_98.npy,The male wild ass fights and then taunts its opponent,3
P1,P1_OVER_NARRATIVE,train,animo4d_L4_safe,animo4d_official_text,present,False,PZ_Somali_Wild_Ass_Male_somali_wild_ass_male__animationmotionextractedfighting_manisetb6294843__somali_wild_ass_male_fighttauntreact_99.npy,The male wild ass fights taunts and then reacts swiftly,3
P1,P1_SOURCE_ACTION_ARTIFACT,train,animo4d_L4_safe,animo4d_official_text,present,False,PZ_Somali_Wild_Ass_Male_somali_wild_ass_male__animationmotionextractedfighting_manisetb6294843__somali_wild_ass_male_gimmick_100.npy,The male wild ass performs a playful gimmick by leaping and then trotting in circles,3
P1,P1_OVER_NARRATIVE,train,animo4d_L4_safe,animo4d_official_text,present,False,PZ_Somali_Wild_Ass_Male_somali_wild_ass_male__animationmotionextractedlocomotion_maniset46dcc749__somali_wild_ass_male_fighttaunt_158.npy,The male wild ass fights and then taunts its opponent,3
P1,P1_SOURCE_ACTION_ARTIFACT;P2_GENERIC_CREATURE_CLASS,train,animo4d_L4_safe,animo4d_official_text,present,False,PZ_Somali_Wild_Ass_Male_somali_wild_ass_male__animationmotionextractedlocomotion_maniset46dcc749__somali_wild_ass_male_gimmick_160.npy,The male wild ass performs a playful gimmick hopping and kicking its hind legs,3
P1,P1_SOURCE_ACTION_ARTIFACT,train,animo4d_L4_safe,animo4d_official_text,present,False,PZ_Somali_Wild_Ass_Male_somali_wild_ass_male__animationnotmotionextractedbehaviour_maniset10e60d2f__somali_wild_ass_male_gimmick_216.npy,The male wild ass performs a playful gimmick by trotting in circles,3
P1,P1_OVER_NARRATIVE,train,animo4d_L4_safe,animo4d_official_text,present,False,PZ_Somali_Wild_Ass_Male_somali_wild_ass_male__animationnotmotionextractedfighting_maniset6fedd2c5__somali_wild_ass_male_fighttaunt_290.npy,The male wild ass fights and then taunts its opponent,3
P1,P1_OVER_NARRATIVE,train,animo4d_L4_safe,animo4d_official_text,present,False,PZ_Somali_Wild_Ass_Male_somali_wild_ass_male__animationnotmotionextractedlocomotion_maniset7df75dab__somali_wild_ass_male_fighttauntreact_343.npy,The male wild ass fights taunts and then reacts swiftly,3
P1,P1_OVER_NARRATIVE,train,animo4d_L4_safe,animo4d_official_text,present,False,PZ_Southern_White_Rhinoceros_Female_southern_white_rhinoceros_female__animationmotionextractedfighting_maniset8cf354f0__southern_white_rhinoceros_female_fightchaseoff_1.npy,The female white rhinoceros fights and then chases off the intruder,3
P1,P1_OVER_NARRATIVE,train,animo4d_L4_safe,animo4d_official_text,present,False,PZ_Southern_White_Rhinoceros_Female_southern_white_rhinoceros_female__animationmotionextractedlocomotion_maniset58076276__southern_white_rhinoceros_female_fightchaseoff_3.npy,The female white rhinoceros fights and then chases off the intruder,3
P1,P1_OVER_NARRATIVE,train,animo4d_L4_safe,animo4d_official_text,present,False,PZ_Southern_White_Rhinoceros_Female_southern_white_rhinoceros_female__animationnotmotionextractedbehaviour_maniset9f1476dc__southern_white_rhinoceros_female_fightchaseoff_42.npy,The female white rhinoceros fights and then chases off the intruder,3
P1,P1_OVER_NARRATIVE,train,animo4d_L4_safe,animo4d_official_text,present,False,PZ_Southern_White_Rhinoceros_Female_southern_white_rhinoceros_female__animationnotmotionextractedfighting_maniset762bed32__southern_white_rhinoceros_female_fightchaseoff_98.npy,The female white rhinoceros fights and then chases off the intruder,3
P1,P1_OVER_NARRATIVE,train,animo4d_L4_safe,animo4d_official_text,present,False,PZ_Southern_White_Rhinoceros_Female_southern_white_rhinoceros_female__animationnotmotionextractedfighting_maniset762bed32__southern_white_rhinoceros_female_fighttaunt_103.npy,The female white rhinoceros charges forward in a fight and then taunts her opponent,3
P1,P1_OVER_NARRATIVE,train,animo4d_L4_safe,animo4d_official_text,present,False,PZ_Southern_White_Rhinoceros_Female_southern_white_rhinoceros_female__animationnotmotionextractedfighting_maniset762bed32__southern_white_rhinoceros_female_fighttauntreact_104.npy,The female white rhinoceros fights taunts and then reacts swiftly,3
P1,P1_OVER_NARRATIVE,train,animo4d_L4_safe,animo4d_official_text,present,False,PZ_Southern_White_Rhinoceros_Female_southern_white_rhinoceros_female__animationnotmotionextractedlocomotion_maniset5166e698__southern_white_rhinoceros_female_fighttauntreact_158.npy,The female white rhinoceros fights taunts her opponent and then reacts swiftly,3
P1,P1_OVER_NARRATIVE;P2_GENERIC_CREATURE_CLASS,train,animo4d_L4_safe,animo4d_official_text,present,False,PZ_Southern_White_Rhinoceros_Male_southern_white_rhinoceros_male__animationmotionextractedfighting_maniset53a174a5__southern_white_rhinoceros_male_fightchaseoff_1.npy,The male white rhinoceros fights and then chases off the intruder,3
P1,P1_OVER_NARRATIVE,train,animo4d_L4_safe,animo4d_official_text,present,False,PZ_Southern_White_Rhinoceros_Male_southern_white_rhinoceros_male__animationmotionextractedlocomotion_maniset37854ab__southern_white_rhinoceros_male_fightchaseoff_2.npy,The male white rhinoceros fights and then chases off the intruder,3
P1,P1_OVER_NARRATIVE,train,animo4d_L4_safe,animo4d_official_text,present,False,PZ_Southern_White_Rhinoceros_Male_southern_white_rhinoceros_male__animationnotmotionextractedfighting_manisetc1a240a7__southern_white_rhinoceros_male_fightchaseoff_62.npy,The male white rhinoceros fights and then chases off the intruder,3
P1,P1_OVER_NARRATIVE,train,animo4d_L4_safe,animo4d_official_text,present,False,PZ_Southern_White_Rhinoceros_Male_southern_white_rhinoceros_male__animationnotmotionextractedfighting_manisetc1a240a7__southern_white_rhinoceros_male_fighttaunt_66.npy,The male white rhinoceros charges forward in a fight and then taunts its opponent,3
P1,P1_OVER_NARRATIVE,train,animo4d_L4_safe,animo4d_official_text,present,False,PZ_Southern_White_Rhinoceros_Male_southern_white_rhinoceros_male__animationnotmotionextractedlocomotion_maniset4e13ec8d__southern_white_rhinoceros_male_fightreact_107.npy,The male white rhinoceros fights and then reacts defensively,3
P1,P1_OVER_NARRATIVE,train,animo4d_L4_safe,animo4d_official_text,present,False,PZ_Southern_White_Rhinoceros_Male_southern_white_rhinoceros_male__animationnotmotionextractedlocomotion_maniset4e13ec8d__southern_white_rhinoceros_male_fighttauntreact_108.npy,The male white rhinoceros fights taunts and then reacts aggressively,3
P1,P1_OVER_NARRATIVE,train,animo4d_L4_safe,animo4d_official_text,present,False,PZ_Spectacled_Caiman_Female_spectacled_caiman_female__animationmotionextractedfighting_manisetb5f87801__spectacled_caiman_female_fightchaseoff_1.npy,The female spectacled caiman fights and then chases off her opponent,3
P1,P1_OVER_NARRATIVE,train,animo4d_L4_safe,animo4d_official_text,present,False,PZ_Spectacled_Caiman_Female_spectacled_caiman_female__animationmotionextractedfighting_pounce_maniset8f495013__spectacled_caiman_female_fightchaseoff_4.npy,The female spectacled caiman fights and then chases off her opponent,3
P1,P1_OVER_NARRATIVE,train,animo4d_L4_safe,animo4d_official_text,present,False,PZ_Spectacled_Caiman_Female_spectacled_caiman_female__animationmotionextractedfighting_pounce_maniset8f495013__spectacled_caiman_female_fighttaunt_6.npy,The female spectacled caiman fights and then taunts her opponent,3
P1,P1_OVER_NARRATIVE,train,animo4d_L4_safe,animo4d_official_text,present,False,PZ_Spectacled_Caiman_Female_spectacled_caiman_female__animationmotionextractedlocomotion_manisetf619a607__spectacled_caiman_female_fightchaseoff_12.npy,The female spectacled caiman fights and then chases off her opponent,3
P1,P1_OVER_NARRATIVE,train,animo4d_L4_safe,animo4d_official_text,present,False,PZ_Spectacled_Caiman_Female_spectacled_caiman_female__animationmotionextractedlocomotion_manisetf619a607__spectacled_caiman_female_fighttaunt_14.npy,The female spectacled caiman fights and then taunts her opponent,3
P1,P1_OVER_NARRATIVE,train,animo4d_L4_safe,animo4d_official_text,present,False,PZ_Spectacled_Caiman_Female_spectacled_caiman_female__animationnotmotionextractedbehaviour_manisetbcd01aed__spectacled_caiman_female_fightchaseoff_58.npy,The female spectacled caiman fights and then chases off her opponent,3
P1,P1_OVER_NARRATIVE,train,animo4d_L4_safe,animo4d_official_text,present,False,PZ_Spectacled_Caiman_Female_spectacled_caiman_female__animationnotmotionextractedbehaviour_manisetbcd01aed__spectacled_caiman_female_fighttaunt_60.npy,The female spectacled caiman fights and then taunts her opponent,3
P1,P1_OVER_NARRATIVE,train,animo4d_L4_safe,animo4d_official_text,present,False,PZ_Spectacled_Caiman_Female_spectacled_caiman_female__animationnotmotionextractedfighting_manisete1dd5903__spectacled_caiman_female_fightchaseoff_109.npy,The female spectacled caiman fights and then chases off her opponent,3
P1,P1_OVER_NARRATIVE,train,animo4d_L4_safe,animo4d_official_text,present,False,PZ_Spectacled_Caiman_Female_spectacled_caiman_female__animationnotmotionextractedfighting_manisete1dd5903__spectacled_caiman_female_fighttaunt_111.npy,The female spectacled caiman fights and then taunts her opponent,1
P1,P1_OVER_NARRATIVE,train,animo4d_L4_safe,animo4d_official_text,present,False,PZ_Spectacled_Caiman_Female_spectacled_caiman_female__animationnotmotionextractedfighting_manisete1dd5903__spectacled_caiman_female_fighttauntreact_112.npy,The female spectacled caiman fights taunts and then reacts swiftly,3
P1,P1_OVER_NARRATIVE,train,animo4d_L4_safe,animo4d_official_text,present,False,PZ_Spectacled_Caiman_Female_spectacled_caiman_female__animationnotmotionextractedlocomotion_manisetcc9bd2e9__spectacled_caiman_female_fightchaseoff_149.npy,The female spectacled caiman fights and then chases off her opponent,3
P1,P1_OVER_NARRATIVE,train,animo4d_L4_safe,animo4d_official_text,present,False,PZ_Spectacled_Caiman_Female_spectacled_caiman_female__animationnotmotionextractedlocomotion_manisetcc9bd2e9__spectacled_caiman_female_fighttaunt_151.npy,The female spectacled caiman fights and then taunts her opponent,3
P1,P1_OVER_NARRATIVE,train,animo4d_L4_safe,animo4d_official_text,present,False,PZ_Spectacled_Caiman_Female_spectacled_caiman_female__animationnotmotionextractedlocomotion_manisetcc9bd2e9__spectacled_caiman_female_fighttauntreact_152.npy,The female spectacled caiman fights taunts and then reacts swiftly,3
P1,P1_OVER_NARRATIVE;P2_GENERIC_CREATURE_CLASS,train,animo4d_L4_safe,animo4d_official_text,present,False,PZ_Spectacled_Caiman_Male_spectacled_caiman_male__animationmotionextractedfighting_maniset1c309f76__spectacled_caiman_male_fightchaseoff_1.npy,The male spectacled caiman fights and then chases off its rival,3
P1,P1_OVER_NARRATIVE,train,animo4d_L4_safe,animo4d_official_text,present,False,PZ_Spectacled_Caiman_Male_spectacled_caiman_male__animationmotionextractedfighting_pounce_manisetf8dee048__spectacled_caiman_male_fightchaseoff_2.npy,The male spectacled caiman fights and then chases off its rival,3
P1,P1_OVER_NARRATIVE,train,animo4d_L4_safe,animo4d_official_text,present,False,PZ_Spectacled_Caiman_Male_spectacled_caiman_male__animationmotionextractedfighting_pounce_manisetf8dee048__spectacled_caiman_male_fighttaunt_3.npy,The male spectacled caiman fights and then taunts its opponent,3
P1,P1_OVER_NARRATIVE,train,animo4d_L4_safe,animo4d_official_text,present,False,PZ_Spectacled_Caiman_Male_spectacled_caiman_male__animationmotionextractedlocomotion_maniset82527ffc__spectacled_caiman_male_fighttaunt_9.npy,The male spectacled caiman fights and then taunts its opponent,3
P1,P1_OVER_NARRATIVE,train,animo4d_L4_safe,animo4d_official_text,present,False,PZ_Spectacled_Caiman_Male_spectacled_caiman_male__animationnotmotionextractedfighting_maniset5fb48438__spectacled_caiman_male_fightchaseoff_85.npy,The male spectacled caiman fights and then chases off its rival,3
P1,P1_OVER_NARRATIVE,train,animo4d_L4_safe,animo4d_official_text,present,False,PZ_Spectacled_Caiman_Male_spectacled_caiman_male__animationnotmotionextractedfighting_maniset5fb48438__spectacled_caiman_male_fighttaunt_87.npy,The male spectacled caiman fights and then taunts its opponent,3
P1,P1_OVER_NARRATIVE,train,animo4d_L4_safe,animo4d_official_text,present,False,PZ_Spectacled_Caiman_Male_spectacled_caiman_male__animationnotmotionextractedlocomotion_maniset6bcf909e__spectacled_caiman_male_fighttaunt_135.npy,The male spectacled caiman fights and then taunts its opponent,3
P1,P1_OVER_NARRATIVE,train,animo4d_L4_safe,animo4d_official_text,present,False,PZ_Spotted_Hyena_Female_spotted_hyena_female__animationmotionextractedfighting_manisetd12eb6ec__spotted_hyena_female_fighttaunt_3.npy,The female spotted hyena fights and then taunts her opponent,3
P1,P1_OVER_NARRATIVE,train,animo4d_L4_safe,animo4d_official_text,present,False,PZ_Spotted_Hyena_Female_spotted_hyena_female__animationmotionextractedlocomotion_maniset2edb6272__spotted_hyena_female_fighttaunt_7.npy,The female spotted hyena fights and then taunts her opponent,3
P1,P1_OVER_NARRATIVE,train,animo4d_L4_safe,animo4d_official_text,present,False,PZ_Spotted_Hyena_Female_spotted_hyena_female__animationnotmotionextractedbehaviour_manisetbfa014d8__spotted_hyena_female_fighttaunt_67.npy,The female spotted hyena fights and then taunts her opponent,3
P1,P1_SOURCE_ACTION_ARTIFACT,train,animo4d_L4_safe,animo4d_official_text,present,False,PZ_Spotted_Hyena_Female_spotted_hyena_female__animationnotmotionextractedbehaviour_manisetbfa014d8__spotted_hyena_female_standgimmick01_82.npy,The female spotted hyena stands still as a gimmick,3
P1,P1_OVER_NARRATIVE,train,animo4d_L4_safe,animo4d_official_text,present,False,PZ_Spotted_Hyena_Female_spotted_hyena_female__animationnotmotionextractedfighting_maniset51ffdc2e__spotted_hyena_female_fightchaseoff_136.npy,The female spotted hyena fights and then chases off her opponent,3
P1,P1_OVER_NARRATIVE,train,animo4d_L4_safe,animo4d_official_text,present,False,PZ_Spotted_Hyena_Female_spotted_hyena_female__animationnotmotionextractedfighting_maniset51ffdc2e__spotted_hyena_female_fighttaunt_140.npy,The female spotted hyena fights and then taunts her opponent,3
P1,P1_SOURCE_ACTION_ARTIFACT,train,animo4d_L4_safe,animo4d_official_text,present,False,PZ_Spotted_Hyena_Female_spotted_hyena_female__animationnotmotionextractedfighting_maniset51ffdc2e__spotted_hyena_female_standgimmick01_154.npy,The female spotted hyena stands still as a gimmick,3
P1,P1_SOURCE_ACTION_ARTIFACT,train,animo4d_L4_safe,animo4d_official_text,present,False,PZ_Spotted_Hyena_Female_spotted_hyena_female__animationnotmotionextractedlocomotion_manisetc351f394__spotted_hyena_female_standgimmick01_221.npy,The female spotted hyena stands still as a gimmick,3
P1,P1_OVER_NARRATIVE,train,animo4d_L4_safe,animo4d_official_text,present,False,PZ_Spotted_Hyena_Male_spotted_hyena_male__animationmotionextractedfighting_maniset5c6427a1__spotted_hyena_male_fighttaunt_3.npy,The male spotted hyena fights and then taunts its opponent,3
P1,P1_OVER_NARRATIVE,train,animo4d_L4_safe,animo4d_official_text,present,False,PZ_Spotted_Hyena_Male_spotted_hyena_male__animationmotionextractedlocomotion_maniset441425a7__spotted_hyena_male_fightflee_5.npy,The male spotted hyena fights fiercely and then flees swiftly,3
P1,P1_OVER_NARRATIVE,train,animo4d_L4_safe,animo4d_official_text,present,False,PZ_Spotted_Hyena_Male_spotted_hyena_male__animationmotionextractedlocomotion_maniset441425a7__spotted_hyena_male_fighttaunt_7.npy,The male spotted hyena fights and then taunts his opponent,3
P1,P1_OVER_NARRATIVE,train,animo4d_L4_safe,animo4d_official_text,present,False,PZ_Spotted_Hyena_Male_spotted_hyena_male__animationmotionextractedlocomotion_maniset441425a7__spotted_hyena_male_fighttauntreact_8.npy,The male spotted hyena fights taunts and then reacts swiftly,3
P1,P1_OVER_NARRATIVE,train,animo4d_L4_safe,animo4d_official_text,present,False,PZ_Spotted_Hyena_Male_spotted_hyena_male__animationnotmotionextractedbehaviour_maniset7d416a8d__spotted_hyena_male_fighttaunt_63.npy,The male spotted hyena fights and then taunts his opponent,3
P1,P1_SOURCE_ACTION_ARTIFACT,train,animo4d_L4_safe,animo4d_official_text,present,False,PZ_Spotted_Hyena_Male_spotted_hyena_male__animationnotmotionextractedbehaviour_maniset7d416a8d__spotted_hyena_male_standgimmick01_79.npy,The male spotted hyena stands still as a gimmick,3
P1,P1_OVER_NARRATIVE,train,animo4d_L4_safe,animo4d_official_text,present,False,PZ_Spotted_Hyena_Male_spotted_hyena_male__animationnotmotionextractedfighting_maniset987640a3__spotted_hyena_male_fightchaseoff_131.npy,The male spotted hyena fights and then chases off the intruder,3
P1,P1_OVER_NARRATIVE,train,animo4d_L4_safe,animo4d_official_text,present,False,PZ_Spotted_Hyena_Male_spotted_hyena_male__animationnotmotionextractedfighting_maniset987640a3__spotted_hyena_male_fighttaunt_134.npy,The male spotted hyena fights and then taunts its opponent,3
P1,P1_SOURCE_ACTION_ARTIFACT,train,animo4d_L4_safe,animo4d_official_text,present,False,PZ_Spotted_Hyena_Male_spotted_hyena_male__animationnotmotionextractedfighting_maniset987640a3__spotted_hyena_male_standgimmick01_144.npy,The male spotted hyena stands still as part of its hunting gimmick,3
P1,P1_OVER_NARRATIVE,train,animo4d_L4_safe,animo4d_official_text,present,False,PZ_Spotted_Hyena_Male_spotted_hyena_male__animationnotmotionextractedlocomotion_maniset6e9f8a89__spotted_hyena_male_fightchaseoff_182.npy,The male spotted hyena fights and then chases off the intruder,3
P1,P1_OVER_NARRATIVE,train,animo4d_L4_safe,animo4d_official_text,present,False,PZ_Spotted_Hyena_Male_spotted_hyena_male__animationnotmotionextractedlocomotion_maniset6e9f8a89__spotted_hyena_male_fighttaunt_185.npy,The male spotted hyena fights and then taunts his opponent,3
P1,P1_SOURCE_ACTION_ARTIFACT,train,animo4d_L4_safe,animo4d_official_text,present,False,PZ_Spotted_Hyena_Male_spotted_hyena_male__animationnotmotionextractedlocomotion_maniset6e9f8a89__spotted_hyena_male_standgimmick01_198.npy,The male spotted hyena stands still as a gimmick,3
P1,P1_OVER_NARRATIVE,train,animo4d_L4_safe,animo4d_official_text,present,False,PZ_Springbok_Female_springbok_female__animationmotionextractedfighting_manisetb0e9986f__springbok_female_fightchaseoff_1.npy,The female springbok fights and then chases off the intruder,3
P1,P1_OVER_NARRATIVE,train,animo4d_L4_safe,animo4d_official_text,present,False,PZ_Springbok_Female_springbok_female__animationmotionextractedlocomotion_maniset4c614d75__springbok_female_fightchaseoff_2.npy,The female springbok fights and then chases off the intruder,3
P1,P1_OVER_NARRATIVE,train,animo4d_L4_safe,animo4d_official_text,present,False,PZ_Springbok_Female_springbok_female__animationnotmotionextractedbehaviour_manisetb459c95b__springbok_female_fightchaseoff_40.npy,The female springbok fights and then chases off the intruder,3
P1,P1_SOURCE_ACTION_ARTIFACT,train,animo4d_L4_safe,animo4d_official_text,present,False,PZ_Springbok_Female_springbok_female__animationnotmotionextractedbehaviour_manisetb459c95b__springbok_female_standgimmick01_53.npy,The female springbok stands still as a gimmick,3
P1,P1_OVER_NARRATIVE,train,animo4d_L4_safe,animo4d_official_text,present,False,PZ_Springbok_Female_springbok_female__animationnotmotionextractedfighting_manisete8ac93f1__springbok_female_fightvictorytaunt_97.npy,The female springbok fights achieves victory and then taunts her opponent,3
P1,P1_SOURCE_ACTION_ARTIFACT,train,animo4d_L4_safe,animo4d_official_text,present,False,PZ_Springbok_Female_springbok_female__animationnotmotionextractedfighting_manisete8ac93f1__springbok_female_standgimmick01_111.npy,The female springbok stands still and then performs a playful gimmick,3
P1,P1_OVER_NARRATIVE,train,animo4d_L4_safe,animo4d_official_text,present,False,PZ_Springbok_Female_springbok_female__animationnotmotionextractedlocomotion_manisetcd4ad4d7__springbok_female_fightchaseoff_151.npy,The female springbok fights and then chases off the intruder,3
P1,P1_OVER_NARRATIVE,train,animo4d_L4_safe,animo4d_official_text,present,False,PZ_Springbok_Female_springbok_female__animationnotmotionextractedlocomotion_manisetcd4ad4d7__springbok_female_fighttaunt_153.npy,The female springbok fights and then taunts her opponent,3
P1,P1_SOURCE_ACTION_ARTIFACT,train,animo4d_L4_safe,animo4d_official_text,present,False,PZ_Springbok_Female_springbok_female__animationnotmotionextractedlocomotion_manisetcd4ad4d7__springbok_female_standgimmick01_170.npy,The female springbok stands still as part of her gimmick,3
P1,P1_OVER_NARRATIVE,train,animo4d_L4_safe,animo4d_official_text,present,False,PZ_Springbok_Juvenile_springbok_juvenile__animationmotionextractedfighting_maniset5e3f4ec7__springbok_juvenile_fightchaseoff_1.npy,The juvenile springbok fights and then chases off its rival,3
P1,P1_OVER_NARRATIVE,train,animo4d_L4_safe,animo4d_official_text,present,False,PZ_Springbok_Juvenile_springbok_juvenile__animationmotionextractedlocomotion_maniset7fda6fcd__springbok_juvenile_fightchaseoff_2.npy,The juvenile springbok fights and then chases off its rival,3
P1,P1_OVER_NARRATIVE,train,animo4d_L4_safe,animo4d_official_text,present,False,PZ_Springbok_Juvenile_springbok_juvenile__animationnotmotionextractedbehaviour_maniset69cc57b3__springbok_juvenile_fightchaseoff_58.npy,The juvenile springbok fights and then chases off its rival,3
P1,P1_SOURCE_ACTION_ARTIFACT,train,animo4d_L4_safe,animo4d_official_text,present,False,PZ_Springbok_Juvenile_springbok_juvenile__animationnotmotionextractedbehaviour_maniset69cc57b3__springbok_juvenile_standgimmick01_73.npy,The juvenile springbok stands still as a gimmick,3
P1,P1_OVER_NARRATIVE,train,animo4d_L4_safe,animo4d_official_text,present,False,PZ_Springbok_Juvenile_springbok_juvenile__animationnotmotionextractedfighting_manisetdef7ac49__springbok_juvenile_fightchaseoff_132.npy,The juvenile springbok fights and then chases off the intruder,3
P1,P1_OVER_NARRATIVE,train,animo4d_L4_safe,animo4d_official_text,present,False,PZ_Springbok_Juvenile_springbok_juvenile__animationnotmotionextractedfighting_manisetdef7ac49__springbok_juvenile_fighttaunt_134.npy,The juvenile springbok fights and then taunts its opponent,3
P1,P1_SOURCE_ACTION_ARTIFACT,train,animo4d_L4_safe,animo4d_official_text,present,False,PZ_Springbok_Juvenile_springbok_juvenile__animationnotmotionextractedfighting_manisetdef7ac49__springbok_juvenile_standgimmick01_147.npy,The juvenile springbok stands still as a gimmick,3
P1,P1_OVER_NARRATIVE,train,animo4d_L4_safe,animo4d_official_text,present,False,PZ_Springbok_Juvenile_springbok_juvenile__animationnotmotionextractedlocomotion_maniseta99a592f__springbok_juvenile_fightchaseoff_187.npy,The juvenile springbok fights and then chases off its rival,3
P1,P1_OVER_NARRATIVE,train,animo4d_L4_safe,animo4d_official_text,present,False,PZ_Springbok_Juvenile_springbok_juvenile__animationnotmotionextractedlocomotion_maniseta99a592f__springbok_juvenile_fighttaunt_188.npy,The juvenile springbok fights and then taunts its opponent,3
P1,P1_OVER_NARRATIVE,train,animo4d_L4_safe,animo4d_official_text,present,False,PZ_Springbok_Male_springbok_male__animationmotionextractedlocomotion_manisetfe0d73ea__springbok_male_fightchaseoff_1.npy,The male springbok fights and then chases off the intruder,3
P1,P1_SOURCE_ACTION_ARTIFACT,train,animo4d_L4_safe,animo4d_official_text,present,False,PZ_Springbok_Male_springbok_male__animationnotmotionextractedbehaviour_maniset13ee2250__springbok_male_standgimmick01_53.npy,The male springbok stands still as part of its survival gimmick,3
P1,P1_OVER_NARRATIVE,train,animo4d_L4_safe,animo4d_official_text,present,False,PZ_Springbok_Male_springbok_male__animationnotmotionextractedfighting_manisetb5fc2ba6__springbok_male_fightchaseoff_98.npy,The male springbok fights and then chases off the intruder,3
P1,P1_OVER_NARRATIVE,train,animo4d_L4_safe,animo4d_official_text,present,False,PZ_Springbok_Male_springbok_male__animationnotmotionextractedfighting_manisetb5fc2ba6__springbok_male_fighttauntreact_100.npy,The male springbok fights taunts and then reacts swiftly,3
P1,P1_SOURCE_ACTION_ARTIFACT,train,animo4d_L4_safe,animo4d_official_text,present,False,PZ_Springbok_Male_springbok_male__animationnotmotionextractedfighting_manisetb5fc2ba6__springbok_male_standgimmick01_116.npy,The male springbok stands still as part of its gimmick,3
P1,P1_OVER_NARRATIVE,train,animo4d_L4_safe,animo4d_official_text,present,False,PZ_Springbok_Male_springbok_male__animationnotmotionextractedlocomotion_maniset63593f0c__springbok_male_fightchaseoff_162.npy,The male springbok fights and then chases off the intruder,3
P1,P1_OVER_NARRATIVE,train,animo4d_L4_safe,animo4d_official_text,present,False,PZ_Springbok_Male_springbok_male__animationnotmotionextractedlocomotion_maniset63593f0c__springbok_male_fighttaunt_163.npy,The male springbok fights and then taunts its opponent,3
P1,P1_OVER_NARRATIVE,train,animo4d_L4_safe,animo4d_official_text,present,False,PZ_Springbok_Male_springbok_male__animationnotmotionextractedlocomotion_maniset63593f0c__springbok_male_fightvictorytaunt_165.npy,The male springbok leaps and kicks in the air as a victory taunt,3
P1,P1_SOURCE_ACTION_ARTIFACT,train,animo4d_L4_safe,animo4d_official_text,present,False,PZ_Standard_Donkey_Juvenile_standard_donkey_juvenile__animationmotionextractedbehaviour_maniset1bf356d3__standard_donkey_juvenile_gimmick_1.npy,The juvenile standard donkey performs a gimmick by trotting in a circle,3
P1,P1_SOURCE_ACTION_ARTIFACT,train,animo4d_L4_safe,animo4d_official_text,present,False,PZ_Standard_Donkey_Juvenile_standard_donkey_juvenile__animationmotionextractedlocomotion_maniset3eccc32f__standard_donkey_juvenile_gimmick_2.npy,The juvenile standard donkey performs a playful gimmick by trotting and then kicking up its heels,3
P1,P1_SOURCE_ACTION_ARTIFACT,train,animo4d_L4_safe,animo4d_official_text,present,False,PZ_Standard_Donkey_Juvenile_standard_donkey_juvenile__animationnotmotionextractedbehaviour_maniset369d8c15__standard_donkey_juvenile_gimmick_36.npy,The juvenile standard donkey performs a playful gimmick,3
P1,P1_SOURCE_ACTION_ARTIFACT,train,animo4d_L4_safe,animo4d_official_text,present,False,PZ_Standard_Donkey_Male_standard_donkey_male__animationmotionextractedbehaviour_maniset9e28eb0__standard_donkey_male_gimmick_6.npy,The male standard donkey performs a playful gimmick,3
P1,P1_SOURCE_ACTION_ARTIFACT,train,animo4d_L4_safe,animo4d_official_text,present,False,PZ_Standard_Donkey_Male_standard_donkey_male__animationmotionextractedfighting_manisetd7b0ddc6__standard_donkey_male_gimmick_57.npy,The male standard donkey performs a playful gimmick by trotting in circles,3
P1,P1_SOURCE_ACTION_ARTIFACT,train,animo4d_L4_safe,animo4d_official_text,present,False,PZ_Standard_Donkey_Male_standard_donkey_male__animationnotmotionextractedbehaviour_manisetd2e075b2__standard_donkey_male_gimmick_164.npy,The male standard donkey performs a playful gimmick by trotting in circles,3
P1,P1_SOURCE_ACTION_ARTIFACT,train,animo4d_L4_safe,animo4d_official_text,present,False,PZ_Standard_Donkey_Male_standard_donkey_male__animationnotmotionextractedfighting_maniset641e3e88__standard_donkey_male_gimmick_244.npy,The male standard donkey performs a playful gimmick,3
P1,P1_OVER_NARRATIVE,train,animo4d_L4_safe,animo4d_official_text,present,False,PZ_Standard_Donkey_Male_standard_donkey_male__animationnotmotionextractedlocomotion_maniseta82df2ee__standard_donkey_male_fighttauntreact_328.npy,The male standard donkey fights taunts and then reacts swiftly,3
P1,P1_SOURCE_ACTION_ARTIFACT,train,animo4d_L4_safe,animo4d_official_text,present,False,PZ_Standard_Donkey_Male_standard_donkey_male__animationnotmotionextractedlocomotion_maniseta82df2ee__standard_donkey_male_gimmick_330.npy,The male standard donkey performs a playful gimmick,3
P1,P1_OVER_NARRATIVE,train,animo4d_L4_safe,animo4d_official_text,present,False,PZ_Striped_Hyena_Juvenile_striped_hyena_juvenile__animationmotionextractedlocomotion_maniset8d80c8cd__striped_hyena_juvenile_fighttaunt_4.npy,The juvenile striped hyena fights and then taunts its opponent,3
P1,P1_OVER_NARRATIVE,train,animo4d_L4_safe,animo4d_official_text,present,False,PZ_Striped_Hyena_Juvenile_striped_hyena_juvenile__animationnotmotionextractedbehaviour_maniset24f730b3__striped_hyena_juvenile_fighttaunt_37.npy,The juvenile striped hyena fights and then taunts its opponent,3
P1,P1_OVER_NARRATIVE,train,animo4d_L4_safe,animo4d_official_text,present,False,PZ_Striped_Hyena_Juvenile_striped_hyena_juvenile__animationnotmotionextractedfighting_manisetef984549__striped_hyena_juvenile_fightchaseoff_86.npy,The juvenile striped hyena fights and then chases off its opponent,3
P1,P1_OVER_NARRATIVE,train,animo4d_L4_safe,animo4d_official_text,present,False,PZ_Striped_Hyena_Juvenile_striped_hyena_juvenile__animationnotmotionextractedfighting_manisetef984549__striped_hyena_juvenile_fighttaunt_90.npy,The juvenile striped hyena fights and then taunts its opponent,3
P1,P1_OVER_NARRATIVE,train,animo4d_L4_safe,animo4d_official_text,present,False,PZ_Striped_Hyena_Juvenile_striped_hyena_juvenile__animationnotmotionextractedlocomotion_manisetdadf722f__striped_hyena_juvenile_fightchaseoff_136.npy,The juvenile striped hyena fights and then chases off its opponent,3
P1,P1_OVER_NARRATIVE,train,animo4d_L4_safe,animo4d_official_text,present,False,PZ_Striped_Hyena_Juvenile_striped_hyena_juvenile__animationnotmotionextractedlocomotion_manisetdadf722f__striped_hyena_juvenile_fighttaunt_139.npy,The juvenile striped hyena fights and then taunts its opponent,1
P1,P1_OVER_NARRATIVE,train,animo4d_L4_safe,animo4d_official_text,present,False,PZ_Striped_Hyena_Male_striped_hyena_male__animationmotionextractedbehaviour_manisetf26235ce__striped_hyena_male_fightchaseoff_4.npy,The male striped hyena fights and then chases off its opponent,3
P1,P1_SOURCE_ACTION_ARTIFACT,train,animo4d_L4_safe,animo4d_official_text,present,False,PZ_Striped_Hyena_Male_striped_hyena_male__animationmotionextractedbehaviour_manisetf26235ce__striped_hyena_male_standgimmick01_19.npy,The male striped hyena stands still as part of its gimmick,3
P1,P1_OVER_NARRATIVE,train,animo4d_L4_safe,animo4d_official_text,present,False,PZ_Striped_Hyena_Male_striped_hyena_male__animationmotionextractedfighting_maniset9f402564__striped_hyena_male_fighttaunt_65.npy,The male striped hyena fights and then taunts his opponent,3
P1,P1_OVER_NARRATIVE,train,animo4d_L4_safe,animo4d_official_text,present,False,PZ_Striped_Hyena_Male_striped_hyena_male__animationmotionextractedfighting_maniset9f402564__striped_hyena_male_fighttauntreact_66.npy,The male striped hyena fights taunts and then reacts swiftly,3
P1,P1_OVER_NARRATIVE,train,animo4d_L4_safe,animo4d_official_text,present,False,PZ_Striped_Hyena_Male_striped_hyena_male__animationmotionextractedlocomotion_maniset6c6f4cea__striped_hyena_male_fightchaseoff_117.npy,The male striped hyena fights and then chases off its rival,3
P1,P1_OVER_NARRATIVE,train,animo4d_L4_safe,animo4d_official_text,present,False,PZ_Striped_Hyena_Male_striped_hyena_male__animationmotionextractedlocomotion_maniset6c6f4cea__striped_hyena_male_fighttaunt_120.npy,The male striped hyena fights and then taunts its opponent,3
P1,P1_OVER_NARRATIVE,train,animo4d_L4_safe,animo4d_official_text,present,False,PZ_Striped_Hyena_Male_striped_hyena_male__animationnotmotionextractedbehaviour_maniset21947b50__striped_hyena_male_fightchaseoff_187.npy,The male striped hyena fights and then chases off its opponent,3
P1,P1_SOURCE_ACTION_ARTIFACT,train,animo4d_L4_safe,animo4d_official_text,present,False,PZ_Striped_Hyena_Male_striped_hyena_male__animationnotmotionextractedbehaviour_maniset21947b50__striped_hyena_male_standgimmick01_206.npy,The male striped hyena stands still as part of its gimmick,3
P1,P1_OVER_NARRATIVE,train,animo4d_L4_safe,animo4d_official_text,present,False,PZ_Striped_Hyena_Male_striped_hyena_male__animationnotmotionextractedfighting_maniset443844a6__striped_hyena_male_fightchaseoff_269.npy,The male striped hyena fights and then chases off its opponent,3
P1,P1_OVER_NARRATIVE,train,animo4d_L4_safe,animo4d_official_text,present,False,PZ_Striped_Hyena_Male_striped_hyena_male__animationnotmotionextractedfighting_maniset443844a6__striped_hyena_male_fighttaunt_274.npy,The male striped hyena fights and then taunts its opponent,3
P1,P1_SOURCE_ACTION_ARTIFACT,train,animo4d_L4_safe,animo4d_official_text,present,False,PZ_Striped_Hyena_Male_striped_hyena_male__animationnotmotionextractedfighting_maniset443844a6__striped_hyena_male_standgimmick01_289.npy,The male striped hyena stands still as part of its gimmick,3
P1,P1_OVER_NARRATIVE,train,animo4d_L4_safe,animo4d_official_text,present,False,PZ_Striped_Hyena_Male_striped_hyena_male__animationnotmotionextractedlocomotion_maniset73f9d80c__striped_hyena_male_fightchaseoff_352.npy,The male striped hyena fights and then chases off the intruder,3
P1,P1_SOURCE_ACTION_ARTIFACT,train,animo4d_L4_safe,animo4d_official_text,present,False,PZ_Striped_Hyena_Male_striped_hyena_male__animationnotmotionextractedlocomotion_maniset73f9d80c__striped_hyena_male_standgimmick01_373.npy,The male striped hyena stands still as part of its gimmick,3
P1,P1_OVER_NARRATIVE;P1_SOURCE_ACTION_ARTIFACT,train,animo4d_L4_safe,animo4d_official_text,present,False,PZ_Striped_Skunk_Juvenile_striped_skunk_juvenile__animationnotmotionextractedbehaviour_maniset647bdb5f__striped_skunk_juvenile_intimidategimmick_loop_88.npy,The juvenile striped skunk approaches with an intimidating gimmick,3
P1,P1_OVER_NARRATIVE,train,animo4d_L4_safe,animo4d_official_text,present,False,PZ_Striped_Skunk_Juvenile_striped_skunk_juvenile__animationnotmotionextractedfighting_maniset765a54f5__striped_skunk_juvenile_fightchaseoff_151.npy,The juvenile striped skunk fights and then chases off its opponent,3
P1,P1_OVER_NARRATIVE,train,animo4d_L4_safe,animo4d_official_text,present,False,PZ_Striped_Skunk_Juvenile_striped_skunk_juvenile__animationnotmotionextractedfighting_maniset765a54f5__striped_skunk_juvenile_fighttaunt_156.npy,The juvenile striped skunk fights and then taunts its opponent,3
P1,P1_OVER_NARRATIVE,train,animo4d_L4_safe,animo4d_official_text,present,False,PZ_Striped_Skunk_Juvenile_striped_skunk_juvenile__animationnotmotionextractedlocomotion_manisete3977db__striped_skunk_juvenile_fightchaseoff_242.npy,The juvenile striped skunk fights and then chases off its opponent,3
P1,P1_OVER_NARRATIVE,train,animo4d_L4_safe,animo4d_official_text,present,False,PZ_Striped_Skunk_Juvenile_striped_skunk_juvenile__animationnotmotionextractedlocomotion_manisete3977db__striped_skunk_juvenile_intimidateloopturnright_251.npy,The juvenile striped skunk intimidates and then turns right,3
P1,P1_OVER_NARRATIVE;P1_SOURCE_ACTION_ARTIFACT,train,animo4d_L4_safe,animo4d_official_text,present,False,PZ_Striped_Skunk_Male_striped_skunk_male__animationnotmotionextractedbehaviour_manisetc6f6affc__striped_skunk_male_intimidategimmick_loop_95.npy,The male striped skunk raises its tail and releases a pungent odor to intimidate its opponent,3
P1,P1_OVER_NARRATIVE,train,animo4d_L4_safe,animo4d_official_text,present,False,PZ_Striped_Skunk_Male_striped_skunk_male__animationnotmotionextractedlocomotion_manisetfabbe7b8__striped_skunk_male_fighttaunt_221.npy,The male striped skunk fights and then taunts its opponent,3
P1,P1_OVER_NARRATIVE;P1_SOURCE_ACTION_ARTIFACT,train,animo4d_L4_safe,animo4d_official_text,present,False,PZ_Striped_Skunk_Male_striped_skunk_male__animationnotmotionextractedlocomotion_manisetfabbe7b8__striped_skunk_male_intimidategimmick_loop_223.npy,The male striped skunk raises its tail and releases a pungent odor to intimidate its opponent,3
P1,P1_OVER_NARRATIVE,train,animo4d_L4_safe,animo4d_official_text,present,False,PZ_Takin_Juvenile_takin_juvenile__animationmotionextractedfighting_manisetf887c3d2__takin_juvenile_fighttaunt_2.npy,The juvenile takin fights and then taunts its opponent,3
P1,P1_OVER_NARRATIVE,train,animo4d_L4_safe,animo4d_official_text,present,False,PZ_Takin_Juvenile_takin_juvenile__animationmotionextractedfighting_manisetf887c3d2__takin_juvenile_fighttauntreact_3.npy,The juvenile takin fights taunts and then reacts swiftly,3
P1,P1_OVER_NARRATIVE,train,animo4d_L4_safe,animo4d_official_text,present,False,PZ_Takin_Juvenile_takin_juvenile__animationmotionextractedlocomotion_maniset441c7258__takin_juvenile_fightchaseoff_4.npy,The juvenile takin fights and then chases off its opponent,3
P1,P1_OVER_NARRATIVE,train,animo4d_L4_safe,animo4d_official_text,present,False,PZ_Takin_Juvenile_takin_juvenile__animationmotionextractedlocomotion_maniset441c7258__takin_juvenile_fighttauntreact_6.npy,The juvenile takin fights taunts and then reacts swiftly,3
P1,P1_OVER_NARRATIVE,train,animo4d_L4_safe,animo4d_official_text,present,False,PZ_Takin_Juvenile_takin_juvenile__animationnotmotionextractedbehaviour_manisetad12a7be__takin_juvenile_fightchaseoff_43.npy,The juvenile takin fights and then chases off its opponent,3
P1,P1_OVER_NARRATIVE,train,animo4d_L4_safe,animo4d_official_text,present,False,PZ_Takin_Juvenile_takin_juvenile__animationnotmotionextractedbehaviour_manisetad12a7be__takin_juvenile_fighttaunt_45.npy,The juvenile takin fights and then taunts its opponent,3
P1,P1_OVER_NARRATIVE,train,animo4d_L4_safe,animo4d_official_text,present,False,PZ_Takin_Juvenile_takin_juvenile__animationnotmotionextractedfighting_manisetbbc47d94__takin_juvenile_fightvictorytaunt_98.npy,The juvenile takin fights achieves victory and then taunts its opponent,3
P1,P1_SOURCE_ACTION_ARTIFACT,train,animo4d_L4_safe,animo4d_official_text,present,False,PZ_Takin_Juvenile_takin_juvenile__animationnotmotionextractedfighting_manisetbbc47d94__takin_juvenile_standgimmick01_111.npy,The juvenile takin stands still as a gimmick,3
P1,P1_OVER_NARRATIVE,train,animo4d_L4_safe,animo4d_official_text,present,False,PZ_Takin_Juvenile_takin_juvenile__animationnotmotionextractedlocomotion_manisetd7b4d7fa__takin_juvenile_fightchaseoff_148.npy,The juvenile takin fights and then chases off its opponent,3
P1,P1_OVER_NARRATIVE,train,animo4d_L4_safe,animo4d_official_text,present,False,PZ_Takin_Juvenile_takin_juvenile__animationnotmotionextractedlocomotion_manisetd7b4d7fa__takin_juvenile_fighttaunt_150.npy,The juvenile takin fights and then taunts its opponent,3
P1,P1_OVER_NARRATIVE,train,animo4d_L4_safe,animo4d_official_text,present,False,PZ_Takin_Juvenile_takin_juvenile__animationnotmotionextractedlocomotion_manisetd7b4d7fa__takin_juvenile_fightvictorytaunt_152.npy,The juvenile takin fights achieves victory and then taunts its opponent,3
P1,P1_SOURCE_ACTION_ARTIFACT,train,animo4d_L4_safe,animo4d_official_text,present,False,PZ_Takin_Juvenile_takin_juvenile__animationnotmotionextractedlocomotion_manisetd7b4d7fa__takin_juvenile_standgimmick01_171.npy,The juvenile takin stands still as a gimmick,3
P1,P1_OVER_NARRATIVE,train,animo4d_L4_safe,animo4d_official_text,present,False,PZ_Takin_Male_takin_male__animationmotionextractedbehaviour_maniset3b4c5319__takin_male_fightchaseoff_4.npy,The male takin fights and then chases off the intruder,3
P1,P1_OVER_NARRATIVE,train,animo4d_L4_safe,animo4d_official_text,present,False,PZ_Takin_Male_takin_male__animationmotionextractedbehaviour_maniset3b4c5319__takin_male_fightreact_5.npy,The male takin fights and then reacts swiftly,3
P1,P1_OVER_NARRATIVE,train,animo4d_L4_safe,animo4d_official_text,present,False,PZ_Takin_Male_takin_male__animationmotionextractedbehaviour_maniset3b4c5319__takin_male_fightvictorytaunt_9.npy,The male takin fights achieves victory and then taunts its opponent,3
P1,P1_SOURCE_ACTION_ARTIFACT,train,animo4d_L4_safe,animo4d_official_text,present,False,PZ_Takin_Male_takin_male__animationmotionextractedbehaviour_maniset3b4c5319__takin_male_standgimmick01_27.npy,The male takin stands still as a gimmick,3
P1,P1_OVER_NARRATIVE,train,animo4d_L4_safe,animo4d_official_text,present,False,PZ_Takin_Male_takin_male__animationmotionextractedfighting_maniset4fdc73ef__takin_male_fightchaseoff_78.npy,The male takin fights and then chases off the intruder,3
P1,P1_OVER_NARRATIVE,train,animo4d_L4_safe,animo4d_official_text,present,False,PZ_Takin_Male_takin_male__animationmotionextractedfighting_maniset4fdc73ef__takin_male_fighttaunt_81.npy,The male takin fights and then taunts its opponent,3
P1,P1_OVER_NARRATIVE,train,animo4d_L4_safe,animo4d_official_text,present,False,PZ_Takin_Male_takin_male__animationmotionextractedlocomotion_maniset9855e8f5__takin_male_fightchaseoff_141.npy,The male takin fights and then chases off the intruder,3
P1,P1_OVER_NARRATIVE,train,animo4d_L4_safe,animo4d_official_text,present,False,PZ_Takin_Male_takin_male__animationmotionextractedlocomotion_maniset9855e8f5__takin_male_fighttaunt_144.npy,The male takin fights and then taunts its opponent,3
P1,P1_OVER_NARRATIVE,train,animo4d_L4_safe,animo4d_official_text,present,False,PZ_Takin_Male_takin_male__animationmotionextractedlocomotion_maniset9855e8f5__takin_male_fightvictorytaunt_146.npy,The male takin fights achieves victory and then taunts its opponent,3
P1,P1_OVER_NARRATIVE,train,animo4d_L4_safe,animo4d_official_text,present,False,PZ_Takin_Male_takin_male__animationnotmotionextractedbehaviour_manisetd83024db__takin_male_fighttaunt_217.npy,The male takin fights and then taunts its opponent,3
P1,P1_OVER_NARRATIVE,train,animo4d_L4_safe,animo4d_official_text,present,False,PZ_Takin_Male_takin_male__animationnotmotionextractedbehaviour_manisetd83024db__takin_male_fightvictorytaunt_220.npy,The male takin fights achieves victory and then taunts,3
P1,P1_SOURCE_ACTION_ARTIFACT,train,animo4d_L4_safe,animo4d_official_text,present,False,PZ_Takin_Male_takin_male__animationnotmotionextractedbehaviour_manisetd83024db__takin_male_standgimmick01_237.npy,The male takin stands still as a gimmick,3
P1,P1_OVER_NARRATIVE,train,animo4d_L4_safe,animo4d_official_text,present,False,PZ_Takin_Male_takin_male__animationnotmotionextractedfighting_maniset4360f71__takin_male_fightchaseoff_293.npy,The male takin fights and then chases off the intruder,3
P1,P1_OVER_NARRATIVE,train,animo4d_L4_safe,animo4d_official_text,present,False,PZ_Takin_Male_takin_male__animationnotmotionextractedfighting_maniset4360f71__takin_male_fighttaunt_296.npy,The male takin fights and then taunts its opponent,3
P1,P1_OVER_NARRATIVE,train,animo4d_L4_safe,animo4d_official_text,present,False,PZ_Takin_Male_takin_male__animationnotmotionextractedfighting_maniset4360f71__takin_male_standtofight_322.npy,The male takin stands still in preparation to fight,3
P1,P1_OVER_NARRATIVE,train,animo4d_L4_safe,animo4d_official_text,present,False,PZ_Takin_Male_takin_male__animationnotmotionextractedlocomotion_maniset40261057__takin_male_fightchaseoff_376.npy,The male takin fights and then chases off the intruder,3
P1,P1_OVER_NARRATIVE,train,animo4d_L4_safe,animo4d_official_text,present,False,PZ_Takin_Male_takin_male__animationnotmotionextractedlocomotion_maniset40261057__takin_male_fighttaunt_379.npy,The male takin fights and then taunts its opponent,3
P1,P1_OVER_NARRATIVE,train,animo4d_L4_safe,animo4d_official_text,present,False,PZ_Takin_Male_takin_male__animationnotmotionextractedlocomotion_maniset40261057__takin_male_fighttauntreact_380.npy,The male takin fights taunts and then reacts swiftly,3
P1,P1_SOURCE_ACTION_ARTIFACT,train,animo4d_L4_safe,animo4d_official_text,present,False,PZ_Takin_Male_takin_male__animationnotmotionextractedlocomotion_maniset40261057__takin_male_standgimmick01_404.npy,The male takin stands still as a gimmick,3
P1,P1_SOURCE_ACTION_ARTIFACT,train,animo4d_L4_safe,animo4d_official_text,present,False,PZ_Tamworth_Pig_Juvenile_tamworth_pig_juvenile__animationnotmotionextractedbehaviour_maniset1c48086__tamworth_pig_juvenile_standgimmick01_51.npy,The juvenile Tamworth pig stands still as a gimmick,3
P1,P1_SOURCE_ACTION_ARTIFACT,train,animo4d_L4_safe,animo4d_official_text,present,False,PZ_Tamworth_Pig_Juvenile_tamworth_pig_juvenile__animationnotmotionextractedfighting_manisete719845c__tamworth_pig_juvenile_standgimmick01_107.npy,The juvenile Tamworth pig stands still as a gimmick,3
P1,P1_SOURCE_ACTION_ARTIFACT,train,animo4d_L4_safe,animo4d_official_text,present,False,PZ_Tamworth_Pig_Juvenile_tamworth_pig_juvenile__animationnotmotionextractedlocomotion_maniset204002c2__tamworth_pig_juvenile_standgimmick01_187.npy,The juvenile Tamworth pig stands still as part of its playful gimmick,3
P1,P1_SOURCE_ACTION_ARTIFACT,train,animo4d_L4_safe,animo4d_official_text,present,False,PZ_Tamworth_Pig_Male_tamworth_pig_male__animationmotionextractedbehaviour_manisetab8b11e1__tamworth_pig_male_standgimmick01_21.npy,The male Tamworth pig stands still as part of its gimmick,3
P1,P1_OVER_NARRATIVE,train,animo4d_L4_safe,animo4d_official_text,present,False,PZ_Tamworth_Pig_Male_tamworth_pig_male__animationmotionextractedfighting_maniset624ce0b7__tamworth_pig_male_fighttauntreact_73.npy,The male Tamworth pig fights taunts and then reacts swiftly,3
P1,P1_SOURCE_ACTION_ARTIFACT,train,animo4d_L4_safe,animo4d_official_text,present,False,PZ_Tamworth_Pig_Male_tamworth_pig_male__animationmotionextractedfighting_maniset624ce0b7__tamworth_pig_male_standgimmick01_86.npy,The male Tamworth pig stands still as part of a gimmick,3
P1,P1_SOURCE_ACTION_ARTIFACT,train,animo4d_L4_safe,animo4d_official_text,present,False,PZ_Tamworth_Pig_Male_tamworth_pig_male__animationmotionextractedfighting_maniset624ce0b7__tamworth_pig_male_standgimmick_85.npy,The male Tamworth pig stands still as part of its gimmick,3
P1,P1_OVER_NARRATIVE,train,animo4d_L4_safe,animo4d_official_text,present,False,PZ_Tamworth_Pig_Male_tamworth_pig_male__animationmotionextractedlocomotion_maniset133f79bd__tamworth_pig_male_fighttaunt_126.npy,The male Tamworth pig fights and then taunts its opponent,3
P1,P1_OVER_NARRATIVE,train,animo4d_L4_safe,animo4d_official_text,present,False,PZ_Tamworth_Pig_Male_tamworth_pig_male__animationmotionextractedlocomotion_maniset133f79bd__tamworth_pig_male_fighttauntreact_127.npy,The male Tamworth pig fights taunts and then reacts swiftly,3
P1,P1_SOURCE_ACTION_ARTIFACT,train,animo4d_L4_safe,animo4d_official_text,present,False,PZ_Tamworth_Pig_Male_tamworth_pig_male__animationmotionextractedlocomotion_maniset133f79bd__tamworth_pig_male_standgimmick01_143.npy,The male Tamworth pig stands still as part of a gimmick,3
P1,P1_SOURCE_ACTION_ARTIFACT,train,animo4d_L4_safe,animo4d_official_text,present,False,PZ_Tamworth_Pig_Male_tamworth_pig_male__animationnotmotionextractedbehaviour_manisetdb84d9a3__tamworth_pig_male_standgimmick01_218.npy,The male Tamworth pig stands still as part of a gimmick,3
P1,P1_SOURCE_ACTION_ARTIFACT,train,animo4d_L4_safe,animo4d_official_text,present,False,PZ_Tamworth_Pig_Male_tamworth_pig_male__animationnotmotionextractedbehaviour_manisetdb84d9a3__tamworth_pig_male_standgimmick_217.npy,The male Tamworth pig stands still as part of a gimmick,3
P1,P1_OVER_NARRATIVE,train,animo4d_L4_safe,animo4d_official_text,present,False,PZ_Tamworth_Pig_Male_tamworth_pig_male__animationnotmotionextractedfighting_manisetdfc6f239__tamworth_pig_male_fighttaunt_290.npy,The male Tamworth pig fights and then taunts his opponent,3
P1,P1_SOURCE_ACTION_ARTIFACT,train,animo4d_L4_safe,animo4d_official_text,present,False,PZ_Tamworth_Pig_Male_tamworth_pig_male__animationnotmotionextractedfighting_manisetdfc6f239__tamworth_pig_male_standgimmick01_312.npy,The male Tamworth pig stands still as part of a gimmick,3
P1,P1_SOURCE_ACTION_ARTIFACT,train,animo4d_L4_safe,animo4d_official_text,present,False,PZ_Tamworth_Pig_Male_tamworth_pig_male__animationnotmotionextractedfighting_manisetdfc6f239__tamworth_pig_male_standgimmick_311.npy,The male Tamworth pig stands still as part of its gimmick,3
P1,P1_OVER_NARRATIVE,train,animo4d_L4_safe,animo4d_official_text,present,False,PZ_Tamworth_Pig_Male_tamworth_pig_male__animationnotmotionextractedlocomotion_maniset6b7b171f__tamworth_pig_male_fighttaunt_379.npy,The male Tamworth pig fights and then taunts its opponent,3
P1,P1_OVER_NARRATIVE,train,animo4d_L4_safe,animo4d_official_text,present,False,PZ_Tamworth_Pig_Male_tamworth_pig_male__animationnotmotionextractedlocomotion_maniset6b7b171f__tamworth_pig_male_fighttauntreact_380.npy,The male Tamworth pig fights taunts and then reacts swiftly,3
P1,P1_SOURCE_ACTION_ARTIFACT,train,animo4d_L4_safe,animo4d_official_text,present,False,PZ_Tamworth_Pig_Male_tamworth_pig_male__animationnotmotionextractedlocomotion_maniset6b7b171f__tamworth_pig_male_standgimmick01_401.npy,The male Tamworth pig stands still as part of a gimmick,3
P1,P1_SOURCE_ACTION_ARTIFACT,train,animo4d_L4_safe,animo4d_official_text,present,False,PZ_Tamworth_Pig_Male_tamworth_pig_male__animationnotmotionextractedlocomotion_maniset6b7b171f__tamworth_pig_male_standgimmick_400.npy,The male Tamworth pig stands still as part of a gimmick,3
P1,P1_OVER_NARRATIVE,train,animo4d_L4_safe,animo4d_official_text,present,False,PZ_Tasmanian_Devil_Female_tasmanian_devil_female__animationmotionextractedfighting_manisetd3b18946__tasmanian_devil_female_fightchaseoff_5.npy,The female Tasmanian devil fights and then chases off her opponent,3
P1,P1_OVER_NARRATIVE,train,animo4d_L4_safe,animo4d_official_text,present,False,PZ_Tasmanian_Devil_Female_tasmanian_devil_female__animationmotionextractedfighting_manisetd3b18946__tasmanian_devil_female_fightvictorytaunt_8.npy,The female Tasmanian devil fights achieves victory and then taunts her opponent,3
P1,P1_OVER_NARRATIVE,train,animo4d_L4_safe,animo4d_official_text,present,False,PZ_Tasmanian_Devil_Female_tasmanian_devil_female__animationmotionextractedfighting_pounce_maniset7d4cb618__tasmanian_devil_female_fightchaseoff_13.npy,The female Tasmanian devil fights and then chases off her opponent,3
P1,P1_OVER_NARRATIVE,train,animo4d_L4_safe,animo4d_official_text,present,False,PZ_Tasmanian_Devil_Female_tasmanian_devil_female__animationmotionextractedfighting_pounce_maniset7d4cb618__tasmanian_devil_female_fightvictorytaunt_17.npy,The female Tasmanian devil fights achieves victory and then taunts her opponent,3
P1,P1_OVER_NARRATIVE,train,animo4d_L4_safe,animo4d_official_text,present,False,PZ_Tasmanian_Devil_Female_tasmanian_devil_female__animationmotionextractedlocomotion_maniset80d3d1cc__tasmanian_devil_female_fightchaseoff_52.npy,The female Tasmanian devil fights and then chases off her opponent,3
P1,P1_OVER_NARRATIVE,train,animo4d_L4_safe,animo4d_official_text,present,False,PZ_Tasmanian_Devil_Female_tasmanian_devil_female__animationmotionextractedlocomotion_maniset80d3d1cc__tasmanian_devil_female_fightvictorytaunt_56.npy,The female Tasmanian devil fights wins and then taunts her opponent,3
P1,P1_OVER_NARRATIVE,train,animo4d_L4_safe,animo4d_official_text,present,False,PZ_Tasmanian_Devil_Female_tasmanian_devil_female__animationnotmotionextractedbehaviour_maniset2c94a132__tasmanian_devil_female_fightchaseoff_148.npy,The female Tasmanian devil fights and then chases off her opponent,3
P1,P1_OVER_NARRATIVE,train,animo4d_L4_safe,animo4d_official_text,present,False,PZ_Tasmanian_Devil_Female_tasmanian_devil_female__animationnotmotionextractedfighting_maniset3d18a08__tasmanian_devil_female_fightchaseoff_227.npy,The female Tasmanian devil fights and then chases off her opponent,3
P1,P1_OVER_NARRATIVE,train,animo4d_L4_safe,animo4d_official_text,present,False,PZ_Tasmanian_Devil_Female_tasmanian_devil_female__animationnotmotionextractedfighting_maniset3d18a08__tasmanian_devil_female_fightvictorytaunt_230.npy,The female Tasmanian devil fights achieves victory and then taunts her opponent,3
P1,P1_OVER_NARRATIVE,train,animo4d_L4_safe,animo4d_official_text,present,False,PZ_Tasmanian_Devil_Female_tasmanian_devil_female__animationnotmotionextractedlocomotion_maniset3f9afe6e__tasmanian_devil_female_fightchaseoff_321.npy,The female Tasmanian devil fights and then chases off her opponent,3
P1,P1_OVER_NARRATIVE,train,animo4d_L4_safe,animo4d_official_text,present,False,PZ_Tasmanian_Devil_Female_tasmanian_devil_female__animationnotmotionextractedlocomotion_maniset3f9afe6e__tasmanian_devil_female_fightvictorytaunt_324.npy,The female Tasmanian devil fights wins and then taunts her opponent,3
P1,P1_SOURCE_ACTION_ARTIFACT,train,animo4d_L4_safe,animo4d_official_text,present,False,PZ_Tasmanian_Devil_Female_tasmanian_devil_female__animationnotmotionextractedlocomotion_maniset3f9afe6e__tasmanian_devil_female_standgimmick_333.npy,The female Tasmanian devil stands still as a gimmick,1
P1,P1_OVER_NARRATIVE,train,animo4d_L4_safe,animo4d_official_text,present,False,PZ_Tasmanian_Devil_Juvenile_tasmanian_devil_juvenile__animationmotionextractedfighting_pounce_maniseta2b24830__tasmanian_devil_juvenile_fightreact_15.npy,The juvenile Tasmanian devil fights and then reacts swiftly,3
P1,P1_OVER_NARRATIVE,train,animo4d_L4_safe,animo4d_official_text,present,False,PZ_Tasmanian_Devil_Juvenile_tasmanian_devil_juvenile__animationnotmotionextractedfighting_maniset57328420__tasmanian_devil_juvenile_fightvictorytaunt_222.npy,The juvenile Tasmanian devil fights wins and then taunts its opponent,3
P1,P1_SOURCE_ACTION_ARTIFACT,train,animo4d_L4_safe,animo4d_official_text,present,False,PZ_Tasmanian_Devil_Juvenile_tasmanian_devil_juvenile__animationnotmotionextractedfighting_maniset57328420__tasmanian_devil_juvenile_standgimmick_232.npy,The juvenile Tasmanian devil stands still as a gimmick,3
P1,P1_OVER_NARRATIVE,train,animo4d_L4_safe,animo4d_official_text,present,False,PZ_Tasmanian_Devil_Juvenile_tasmanian_devil_juvenile__animationnotmotionextractedlocomotion_manisetf09b4486__tasmanian_devil_juvenile_fighttaunt_313.npy,The juvenile Tasmanian devil fights and then taunts its opponent,3
P1,P1_OVER_NARRATIVE,train,animo4d_L4_safe,animo4d_official_text,present,False,PZ_Tasmanian_Devil_Juvenile_tasmanian_devil_juvenile__animationnotmotionextractedlocomotion_manisetf09b4486__tasmanian_devil_juvenile_fightvictorytaunt_315.npy,The juvenile Tasmanian devil fights wins and then taunts its opponent,3
P1,P1_SOURCE_ACTION_ARTIFACT,train,animo4d_L4_safe,animo4d_official_text,present,False,PZ_Tasmanian_Devil_Juvenile_tasmanian_devil_juvenile__animationnotmotionextractedlocomotion_manisetf09b4486__tasmanian_devil_juvenile_standgimmick_328.npy,The juvenile Tasmanian devil stands still as part of its gimmick,3
P1,P1_OVER_NARRATIVE,train,animo4d_L4_safe,animo4d_official_text,present,False,PZ_Tasmanian_Devil_Male_tasmanian_devil_male__animationmotionextractedfighting_maniset3f7a9b7b__tasmanian_devil_male_fightchaseoff_3.npy,The male Tasmanian devil fights and then chases off its opponent,3
P1,P1_OVER_NARRATIVE,train,animo4d_L4_safe,animo4d_official_text,present,False,PZ_Tasmanian_Devil_Male_tasmanian_devil_male__animationmotionextractedfighting_pounce_maniset2857010d__tasmanian_devil_male_fightchaseoff_4.npy,The male Tasmanian devil fights and then chases off its opponent,3
P1,P1_OVER_NARRATIVE,train,animo4d_L4_safe,animo4d_official_text,present,False,PZ_Tasmanian_Devil_Male_tasmanian_devil_male__animationmotionextractedlocomotion_manisetf294f681__tasmanian_devil_male_fightvictorytaunt_34.npy,The male Tasmanian devil fights wins and then taunts his opponent,3
P1,P1_OVER_NARRATIVE,train,animo4d_L4_safe,animo4d_official_text,present,False,PZ_Tasmanian_Devil_Male_tasmanian_devil_male__animationnotmotionextractedbehaviour_maniset2f131867__tasmanian_devil_male_fightvictorytaunt_109.npy,The male Tasmanian devil fights wins and then taunts,3
P1,P1_SOURCE_ACTION_ARTIFACT,train,animo4d_L4_safe,animo4d_official_text,present,False,PZ_Tasmanian_Devil_Male_tasmanian_devil_male__animationnotmotionextractedbehaviour_maniset2f131867__tasmanian_devil_male_standgimmick_121.npy,The male Tasmanian devil stands still as a gimmick,3
P1,P1_OVER_NARRATIVE,train,animo4d_L4_safe,animo4d_official_text,present,False,PZ_Tasmanian_Devil_Male_tasmanian_devil_male__animationnotmotionextractedlocomotion_manisetdb9416e3__tasmanian_devil_male_fightvictorytaunt_266.npy,The male Tasmanian devil fights wins and then taunts his opponent,3
P1,P1_OVER_NARRATIVE,train,animo4d_L4_safe,animo4d_official_text,present,False,PZ_Thomsons_Gazelle_Female_thomsons_gazelle_female__animationmotionextractedfighting_maniset171fe94d__thomsons_gazelle_female_fightchaseoff_1.npy,The female Thomsons gazelle fights and then chases off the predator,3
P1,P1_OVER_NARRATIVE,train,animo4d_L4_safe,animo4d_official_text,present,False,PZ_Thomsons_Gazelle_Female_thomsons_gazelle_female__animationmotionextractedlocomotion_maniset94f0dd53__thomsons_gazelle_female_fightchaseoff_2.npy,The female Thomsons gazelle fights and then chases off the predator,3
P1,P1_OVER_NARRATIVE,train,animo4d_L4_safe,animo4d_official_text,present,False,PZ_Thomsons_Gazelle_Female_thomsons_gazelle_female__animationnotmotionextractedbehaviour_manisetd7ca1839__thomsons_gazelle_female_fightchaseoff_45.npy,The female Thomsons gazelle fights and then chases off the predator,3
P1,P1_SOURCE_ACTION_ARTIFACT,train,animo4d_L4_safe,animo4d_official_text,present,False,PZ_Thomsons_Gazelle_Female_thomsons_gazelle_female__animationnotmotionextractedbehaviour_manisetd7ca1839__thomsons_gazelle_female_standgimmick01_58.npy,The female Thomsons gazelle stands still as a gimmick,3
P1,P1_OVER_NARRATIVE,train,animo4d_L4_safe,animo4d_official_text,present,False,PZ_Thomsons_Gazelle_Female_thomsons_gazelle_female__animationnotmotionextractedfighting_maniset935f934f__thomsons_gazelle_female_fightchaseoff_99.npy,The female Thomsons gazelle fights and then chases off the predator,3
P1,P1_OVER_NARRATIVE,train,animo4d_L4_safe,animo4d_official_text,present,False,PZ_Thomsons_Gazelle_Female_thomsons_gazelle_female__animationnotmotionextractedfighting_maniset935f934f__thomsons_gazelle_female_fighttaunt_100.npy,The female Thomsons gazelle fights and then taunts her opponent,3
P1,P1_OVER_NARRATIVE,train,animo4d_L4_safe,animo4d_official_text,present,False,PZ_Thomsons_Gazelle_Female_thomsons_gazelle_female__animationnotmotionextractedfighting_maniset935f934f__thomsons_gazelle_female_fighttauntreact_101.npy,The female Thomsons gazelle fights taunts and then reacts swiftly,3
P1,P1_OVER_NARRATIVE,train,animo4d_L4_safe,animo4d_official_text,present,False,PZ_Thomsons_Gazelle_Female_thomsons_gazelle_female__animationnotmotionextractedfighting_maniset935f934f__thomsons_gazelle_female_fightvictorytaunt_102.npy,The female Thomsons gazelle fights wins and then taunts her opponent,3
P1,P1_OVER_NARRATIVE,train,animo4d_L4_safe,animo4d_official_text,present,False,PZ_Thomsons_Gazelle_Female_thomsons_gazelle_female__animationnotmotionextractedlocomotion_maniset8e0a5335__thomsons_gazelle_female_fightchaseoff_161.npy,The female Thomsons gazelle fights and then chases off the predator,3
P1,P1_OVER_NARRATIVE,train,animo4d_L4_safe,animo4d_official_text,present,False,PZ_Thomsons_Gazelle_Female_thomsons_gazelle_female__animationnotmotionextractedlocomotion_maniset8e0a5335__thomsons_gazelle_female_fighttaunt_163.npy,The female Thomsons gazelle fights and then taunts her opponent,3
P1,P1_OVER_NARRATIVE,train,animo4d_L4_safe,animo4d_official_text,present,False,PZ_Thomsons_Gazelle_Female_thomsons_gazelle_female__animationnotmotionextractedlocomotion_maniset8e0a5335__thomsons_gazelle_female_fightvictorytaunt_165.npy,The female Thomsons gazelle fights wins and then taunts her opponent,3
P1,P1_SOURCE_ACTION_ARTIFACT,train,animo4d_L4_safe,animo4d_official_text,present,False,PZ_Thomsons_Gazelle_Female_thomsons_gazelle_female__animationnotmotionextractedlocomotion_maniset8e0a5335__thomsons_gazelle_female_standgimmick01_178.npy,The female Thomsons gazelle stands still as a gimmick,3
P1,P1_SOURCE_ACTION_ARTIFACT,train,animo4d_L4_safe,animo4d_official_text,present,False,PZ_Thomsons_Gazelle_Juvenile_thomsons_gazelle_juvenile__animationnotmotionextractedlocomotion_maniset9832e70d__thomsons_gazelle_juvenile_standgimmick01_55.npy,The juvenile Thomsons gazelle stands still as a gimmick to avoid detection,3
P1,P1_OVER_NARRATIVE,train,animo4d_L4_safe,animo4d_official_text,present,False,PZ_Thomsons_Gazelle_Male_thomsons_gazelle_male__animationnotmotionextractedbehaviour_manisetbea121ae__thomsons_gazelle_male_fightchaseoff_35.npy,The male Thomsons gazelle fights and then chases off the rival,3
P1,P1_SOURCE_ACTION_ARTIFACT,train,animo4d_L4_safe,animo4d_official_text,present,False,PZ_Thomsons_Gazelle_Male_thomsons_gazelle_male__animationnotmotionextractedbehaviour_manisetbea121ae__thomsons_gazelle_male_standgimmick01_47.npy,The male Thomsons gazelle stands still as a gimmick,3
P1,P1_OVER_NARRATIVE,train,animo4d_L4_safe,animo4d_official_text,present,False,PZ_Thomsons_Gazelle_Male_thomsons_gazelle_male__animationnotmotionextractedfighting_manisetfe8bbb84__thomsons_gazelle_male_fightvictorytaunt_88.npy,The male Thomsons gazelle fights achieves victory and then taunts its opponent,3
P1,P1_OVER_NARRATIVE,train,animo4d_L4_safe,animo4d_official_text,present,False,PZ_Thomsons_Gazelle_Male_thomsons_gazelle_male__animationnotmotionextractedlocomotion_maniset86c98dea__thomsons_gazelle_male_fightvictorytaunt_151.npy,The male Thomsons gazelle fights wins and then taunts its opponent,3
P1,P1_SOURCE_ACTION_ARTIFACT,train,animo4d_L4_safe,animo4d_official_text,present,False,PZ_Thomsons_Gazelle_Male_thomsons_gazelle_male__animationnotmotionextractedlocomotion_maniset86c98dea__thomsons_gazelle_male_standgimmick01_171.npy,The male Thomsons gazelle stands still as a gimmick to blend into the surroundings,3
P1,P1_OVER_NARRATIVE,train,animo4d_L4_safe,animo4d_official_text,present,False,PZ_West_African_Lion_Female_west_african_lion_female__animationmotionextractedfighting_maniset55c8211b__west_african_lion_female_fightchaseoff_1.npy,The female African lion fights and then chases the intruder off,3
P1,P1_OVER_NARRATIVE,train,animo4d_L4_safe,animo4d_official_text,present,False,PZ_West_African_Lion_Female_west_african_lion_female__animationmotionextractedfighting_maniset55c8211b__west_african_lion_female_fightreacttofendoff_4.npy,The female African lion fights and reacts swiftly to fend off the threat,3
P1,P1_OVER_NARRATIVE,train,animo4d_L4_safe,animo4d_official_text,present,False,PZ_West_African_Lion_Female_west_african_lion_female__animationmotionextractedfighting_maniset55c8211b__west_african_lion_female_fighttaunt_5.npy,The female African lion fights and then taunts her opponent,3
P1,P1_OVER_NARRATIVE,train,animo4d_L4_safe,animo4d_official_text,present,False,PZ_West_African_Lion_Female_west_african_lion_female__animationmotionextractedlocomotion_manisetd96c4c21__west_african_lion_female_fightchaseoff_30.npy,The female African lion fights and then chases off the intruder,3
P1,P1_OVER_NARRATIVE,train,animo4d_L4_safe,animo4d_official_text,present,False,PZ_West_African_Lion_Female_west_african_lion_female__animationmotionextractedlocomotion_manisetd96c4c21__west_african_lion_female_fightreact_31.npy,The female African lion fights and then reacts swiftly,3
P1,P1_OVER_NARRATIVE,train,animo4d_L4_safe,animo4d_official_text,present,False,PZ_West_African_Lion_Female_west_african_lion_female__animationmotionextractedlocomotion_manisetd96c4c21__west_african_lion_female_fighttaunt_34.npy,The female African lion fights and then taunts her opponent,3
P1,P1_OVER_NARRATIVE,train,animo4d_L4_safe,animo4d_official_text,present,False,PZ_West_African_Lion_Female_west_african_lion_female__animationmotionextractedpounce_maniset5fd4b33e__west_african_lion_female_fightchaseoff_120.npy,The female African lion fights and then chases off the intruder,3
P1,P1_OVER_NARRATIVE,train,animo4d_L4_safe,animo4d_official_text,present,False,PZ_West_African_Lion_Female_west_african_lion_female__animationmotionextractedpounce_maniset5fd4b33e__west_african_lion_female_fighttaunt_123.npy,The female African lion fights and then taunts her opponent,3
P1,P1_OVER_NARRATIVE,train,animo4d_L4_safe,animo4d_official_text,present,False,PZ_West_African_Lion_Female_west_african_lion_female__animationnotmotionextractedbehaviour_manisetb6dc3e07__west_african_lion_female_fightchaseoff_191.npy,The female African lion fights and then chases off the intruder,3
P1,P1_OVER_NARRATIVE,train,animo4d_L4_safe,animo4d_official_text,present,False,PZ_West_African_Lion_Female_west_african_lion_female__animationnotmotionextractedbehaviour_manisetb6dc3e07__west_african_lion_female_fightreact_192.npy,The female African lion fights and then reacts swiftly,3
P1,P1_OVER_NARRATIVE,train,animo4d_L4_safe,animo4d_official_text,present,False,PZ_West_African_Lion_Female_west_african_lion_female__animationnotmotionextractedbehaviour_manisetb6dc3e07__west_african_lion_female_fighttaunt_194.npy,The female African lion fights and then taunts her opponent,3
P1,P1_OVER_NARRATIVE,train,animo4d_L4_safe,animo4d_official_text,present,False,PZ_West_African_Lion_Female_west_african_lion_female__animationnotmotionextractedfighting_manisete471ed9d__west_african_lion_female_fightchaseoff_274.npy,The female African lion fights and then chases off the intruder,3
P1,P1_OVER_NARRATIVE,train,animo4d_L4_safe,animo4d_official_text,present,False,PZ_West_African_Lion_Female_west_african_lion_female__animationnotmotionextractedfighting_manisete471ed9d__west_african_lion_female_fightpouncefromonspot_276.npy,The female African lion fights by pouncing from a stationary spot,3
P1,P1_OVER_NARRATIVE,train,animo4d_L4_safe,animo4d_official_text,present,False,PZ_West_African_Lion_Female_west_african_lion_female__animationnotmotionextractedfighting_manisete471ed9d__west_african_lion_female_fightreacttofendoff_279.npy,The female African lion fights and reacts to fend off the threat,3
P1,P1_OVER_NARRATIVE,train,animo4d_L4_safe,animo4d_official_text,present,False,PZ_West_African_Lion_Female_west_african_lion_female__animationnotmotionextractedfighting_manisete471ed9d__west_african_lion_female_fighttaunt_280.npy,The female African lion fights and then taunts her opponent,3
P1,P1_OVER_NARRATIVE,train,animo4d_L4_safe,animo4d_official_text,present,False,PZ_West_African_Lion_Female_west_african_lion_female__animationnotmotionextractedlocomotion_maniset7a3d2483__west_african_lion_female_climbbeamtojump1_339.npy,The female African lion climbs the beam and then jumps off,3
P1,P1_OVER_NARRATIVE,train,animo4d_L4_safe,animo4d_official_text,present,False,PZ_West_African_Lion_Female_west_african_lion_female__animationnotmotionextractedlocomotion_maniset7a3d2483__west_african_lion_female_fightchaseoff_360.npy,The female African lion fights and then chases off the intruder,3
P1,P1_OVER_NARRATIVE,train,animo4d_L4_safe,animo4d_official_text,present,False,PZ_West_African_Lion_Female_west_african_lion_female__animationnotmotionextractedlocomotion_maniset7a3d2483__west_african_lion_female_fighttaunt_365.npy,The female African lion fights and then taunts her opponent,3
P1,P1_OVER_NARRATIVE,train,animo4d_L4_safe,animo4d_official_text,present,False,PZ_West_African_Lion_Juvenile_west_african_lion_juvenile__animationmotionextractedfighting_manisetb4e2b273__west_african_lion_juvenile_fightreacttofendoff_1.npy,The juvenile African lion fights and reacts swiftly to fend off the threat,3
P1,P1_OVER_NARRATIVE,train,animo4d_L4_safe,animo4d_official_text,present,False,PZ_West_African_Lion_Juvenile_west_african_lion_juvenile__animationmotionextractedfighting_manisetb4e2b273__west_african_lion_juvenile_fighttaunt_2.npy,The juvenile African lion fights and then taunts its opponent,3
P1,P1_OVER_NARRATIVE,train,animo4d_L4_safe,animo4d_official_text,present,False,PZ_West_African_Lion_Juvenile_west_african_lion_juvenile__animationmotionextractedfighting_manisetb4e2b273__west_african_lion_juvenile_fighttaunttostand_4.npy,The juvenile African lion fights and then taunts before standing still,3
P1,P1_OVER_NARRATIVE,train,animo4d_L4_safe,animo4d_official_text,present,False,PZ_West_African_Lion_Juvenile_west_african_lion_juvenile__animationmotionextractedlocomotion_maniset7b9fc979__west_african_lion_juvenile_fightchaseoff_13.npy,The juvenile African lion fights and then chases off its rival,3
P1,P1_OVER_NARRATIVE,train,animo4d_L4_safe,animo4d_official_text,present,False,PZ_West_African_Lion_Juvenile_west_african_lion_juvenile__animationmotionextractedlocomotion_maniset7b9fc979__west_african_lion_juvenile_fighttaunt_15.npy,The juvenile African lion fights and then taunts its opponent,3
P1,P1_OVER_NARRATIVE,train,animo4d_L4_safe,animo4d_official_text,present,False,PZ_West_African_Lion_Juvenile_west_african_lion_juvenile__animationmotionextractedpounce_maniset4877db96__west_african_lion_juvenile_fightreacttofendoff_54.npy,The juvenile African lion fights and reacts swiftly to fend off the threat,3
P1,P1_OVER_NARRATIVE,train,animo4d_L4_safe,animo4d_official_text,present,False,PZ_West_African_Lion_Juvenile_west_african_lion_juvenile__animationnotmotionextractedbehaviour_maniset16bea75f__west_african_lion_juvenile_fightreact_101.npy,The juvenile African lion fights and then reacts swiftly,3
P1,P1_OVER_NARRATIVE,train,animo4d_L4_safe,animo4d_official_text,present,False,PZ_West_African_Lion_Juvenile_west_african_lion_juvenile__animationnotmotionextractedbehaviour_maniset16bea75f__west_african_lion_juvenile_fighttaunt_103.npy,The juvenile African lion fights and then taunts its opponent,3
P1,P1_OVER_NARRATIVE,train,animo4d_L4_safe,animo4d_official_text,present,False,PZ_West_African_Lion_Male_west_african_lion_male__animationmotionextractedfighting_maniset51ef3a10__west_african_lion_male_fightchaseoff_1.npy,The male African lion fights and then chases off the intruder,3
P1,P1_OVER_NARRATIVE,train,animo4d_L4_safe,animo4d_official_text,present,False,PZ_West_African_Lion_Male_west_african_lion_male__animationmotionextractedfighting_maniset51ef3a10__west_african_lion_male_fightreacttofendoff_4.npy,The male African lion fights and reacts swiftly to fend off the threat,3
P1,P1_OVER_NARRATIVE,train,animo4d_L4_safe,animo4d_official_text,present,False,PZ_West_African_Lion_Male_west_african_lion_male__animationmotionextractedfighting_maniset51ef3a10__west_african_lion_male_fighttaunt_5.npy,The male African lion fights and then taunts his opponent,3
P1,P1_OVER_NARRATIVE,train,animo4d_L4_safe,animo4d_official_text,present,False,PZ_West_African_Lion_Male_west_african_lion_male__animationmotionextractedlocomotion_maniset54b0d796__west_african_lion_male_fightchaseoff_28.npy,The male African lion fights and then chases the intruder off,3
P1,P1_OVER_NARRATIVE,train,animo4d_L4_safe,animo4d_official_text,present,False,PZ_West_African_Lion_Male_west_african_lion_male__animationmotionextractedlocomotion_maniset54b0d796__west_african_lion_male_fightreact_29.npy,The male African lion fights and then reacts swiftly,3
P1,P1_OVER_NARRATIVE,train,animo4d_L4_safe,animo4d_official_text,present,False,PZ_West_African_Lion_Male_west_african_lion_male__animationmotionextractedlocomotion_maniset54b0d796__west_african_lion_male_fightreacttofendoff_31.npy,The male African lion fights and reacts swiftly to fend off the threat,3
P1,P1_OVER_NARRATIVE,train,animo4d_L4_safe,animo4d_official_text,present,False,PZ_West_African_Lion_Male_west_african_lion_male__animationmotionextractedlocomotion_maniset54b0d796__west_african_lion_male_fighttaunt_32.npy,The male African lion fights and then taunts his opponent,3
P1,P1_OVER_NARRATIVE,train,animo4d_L4_safe,animo4d_official_text,present,False,PZ_West_African_Lion_Male_west_african_lion_male__animationmotionextractedpounce_maniset43aaad53__west_african_lion_male_fightchaseoff_115.npy,The male African lion fights and then chases off the intruder,3
P1,P1_OVER_NARRATIVE,train,animo4d_L4_safe,animo4d_official_text,present,False,PZ_West_African_Lion_Male_west_african_lion_male__animationmotionextractedpounce_maniset43aaad53__west_african_lion_male_fightreact_116.npy,The male African lion fights and then reacts swiftly,3
P1,P1_OVER_NARRATIVE,train,animo4d_L4_safe,animo4d_official_text,present,False,PZ_West_African_Lion_Male_west_african_lion_male__animationmotionextractedpounce_maniset43aaad53__west_african_lion_male_fightreacttofendoff_118.npy,The male African lion fights and reacts swiftly to fend off the threat,3
P1,P1_OVER_NARRATIVE,train,animo4d_L4_safe,animo4d_official_text,present,False,PZ_West_African_Lion_Male_west_african_lion_male__animationmotionextractedpounce_maniset43aaad53__west_african_lion_male_fighttaunt_119.npy,The male African lion fights and then taunts his opponent,3
P1,P1_OVER_NARRATIVE,train,animo4d_L4_safe,animo4d_official_text,present,False,PZ_West_African_Lion_Male_west_african_lion_male__animationmotionextractedpounce_maniset43aaad53__west_african_lion_male_fighttaunttostand_120.npy,The male African lion fights taunts and then stands still,3
P1,P1_OVER_NARRATIVE,train,animo4d_L4_safe,animo4d_official_text,present,False,PZ_West_African_Lion_Male_west_african_lion_male__animationnotmotionextractedbehaviour_manisetfb37bfc__west_african_lion_male_fighttaunt_187.npy,The male African lion fights and then taunts his opponent,3
P1,P1_OVER_NARRATIVE,train,animo4d_L4_safe,animo4d_official_text,present,False,PZ_West_African_Lion_Male_west_african_lion_male__animationnotmotionextractedfighting_maniset43072a52__west_african_lion_male_fightchaseoff_261.npy,The male African lion fights and then chases off the intruder,3
P1,P1_OVER_NARRATIVE,train,animo4d_L4_safe,animo4d_official_text,present,False,PZ_West_African_Lion_Male_west_african_lion_male__animationnotmotionextractedfighting_maniset43072a52__west_african_lion_male_fighttaunt_265.npy,The male African lion fights and then taunts his opponent,3
P1,P1_OVER_NARRATIVE,train,animo4d_L4_safe,animo4d_official_text,present,False,PZ_West_African_Lion_Male_west_african_lion_male__animationnotmotionextractedlocomotion_maniset65dbb3b8__west_african_lion_male_fightchaseoff_348.npy,The male African lion fights and then chases off the intruder,3
P1,P1_OVER_NARRATIVE,train,animo4d_L4_safe,animo4d_official_text,present,False,PZ_West_African_Lion_Male_west_african_lion_male__animationnotmotionextractedlocomotion_maniset65dbb3b8__west_african_lion_male_fightreacttofendoff_351.npy,The male African lion fights and reacts swiftly to fend off the threat,3
P1,P1_OVER_NARRATIVE,train,animo4d_L4_safe,animo4d_official_text,present,False,PZ_West_African_Lion_Male_west_african_lion_male__animationnotmotionextractedlocomotion_maniset65dbb3b8__west_african_lion_male_fighttaunt_352.npy,The male African lion fights and then taunts his opponent,3
P1,P1_OVER_NARRATIVE,train,animo4d_L4_safe,animo4d_official_text,present,False,PZ_Wild_Boar_Female_wild_boar_female__animationnotmotionextractedfighting_manisetdff7a7bf__wild_boar_female_fightreact_104.npy,The female wild boar fights and then reacts defensively,3
P1,P1_OVER_NARRATIVE,train,animo4d_L4_safe,animo4d_official_text,present,False,PZ_Wild_Boar_Female_wild_boar_female__animationnotmotionextractedfighting_manisetdff7a7bf__wild_boar_female_fightvictorytaunt_107.npy,The female wild boar fights wins and then taunts her defeated opponent,3
P1,P1_OVER_NARRATIVE,train,animo4d_L4_safe,animo4d_official_text,present,False,PZ_Wild_Boar_Female_wild_boar_female__animationnotmotionextractedlocomotion_manisetd8771fa5__wild_boar_female_fighttaunt_172.npy,The female wild boar fights and then taunts her opponent,1
P1,P1_OVER_NARRATIVE,train,animo4d_L4_safe,animo4d_official_text,present,False,PZ_Wild_Boar_Female_wild_boar_female__animationnotmotionextractedlocomotion_manisetd8771fa5__wild_boar_female_fighttauntreact_173.npy,The female wild boar fights taunts and then reacts swiftly,3
P1,P1_OVER_NARRATIVE,train,animo4d_L4_safe,animo4d_official_text,present,False,PZ_Wild_Boar_Female_wild_boar_female__animationnotmotionextractedlocomotion_manisetd8771fa5__wild_boar_female_fightvictorytaunt_174.npy,The female wild boar fights wins and then taunts her opponent,3
P1,P1_SOURCE_ACTION_ARTIFACT,train,animo4d_L4_safe,animo4d_official_text,present,False,PZ_Wild_Boar_Juvenile_wild_boar_juvenile__animationnotmotionextractedbehaviour_maniset74f8a281__wild_boar_juvenile_standgimmick_47.npy,The juvenile wild boar stands still as a gimmick,3
P1,P1_OVER_NARRATIVE,train,animo4d_L4_safe,animo4d_official_text,present,False,PZ_Wild_Boar_Juvenile_wild_boar_juvenile__animationnotmotionextractedfighting_manisetd556eb97__wild_boar_juvenile_fighttaunt_77.npy,The juvenile wild boar fights and then taunts its opponent,3
P1,P1_OVER_NARRATIVE,train,animo4d_L4_safe,animo4d_official_text,present,False,PZ_Wild_Boar_Juvenile_wild_boar_juvenile__animationnotmotionextractedlocomotion_maniset31048f7d__wild_boar_juvenile_runtostand_139.npy,The juvenile wild boar runs and then stands still,3
P1,P1_SOURCE_ACTION_ARTIFACT,train,animo4d_L4_safe,animo4d_official_text,present,False,PZ_Wild_Boar_Juvenile_wild_boar_juvenile__animationnotmotionextractedlocomotion_maniset31048f7d__wild_boar_juvenile_standgimmick_145.npy,The juvenile wild boar stands still as a gimmick,3
P1,P1_OVER_NARRATIVE,train,animo4d_L4_safe,animo4d_official_text,present,False,PZ_Wild_Boar_Male_wild_boar_male__animationnotmotionextractedbehaviour_manisetb39361e__wild_boar_male_fightflee_32.npy,The male wild boar fights fiercely and then flees abruptly,3
P1,P1_SOURCE_ACTION_ARTIFACT,train,animo4d_L4_safe,animo4d_official_text,present,False,PZ_Wild_Boar_Male_wild_boar_male__animationnotmotionextractedbehaviour_manisetb39361e__wild_boar_male_standgimmick01_45.npy,The male wild boar stands still as a gimmick,3
P1,P1_SOURCE_ACTION_ARTIFACT,train,animo4d_L4_safe,animo4d_official_text,present,False,PZ_Wild_Boar_Male_wild_boar_male__animationnotmotionextractedbehaviour_manisetb39361e__wild_boar_male_standgimmick_44.npy,The male wild boar stands still as a gimmick,3
P1,P1_OVER_NARRATIVE,train,animo4d_L4_safe,animo4d_official_text,present,False,PZ_Wild_Boar_Male_wild_boar_male__animationnotmotionextractedfighting_maniset4033f3f4__wild_boar_male_fighttaunt_81.npy,The male wild boar charges forward in a fight and then taunts its opponent,3
P1,P1_SOURCE_ACTION_ARTIFACT,train,animo4d_L4_safe,animo4d_official_text,present,False,PZ_Wild_Boar_Male_wild_boar_male__animationnotmotionextractedfighting_maniset4033f3f4__wild_boar_male_standgimmick_98.npy,The male wild boar stands still as a gimmick,3
P1,P1_SOURCE_ACTION_ARTIFACT,train,animo4d_L4_safe,animo4d_official_text,present,False,PZ_Wild_Boar_Male_wild_boar_male__animationnotmotionextractedlocomotion_maniset59b87e5a__wild_boar_male_standgimmick01_131.npy,The male wild boar stands still as a gimmick,3
P1,P1_OVER_NARRATIVE,train,animo4d_L4_safe,animo4d_official_text,present,False,PZ_Wild_Water_Buffalo_Female_wild_water_buffalo_female__animationmotionextractedfighting_maniset270a1699__wild_water_buffalo_female_fightchaseoff_1.npy,The female water buffalo fights and then chases off the intruder,3
P1,P1_OVER_NARRATIVE,train,animo4d_L4_safe,animo4d_official_text,present,False,PZ_Wild_Water_Buffalo_Female_wild_water_buffalo_female__animationmotionextractedfighting_maniset270a1699__wild_water_buffalo_female_fighttauntreact_4.npy,The female water buffalo fights taunts her opponent and then reacts swiftly,3
P1,P1_OVER_NARRATIVE,train,animo4d_L4_safe,animo4d_official_text,present,False,PZ_Wild_Water_Buffalo_Female_wild_water_buffalo_female__animationnotmotionextractedbehaviour_maniseta682d185__wild_water_buffalo_female_fightchaseoff_57.npy,The female water buffalo fights and then chases off the intruder,3
P1,P1_OVER_NARRATIVE,train,animo4d_L4_safe,animo4d_official_text,present,False,PZ_Wild_Water_Buffalo_Female_wild_water_buffalo_female__animationnotmotionextractedbehaviour_maniseta682d185__wild_water_buffalo_female_fighttaunt_60.npy,The female water buffalo fights and then taunts her opponent,3
P1,P1_OVER_NARRATIVE,train,animo4d_L4_safe,animo4d_official_text,present,False,PZ_Wild_Water_Buffalo_Female_wild_water_buffalo_female__animationnotmotionextractedfighting_maniset41c1899b__wild_water_buffalo_female_fightchaseoff_112.npy,The female water buffalo fights and then chases off the intruder,3
P1,P1_OVER_NARRATIVE,train,animo4d_L4_safe,animo4d_official_text,present,False,PZ_Wild_Water_Buffalo_Female_wild_water_buffalo_female__animationnotmotionextractedfighting_maniset41c1899b__wild_water_buffalo_female_fighttaunt_115.npy,The female water buffalo fights and then taunts her opponent,3
P1,P1_OVER_NARRATIVE,train,animo4d_L4_safe,animo4d_official_text,present,False,PZ_Wild_Water_Buffalo_Female_wild_water_buffalo_female__animationnotmotionextractedfighting_maniset41c1899b__wild_water_buffalo_female_fighttauntreact_116.npy,The female water buffalo fights taunts her opponent and then reacts swiftly,3
P1,P1_OVER_NARRATIVE,train,animo4d_L4_safe,animo4d_official_text,present,False,PZ_Wild_Water_Buffalo_Female_wild_water_buffalo_female__animationnotmotionextractedfighting_maniset41c1899b__wild_water_buffalo_female_fightvictorytaunt_117.npy,The female water buffalo fights wins and then taunts her opponent,3
P1,P1_OVER_NARRATIVE,train,animo4d_L4_safe,animo4d_official_text,present,False,PZ_Wild_Water_Buffalo_Female_wild_water_buffalo_female__animationnotmotionextractedlocomotion_manisetedd68f81__wild_water_buffalo_female_fighttauntreact_170.npy,The female water buffalo fights taunts and then reacts swiftly,3
P1,P1_OVER_NARRATIVE,train,animo4d_L4_safe,animo4d_official_text,present,False,PZ_Wild_Water_Buffalo_Female_wild_water_buffalo_female__animationnotmotionextractedlocomotion_manisetedd68f81__wild_water_buffalo_female_fightvictorytaunt_172.npy,The female water buffalo fights wins and then taunts her defeated opponent,3
P1,P1_SOURCE_ACTION_ARTIFACT,train,animo4d_L4_safe,animo4d_official_text,present,False,PZ_Wild_Water_Buffalo_Female_wild_water_buffalo_female__animationnotmotionextractedlocomotion_manisetedd68f81__wild_water_buffalo_female_standgimmick01_189.npy,The female water buffalo stands still and then performs a small playful gimmick,3
P1,P1_SOURCE_ACTION_ARTIFACT,train,animo4d_L4_safe,animo4d_official_text,present,False,PZ_Wild_Water_Buffalo_Juvenile_wild_water_buffalo_juvenile__animationnotmotionextractedbehaviour_maniset8a58125d__wild_water_buffalo_juvenile_standgimmick01_52.npy,The juvenile water buffalo stands still as a gimmick,3
P1,P1_SOURCE_ACTION_ARTIFACT,train,animo4d_L4_safe,animo4d_official_text,present,False,PZ_Wild_Water_Buffalo_Juvenile_wild_water_buffalo_juvenile__animationnotmotionextractedfighting_manisetd120b473__wild_water_buffalo_juvenile_standgimmick01_97.npy,The juvenile water buffalo stands still as a gimmick,3
P1,P1_OVER_NARRATIVE,train,animo4d_L4_safe,animo4d_official_text,present,False,PZ_Wild_Water_Buffalo_Male_wild_water_buffalo_male__animationmotionextractedfighting_maniset4e99b80e__wild_water_buffalo_male_fightchaseoff_2.npy,The male water buffalo fights and then chases off the intruder,3
P1,P1_OVER_NARRATIVE,train,animo4d_L4_safe,animo4d_official_text,present,False,PZ_Wild_Water_Buffalo_Male_wild_water_buffalo_male__animationmotionextractedfighting_maniset4e99b80e__wild_water_buffalo_male_fighttaunt_6.npy,The male water buffalo fights and then taunts its opponent,3
P1,P1_OVER_NARRATIVE,train,animo4d_L4_safe,animo4d_official_text,present,False,PZ_Wild_Water_Buffalo_Male_wild_water_buffalo_male__animationmotionextractedfighting_maniset4e99b80e__wild_water_buffalo_male_fighttauntreact_7.npy,The male water buffalo fights taunts and then reacts aggressively,3
P1,P1_OVER_NARRATIVE,train,animo4d_L4_safe,animo4d_official_text,present,False,PZ_Wild_Water_Buffalo_Male_wild_water_buffalo_male__animationmotionextractedlocomotion_maniset7e462494__wild_water_buffalo_male_fightchaseoff_9.npy,The male water buffalo fights and then chases off the opponent,3
P1,P1_OVER_NARRATIVE,train,animo4d_L4_safe,animo4d_official_text,present,False,PZ_Wild_Water_Buffalo_Male_wild_water_buffalo_male__animationmotionextractedlocomotion_maniset7e462494__wild_water_buffalo_male_fighttaunt_13.npy,The male water buffalo fights and then taunts its opponent,3
P1,P1_OVER_NARRATIVE,train,animo4d_L4_safe,animo4d_official_text,present,False,PZ_Wild_Water_Buffalo_Male_wild_water_buffalo_male__animationmotionextractedlocomotion_maniset7e462494__wild_water_buffalo_male_fighttauntreact_14.npy,The male water buffalo fights taunts and then reacts aggressively,3
P1,P1_OVER_NARRATIVE,train,animo4d_L4_safe,animo4d_official_text,present,False,PZ_Wild_Water_Buffalo_Male_wild_water_buffalo_male__animationnotmotionextractedbehaviour_maniset6d0317fa__wild_water_buffalo_male_fightchaseoff_72.npy,The male water buffalo fights and then chases off the intruder,3
P1,P1_OVER_NARRATIVE,train,animo4d_L4_safe,animo4d_official_text,present,False,PZ_Wild_Water_Buffalo_Male_wild_water_buffalo_male__animationnotmotionextractedbehaviour_maniset6d0317fa__wild_water_buffalo_male_fighttaunt_76.npy,The male water buffalo fights and then taunts its opponent,3
P1,P1_OVER_NARRATIVE,train,animo4d_L4_safe,animo4d_official_text,present,False,PZ_Wild_Water_Buffalo_Male_wild_water_buffalo_male__animationnotmotionextractedbehaviour_maniset6d0317fa__wild_water_buffalo_male_fighttauntreact_77.npy,The male water buffalo fights taunts its opponent and then reacts with a powerful charge,3
P1,P1_SOURCE_ACTION_ARTIFACT,train,animo4d_L4_safe,animo4d_official_text,present,False,PZ_Wild_Water_Buffalo_Male_wild_water_buffalo_male__animationnotmotionextractedbehaviour_maniset6d0317fa__wild_water_buffalo_male_standgimmick01_94.npy,The male water buffalo stands still as a gimmick,3
P1,P1_OVER_NARRATIVE,train,animo4d_L4_safe,animo4d_official_text,present,False,PZ_Wild_Water_Buffalo_Male_wild_water_buffalo_male__animationnotmotionextractedfighting_maniset2723aed0__wild_water_buffalo_male_fightchaseoff_148.npy,The male water buffalo fights and then chases off the intruder,3
P1,P1_OVER_NARRATIVE,train,animo4d_L4_safe,animo4d_official_text,present,False,PZ_Wild_Water_Buffalo_Male_wild_water_buffalo_male__animationnotmotionextractedfighting_maniset2723aed0__wild_water_buffalo_male_fighttaunt_152.npy,The male water buffalo fights and then taunts its opponent,3
P1,P1_OVER_NARRATIVE,train,animo4d_L4_safe,animo4d_official_text,present,False,PZ_Wild_Water_Buffalo_Male_wild_water_buffalo_male__animationnotmotionextractedfighting_maniset2723aed0__wild_water_buffalo_male_fightvictorytaunt_155.npy,The male water buffalo fights wins and then taunts its opponent,3
P1,P1_OVER_NARRATIVE,train,animo4d_L4_safe,animo4d_official_text,present,False,PZ_Wild_Water_Buffalo_Male_wild_water_buffalo_male__animationnotmotionextractedlocomotion_maniset55824736__wild_water_buffalo_male_fightvictorytaunt_213.npy,The male water buffalo fights wins and then taunts its opponent,3
P1,P1_SOURCE_ACTION_ARTIFACT,train,animo4d_L4_safe,animo4d_official_text,present,False,PZ_Wild_Water_Buffalo_Male_wild_water_buffalo_male__animationnotmotionextractedlocomotion_maniset55824736__wild_water_buffalo_male_standgimmick01_227.npy,The male water buffalo stands still as part of a gimmick,3
P1,P1_OVER_NARRATIVE,train,animo4d_L4_safe,animo4d_official_text,present,False,PZ_Wisent_Juvenile_wisent_juvenile__animationnotmotionextractedbehaviour_manisetf7306a04__wisent_juvenile_fighttaunt_43.npy,The juvenile wisent fights and then taunts its opponent,3
P1,P1_OVER_NARRATIVE,train,animo4d_L4_safe,animo4d_official_text,present,False,PZ_Wisent_Juvenile_wisent_juvenile__animationnotmotionextractedfighting_maniset4ce0f65a__wisent_juvenile_fightvictorytaunt_95.npy,The juvenile wisent fights achieves victory and then taunts its opponent,3
P1,P1_OVER_NARRATIVE,train,animo4d_L4_safe,animo4d_official_text,present,False,PZ_Wisent_Juvenile_wisent_juvenile__animationnotmotionextractedlocomotion_maniset204c43c0__wisent_juvenile_fightchaseoff_145.npy,The juvenile wisent fights and then chases off its rival,3
P1,P1_OVER_NARRATIVE,train,animo4d_L4_safe,animo4d_official_text,present,False,PZ_Wisent_Juvenile_wisent_juvenile__animationnotmotionextractedlocomotion_maniset204c43c0__wisent_juvenile_fighttaunt_148.npy,The juvenile wisent fights and then taunts its opponent,3
P1,P1_OVER_NARRATIVE,train,animo4d_L4_safe,animo4d_official_text,present,False,PZ_Wisent_Male_wisent_male__animationmotionextractedbehaviour_maniset393765df__wisent_male_fighttauntreact_8.npy,The male wisent fights taunts and then reacts swiftly,3
P1,P1_OVER_NARRATIVE,train,animo4d_L4_safe,animo4d_official_text,present,False,PZ_Wisent_Male_wisent_male__animationmotionextractedbehaviour_maniset393765df__wisent_male_fightvictorytaunt_9.npy,The male wisent fights achieves victory and then taunts his defeated opponent,3
P1,P1_OVER_NARRATIVE,train,animo4d_L4_safe,animo4d_official_text,present,False,PZ_Wisent_Male_wisent_male__animationmotionextractedfighting_manisetc8381d35__wisent_male_fightchaseoff_90.npy,The male wisent fights and then chases off the intruder,3
P1,P1_OVER_NARRATIVE,train,animo4d_L4_safe,animo4d_official_text,present,False,PZ_Wisent_Male_wisent_male__animationmotionextractedfighting_manisetc8381d35__wisent_male_fighttaunt_95.npy,The male wisent fights and then taunts his opponent,3
P1,P1_OVER_NARRATIVE,train,animo4d_L4_safe,animo4d_official_text,present,False,PZ_Wisent_Male_wisent_male__animationmotionextractedfighting_manisetc8381d35__wisent_male_fightvictorytaunt_97.npy,The male wisent fights achieves victory and then taunts his defeated opponent,3
P1,P1_OVER_NARRATIVE,train,animo4d_L4_safe,animo4d_official_text,present,False,PZ_Wisent_Male_wisent_male__animationmotionextractedlocomotion_manisetbd50c53b__wisent_male_fightchaseoff_174.npy,The male wisent fights and then chases off the intruder,3
P1,P1_OVER_NARRATIVE,train,animo4d_L4_safe,animo4d_official_text,present,False,PZ_Wisent_Male_wisent_male__animationmotionextractedlocomotion_manisetbd50c53b__wisent_male_fighttaunt_179.npy,The male wisent fights and then taunts his opponent,3
P1,P1_OVER_NARRATIVE,train,animo4d_L4_safe,animo4d_official_text,present,False,PZ_Wisent_Male_wisent_male__animationmotionextractedlocomotion_manisetbd50c53b__wisent_male_fightvictorytaunt_181.npy,The male wisent fights achieves victory and then taunts his defeated opponent,3
P1,P1_OVER_NARRATIVE,train,animo4d_L4_safe,animo4d_official_text,present,False,PZ_Wisent_Male_wisent_male__animationnotmotionextractedbehaviour_maniset7c2bb421__wisent_male_fightchaseoff_257.npy,The male wisent fights and then chases off the intruder,3
P1,P1_OVER_NARRATIVE,train,animo4d_L4_safe,animo4d_official_text,present,False,PZ_Wisent_Male_wisent_male__animationnotmotionextractedbehaviour_maniset7c2bb421__wisent_male_fightflee_258.npy,The male wisent fights fiercely and then flees swiftly,3
P1,P1_OVER_NARRATIVE,train,animo4d_L4_safe,animo4d_official_text,present,False,PZ_Wisent_Male_wisent_male__animationnotmotionextractedbehaviour_maniset7c2bb421__wisent_male_fighttaunt_261.npy,The male wisent fights and then taunts its opponent,3
P1,P1_OVER_NARRATIVE,train,animo4d_L4_safe,animo4d_official_text,present,False,PZ_Wisent_Male_wisent_male__animationnotmotionextractedbehaviour_maniset7c2bb421__wisent_male_fighttauntreact_262.npy,The male wisent fights taunts and then reacts swiftly,3
P1,P1_OVER_NARRATIVE,train,animo4d_L4_safe,animo4d_official_text,present,False,PZ_Wisent_Male_wisent_male__animationnotmotionextractedbehaviour_maniset7c2bb421__wisent_male_fightvictorytaunt_263.npy,The male wisent fights achieves victory and then taunts his defeated opponent,3
P1,P1_OVER_NARRATIVE,train,animo4d_L4_safe,animo4d_official_text,present,False,PZ_Wisent_Male_wisent_male__animationnotmotionextractedfighting_maniset53591537__wisent_male_fightchaseoff_353.npy,The male wisent fights and then chases off the intruder,3
P1,P1_OVER_NARRATIVE,train,animo4d_L4_safe,animo4d_official_text,present,False,PZ_Wisent_Male_wisent_male__animationnotmotionextractedlocomotion_manisetd142891d__wisent_male_fightchaseoff_445.npy,The male wisent fights and then chases off the intruder,3
P1,P1_OVER_NARRATIVE,train,animo4d_L4_safe,animo4d_official_text,present,False,PZ_Wisent_Male_wisent_male__animationnotmotionextractedlocomotion_manisetd142891d__wisent_male_fighttaunt_449.npy,The male wisent fights and then taunts his opponent,3
P1,P1_OVER_NARRATIVE,train,animo4d_L4_safe,animo4d_official_text,present,False,PZ_Wisent_Male_wisent_male__animationnotmotionextractedlocomotion_manisetd142891d__wisent_male_fighttauntreact_450.npy,The male wisent fights taunts and then reacts swiftly,3
P1,P1_OVER_NARRATIVE,train,animo4d_L4_safe,animo4d_official_text,present,False,PZ_Wisent_Male_wisent_male__animationnotmotionextractedlocomotion_manisetd142891d__wisent_male_fightvictorytaunt_451.npy,The male wisent fights achieves victory and then taunts his defeated opponent,3
P1,P1_OVER_NARRATIVE,train,animo4d_L4_safe,animo4d_official_text,present,False,PZ_Wolverine_Juvenile_wolverine_juvenile__animationmotionextractedfighting_manisetc7286a9a__wolverine_juvenile_fightchaseoff_1.npy,The juvenile wolverine fights and then chases off its opponent,3
P1,P1_OVER_NARRATIVE;P2_GENERIC_CREATURE_CLASS,train,animo4d_L4_safe,animo4d_official_text,present,False,PZ_Wolverine_Juvenile_wolverine_juvenile__animationnotmotionextractedbehaviour_manisetce319686__wolverine_juvenile_fightchaseoff_82.npy,The juvenile wolverine fights and then chases off its opponent,3
P1,P1_SOURCE_ACTION_ARTIFACT,train,animo4d_L4_safe,animo4d_official_text,present,False,PZ_Wolverine_Juvenile_wolverine_juvenile__animationnotmotionextractedbehaviour_manisetce319686__wolverine_juvenile_standgimmick01_93.npy,The juvenile wolverine stands still as a gimmick,3
P1,P1_OVER_NARRATIVE,train,animo4d_L4_safe,animo4d_official_text,present,False,PZ_Wolverine_Juvenile_wolverine_juvenile__animationnotmotionextractedfighting_maniset69491a5c__wolverine_juvenile_fighttaunt_148.npy,The juvenile wolverine fights and then taunts its opponent,3
P1,P1_OVER_NARRATIVE,train,animo4d_L4_safe,animo4d_official_text,present,False,PZ_Wolverine_Juvenile_wolverine_juvenile__animationnotmotionextractedfighting_maniset69491a5c__wolverine_juvenile_fighttauntreact_149.npy,The juvenile wolverine fights taunts and then reacts swiftly,3
P1,P1_OVER_NARRATIVE,train,animo4d_L4_safe,animo4d_official_text,present,False,PZ_Wolverine_Juvenile_wolverine_juvenile__animationnotmotionextractedfighting_maniset69491a5c__wolverine_juvenile_fighttostand_150.npy,The juvenile wolverine fights and then stands still,3
P1,P1_OVER_NARRATIVE,train,animo4d_L4_safe,animo4d_official_text,present,False,PZ_Wolverine_Juvenile_wolverine_juvenile__animationnotmotionextractedlocomotion_manisetbc4a98c2__wolverine_juvenile_fighttaunt_229.npy,The juvenile wolverine fights and then taunts its opponent,3
P1,P1_SOURCE_ACTION_ARTIFACT,train,animo4d_L4_safe,animo4d_official_text,present,False,PZ_Wolverine_Juvenile_wolverine_juvenile__animationnotmotionextractedlocomotion_manisetbc4a98c2__wolverine_juvenile_standgimmick01_251.npy,The juvenile wolverine stands still as a gimmick,3
P1,P1_OVER_NARRATIVE;P2_GENERIC_CREATURE_CLASS,train,animo4d_L4_safe,animo4d_official_text,present,False,PZ_Wolverine_Male_wolverine_male__animationmotionextractedbehaviour_maniset5a84a7e1__wolverine_male_fightchaseoff_51.npy,The male wolverine fights and then chases off the intruder,3
P1,P1_OVER_NARRATIVE,train,animo4d_L4_safe,animo4d_official_text,present,False,PZ_Wolverine_Male_wolverine_male__animationmotionextractedbehaviour_maniset5a84a7e1__wolverine_male_fighttaunt_54.npy,The male wolverine fights and then taunts its opponent,3
P1,P1_OVER_NARRATIVE,train,animo4d_L4_safe,animo4d_official_text,present,False,PZ_Wolverine_Male_wolverine_male__animationmotionextractedbehaviour_maniset5a84a7e1__wolverine_male_fightvictorytaunt_57.npy,The male wolverine fights emerges victorious and then taunts his defeated opponent,3
P1,P1_SOURCE_ACTION_ARTIFACT,train,animo4d_L4_safe,animo4d_official_text,present,False,PZ_Wolverine_Male_wolverine_male__animationmotionextractedbehaviour_maniset5a84a7e1__wolverine_male_standgimmick01_82.npy,The male wolverine stands still as part of its defensive gimmick,3
P1,P1_OVER_NARRATIVE,train,animo4d_L4_safe,animo4d_official_text,present,False,PZ_Wolverine_Male_wolverine_male__animationmotionextractedfighting_manisetb9e8f6b7__wolverine_male_fighttaunt_174.npy,The male wolverine fights and then taunts his opponent,3
P1,P1_SOURCE_ACTION_ARTIFACT,train,animo4d_L4_safe,animo4d_official_text,present,False,PZ_Wolverine_Male_wolverine_male__animationmotionextractedfighting_manisetb9e8f6b7__wolverine_male_standgimmick01_194.npy,The male wolverine stands still as part of its gimmick,3
P1,P1_OVER_NARRATIVE;P2_GENERIC_CREATURE_CLASS,train,animo4d_L4_safe,animo4d_official_text,present,False,PZ_Wolverine_Male_wolverine_male__animationmotionextractedfighting_pounce_manisetf4065549__wolverine_male_fightchaseoff_272.npy,The male wolverine fights and then chases off its opponent,3
P1,P1_SOURCE_ACTION_ARTIFACT,train,animo4d_L4_safe,animo4d_official_text,present,False,PZ_Wolverine_Male_wolverine_male__animationmotionextractedfighting_pounce_manisetf4065549__wolverine_male_standgimmick01_287.npy,The male wolverine stands still as part of its defensive gimmick,3
P1,P1_OVER_NARRATIVE,train,animo4d_L4_safe,animo4d_official_text,present,False,PZ_Wolverine_Male_wolverine_male__animationmotionextractedlocomotion_maniset66f68fbd__wolverine_male_fightchaseoff_352.npy,The male wolverine fights and then chases off its opponent,3
P1,P1_OVER_NARRATIVE,train,animo4d_L4_safe,animo4d_official_text,present,False,PZ_Wolverine_Male_wolverine_male__animationnotmotionextractedbehaviour_manisetc0d6efa3__wolverine_male_fightchaseoff_459.npy,The male wolverine fights and then chases off its opponent,3
P1,P1_OVER_NARRATIVE,train,animo4d_L4_safe,animo4d_official_text,present,False,PZ_Wolverine_Male_wolverine_male__animationnotmotionextractedfighting_manisetfd9b8839__wolverine_male_fightchaseoff_566.npy,The male wolverine fights and then chases off the intruder,3
P1,P1_OVER_NARRATIVE,train,animo4d_L4_safe,animo4d_official_text,present,False,PZ_Wolverine_Male_wolverine_male__animationnotmotionextractedfighting_manisetfd9b8839__wolverine_male_fighttauntreact_570.npy,The male wolverine fights taunts and then reacts swiftly,3
P1,P1_OVER_NARRATIVE,train,animo4d_L4_safe,animo4d_official_text,present,False,PZ_Wolverine_Male_wolverine_male__animationnotmotionextractedfighting_manisetfd9b8839__wolverine_male_fightvictorytaunt_572.npy,The male wolverine fights achieves victory and then taunts his defeated opponent,3
P1,P1_SOURCE_ACTION_ARTIFACT,train,animo4d_L4_safe,animo4d_official_text,present,False,PZ_Wolverine_Male_wolverine_male__animationnotmotionextractedfighting_manisetfd9b8839__wolverine_male_standgimmick01_590.npy,The male wolverine stands still as part of its hunting gimmick,3
P1,P1_OVER_NARRATIVE,train,animo4d_L4_safe,animo4d_official_text,present,False,PZ_Wolverine_Male_wolverine_male__animationnotmotionextractedlocomotion_manisetedaaad1f__wolverine_male_fightchaseoff_683.npy,The male wolverine fights and then chases off the intruder,3
P1,P1_OVER_NARRATIVE,train,animo4d_L4_safe,animo4d_official_text,present,False,PZ_Wolverine_Male_wolverine_male__animationnotmotionextractedlocomotion_manisetedaaad1f__wolverine_male_fightvictorytaunt_688.npy,The male wolverine fights achieves victory and then taunts its opponent,3
P1,P1_AI_DRAFT_REMAINING;P1_BAD_ARTICLE_A_ANIMAL;P2_ANIMAL_LEVEL_GENERIC;P2_GENERIC_CREATURE_CLASS,train,truebones,codex_draft_from_contact_sheets_and_action_name,codex_draft,True,Pigeon___FlyLoop_612.npy,A pigeon moves through a flying motion with its wings extended.,6
P1,P1_OVER_NARRATIVE;P2_ANIMAL_LEVEL_GENERIC;P2_GENERIC_CREATURE_CLASS,train,truebones,collected,present,False,PolarBear___Attack2_638.npy,An animal lifts its upper body and performs a smashing motion with its right front paw.,5
P1,P1_OVER_NARRATIVE;P2_ANIMAL_LEVEL_GENERIC;P2_GENERIC_CREATURE_CLASS,train,truebones,collected,present,False,PolarBear___Attack3_642.npy,An animal attacks by striking with its front paws.,5
P1,P1_OVER_NARRATIVE;P2_ANIMAL_LEVEL_GENERIC;P2_GENERIC_CREATURE_CLASS,train,truebones,collected,present,False,PolarBear___Attack_635.npy,An animal raises its front body and strikes down with its front paws in an attack.,5
P1,P1_OVER_NARRATIVE;P2_GENERIC_CREATURE_CLASS,train,truebones,collected,present,False,PolarBear___Die_639.npy,"A mother animal is attacked and collapses to the right, appearing lifeless.",5
P1,P1_OVER_NARRATIVE;P2_ANIMAL_LEVEL_GENERIC;P2_GENERIC_CREATURE_CLASS,train,truebones,collected,present,False,PolarBear___Idle2_633.npy,"An animal stands still, occasionally blinking while breathing calmly.",5
P1,P1_OVER_NARRATIVE;P2_ANIMAL_LEVEL_GENERIC;P2_GENERIC_CREATURE_CLASS,train,truebones,collected,present,False,PolarBear___Idle3_636.npy,An animal stands and looks around by moving its head and twitching its ears.,5
P1,P1_OVER_NARRATIVE;P2_ANIMAL_LEVEL_GENERIC;P2_GENERIC_CREATURE_CLASS,train,truebones,collected,present,False,PolarBear___Idle3_637.npy,An animal stands and looks around by moving its head and twitching its ears.,5
P1,P1_OVER_NARRATIVE;P2_ANIMAL_LEVEL_GENERIC;P2_GENERIC_CREATURE_CLASS,train,truebones,collected,present,False,PolarBear___Idle_634.npy,An animal stands firmly on all fours and roars forward.,5
P1,P1_OVER_NARRATIVE;P2_ANIMAL_LEVEL_GENERIC;P2_GENERIC_CREATURE_CLASS,train,truebones,collected,present,False,PolarBear___Walk_640.npy,An animal walks forward with its gaze fixed ahead.,5
P1,P1_OVER_NARRATIVE;P2_ANIMAL_LEVEL_GENERIC;P2_GENERIC_CREATURE_CLASS,train,truebones,collected,present,False,Raindeer___Attack_671.npy,An animal charges forward using its head and antlers to strike an opponent.,5
P1,P1_REST_POSE;P2_ANIMAL_LEVEL_GENERIC;P2_GENERIC_CREATURE_CLASS,train,truebones,collected,present,False,Raindeer___Idle_670.npy,Rest pose of an animal with widely spread antlers.,5
P1,P1_OVER_NARRATIVE;P2_ANIMAL_LEVEL_GENERIC,train,truebones,collected,present,False,Raptor2___BreatheIdle_719.npy,"An animal stands still, breathing, with its tail gently swaying.",5
P1,P1_OVER_NARRATIVE;P2_ANIMAL_LEVEL_GENERIC,train,truebones,collected,present,False,Raptor2___Clean_727.npy,An animal grooms itself while standing on two legs.,5
P1,P1_OVER_NARRATIVE;P2_ANIMAL_LEVEL_GENERIC,train,truebones,collected,present,False,Raptor2___Die2GetUp_728.npy,"An animal is hit on the left shoulder, falls, and quickly gets up to run again.",5
P1,P1_OVER_NARRATIVE;P2_ANIMAL_LEVEL_GENERIC,train,truebones,collected,present,False,Raptor2___DieGetUp_713.npy,"An animal is struck on its right side, falls to the left, but quickly gets back up.",5
P1,P1_OVER_NARRATIVE;P2_ANIMAL_LEVEL_GENERIC,train,truebones,collected,present,False,Raptor2___Die_714.npy,"An animal is struck, falls, and then stands back up.",5
P1,P1_OVER_NARRATIVE;P2_ANIMAL_LEVEL_GENERIC,train,truebones,collected,present,False,Raptor2___EatGrass_712.npy,An animal lowers its head to eat grass and then raises its head to survey its surroundings.,5
P1,P1_OVER_NARRATIVE;P2_ANIMAL_LEVEL_GENERIC,train,truebones,collected,present,False,Raptor2___Eat_692.npy,"An animal stands still, breathing, with its tail gently swaying.",5
P1,P1_OVER_NARRATIVE;P2_ANIMAL_LEVEL_GENERIC,train,truebones,collected,present,False,Raptor2___FallGetUp_723.npy,An animal falls sideways after a collision but quickly recovers and stands up.,5
P1,P1_OVER_NARRATIVE;P2_ANIMAL_LEVEL_GENERIC,train,truebones,collected,present,False,Raptor2___Fall_711.npy,"An animal runs forward, jumps over an obstacle, hits its head, falls, and quickly resumes running.",5
P1,P1_OVER_NARRATIVE;P2_ANIMAL_LEVEL_GENERIC,train,truebones,collected,present,False,Raptor2___FenceClimbFall_720.npy,An animal attempts to climb a fence but is struck by something and falls to the ground.,5
P1,P1_OVER_NARRATIVE;P2_ANIMAL_LEVEL_GENERIC,train,truebones,collected,present,False,Raptor2___IdleBiteApple_726.npy,"An animal stands with its left foot forward, looks up at an apple tree, and bites an apple near its face.",5
P1,P1_OVER_NARRATIVE,train,truebones,collected,present,False,Raptor2___IdleCurious_696.npy,"A curious animal investigates a shelf, moving its body and tail as it searches.",5
P1,P1_OVER_NARRATIVE,train,truebones,collected,present,False,Raptor2___IdleCurious_697.npy,"A curious animal investigates a shelf, moving its body and tail as it searches.",5
P1,P1_OVER_NARRATIVE;P2_ANIMAL_LEVEL_GENERIC,train,truebones,collected,present,False,Raptor2___IdleForward_706.npy,"An animal stands still, observing its surroundings.",5
P1,P1_OVER_NARRATIVE;P2_ANIMAL_LEVEL_GENERIC,train,truebones,collected,present,False,Raptor2___IdleLeft_724.npy,"An animal stands on two legs, twisting its body and head to the left while observing something.",5
P1,P1_OVER_NARRATIVE;P2_ANIMAL_LEVEL_GENERIC,train,truebones,collected,present,False,Raptor2___IdleLookLeft_717.npy,"An animal stands still, looking to the left to observe its surroundings.",5
P1,P1_OVER_NARRATIVE;P2_ANIMAL_LEVEL_GENERIC,train,truebones,collected,present,False,Raptor2___IdleLookRight_700.npy,"An animal stands with its left foot forward, looking to the right.",5
P1,P1_OVER_NARRATIVE;P2_ANIMAL_LEVEL_GENERIC,train,truebones,collected,present,False,Raptor2___IdleRight_707.npy,An animal is observing something to its right with a cautious posture.,5
P1,P1_OVER_NARRATIVE;P2_ANIMAL_LEVEL_GENERIC,train,truebones,collected,present,False,Raptor2___Idle_694.npy,"An animal stands still, observing its surroundings.",5
P1,P1_OVER_NARRATIVE;P2_ANIMAL_LEVEL_GENERIC,train,truebones,collected,present,False,Raptor2___JumpSpinRun_709.npy,"The animal jumps, spins right, and dashes forward.",5
P1,P1_OVER_NARRATIVE;P2_ANIMAL_LEVEL_GENERIC,train,truebones,collected,present,False,Raptor2___LeftHeadRun_705.npy,An animal lowers its body and sprints to chase prey it just missed.,5
P1,P1_OVER_NARRATIVE;P2_ANIMAL_LEVEL_GENERIC,train,truebones,collected,present,False,Raptor2___LeftRunBite_699.npy,An animal turns its head left to bite prey on its left side.,5
P1,P1_OVER_NARRATIVE;P2_ANIMAL_LEVEL_GENERIC,train,truebones,collected,present,False,Raptor2___ReverseRun_710.npy,An animal's forward running motion played in reverse.,5
P1,P1_OVER_NARRATIVE;P2_ANIMAL_LEVEL_GENERIC,train,truebones,collected,present,False,Raptor2___RightHeadRun_731.npy,An animal runs forward quickly with its head lowered and tail extended.,5
P1,P1_OVER_NARRATIVE;P2_ANIMAL_LEVEL_GENERIC,train,truebones,collected,present,False,Raptor2___RightRunBite_730.npy,"An animal walks forward with its head turned right, then bites something.",5
P1,P1_OVER_NARRATIVE,train,truebones,collected,present,False,Raptor2___RunFall_718.npy,"A running animal trips over a stone, rolls, and then gets back up.",5
P1,P1_OVER_NARRATIVE;P2_ANIMAL_LEVEL_GENERIC,train,truebones,collected,present,False,Raptor2___RunJumpBite_725.npy,"An animal runs forward, jumps, bites something in the air, and lands unsteadily.",5
P1,P1_OVER_NARRATIVE;P2_ANIMAL_LEVEL_GENERIC,train,truebones,collected,present,False,Raptor2___RunJumpFall_729.npy,"An animal runs forward, jumps over an obstacle, hits its head, falls, and quickly resumes running.",5
P1,P1_OVER_NARRATIVE;P2_ANIMAL_LEVEL_GENERIC,train,truebones,collected,present,False,Raptor2___RunJumpLandBack_708.npy,"An animal runs forward, jumps to catch something in the air, loses balance, and falls, then struggles and gets back up.",5
P1,P1_OVER_NARRATIVE;P2_ANIMAL_LEVEL_GENERIC,train,truebones,collected,present,False,Raptor2___RunJumpRoll_701.npy,"An animal runs forward, jumps to catch something in the air, loses balance, and rolls on the ground before getting back up.",5
P1,P1_OVER_NARRATIVE;P2_ANIMAL_LEVEL_GENERIC,train,truebones,collected,present,False,Raptor2___RunJump_722.npy,An animal runs forward and jumps over a large obstacle.,5
P1,P1_OVER_NARRATIVE;P2_ANIMAL_LEVEL_GENERIC,train,truebones,collected,present,False,Raptor2___RunScreamJump_695.npy,"An animal stops running, crouches, screams, jumps, and lands.",5
P1,P1_OVER_NARRATIVE;P2_ANIMAL_LEVEL_GENERIC,train,truebones,collected,present,False,Raptor2___RunToStopRoar2_693.npy,"An animal runs forward, suddenly stops, raises its front limbs, and roars loudly.",5
P1,P1_OVER_NARRATIVE;P2_ANIMAL_LEVEL_GENERIC,train,truebones,collected,present,False,Raptor2___RunToStopRoar_721.npy,"An animal runs forward, suddenly stops, and roars loudly.",5
P1,P1_OVER_NARRATIVE;P2_ANIMAL_LEVEL_GENERIC,train,truebones,collected,present,False,Raptor2___Run_716.npy,An animal turns its head left to bite prey on its left side.,5
P1,P1_OVER_NARRATIVE;P2_ANIMAL_LEVEL_GENERIC,train,truebones,collected,present,False,Raptor2___SpinRun_702.npy,"The animal jumps, spins right, and dashes forward.",5
P1,P1_OVER_NARRATIVE;P2_ANIMAL_LEVEL_GENERIC,train,truebones,collected,present,False,Raptor2___Stride_703.npy,"An animal sprints forward with its head lowered and tail extended, achieving a horizontal body posture.",5
P1,P1_OVER_NARRATIVE;P2_ANIMAL_LEVEL_GENERIC,train,truebones,collected,present,False,Raptor2___Walk_715.npy,The animal walks slowly forward with its head facing forward and tail extended back.,5
P1,P1_OVER_NARRATIVE;P2_ANIMAL_LEVEL_GENERIC,train,truebones,collected,present,False,Raptor3___BarkForward_742.npy,"The animal steps back with its right foot and then lunges forward to bite, using its tail for balance.",5
P1,P1_OVER_NARRATIVE;P2_ANIMAL_LEVEL_GENERIC,train,truebones,collected,present,False,Raptor3___LeftPuke_743.npy,"An animal tilts its head, neck, and torso to the left and moves its right foot backward, then turns its body to the left while its tail moves dynamically.",5
P1,P1_OVER_NARRATIVE;P2_ANIMAL_LEVEL_GENERIC,train,truebones,collected,present,False,Raptor3___MeanLEft_744.npy,"An animal turns its head left, steps forward with its right foot, and roars to the left.",5
P1,P1_OVER_NARRATIVE;P2_ANIMAL_LEVEL_GENERIC,train,truebones,collected,present,False,Raptor3___MeanRight_735.npy,"An animal lowers its upper body, moves its right foot back, then forward, and roars while keeping its head turned to the right.",5
P1,P1_OVER_NARRATIVE;P2_ANIMAL_LEVEL_GENERIC,train,truebones,collected,present,False,Raptor3___RoarLeft_732.npy,An animal briefly roars while extending its right foot forward.,5
P1,P1_OVER_NARRATIVE;P2_ANIMAL_LEVEL_GENERIC,train,truebones,collected,present,False,Raptor3___RoarRight_733.npy,"An animal turns its head left, steps forward with its right foot, and roars.",5
P1,P1_OVER_NARRATIVE;P2_ANIMAL_LEVEL_GENERIC,train,truebones,collected,present,False,Raptor3___StepLeft_738.npy,"An animal turns its head left, steps forward with its right foot, and roars.",5
P1,P1_OVER_NARRATIVE;P2_ANIMAL_LEVEL_GENERIC,train,truebones,collected,present,False,Raptor3___StepRight_734.npy,An animal steps forward with its right foot and roars at something.,5
P1,P1_OVER_NARRATIVE;P2_ANIMAL_LEVEL_GENERIC,train,truebones,collected,present,False,Raptor3___StepRoar_739.npy,An animal steps forward with its right foot and roars forward.,5
P1,P1_OVER_NARRATIVE;P2_ANIMAL_LEVEL_GENERIC,train,truebones,collected,present,False,Raptor3___Yell_740.npy,"An animal roars loudly, stepping forward and extending its neck and tail.",5
P1,P1_OVER_NARRATIVE;P2_ANIMAL_LEVEL_GENERIC,train,truebones,collected,present,False,Raptor3___roarforward_736.npy,An animal turns its head forward and roars after stepping forward with its right foot.,5
P1,P1_OVER_NARRATIVE;P2_ANIMAL_LEVEL_GENERIC,train,truebones,collected,present,False,Raptor3___run_741.npy,"An animal runs swiftly with its head and torso lowered, and its tail extended backward.",5
P1,P1_OVER_NARRATIVE;P2_ANIMAL_LEVEL_GENERIC,train,truebones,collected,present,False,Raptor___Attack_682.npy,The animal lunges and thrusts its head forward in an aggressive attack.,5
P1,P1_OVER_NARRATIVE;P2_ANIMAL_LEVEL_GENERIC,train,truebones,collected,present,False,Raptor___Die_688.npy,"An animal is attacked, stumbles backward, and falls dead.",5
P1,P1_OVER_NARRATIVE;P2_ANIMAL_LEVEL_GENERIC,train,truebones,collected,present,False,Raptor___HeadSmash_691.npy,An animal performs a head smash by moving its head from left downwards to right upwards.,5
P1,P1_OVER_NARRATIVE;P2_ANIMAL_LEVEL_GENERIC,train,truebones,collected,present,False,Raptor___Idle2_679.npy,"An animal stands still on two legs, subtly moving its head, neck, and tail.",5
P1,P1_OVER_NARRATIVE;P2_ANIMAL_LEVEL_GENERIC,train,truebones,collected,present,False,Raptor___Idle_680.npy,"An animal stands still with its left foot forward, breathing visibly.",5
P1,P1_OVER_NARRATIVE;P2_ANIMAL_LEVEL_GENERIC,train,truebones,collected,present,False,Raptor___Idle_681.npy,"An animal stands still with its left foot forward, breathing visibly.",5
P1,P1_OVER_NARRATIVE;P2_ANIMAL_LEVEL_GENERIC,train,truebones,collected,present,False,Raptor___LegScratch_686.npy,An animal lifts its right foot to scratch its right ear.,5
P1,P1_OVER_NARRATIVE;P2_ANIMAL_LEVEL_GENERIC,train,truebones,collected,present,False,Raptor___LegScratch_687.npy,An animal lifts its right foot to scratch its right ear.,5
P1,P1_OVER_NARRATIVE;P2_ANIMAL_LEVEL_GENERIC,train,truebones,collected,present,False,Raptor___Roar_685.npy,An animal roars by raising its head and opening its mouth.,5
P1,P1_OVER_NARRATIVE;P2_ANIMAL_LEVEL_GENERIC,train,truebones,collected,present,False,Raptor___SlowWalk_690.npy,"An animal slowly walks forward, swinging its tail side to side.",5
P1,P1_OVER_NARRATIVE;P2_ANIMAL_LEVEL_GENERIC,train,truebones,collected,present,False,Raptor___Yawn_683.npy,"An animal stands still, occasionally moving its tail, and yawns by lifting its head skyward.",5
P1,P1_OVER_NARRATIVE;P2_ANIMAL_LEVEL_GENERIC,train,truebones,collected,present,False,Raptor___Yawn_684.npy,"An animal stands still, occasionally moving its tail, and yawns by lifting its head skyward.",5
P1,P1_AI_DRAFT_REMAINING;P1_BAD_ARTICLE_A_ANIMAL;P2_ANIMAL_LEVEL_GENERIC;P2_GENERIC_CREATURE_CLASS,train,truebones,codex_draft_from_contact_sheets_and_action_name,codex_draft,True,Rat___Trottle_749.npy,A rat trots through a short gait cycle.,6
P1,P1_AI_DRAFT_REMAINING;P1_BAD_ARTICLE_A_ANIMAL;P2_ANIMAL_LEVEL_GENERIC;P2_GENERIC_CREATURE_CLASS,train,truebones,codex_draft_from_contact_sheets_and_action_name,codex_draft,True,Roach___Fall_767.npy,A roach collapses or falls into a low pose.,6
P1,P1_AI_DRAFT_REMAINING;P1_BAD_ARTICLE_A_ANIMAL;P2_ANIMAL_LEVEL_GENERIC;P2_GENERIC_CREATURE_CLASS,train,truebones,codex_draft_from_contact_sheets_and_action_name,codex_draft,True,Roach___Hop_765.npy,A roach performs a short hop movement.,6
P1,P1_AI_DRAFT_REMAINING;P1_BAD_ARTICLE_A_ANIMAL;P2_ANIMAL_LEVEL_GENERIC;P2_GENERIC_CREATURE_CLASS,train,truebones,codex_draft_from_contact_sheets_and_action_name,codex_draft,True,Roach___Left_761.npy,A roach turns left while keeping its body balanced.,6
P1,P1_AI_DRAFT_REMAINING;P1_BAD_ARTICLE_A_ANIMAL;P2_ANIMAL_LEVEL_GENERIC;P2_GENERIC_CREATURE_CLASS,train,truebones,codex_draft_from_contact_sheets_and_action_name,codex_draft,True,Roach___Scurry_762.npy,A roach runs through a short gait cycle.,6
P1,P1_AI_DRAFT_REMAINING;P1_BAD_ARTICLE_A_ANIMAL;P2_ANIMAL_LEVEL_GENERIC;P2_GENERIC_CREATURE_CLASS,train,truebones,codex_draft_from_contact_sheets_and_action_name,codex_draft,True,Roach___TurnLeft_771.npy,A roach turns left while keeping its body balanced.,6
P1,P1_AI_DRAFT_REMAINING;P1_BAD_ARTICLE_A_ANIMAL;P2_ANIMAL_LEVEL_GENERIC;P2_GENERIC_CREATURE_CLASS,train,truebones,codex_draft_from_contact_sheets_and_action_name,codex_draft,True,Roach___TurnRight_764.npy,A roach turns right while keeping its body balanced.,6
P1,P1_AI_DRAFT_REMAINING;P1_BAD_ARTICLE_A_ANIMAL;P2_ANIMAL_LEVEL_GENERIC;P2_GENERIC_CREATURE_CLASS,train,truebones,codex_draft_from_contact_sheets_and_action_name,codex_draft,True,SabreToothTiger___180Flip_777.npy,A sabre-tooth tiger turns around while keeping its body balanced.,6
P1,P1_OVER_NARRATIVE;P2_ANIMAL_LEVEL_GENERIC;P2_GENERIC_CREATURE_CLASS,train,truebones,collected,present,False,SabreToothTiger___Cowering2_784.npy,The animal cowers and steps backward in fear.,5
P1,P1_OVER_NARRATIVE;P2_ANIMAL_LEVEL_GENERIC;P2_GENERIC_CREATURE_CLASS,train,truebones,collected,present,False,SabreToothTiger___Cowering_791.npy,The animal cowers and steps backward in fear.,5
P1,P1_OVER_NARRATIVE;P2_ANIMAL_LEVEL_GENERIC;P2_GENERIC_CREATURE_CLASS,train,truebones,collected,present,False,SabreToothTiger___PawSwatting_815.npy,An animal swats its opponent multiple times with its right front paw.,5
P1,P1_AI_DRAFT_REMAINING;P1_BAD_ARTICLE_A_ANIMAL;P2_ANIMAL_LEVEL_GENERIC;P2_GENERIC_CREATURE_CLASS,train,truebones,codex_draft_from_contact_sheets_and_action_name,codex_draft,True,SabreToothTiger___Run2_795.npy,A sabre-tooth tiger runs through a short gait cycle.,6
P1,P1_AI_DRAFT_REMAINING;P1_BAD_ARTICLE_A_ANIMAL;P2_ANIMAL_LEVEL_GENERIC;P2_GENERIC_CREATURE_CLASS,train,truebones,codex_draft_from_contact_sheets_and_action_name,codex_draft,True,SabreToothTiger___Run_799.npy,A sabre-tooth tiger runs through a short gait cycle.,6
P1,P1_OVER_NARRATIVE;P2_GENERIC_CREATURE_CLASS,train,truebones,collected,present,False,SabreToothTiger___Snap_802.npy,An angry animal expresses its rage by stomping its left front paw and then fiercely bites its opponent.,5
P1,P1_AI_DRAFT_REMAINING;P1_BAD_ARTICLE_A_ANIMAL;P2_ANIMAL_LEVEL_GENERIC;P2_GENERIC_CREATURE_CLASS,train,truebones,codex_draft_from_contact_sheets_and_action_name,codex_draft,True,SabreToothTiger___StartLeft_783.npy,A sabre-tooth tiger turns left while keeping its body balanced.,6
P1,P1_AI_DRAFT_REMAINING;P1_BAD_ARTICLE_A_ANIMAL;P2_ANIMAL_LEVEL_GENERIC;P2_GENERIC_CREATURE_CLASS,train,truebones,codex_draft_from_contact_sheets_and_action_name,codex_draft,True,SabreToothTiger___Startwalk_800.npy,A sabre-tooth tiger walks through a short gait cycle.,6
P1,P1_AI_DRAFT_REMAINING;P1_BAD_ARTICLE_A_ANIMAL;P2_ANIMAL_LEVEL_GENERIC;P2_GENERIC_CREATURE_CLASS,train,truebones,codex_draft_from_contact_sheets_and_action_name,codex_draft,True,SabreToothTiger___TurnLeft_811.npy,A sabre-tooth tiger turns left while keeping its body balanced.,6
P1,P1_AI_DRAFT_REMAINING;P1_BAD_ARTICLE_A_ANIMAL;P2_ANIMAL_LEVEL_GENERIC;P2_GENERIC_CREATURE_CLASS,train,truebones,codex_draft_from_contact_sheets_and_action_name,codex_draft,True,SandMouse___Run_826.npy,A sand mouse runs through a short gait cycle.,6
P1,P1_AI_DRAFT_REMAINING;P1_BAD_ARTICLE_A_ANIMAL;P2_ANIMAL_LEVEL_GENERIC;P2_GENERIC_CREATURE_CLASS,train,truebones,codex_draft_from_contact_sheets_and_action_name,codex_draft,True,Scorpion-2___Attack_Retreat_845.npy,A scorpion lunges or strikes in an attack motion.,5
P1,P1_AI_DRAFT_REMAINING;P1_BAD_ARTICLE_A_ANIMAL;P2_ANIMAL_LEVEL_GENERIC;P2_GENERIC_CREATURE_CLASS,train,truebones,codex_draft_from_contact_sheets_and_action_name,codex_draft,True,Scorpion-2___Back_Up_879.npy,A scorpion performs a short back up movement.,5
P1,P1_AI_DRAFT_REMAINING;P1_BAD_ARTICLE_A_ANIMAL;P2_ANIMAL_LEVEL_GENERIC;P2_GENERIC_CREATURE_CLASS,train,truebones,codex_draft_from_contact_sheets_and_action_name,codex_draft,True,Scorpion-2___Back_confused_859.npy,A scorpion makes an expressive body gesture.,5
P1,P1_AI_DRAFT_REMAINING;P1_BAD_ARTICLE_A_ANIMAL;P2_ANIMAL_LEVEL_GENERIC;P2_GENERIC_CREATURE_CLASS,train,truebones,codex_draft_from_contact_sheets_and_action_name,codex_draft,True,Scorpion-2___Backing_Crazy_852.npy,A scorpion performs a short backing crazy movement.,5
P1,P1_AI_DRAFT_REMAINING;P1_BAD_ARTICLE_A_ANIMAL;P2_ANIMAL_LEVEL_GENERIC;P2_GENERIC_CREATURE_CLASS,train,truebones,codex_draft_from_contact_sheets_and_action_name,codex_draft,True,Scorpion-2___Belly_Death_858.npy,A scorpion collapses or falls into a low pose.,5
P1,P1_AI_DRAFT_REMAINING;P1_BAD_ARTICLE_A_ANIMAL;P2_ANIMAL_LEVEL_GENERIC;P2_GENERIC_CREATURE_CLASS,train,truebones,codex_draft_from_contact_sheets_and_action_name,codex_draft,True,Scorpion-2___Belly_death_1_849.npy,A scorpion collapses or falls into a low pose.,5
P1,P1_AI_DRAFT_REMAINING;P1_BAD_ARTICLE_A_ANIMAL;P2_ANIMAL_LEVEL_GENERIC;P2_GENERIC_CREATURE_CLASS,train,truebones,codex_draft_from_contact_sheets_and_action_name,codex_draft,True,Scorpion-2___Bite_Attack_883.npy,A scorpion snaps or bites forward.,5
P1,P1_AI_DRAFT_REMAINING;P1_BAD_ARTICLE_A_ANIMAL;P2_ANIMAL_LEVEL_GENERIC;P2_GENERIC_CREATURE_CLASS,train,truebones,codex_draft_from_contact_sheets_and_action_name,codex_draft,True,Scorpion-2___Bite_Grab_864.npy,A scorpion snaps or bites forward.,5
P1,P1_AI_DRAFT_REMAINING;P1_BAD_ARTICLE_A_ANIMAL;P2_ANIMAL_LEVEL_GENERIC;P2_GENERIC_CREATURE_CLASS,train,truebones,codex_draft_from_contact_sheets_and_action_name,codex_draft,True,Scorpion-2___Blasted_Death_853.npy,A scorpion collapses or falls into a low pose.,5
P1,P1_AI_DRAFT_REMAINING;P1_BAD_ARTICLE_A_ANIMAL;P2_ANIMAL_LEVEL_GENERIC;P2_GENERIC_CREATURE_CLASS,train,truebones,codex_draft_from_contact_sheets_and_action_name,codex_draft,True,Scorpion-2___Death_2_863.npy,A scorpion collapses or falls into a low pose.,5
P1,P1_AI_DRAFT_REMAINING;P1_BAD_ARTICLE_A_ANIMAL;P2_ANIMAL_LEVEL_GENERIC;P2_GENERIC_CREATURE_CLASS,train,truebones,codex_draft_from_contact_sheets_and_action_name,codex_draft,True,Scorpion-2___Hasppy_Fangs_860.npy,A scorpion holds an idle pose with small body adjustments.,5
P1,P1_AI_DRAFT_REMAINING;P1_BAD_ARTICLE_A_ANIMAL;P2_ANIMAL_LEVEL_GENERIC;P2_GENERIC_CREATURE_CLASS,train,truebones,codex_draft_from_contact_sheets_and_action_name,codex_draft,True,Scorpion-2___Hit_and_Sorr_867.npy,A scorpion strikes forward with its body.,5
P1,P1_AI_DRAFT_REMAINING;P1_BAD_ARTICLE_A_ANIMAL;P2_ANIMAL_LEVEL_GENERIC;P2_GENERIC_CREATURE_CLASS,train,truebones,codex_draft_from_contact_sheets_and_action_name,codex_draft,True,Scorpion-2___Jump_Sting_882.npy,A scorpion lunges and strikes with a stinging motion.,5
P1,P1_AI_DRAFT_REMAINING;P1_BAD_ARTICLE_A_ANIMAL;P2_ANIMAL_LEVEL_GENERIC;P2_GENERIC_CREATURE_CLASS,train,truebones,codex_draft_from_contact_sheets_and_action_name,codex_draft,True,Scorpion-2___Limp_Alive_857.npy,A scorpion performs a short limp alive movement.,5
P1,P1_AI_DRAFT_REMAINING;P1_BAD_ARTICLE_A_ANIMAL;P2_ANIMAL_LEVEL_GENERIC;P2_GENERIC_CREATURE_CLASS,train,truebones,codex_draft_from_contact_sheets_and_action_name,codex_draft,True,Scorpion-2___Lunge_Forward_862.npy,A scorpion lunges or strikes in an attack motion.,5
P1,P1_AI_DRAFT_REMAINING;P1_BAD_ARTICLE_A_ANIMAL;P2_ANIMAL_LEVEL_GENERIC;P2_GENERIC_CREATURE_CLASS,train,truebones,codex_draft_from_contact_sheets_and_action_name,codex_draft,True,Scorpion-2___On_back_Dying_847.npy,A scorpion collapses or falls into a low pose.,5
P1,P1_AI_DRAFT_REMAINING;P1_BAD_ARTICLE_A_ANIMAL;P2_ANIMAL_LEVEL_GENERIC;P2_GENERIC_CREATURE_CLASS,train,truebones,codex_draft_from_contact_sheets_and_action_name,codex_draft,True,Scorpion-2___Pissed_Fangs_848.npy,A scorpion holds an idle pose with small body adjustments.,5
P1,P1_AI_DRAFT_REMAINING;P1_BAD_ARTICLE_A_ANIMAL;P2_ANIMAL_LEVEL_GENERIC;P2_GENERIC_CREATURE_CLASS,train,truebones,codex_draft_from_contact_sheets_and_action_name,codex_draft,True,Scorpion-2___Rising_Walk_880.npy,A scorpion walks through a short gait cycle.,5
P1,P1_AI_DRAFT_REMAINING;P1_BAD_ARTICLE_A_ANIMAL;P2_ANIMAL_LEVEL_GENERIC;P2_GENERIC_CREATURE_CLASS,train,truebones,codex_draft_from_contact_sheets_and_action_name,codex_draft,True,Scorpion-2___Run_Attack_868.npy,A scorpion runs through a short gait cycle.,5
P1,P1_AI_DRAFT_REMAINING;P1_BAD_ARTICLE_A_ANIMAL;P2_ANIMAL_LEVEL_GENERIC;P2_GENERIC_CREATURE_CLASS,train,truebones,codex_draft_from_contact_sheets_and_action_name,codex_draft,True,Scorpion-2___Run_To_Attrack_884.npy,A scorpion runs through a short gait cycle.,5
P1,P1_AI_DRAFT_REMAINING;P1_BAD_ARTICLE_A_ANIMAL;P2_ANIMAL_LEVEL_GENERIC;P2_GENERIC_CREATURE_CLASS,train,truebones,codex_draft_from_contact_sheets_and_action_name,codex_draft,True,Scorpion-2___Settle_Back_855.npy,A scorpion performs a short settle back movement.,5
P1,P1_AI_DRAFT_REMAINING;P1_BAD_ARTICLE_A_ANIMAL;P2_ANIMAL_LEVEL_GENERIC;P2_GENERIC_CREATURE_CLASS,train,truebones,codex_draft_from_contact_sheets_and_action_name,codex_draft,True,Scorpion-2___Slide_Back_856.npy,A scorpion performs a short slide back movement.,5
P1,P1_AI_DRAFT_REMAINING;P1_BAD_ARTICLE_A_ANIMAL;P2_ANIMAL_LEVEL_GENERIC;P2_GENERIC_CREATURE_CLASS,train,truebones,codex_draft_from_contact_sheets_and_action_name,codex_draft,True,Scorpion-2___Slow_Idle_876.npy,A scorpion holds an idle pose with small body adjustments.,5
P1,P1_AI_DRAFT_REMAINING;P1_BAD_ARTICLE_A_ANIMAL;P2_ANIMAL_LEVEL_GENERIC;P2_GENERIC_CREATURE_CLASS,train,truebones,codex_draft_from_contact_sheets_and_action_name,codex_draft,True,Scorpion-2___Stand_Attack_875.npy,A scorpion holds an idle pose with small body adjustments.,5
P1,P1_AI_DRAFT_REMAINING;P1_BAD_ARTICLE_A_ANIMAL;P2_ANIMAL_LEVEL_GENERIC;P2_GENERIC_CREATURE_CLASS,train,truebones,codex_draft_from_contact_sheets_and_action_name,codex_draft,True,Scorpion-2___Standing_Run_870.npy,A scorpion holds an idle pose with small body adjustments.,5
P1,P1_AI_DRAFT_REMAINING;P1_BAD_ARTICLE_A_ANIMAL;P2_ANIMAL_LEVEL_GENERIC;P2_GENERIC_CREATURE_CLASS,train,truebones,codex_draft_from_contact_sheets_and_action_name,codex_draft,True,Scorpion-2___Sting_Kill_2_869.npy,A scorpion lunges and strikes with a stinging motion.,5
P1,P1_AI_DRAFT_REMAINING;P1_BAD_ARTICLE_A_ANIMAL;P2_ANIMAL_LEVEL_GENERIC;P2_GENERIC_CREATURE_CLASS,train,truebones,codex_draft_from_contact_sheets_and_action_name,codex_draft,True,Scorpion-2___Sting_Kill_866.npy,A scorpion lunges and strikes with a stinging motion.,5
P1,P1_AI_DRAFT_REMAINING;P1_BAD_ARTICLE_A_ANIMAL;P2_ANIMAL_LEVEL_GENERIC;P2_GENERIC_CREATURE_CLASS,train,truebones,codex_draft_from_contact_sheets_and_action_name,codex_draft,True,Scorpion-2___Sting_Ya_YA_873.npy,A scorpion lunges and strikes with a stinging motion.,5
P1,P1_AI_DRAFT_REMAINING;P1_BAD_ARTICLE_A_ANIMAL;P2_ANIMAL_LEVEL_GENERIC;P2_GENERIC_CREATURE_CLASS,train,truebones,codex_draft_from_contact_sheets_and_action_name,codex_draft,True,Scorpion-2___Sting_ya_885.npy,A scorpion lunges and strikes with a stinging motion.,5
P1,P1_AI_DRAFT_REMAINING;P1_BAD_ARTICLE_A_ANIMAL;P2_ANIMAL_LEVEL_GENERIC;P2_GENERIC_CREATURE_CLASS,train,truebones,codex_draft_from_contact_sheets_and_action_name,codex_draft,True,Scorpion-2___Strafe_Left_865.npy,A scorpion turns left while keeping its body balanced.,5
P1,P1_AI_DRAFT_REMAINING;P1_BAD_ARTICLE_A_ANIMAL;P2_ANIMAL_LEVEL_GENERIC;P2_GENERIC_CREATURE_CLASS,train,truebones,codex_draft_from_contact_sheets_and_action_name,codex_draft,True,Scorpion-2___Strafe_Right_872.npy,A scorpion turns right while keeping its body balanced.,5
P1,P1_AI_DRAFT_REMAINING;P1_BAD_ARTICLE_A_ANIMAL;P2_ANIMAL_LEVEL_GENERIC;P2_GENERIC_CREATURE_CLASS,train,truebones,codex_draft_from_contact_sheets_and_action_name,codex_draft,True,Scorpion-2___Walk_Forward_871.npy,A scorpion walks through a short gait cycle.,5
P1,P1_AI_DRAFT_REMAINING;P1_BAD_ARTICLE_A_ANIMAL;P2_ANIMAL_LEVEL_GENERIC;P2_GENERIC_CREATURE_CLASS,train,truebones,codex_draft_from_contact_sheets_and_action_name,codex_draft,True,Scorpion-2___Walk_and_Rise_881.npy,A scorpion walks through a short gait cycle.,5
P1,P1_AI_DRAFT_REMAINING;P1_BAD_ARTICLE_A_ANIMAL;P2_ANIMAL_LEVEL_GENERIC;P2_GENERIC_CREATURE_CLASS,train,truebones,codex_draft_from_contact_sheets_and_action_name,codex_draft,True,Scorpion-2___Wild_Death_861.npy,A scorpion collapses or falls into a low pose.,5
P1,P1_AI_DRAFT_REMAINING;P1_BAD_ARTICLE_A_ANIMAL;P2_ANIMAL_LEVEL_GENERIC;P2_GENERIC_CREATURE_CLASS,train,truebones,codex_draft_from_contact_sheets_and_action_name,codex_draft,True,Spider___Landing_925.npy,A spider moves through a flying motion with its wings extended.,5
P1,P1_AI_DRAFT_REMAINING;P1_BAD_ARTICLE_A_ANIMAL;P2_ANIMAL_LEVEL_GENERIC;P2_GENERIC_CREATURE_CLASS,train,truebones,codex_draft_from_contact_sheets_and_action_name,codex_draft,True,Trex___Big_roar_step_958.npy,A T. rex raises its body and makes a roaring gesture.,6
P1,P1_AI_DRAFT_REMAINING;P1_BAD_ARTICLE_A_ANIMAL;P2_ANIMAL_LEVEL_GENERIC;P2_GENERIC_CREATURE_CLASS,train,truebones,codex_draft_from_contact_sheets_and_action_name,codex_draft,True,Trex___Chase_Roar_989.npy,A T. rex raises its body and makes a roaring gesture.,6
P1,P1_OVER_NARRATIVE;P2_ANIMAL_LEVEL_GENERIC,train,truebones,collected,present,False,Trex___ROAR_995.npy,An animal roars loudly while stepping forward.,5
P1,P1_AI_DRAFT_REMAINING;P1_BAD_ARTICLE_A_ANIMAL;P2_ANIMAL_LEVEL_GENERIC;P2_GENERIC_CREATURE_CLASS,train,truebones,codex_draft_from_contact_sheets_and_action_name,codex_draft,True,Trex___STILL_972.npy,A T. rex holds an idle pose with small body adjustments.,6
P1,P1_AI_DRAFT_REMAINING;P1_BAD_ARTICLE_A_ANIMAL;P2_ANIMAL_LEVEL_GENERIC;P2_GENERIC_CREATURE_CLASS,train,truebones,codex_draft_from_contact_sheets_and_action_name,codex_draft,True,Trex___bite_90_left_1032.npy,A T. rex snaps or bites forward.,6
P1,P1_AI_DRAFT_REMAINING;P1_BAD_ARTICLE_A_ANIMAL;P2_ANIMAL_LEVEL_GENERIC;P2_GENERIC_CREATURE_CLASS,train,truebones,codex_draft_from_contact_sheets_and_action_name,codex_draft,True,Trex___bite_90_right_960.npy,A T. rex snaps or bites forward.,6
P1,P1_AI_DRAFT_REMAINING;P1_BAD_ARTICLE_A_ANIMAL;P2_ANIMAL_LEVEL_GENERIC;P2_GENERIC_CREATURE_CLASS,train,truebones,codex_draft_from_contact_sheets_and_action_name,codex_draft,True,Trex___bite_close_left_996.npy,A T. rex snaps or bites forward.,6
P1,P1_AI_DRAFT_REMAINING;P1_BAD_ARTICLE_A_ANIMAL;P2_ANIMAL_LEVEL_GENERIC;P2_GENERIC_CREATURE_CLASS,train,truebones,codex_draft_from_contact_sheets_and_action_name,codex_draft,True,Trex___bite_close_right_973.npy,A T. rex snaps or bites forward.,6
P1,P1_AI_DRAFT_REMAINING;P1_BAD_ARTICLE_A_ANIMAL;P2_ANIMAL_LEVEL_GENERIC;P2_GENERIC_CREATURE_CLASS,train,truebones,codex_draft_from_contact_sheets_and_action_name,codex_draft,True,Trex___bite_step_back_forward_983.npy,A T. rex snaps or bites forward.,6
P1,P1_AI_DRAFT_REMAINING;P1_BAD_ARTICLE_A_ANIMAL;P2_ANIMAL_LEVEL_GENERIC;P2_GENERIC_CREATURE_CLASS,train,truebones,codex_draft_from_contact_sheets_and_action_name,codex_draft,True,Trex___chase_bite_986.npy,A T. rex snaps or bites forward.,6
P1,P1_AI_DRAFT_REMAINING;P1_BAD_ARTICLE_A_ANIMAL;P2_ANIMAL_LEVEL_GENERIC;P2_GENERIC_CREATURE_CLASS,train,truebones,codex_draft_from_contact_sheets_and_action_name,codex_draft,True,Trex___chase_bite_left_985.npy,A T. rex snaps or bites forward.,6
P1,P1_AI_DRAFT_REMAINING;P1_BAD_ARTICLE_A_ANIMAL;P2_ANIMAL_LEVEL_GENERIC;P2_GENERIC_CREATURE_CLASS,train,truebones,codex_draft_from_contact_sheets_and_action_name,codex_draft,True,Trex___chase_bite_right_1031.npy,A T. rex snaps or bites forward.,6
P1,P1_AI_DRAFT_REMAINING;P1_BAD_ARTICLE_A_ANIMAL;P2_ANIMAL_LEVEL_GENERIC;P2_GENERIC_CREATURE_CLASS,train,truebones,codex_draft_from_contact_sheets_and_action_name,codex_draft,True,Trex___chase_head_butt_left_1015.npy,A T. rex turns left while keeping its body balanced.,6
P1,P1_AI_DRAFT_REMAINING;P1_BAD_ARTICLE_A_ANIMAL;P2_ANIMAL_LEVEL_GENERIC;P2_GENERIC_CREATURE_CLASS,train,truebones,codex_draft_from_contact_sheets_and_action_name,codex_draft,True,Trex___chase_roar_left_1021.npy,A T. rex turns left while keeping its body balanced.,6
P1,P1_AI_DRAFT_REMAINING;P1_BAD_ARTICLE_A_ANIMAL;P2_ANIMAL_LEVEL_GENERIC;P2_GENERIC_CREATURE_CLASS,train,truebones,codex_draft_from_contact_sheets_and_action_name,codex_draft,True,Trex___chase_roar_right_1014.npy,A T. rex turns right while keeping its body balanced.,6
P1,P1_AI_DRAFT_REMAINING;P1_BAD_ARTICLE_A_ANIMAL;P2_ANIMAL_LEVEL_GENERIC;P2_GENERIC_CREATURE_CLASS,train,truebones,codex_draft_from_contact_sheets_and_action_name,codex_draft,True,Trex___climb_down_977.npy,A T. rex lowers its body toward the ground.,6
P1,P1_AI_DRAFT_REMAINING;P1_BAD_ARTICLE_A_ANIMAL;P2_ANIMAL_LEVEL_GENERIC;P2_GENERIC_CREATURE_CLASS,train,truebones,codex_draft_from_contact_sheets_and_action_name,codex_draft,True,Trex___climb_up_961.npy,A T. rex performs a short climb up movement.,6
P1,P1_OVER_NARRATIVE;P2_ANIMAL_LEVEL_GENERIC,train,truebones,collected,present,False,Trex___death_1018.npy,An animal roars while turning its head side to side and then falls to the right.,5
P1,P1_AI_DRAFT_REMAINING;P1_BAD_ARTICLE_A_ANIMAL;P2_ANIMAL_LEVEL_GENERIC;P2_GENERIC_CREATURE_CLASS,train,truebones,codex_draft_from_contact_sheets_and_action_name,codex_draft,True,Trex___death_short_1001.npy,A T. rex collapses or falls into a low pose.,6
P1,P1_AI_DRAFT_REMAINING;P1_BAD_ARTICLE_A_ANIMAL;P2_ANIMAL_LEVEL_GENERIC;P2_GENERIC_CREATURE_CLASS,train,truebones,codex_draft_from_contact_sheets_and_action_name,codex_draft,True,Trex___head_butt_left_964.npy,A T. rex turns left while keeping its body balanced.,6
P1,P1_AI_DRAFT_REMAINING;P1_BAD_ARTICLE_A_ANIMAL;P2_ANIMAL_LEVEL_GENERIC;P2_GENERIC_CREATURE_CLASS,train,truebones,codex_draft_from_contact_sheets_and_action_name,codex_draft,True,Trex___hit_head_1_1000.npy,A T. rex strikes forward with its body.,6
P1,P1_AI_DRAFT_REMAINING;P1_BAD_ARTICLE_A_ANIMAL;P2_ANIMAL_LEVEL_GENERIC;P2_GENERIC_CREATURE_CLASS,train,truebones,codex_draft_from_contact_sheets_and_action_name,codex_draft,True,Trex___hit_head_2_994.npy,A T. rex strikes forward with its body.,6
P1,P1_AI_DRAFT_REMAINING;P1_BAD_ARTICLE_A_ANIMAL;P2_ANIMAL_LEVEL_GENERIC;P2_GENERIC_CREATURE_CLASS,train,truebones,codex_draft_from_contact_sheets_and_action_name,codex_draft,True,Trex___hit_head_3_1029.npy,A T. rex strikes forward with its body.,6
P1,P1_AI_DRAFT_REMAINING;P1_BAD_ARTICLE_A_ANIMAL;P2_ANIMAL_LEVEL_GENERIC;P2_GENERIC_CREATURE_CLASS,train,truebones,codex_draft_from_contact_sheets_and_action_name,codex_draft,True,Trex___hit_leg_2_1009.npy,A T. rex strikes forward with its body.,6
P1,P1_AI_DRAFT_REMAINING;P1_BAD_ARTICLE_A_ANIMAL;P2_ANIMAL_LEVEL_GENERIC;P2_GENERIC_CREATURE_CLASS,train,truebones,codex_draft_from_contact_sheets_and_action_name,codex_draft,True,Trex___hit_torso_left_1024.npy,A T. rex strikes forward with its body.,6
P1,P1_AI_DRAFT_REMAINING;P1_BAD_ARTICLE_A_ANIMAL;P2_ANIMAL_LEVEL_GENERIC;P2_GENERIC_CREATURE_CLASS,train,truebones,codex_draft_from_contact_sheets_and_action_name,codex_draft,True,Trex___human_bite_988.npy,A T. rex snaps or bites forward.,6
P1,P1_AI_DRAFT_REMAINING;P1_BAD_ARTICLE_A_ANIMAL;P2_ANIMAL_LEVEL_GENERIC;P2_GENERIC_CREATURE_CLASS,train,truebones,codex_draft_from_contact_sheets_and_action_name,codex_draft,True,Trex___human_kill_1004.npy,A T. rex lunges or strikes in an attack motion.,6
P1,P1_AI_DRAFT_REMAINING;P1_BAD_ARTICLE_A_ANIMAL;P2_ANIMAL_LEVEL_GENERIC;P2_GENERIC_CREATURE_CLASS,train,truebones,codex_draft_from_contact_sheets_and_action_name,codex_draft,True,Trex___human_shake_1010.npy,A T. rex shakes its head or body.,6
P1,P1_AI_DRAFT_REMAINING;P1_BAD_ARTICLE_A_ANIMAL;P2_ANIMAL_LEVEL_GENERIC;P2_GENERIC_CREATURE_CLASS,train,truebones,codex_draft_from_contact_sheets_and_action_name,codex_draft,True,Trex___idle_attack_974.npy,A T. rex holds an idle pose with small body adjustments.,6
P1,P1_AI_DRAFT_REMAINING;P1_BAD_ARTICLE_A_ANIMAL;P2_ANIMAL_LEVEL_GENERIC;P2_GENERIC_CREATURE_CLASS,train,truebones,codex_draft_from_contact_sheets_and_action_name,codex_draft,True,Trex___idle_attack_to_run_right_1028.npy,A T. rex holds an idle pose with small body adjustments.,6
P1,P1_AI_DRAFT_REMAINING;P1_BAD_ARTICLE_A_ANIMAL;P2_ANIMAL_LEVEL_GENERIC;P2_GENERIC_CREATURE_CLASS,train,truebones,codex_draft_from_contact_sheets_and_action_name,codex_draft,True,Trex___idle_investigae_out_1011.npy,A T. rex holds an idle pose with small body adjustments.,6
P1,P1_AI_DRAFT_REMAINING;P1_BAD_ARTICLE_A_ANIMAL;P2_ANIMAL_LEVEL_GENERIC;P2_GENERIC_CREATURE_CLASS,train,truebones,codex_draft_from_contact_sheets_and_action_name,codex_draft,True,Trex___idle_investigate_959.npy,A T. rex holds an idle pose with small body adjustments.,6
P1,P1_AI_DRAFT_REMAINING;P1_BAD_ARTICLE_A_ANIMAL;P2_ANIMAL_LEVEL_GENERIC;P2_GENERIC_CREATURE_CLASS,train,truebones,codex_draft_from_contact_sheets_and_action_name,codex_draft,True,Trex___idle_investigate_loop_1022.npy,A T. rex holds an idle pose with small body adjustments.,6
P1,P1_AI_DRAFT_REMAINING;P1_BAD_ARTICLE_A_ANIMAL;P2_ANIMAL_LEVEL_GENERIC;P2_GENERIC_CREATURE_CLASS,train,truebones,codex_draft_from_contact_sheets_and_action_name,codex_draft,True,Trex___idle_sneeze_979.npy,A T. rex holds an idle pose with small body adjustments.,6
P1,P1_AI_DRAFT_REMAINING;P1_BAD_ARTICLE_A_ANIMAL;P2_ANIMAL_LEVEL_GENERIC;P2_GENERIC_CREATURE_CLASS,train,truebones,codex_draft_from_contact_sheets_and_action_name,codex_draft,True,Trex___idle_sneeze_980.npy,A T. rex holds an idle pose with small body adjustments.,6
P1,P1_AI_DRAFT_REMAINING;P1_BAD_ARTICLE_A_ANIMAL;P2_ANIMAL_LEVEL_GENERIC;P2_GENERIC_CREATURE_CLASS,train,truebones,codex_draft_from_contact_sheets_and_action_name,codex_draft,True,Trex___idle_to_run_975.npy,A T. rex holds an idle pose with small body adjustments.,6
P1,P1_AI_DRAFT_REMAINING;P1_BAD_ARTICLE_A_ANIMAL;P2_ANIMAL_LEVEL_GENERIC;P2_GENERIC_CREATURE_CLASS,train,truebones,codex_draft_from_contact_sheets_and_action_name,codex_draft,True,Trex___kill_long_1012.npy,A T. rex lunges or strikes in an attack motion.,6
P1,P1_AI_DRAFT_REMAINING;P1_BAD_ARTICLE_A_ANIMAL;P2_ANIMAL_LEVEL_GENERIC;P2_GENERIC_CREATURE_CLASS,train,truebones,codex_draft_from_contact_sheets_and_action_name,codex_draft,True,Trex___kill_long_1013.npy,A T. rex lunges or strikes in an attack motion.,6
P1,P1_AI_DRAFT_REMAINING;P1_BAD_ARTICLE_A_ANIMAL;P2_ANIMAL_LEVEL_GENERIC;P2_GENERIC_CREATURE_CLASS,train,truebones,codex_draft_from_contact_sheets_and_action_name,codex_draft,True,Trex___long_death_990.npy,A T. rex collapses or falls into a low pose.,6
P1,P1_AI_DRAFT_REMAINING;P1_BAD_ARTICLE_A_ANIMAL;P2_ANIMAL_LEVEL_GENERIC;P2_GENERIC_CREATURE_CLASS,train,truebones,codex_draft_from_contact_sheets_and_action_name,codex_draft,True,Trex___long_death_991.npy,A T. rex collapses or falls into a low pose.,6
P1,P1_AI_DRAFT_REMAINING;P1_BAD_ARTICLE_A_ANIMAL;P2_ANIMAL_LEVEL_GENERIC;P2_GENERIC_CREATURE_CLASS,train,truebones,codex_draft_from_contact_sheets_and_action_name,codex_draft,True,Trex___look_forward_1017.npy,A T. rex turns or raises its head to look around.,6
P1,P1_AI_DRAFT_REMAINING;P1_BAD_ARTICLE_A_ANIMAL;P2_ANIMAL_LEVEL_GENERIC;P2_GENERIC_CREATURE_CLASS,train,truebones,codex_draft_from_contact_sheets_and_action_name,codex_draft,True,Trex___look_forward_2_1005.npy,A T. rex turns or raises its head to look around.,6
P1,P1_AI_DRAFT_REMAINING;P1_BAD_ARTICLE_A_ANIMAL;P2_ANIMAL_LEVEL_GENERIC;P2_GENERIC_CREATURE_CLASS,train,truebones,codex_draft_from_contact_sheets_and_action_name,codex_draft,True,Trex___look_left_966.npy,A T. rex turns left while keeping its body balanced.,6
P1,P1_AI_DRAFT_REMAINING;P1_BAD_ARTICLE_A_ANIMAL;P2_ANIMAL_LEVEL_GENERIC;P2_GENERIC_CREATURE_CLASS,train,truebones,codex_draft_from_contact_sheets_and_action_name,codex_draft,True,Trex___look_right_962.npy,A T. rex turns right while keeping its body balanced.,6
P1,P1_AI_DRAFT_REMAINING;P1_BAD_ARTICLE_A_ANIMAL;P2_ANIMAL_LEVEL_GENERIC;P2_GENERIC_CREATURE_CLASS,train,truebones,codex_draft_from_contact_sheets_and_action_name,codex_draft,True,Trex___mama_cave_bite_987.npy,A T. rex snaps or bites forward.,6
P1,P1_AI_DRAFT_REMAINING;P1_BAD_ARTICLE_A_ANIMAL;P2_ANIMAL_LEVEL_GENERIC;P2_GENERIC_CREATURE_CLASS,train,truebones,codex_draft_from_contact_sheets_and_action_name,codex_draft,True,Trex___mama_cave_bite_loop_984.npy,A T. rex snaps or bites forward.,6
P1,P1_AI_DRAFT_REMAINING;P1_BAD_ARTICLE_A_ANIMAL;P2_ANIMAL_LEVEL_GENERIC;P2_GENERIC_CREATURE_CLASS,train,truebones,codex_draft_from_contact_sheets_and_action_name,codex_draft,True,Trex___mama_cave_bite_out_965.npy,A T. rex snaps or bites forward.,6
P1,P1_AI_DRAFT_REMAINING;P1_BAD_ARTICLE_A_ANIMAL;P2_ANIMAL_LEVEL_GENERIC;P2_GENERIC_CREATURE_CLASS,train,truebones,codex_draft_from_contact_sheets_and_action_name,codex_draft,True,Trex___roar_left_968.npy,A T. rex turns left while keeping its body balanced.,6
P1,P1_AI_DRAFT_REMAINING;P1_BAD_ARTICLE_A_ANIMAL;P2_ANIMAL_LEVEL_GENERIC;P2_GENERIC_CREATURE_CLASS,train,truebones,codex_draft_from_contact_sheets_and_action_name,codex_draft,True,Trex___roar_right_963.npy,A T. rex turns right while keeping its body balanced.,6
P1,P1_AI_DRAFT_REMAINING;P1_BAD_ARTICLE_A_ANIMAL;P2_ANIMAL_LEVEL_GENERIC;P2_GENERIC_CREATURE_CLASS,train,truebones,codex_draft_from_contact_sheets_and_action_name,codex_draft,True,Trex___run_head_butt_right_1003.npy,A T. rex runs through a short gait cycle.,6
P1,P1_AI_DRAFT_REMAINING;P1_BAD_ARTICLE_A_ANIMAL;P2_ANIMAL_LEVEL_GENERIC;P2_GENERIC_CREATURE_CLASS,train,truebones,codex_draft_from_contact_sheets_and_action_name,codex_draft,True,Trex___run_head_loop_1030.npy,A T. rex runs through a short gait cycle.,6
P1,P1_AI_DRAFT_REMAINING;P1_BAD_ARTICLE_A_ANIMAL;P2_ANIMAL_LEVEL_GENERIC;P2_GENERIC_CREATURE_CLASS,train,truebones,codex_draft_from_contact_sheets_and_action_name,codex_draft,True,Trex___run_head_low_1027.npy,A T. rex runs through a short gait cycle.,6
P1,P1_AI_DRAFT_REMAINING;P1_BAD_ARTICLE_A_ANIMAL;P2_ANIMAL_LEVEL_GENERIC;P2_GENERIC_CREATURE_CLASS,train,truebones,codex_draft_from_contact_sheets_and_action_name,codex_draft,True,Trex___run_head_low_2_1007.npy,A T. rex runs through a short gait cycle.,6
P1,P1_AI_DRAFT_REMAINING;P1_BAD_ARTICLE_A_ANIMAL;P2_ANIMAL_LEVEL_GENERIC;P2_GENERIC_CREATURE_CLASS,train,truebones,codex_draft_from_contact_sheets_and_action_name,codex_draft,True,Trex___run_to_stop_1020.npy,A T. rex runs through a short gait cycle.,6
P1,P1_AI_DRAFT_REMAINING;P1_BAD_ARTICLE_A_ANIMAL;P2_ANIMAL_LEVEL_GENERIC;P2_GENERIC_CREATURE_CLASS,train,truebones,codex_draft_from_contact_sheets_and_action_name,codex_draft,True,Trex___sprint_head_left_1025.npy,A T. rex runs through a short gait cycle.,6
P1,P1_AI_DRAFT_REMAINING;P1_BAD_ARTICLE_A_ANIMAL;P2_ANIMAL_LEVEL_GENERIC;P2_GENERIC_CREATURE_CLASS,train,truebones,codex_draft_from_contact_sheets_and_action_name,codex_draft,True,Trex___sprint_head_right_1002.npy,A T. rex runs through a short gait cycle.,6
P1,P1_AI_DRAFT_REMAINING;P1_BAD_ARTICLE_A_ANIMAL;P2_ANIMAL_LEVEL_GENERIC;P2_GENERIC_CREATURE_CLASS,train,truebones,codex_draft_from_contact_sheets_and_action_name,codex_draft,True,Trex___sprint_loop_981.npy,A T. rex runs through a short gait cycle.,6
P1,P1_AI_DRAFT_REMAINING;P1_BAD_ARTICLE_A_ANIMAL;P2_ANIMAL_LEVEL_GENERIC;P2_GENERIC_CREATURE_CLASS,train,truebones,codex_draft_from_contact_sheets_and_action_name,codex_draft,True,Trex___step_back_1019.npy,A T. rex performs a short step back movement.,6
P1,P1_OVER_NARRATIVE;P2_ANIMAL_LEVEL_GENERIC,train,truebones,collected,present,False,Trex___stunned_998.npy,"An animal is swaying its body and head side to side, appearing dizzy.",5
P1,P1_OVER_NARRATIVE;P2_ANIMAL_LEVEL_GENERIC,train,truebones,collected,present,False,Trex___stunned_999.npy,"An animal is swaying its body and head side to side, appearing dizzy.",5
P1,P1_AI_DRAFT_REMAINING;P1_BAD_ARTICLE_A_ANIMAL;P2_ANIMAL_LEVEL_GENERIC;P2_GENERIC_CREATURE_CLASS,train,truebones,codex_draft_from_contact_sheets_and_action_name,codex_draft,True,Trex___turn_180_look_982.npy,A T. rex turns around while keeping its body balanced.,6
P1,P1_AI_DRAFT_REMAINING;P1_BAD_ARTICLE_A_ANIMAL;P2_ANIMAL_LEVEL_GENERIC;P2_GENERIC_CREATURE_CLASS,train,truebones,codex_draft_from_contact_sheets_and_action_name,codex_draft,True,Trex___turn_180_right_1016.npy,A T. rex turns right while keeping its body balanced.,6
P1,P1_AI_DRAFT_REMAINING;P1_BAD_ARTICLE_A_ANIMAL;P2_ANIMAL_LEVEL_GENERIC;P2_GENERIC_CREATURE_CLASS,train,truebones,codex_draft_from_contact_sheets_and_action_name,codex_draft,True,Trex___turn_180_turn_right_1026.npy,A T. rex turns right while keeping its body balanced.,6
P1,P1_AI_DRAFT_REMAINING;P1_BAD_ARTICLE_A_ANIMAL;P2_ANIMAL_LEVEL_GENERIC;P2_GENERIC_CREATURE_CLASS,train,truebones,codex_draft_from_contact_sheets_and_action_name,codex_draft,True,Trex___turn_90_left_957.npy,A T. rex turns left while keeping its body balanced.,6
P1,P1_AI_DRAFT_REMAINING;P1_BAD_ARTICLE_A_ANIMAL;P2_ANIMAL_LEVEL_GENERIC;P2_GENERIC_CREATURE_CLASS,train,truebones,codex_draft_from_contact_sheets_and_action_name,codex_draft,True,Trex___turn_90_right_1008.npy,A T. rex turns right while keeping its body balanced.,6
P1,P1_AI_DRAFT_REMAINING;P1_BAD_ARTICLE_A_ANIMAL;P2_ANIMAL_LEVEL_GENERIC;P2_GENERIC_CREATURE_CLASS,train,truebones,codex_draft_from_contact_sheets_and_action_name,codex_draft,True,Trex___walk_back_970.npy,A T. rex walks through a short gait cycle.,6
P1,P1_AI_DRAFT_REMAINING;P1_BAD_ARTICLE_A_ANIMAL;P2_ANIMAL_LEVEL_GENERIC;P2_GENERIC_CREATURE_CLASS,train,truebones,codex_draft_from_contact_sheets_and_action_name,codex_draft,True,Trex___walk_bite_969.npy,A T. rex walks through a short gait cycle.,6
P1,P1_AI_DRAFT_REMAINING;P1_BAD_ARTICLE_A_ANIMAL;P2_ANIMAL_LEVEL_GENERIC;P2_GENERIC_CREATURE_CLASS,train,truebones,codex_draft_from_contact_sheets_and_action_name,codex_draft,True,Trex___walk_head_low_1006.npy,A T. rex walks through a short gait cycle.,6
P1,P1_AI_DRAFT_REMAINING;P1_BAD_ARTICLE_A_ANIMAL;P2_ANIMAL_LEVEL_GENERIC;P2_GENERIC_CREATURE_CLASS,train,truebones,codex_draft_from_contact_sheets_and_action_name,codex_draft,True,Trex___walk_left_bite_978.npy,A T. rex walks through a short gait cycle.,6
P1,P1_AI_DRAFT_REMAINING;P1_BAD_ARTICLE_A_ANIMAL;P2_ANIMAL_LEVEL_GENERIC;P2_GENERIC_CREATURE_CLASS,train,truebones,codex_draft_from_contact_sheets_and_action_name,codex_draft,True,Trex___walk_loop_1023.npy,A T. rex walks through a short gait cycle.,6
P1,P1_AI_DRAFT_REMAINING;P1_BAD_ARTICLE_A_ANIMAL;P2_ANIMAL_LEVEL_GENERIC;P2_GENERIC_CREATURE_CLASS,train,truebones,codex_draft_from_contact_sheets_and_action_name,codex_draft,True,Trex___walk_right_bite_997.npy,A T. rex walks through a short gait cycle.,6
P1,P1_AI_DRAFT_REMAINING;P1_BAD_ARTICLE_A_ANIMAL;P2_ANIMAL_LEVEL_GENERIC;P2_GENERIC_CREATURE_CLASS,train,truebones,codex_draft_from_contact_sheets_and_action_name,codex_draft,True,Trex___walk_slow_loop_993.npy,A T. rex walks through a short gait cycle.,6
P1,P1_AI_DRAFT_REMAINING;P1_BAD_ARTICLE_A_ANIMAL;P2_ANIMAL_LEVEL_GENERIC;P2_GENERIC_CREATURE_CLASS,train,truebones,codex_draft_from_contact_sheets_and_action_name,codex_draft,True,Tukan___FlyLoop_1043.npy,A toucan moves through a flying motion with its wings extended.,6
P1,P1_AI_DRAFT_REMAINING;P1_BAD_ARTICLE_A_ANIMAL;P2_ANIMAL_LEVEL_GENERIC;P2_GENERIC_CREATURE_CLASS,train,truebones,codex_draft_from_contact_sheets_and_action_name,codex_draft,True,Tukan___SlowDown_1045.npy,A toucan lowers its body toward the ground.,6
P1,P1_OVER_NARRATIVE;P2_ANIMAL_LEVEL_GENERIC,train,truebones,collected,present,False,Tyranno___Attack2_1067.npy,An animal performs an attacking motion by lowering and then raising its head.,5
P1,P1_OVER_NARRATIVE;P2_ANIMAL_LEVEL_GENERIC,train,truebones,collected,present,False,Tyranno___Fall_1066.npy,An animal is struck and falls to the ground.,5
P1,P1_OVER_NARRATIVE;P2_ANIMAL_LEVEL_GENERIC,train,truebones,collected,present,False,Tyranno___HeadButt_1070.npy,"An animal performs a headbutt attack, using its head to strike an opponent.",5
P1,P1_OVER_NARRATIVE;P2_ANIMAL_LEVEL_GENERIC,train,truebones,collected,present,False,Tyranno___Idle2_1062.npy,"An animal stands at rest, gently moving its tail and breathing.",5
P1,P1_OVER_NARRATIVE;P2_ANIMAL_LEVEL_GENERIC,train,truebones,collected,present,False,Tyranno___Idle_1063.npy,"An animal stands still, breathing with slight body movement.",5
P1,P1_OVER_NARRATIVE;P2_ANIMAL_LEVEL_GENERIC,train,truebones,collected,present,False,Tyranno___Roar_1065.npy,"An animal raises its head, opens its mouth wide, and roars while moving its head side to side.",5
P1,P1_OVER_NARRATIVE;P2_ANIMAL_LEVEL_GENERIC,train,truebones,collected,present,False,Tyranno___Run_1069.npy,"An animal is running forward, swinging its tail side to side.",5
P1,P1_OVER_NARRATIVE;P2_ANIMAL_LEVEL_GENERIC,train,truebones,collected,present,False,Tyranno___TailWhip_1061.npy,An animal swings its tail in a powerful strike.,5
P1,P1_OVER_NARRATIVE;P2_ANIMAL_LEVEL_GENERIC,train,truebones,collected,present,False,Tyranno___Walk_1068.npy,An animal is walking slowly forward.,5
P2,P2_ANIMAL_LEVEL_GENERIC,val,truebones,collected,present,False,Anaconda___Rise2_37.npy,An anaconda slowly raises its head and neck from a lying position.,5
P2,P2_ANIMAL_LEVEL_GENERIC;P2_GENERIC_CREATURE_CLASS,val,truebones,collected,present,False,Ant___Sting2_46.npy,An animal prepares to sting by pulling its body down and raising its tail upward.,5
P2,P2_ANIMAL_LEVEL_GENERIC;P2_GENERIC_CREATURE_CLASS,val,truebones,collected,present,False,Bat___SlowFly_68.npy,An animal with large wings flaps slowly while hovering in the air.,5
P2,P2_ANIMAL_LEVEL_GENERIC;P2_GENERIC_CREATURE_CLASS,val,truebones,collected,present,False,Bird___Attack2_106.npy,An animal swiftly dashes towards an enemy in an attacking motion.,5
P2,P2_ANIMAL_LEVEL_GENERIC;P2_GENERIC_CREATURE_CLASS,val,truebones,collected,present,False,Buffalo___Die_155.npy,"An animal is attacked and eventually collapses to the left, dying.",5
P2,P2_ANIMAL_LEVEL_GENERIC,val,truebones,collected,present,False,Buzzard___Attack3_167.npy,An animal attacks by diving down with its talons after a vertical ascent.,5
P2,P2_ANIMAL_LEVEL_GENERIC;P2_GENERIC_CREATURE_CLASS,val,truebones,collected,present,False,Camel___Yell_182.npy,An animal stands on all fours and yells forward.,5
P2,P2_ANIMAL_LEVEL_GENERIC;P2_GENERIC_CREATURE_CLASS,val,truebones,collected,present,False,Cat_CAT_IdlePurr_196.npy,"An animal lies down and purrs, occasionally moving its head, ears, and tail.",5
P2,P2_ANIMAL_LEVEL_GENERIC;P2_GENERIC_CREATURE_CLASS,val,truebones,collected,present,False,Centipede___Attack_202.npy,An animal prepares and executes an attack by raising its body and striking with its arms.,5
P2,P2_ANIMAL_LEVEL_GENERIC,val,truebones,collected,present,False,Chicken_Chicken_EggLaying_208.npy,"An animal settles down to incubate its eggs, occasionally bobbing its head.",5
P2,P2_ANIMAL_LEVEL_GENERIC;P2_GENERIC_CREATURE_CLASS,val,truebones,collected,present,False,Comodoa___Idle_213.npy,"An animal stands on all fours, moving its tail side to side and shaking its midsection.",5
P2,P2_GENERIC_CREATURE_CLASS,val,truebones,collected,present,False,Coyote___Restless_223.npy,A restless animal expresses anxiety through various movements.,5
P2,P2_ANIMAL_LEVEL_GENERIC,val,truebones,collected,present,False,Crab___Attack2_237.npy,An animal hesitates briefly before assuming an attacking stance with its right claw.,5
P2,P2_ANIMAL_LEVEL_GENERIC;P2_GENERIC_CREATURE_CLASS,val,truebones,collected,present,False,Cricket___Attack2_245.npy,"An animal steps back, raises its body and pincers, and strikes forward with its pincers.",5
P2,P2_ANIMAL_LEVEL_GENERIC;P2_GENERIC_CREATURE_CLASS,val,truebones,collected,present,False,Dragon___SlowFly_300.npy,"An animal is flying slowly, gently flapping its wings.",5
P2,P2_ANIMAL_LEVEL_GENERIC;P2_GENERIC_CREATURE_CLASS,val,truebones,collected,present,False,FireAnt___BackUp_343.npy,An animal with six legs slowly walks backward.,5
P2,P2_ANIMAL_LEVEL_GENERIC,val,truebones,collected,present,False,Flamingo_Flamingo_OneLEgBEnt_355.npy,An animal stands on its left leg while flapping its wings and bending its right leg.,5
P2,P2_ANIMAL_LEVEL_GENERIC;P2_GENERIC_CREATURE_CLASS,val,truebones,collected,present,False,Gazelle___HeadPoke_382.npy,An animal performs a head poke motion by bending its knees and thrusting its head and horns upward.,5
P2,P2_ANIMAL_LEVEL_GENERIC;P2_GENERIC_CREATURE_CLASS,val,truebones,collected,present,False,Giantbee___Attack2_387.npy,The animal performs an aggressive attack with rapid wing flaps and a powerful sting motion.,5
P2,P2_ANIMAL_LEVEL_GENERIC;P2_GENERIC_CREATURE_CLASS,val,truebones,collected,present,False,Goat___HoofScrape_394.npy,"An animal turns its head left, then scrapes the ground with its right hoof.",5
P2,P2_ANIMAL_LEVEL_GENERIC;P2_GENERIC_CREATURE_CLASS,val,truebones,collected,present,False,Hamster___RollAttack_405.npy,An animal rolls forward and attacks with a body slam.,5
P2,P2_ANIMAL_LEVEL_GENERIC,val,truebones,collected,present,False,HermitCrab___Fighting_410.npy,An animal twists its body and punches with its claws to attack.,5
P2,P2_ANIMAL_LEVEL_GENERIC;P2_GENERIC_CREATURE_CLASS,val,truebones,collected,present,False,Hippopotamus___Attack4_424.npy,An animal attacks by forcefully extending its front legs forward.,5
P2,P2_ANIMAL_LEVEL_GENERIC;P2_GENERIC_CREATURE_CLASS,val,truebones,collected,present,False,Horse___Idle_433.npy,An animal twitches its ears and repeatedly paws the ground.,5
P2,P2_ANIMAL_LEVEL_GENERIC;P2_GENERIC_CREATURE_CLASS,val,truebones,collected,present,False,Horse___SlowWalk_459.npy,An animal stands and slowly walks forward while looking straight ahead.,5
P2,P2_ANIMAL_LEVEL_GENERIC;P2_GENERIC_CREATURE_CLASS,val,truebones,collected,present,False,Hound___Ready2_468.npy,"An animal is in a ready stance, poised to attack or charge forward.",5
P2,P2_ANIMAL_LEVEL_GENERIC;P2_GENERIC_CREATURE_CLASS,val,truebones,collected,present,False,Isopetra___Idle2_475.npy,"An animal stands still on the ground, occasionally twitching its legs and moving its body and tail up and down as if breathing.",5
P2,P2_ANIMAL_LEVEL_GENERIC;P2_GENERIC_CREATURE_CLASS,val,truebones,collected,present,False,Jaguar___LieIdle_489.npy,"An animal lies on its side, resting with its right side on the ground.",5
P2,P2_ANIMAL_LEVEL_GENERIC;P2_GENERIC_CREATURE_CLASS,val,truebones,collected,present,False,Leapord___Attack_512.npy,"An animal attacks by raising its upper body and front paws, then striking down forcefully.",5
P2,P2_ANIMAL_LEVEL_GENERIC,val,truebones,collected,present,False,Mammoth___Run_559.npy,An animal runs forward with its tail swaying and trunk curled inward at the tip.,5
P2,P2_ANIMAL_LEVEL_GENERIC,val,truebones,collected,present,False,Ostrich___Walk_589.npy,An animal walks forward with a distinctive head and neck posture.,5
P2,P2_ANIMAL_LEVEL_GENERIC,val,truebones,collected,present,False,Parrot2_Parrot_Land_608.npy,"An animal takes off, circles twice to the left, and lands back on the branch.",5
P2,P2_ANIMAL_LEVEL_GENERIC,val,truebones,collected,present,False,Parrot___Idle_594.npy,"An animal stands still, occasionally turning its head side to side.",5
P2,P2_ANIMAL_LEVEL_GENERIC,val,truebones,collected,present,False,Pigeon___Peck_613.npy,An animal pecks at food on the ground while standing with folded wings.,5
P2,P2_ANIMAL_LEVEL_GENERIC,val,truebones,collected,present,False,Pirrana___RiseTop_632.npy,"An animal briefly dives, then swiftly swims upward to the water's surface.",5
P2,P2_ANIMAL_LEVEL_GENERIC;P2_GENERIC_CREATURE_CLASS,val,truebones,collected,present,False,PolarBearB___GetUp_649.npy,An animal rolls over and returns to its original position.,5
P2,P2_ANIMAL_LEVEL_GENERIC,val,truebones,collected,present,False,Pteranodon___GlideScream_660.npy,"An animal glides, suddenly breaks, and emits a scream.",5
P2,P2_ANIMAL_LEVEL_GENERIC;P2_GENERIC_CREATURE_CLASS,val,truebones,collected,present,False,Puppy_Puppy_IdleLayDown_665.npy,An animal settles down and lies in a relaxed position.,5
P2,P2_ANIMAL_LEVEL_GENERIC;P2_GENERIC_CREATURE_CLASS,val,truebones,collected,present,False,Raindeer___Walk_675.npy,An animal is walking slowly forward.,5
P2,P2_ANIMAL_LEVEL_GENERIC;P2_GENERIC_CREATURE_CLASS,val,truebones,collected,present,False,Rhino___Attack_753.npy,The animal charges forward and lifts its head to strike.,5
P2,P2_ANIMAL_LEVEL_GENERIC;P2_GENERIC_CREATURE_CLASS,val,truebones,collected,present,False,Roach___Shake_769.npy,"An animal shakes its body, spreading its wings and moving its head and antennae rapidly.",5
P2,P2_ANIMAL_LEVEL_GENERIC;P2_GENERIC_CREATURE_CLASS,val,truebones,collected,present,False,SabreToothTiger___GetUp_810.npy,An animal rises from a prone position by extending its hind and front legs sequentially.,5
P2,P2_ANIMAL_LEVEL_GENERIC;P2_GENERIC_CREATURE_CLASS,val,truebones,collected,present,False,SabreToothTiger___Sitting2_804.npy,The animal sits on the ground with its hind legs extended forward and head slightly turned to the right.,5
P2,P2_ANIMAL_LEVEL_GENERIC;P2_GENERIC_CREATURE_CLASS,val,truebones,collected,present,False,SandMouse___Die3_822.npy,"An animal is struck head-on and flung backward, eventually losing consciousness and dying.",5
P2,P2_ANIMAL_LEVEL_GENERIC,val,truebones,collected,present,False,Scorpion___SlowForward_835.npy,An animal walks forward with its pincers raised and tail curled upward.,5
P2,P2_ANIMAL_LEVEL_GENERIC;P2_GENERIC_CREATURE_CLASS,val,truebones,collected,present,False,Skunk___Walk_891.npy,"An animal walks slowly, gently swaying its tail.",5
P2,P2_ANIMAL_LEVEL_GENERIC,val,truebones,collected,present,False,SpiderG___Die_940.npy,"An animal is attacked, attempts to retaliate, but ultimately collapses and dies.",5
P2,P2_ANIMAL_LEVEL_GENERIC,val,truebones,collected,present,False,Spider___Attack4_903.npy,An animal raises its body and assumes an attack posture.,5
P2,P2_ANIMAL_LEVEL_GENERIC,val,truebones,collected,present,False,Spider___barking_918.npy,"An animal raises its body and front legs, spreading its jaws to make a threatening sound.",5
P2,P2_ANIMAL_LEVEL_GENERIC;P2_GENERIC_CREATURE_CLASS,val,truebones,collected,present,False,Stego___Idle2_948.npy,"An animal stands still, gently swaying its tail and breathing.",5
P2,P2_ANIMAL_LEVEL_GENERIC;P2_GENERIC_CREATURE_CLASS,val,truebones,collected,present,False,Tricera___Idle_1033.npy,"An animal stands still, appearing to rest, with slight head and body movements.",5
P2,P2_ANIMAL_LEVEL_GENERIC,val,truebones,collected,present,False,Tukan___Sqwak_1042.npy,The animal spreads its wings and squawks angrily with its beak open.,5
P2,P2_ANIMAL_LEVEL_GENERIC;P2_GENERIC_CREATURE_CLASS,val,truebones,collected,present,False,Turtle___Onback_1058.npy,An animal is flipped onto its back with its belly facing upwards.,5
P2,P2_ANIMAL_LEVEL_GENERIC,train,truebones,collected,present,False,Anaconda___Attack_30.npy,An anaconda coils its body and strikes forward with its head.,5
P2,P2_ANIMAL_LEVEL_GENERIC,train,truebones,collected,present,False,Anaconda___Bite2_33.npy,An anaconda lunges forward to bite its target.,5
P2,P2_ANIMAL_LEVEL_GENERIC,train,truebones,collected,present,False,Anaconda___Bite_23.npy,An anaconda lunges forward to bite its target.,5
P2,P2_ANIMAL_LEVEL_GENERIC,train,truebones,collected,present,False,Anaconda___Die_39.npy,"An anaconda is struck and dies, its head and neck snapping back before collapsing lifelessly.",5
P2,P2_ANIMAL_LEVEL_GENERIC,train,truebones,collected,present,False,Anaconda___Hiss_35.npy,"An anaconda raises its head, curves its body in an S-shape, and hisses as a warning.",5
P2,P2_ANIMAL_LEVEL_GENERIC,train,truebones,collected,present,False,Anaconda___Idle2_24.npy,"An anaconda raises its head and looks around, then opens its mouth to make a sound.",5
P2,P2_ANIMAL_LEVEL_GENERIC,train,truebones,collected,present,False,Anaconda___Idle2_25.npy,"An anaconda raises its head and looks around, then opens its mouth to make a sound.",5
P2,P2_ANIMAL_LEVEL_GENERIC,train,truebones,collected,present,False,Anaconda___Idle_26.npy,"An anaconda raises its head and looks around, then opens its mouth to make a sound.",5
P2,P2_ANIMAL_LEVEL_GENERIC,train,truebones,collected,present,False,Anaconda___Rise_36.npy,An anaconda raises its head and neck while curling its tail inward.,5
P2,P2_ANIMAL_LEVEL_GENERIC,train,truebones,collected,present,False,Anaconda___Run_40.npy,An anaconda slithers forward with a sinuous motion.,5
P2,P2_ANIMAL_LEVEL_GENERIC,train,truebones,collected,present,False,Anaconda___Sneaky_41.npy,An anaconda is slowly and stealthily moving forward.,5
P2,P2_ANIMAL_LEVEL_GENERIC,train,truebones,collected,present,False,Anaconda___Sneaky_42.npy,An anaconda is slowly and stealthily moving forward.,5
P2,P2_ANIMAL_LEVEL_GENERIC,train,truebones,collected,present,False,Anaconda___Spin_31.npy,An anaconda spins in a circular motion to the left.,5
P2,P2_ANIMAL_LEVEL_GENERIC,train,truebones,collected,present,False,Anaconda___Strike2_29.npy,An anaconda strikes forward from a raised head position.,5
P2,P2_ANIMAL_LEVEL_GENERIC,train,truebones,collected,present,False,Anaconda___Strike_38.npy,An anaconda strikes forward from a raised head position.,5
P2,P2_ANIMAL_LEVEL_GENERIC,train,truebones,collected,present,False,Anaconda___StruckDie_32.npy,"An anaconda is struck and dies, its head and neck snapping back before collapsing lifelessly.",5
P2,P2_ANIMAL_LEVEL_GENERIC,train,truebones,collected,present,False,Anaconda___Twistrattle_27.npy,An anaconda is coiled in a circular shape.,5
P2,P2_ANIMAL_LEVEL_GENERIC,train,truebones,collected,present,False,Anaconda___WalkSLow_28.npy,An anaconda slowly slithers forward with side-to-side movements.,5
P2,P2_ANIMAL_LEVEL_GENERIC;P2_GENERIC_CREATURE_CLASS,train,truebones,collected,present,False,Ant___Attack_48.npy,The animal attacks by bending its knees and snapping its mandibles shut.,5
P2,P2_ANIMAL_LEVEL_GENERIC;P2_GENERIC_CREATURE_CLASS,train,truebones,collected,present,False,Ant___Cleaning_59.npy,"An animal is grooming itself, shaking its tail and cleaning its body and head.",5
P2,P2_ANIMAL_LEVEL_GENERIC;P2_GENERIC_CREATURE_CLASS,train,truebones,collected,present,False,Ant___Die2_55.npy,The animal rises into the air and then falls to the left.,5
P2,P2_GENERIC_CREATURE_CLASS,train,truebones,collected,present,False,Ant___DieLoop_47.npy,A dead animal lies slightly trembling on its left side.,5
P2,P2_ANIMAL_LEVEL_GENERIC;P2_GENERIC_CREATURE_CLASS,train,truebones,collected,present,False,Ant___DieUp_58.npy,"An animal, initially thought to be dead, suddenly regains consciousness and stands up.",5
P2,P2_ANIMAL_LEVEL_GENERIC;P2_GENERIC_CREATURE_CLASS,train,truebones,collected,present,False,Ant___Die_53.npy,"An animal is shot while retreating and collapses to the left, dying.",5
P2,P2_ANIMAL_LEVEL_GENERIC;P2_GENERIC_CREATURE_CLASS,train,truebones,collected,present,False,Ant___Idle2_44.npy,An animal stands while gently shaking its head and body side to side.,5
P2,P2_ANIMAL_LEVEL_GENERIC;P2_GENERIC_CREATURE_CLASS,train,truebones,collected,present,False,Ant___JumpForward_51.npy,An animal jumps upward and swings its arms inward to attack.,5
P2,P2_ANIMAL_LEVEL_GENERIC;P2_GENERIC_CREATURE_CLASS,train,truebones,collected,present,False,Ant___KnockedBack_52.npy,"An animal is knocked back and ends up lying on its back, motionless.",5
P2,P2_ANIMAL_LEVEL_GENERIC;P2_GENERIC_CREATURE_CLASS,train,truebones,collected,present,False,Ant___March_56.npy,An animal with sharp arms and powerful jaws runs forward with its legs spread wide.,5
P2,P2_ANIMAL_LEVEL_GENERIC;P2_GENERIC_CREATURE_CLASS,train,truebones,collected,present,False,Ant___Shake_57.npy,"An animal lowers its upper body, covers its head with its arms, and shakes its body.",5
P2,P2_ANIMAL_LEVEL_GENERIC;P2_GENERIC_CREATURE_CLASS,train,truebones,collected,present,False,Ant___Sting_50.npy,An animal appears to sting something with a forceful upward motion.,5
P2,P2_ANIMAL_LEVEL_GENERIC;P2_GENERIC_CREATURE_CLASS,train,truebones,collected,present,False,Ant___Throw_43.npy,"An animal flicks its tail upwards, throwing something into the air.",5
P2,P2_ANIMAL_LEVEL_GENERIC;P2_GENERIC_CREATURE_CLASS,train,truebones,collected,present,False,Ant___Walk_54.npy,An animal with sharp arms and strong jaws walks forward using its four legs.,5
P2,P2_ANIMAL_LEVEL_GENERIC;P2_GENERIC_CREATURE_CLASS,train,truebones,collected,present,False,Bat___AttackBite_65.npy,An animal performs a body slam attack by retreating slightly and then charging forward.,5
P2,P2_ANIMAL_LEVEL_GENERIC;P2_GENERIC_CREATURE_CLASS,train,truebones,collected,present,False,Bat___Float_61.npy,An animal flaps its wings vigorously to stay afloat in the sky.,5
P2,P2_ANIMAL_LEVEL_GENERIC;P2_GENERIC_CREATURE_CLASS,train,truebones,collected,present,False,Bat___FlyGlide_66.npy,An animal glides horizontally in the sky with its wings spread wide.,5
P2,P2_ANIMAL_LEVEL_GENERIC;P2_GENERIC_CREATURE_CLASS,train,truebones,collected,present,False,Bat___FlyLoop_60.npy,An animal is flying by flapping its wings symmetrically.,5
P2,P2_ANIMAL_LEVEL_GENERIC;P2_GENERIC_CREATURE_CLASS,train,truebones,collected,present,False,Bat___Fly_67.npy,"An animal with large, wide wings flies gracefully across the sky.",5
P2,P2_ANIMAL_LEVEL_GENERIC;P2_GENERIC_CREATURE_CLASS,train,truebones,collected,present,False,Bat___Kick_69.npy,An animal flaps its wings powerfully and attacks with its claws.,5
P2,P2_ANIMAL_LEVEL_GENERIC;P2_GENERIC_CREATURE_CLASS,train,truebones,collected,present,False,Bat___KnockedBack_62.npy,"An animal is knocked back mid-flight, flips onto its back, and falls to the ground.",5
P2,P2_ANIMAL_LEVEL_GENERIC;P2_GENERIC_CREATURE_CLASS,train,truebones,collected,present,False,Bat___Looking_63.npy,An animal flaps its wings vigorously while turning its head side to side.,5
P2,P2_ANIMAL_LEVEL_GENERIC;P2_GENERIC_CREATURE_CLASS,train,truebones,collected,present,False,Bat___Walk_64.npy,"An animal flies forward, flapping its wings slowly yet powerfully.",5
P2,P2_ANIMAL_LEVEL_GENERIC;P2_GENERIC_CREATURE_CLASS,train,truebones,collected,present,False,Bird___Attack3_114.npy,An animal briefly ascends before diving rapidly in an attacking motion.,5
P2,P2_ANIMAL_LEVEL_GENERIC;P2_GENERIC_CREATURE_CLASS,train,truebones,collected,present,False,Bird___Attack4_104.npy,"An animal hovers, ascends with a wing flap, and dives to attack with its beak.",5
P2,P2_ANIMAL_LEVEL_GENERIC;P2_GENERIC_CREATURE_CLASS,train,truebones,collected,present,False,Bird___Attack_103.npy,"An animal hovers, ascends with a wing flap, and dives to attack with its beak.",5
P2,P2_ANIMAL_LEVEL_GENERIC;P2_GENERIC_CREATURE_CLASS,train,truebones,collected,present,False,Bird___CircleLand_109.npy,"An animal unfolds its wings, ascends in a spiral, and lands back in its original position.",5
P2,P2_ANIMAL_LEVEL_GENERIC;P2_GENERIC_CREATURE_CLASS,train,truebones,collected,present,False,Bird___CircleLand_110.npy,"An animal unfolds its wings, ascends in a spiral, and lands back in its original position.",5
P2,P2_ANIMAL_LEVEL_GENERIC;P2_GENERIC_CREATURE_CLASS,train,truebones,collected,present,False,Bird___Fallen_99.npy,"An animal is struck by something and falls to the ground, dying instantly.",5
P2,P2_ANIMAL_LEVEL_GENERIC;P2_GENERIC_CREATURE_CLASS,train,truebones,collected,present,False,Bird___Falling_101.npy,"An animal is struck, regains balance briefly, then falls vertically to the ground.",5
P2,P2_ANIMAL_LEVEL_GENERIC;P2_GENERIC_CREATURE_CLASS,train,truebones,collected,present,False,Bird___Floater_113.npy,"An animal flaps its wings and floats in the sky, occasionally pausing to spread its wings horizontally and make a sound.",5
P2,P2_ANIMAL_LEVEL_GENERIC;P2_GENERIC_CREATURE_CLASS,train,truebones,collected,present,False,Bird___FlyLoop_102.npy,An animal flies with its wings flapping vigorously while maintaining a horizontal body position.,5
P2,P2_ANIMAL_LEVEL_GENERIC;P2_GENERIC_CREATURE_CLASS,train,truebones,collected,present,False,Bird___FlySlow_115.npy,"An animal flies forward gracefully, maintaining a diagonal alignment from head to tail while flapping its wings slowly.",5
P2,P2_ANIMAL_LEVEL_GENERIC;P2_GENERIC_CREATURE_CLASS,train,truebones,collected,present,False,Bird___Flying_108.npy,An animal flaps its wings vigorously while hovering in the air.,5
P2,P2_ANIMAL_LEVEL_GENERIC;P2_GENERIC_CREATURE_CLASS,train,truebones,collected,present,False,Bird___GroundFlap_112.npy,"An animal flaps its wings, pushes off the ground with its right foot, and briefly lifts its head and body.",5
P2,P2_ANIMAL_LEVEL_GENERIC;P2_GENERIC_CREATURE_CLASS,train,truebones,collected,present,False,Bird___Lander_111.npy,"An animal flaps its wings and gradually lands, then folds its wings and stands upright.",5
P2,P2_ANIMAL_LEVEL_GENERIC;P2_GENERIC_CREATURE_CLASS,train,truebones,collected,present,False,Bird___LookRight_100.npy,An animal turns its head to the right while flying vigorously.,5
P2,P2_ANIMAL_LEVEL_GENERIC;P2_GENERIC_CREATURE_CLASS,train,truebones,collected,present,False,Bird___SlowLook_117.npy,"An animal hovers in the air, slowly flapping its wings while looking downward.",5
P2,P2_ANIMAL_LEVEL_GENERIC;P2_GENERIC_CREATURE_CLASS,train,truebones,collected,present,False,Bird___TakeOff_105.npy,An animal takes off into the sky with a powerful flight.,5
P2,P2_ANIMAL_LEVEL_GENERIC;P2_GENERIC_CREATURE_CLASS,train,truebones,collected,present,False,Buffalo___AlertIdle_154.npy,"An animal alertly looks around, turning its head and wagging its tail.",5
P2,P2_ANIMAL_LEVEL_GENERIC;P2_GENERIC_CREATURE_CLASS,train,truebones,collected,present,False,Buffalo___AngryAntlers_156.npy,"An animal charges forward, thrusting its head with its horns to attack.",5
P2,P2_ANIMAL_LEVEL_GENERIC;P2_GENERIC_CREATURE_CLASS,train,truebones,collected,present,False,Buffalo___Attack1_159.npy,An animal prepares and executes a powerful forward attack with its horns.,5
P2,P2_ANIMAL_LEVEL_GENERIC;P2_GENERIC_CREATURE_CLASS,train,truebones,collected,present,False,Buffalo___Attack_143.npy,An animal attacks by lowering its body and thrusting its head upward.,5
P2,P2_ANIMAL_LEVEL_GENERIC;P2_GENERIC_CREATURE_CLASS,train,truebones,collected,present,False,Buffalo___ChargedUp_144.npy,"An animal lowers its stance, preparing to charge forward.",5
P2,P2_ANIMAL_LEVEL_GENERIC;P2_GENERIC_CREATURE_CLASS,train,truebones,collected,present,False,Buffalo___Cud_146.npy,"An animal stands and eats leaves, moving its head and tail.",5
P2,P2_ANIMAL_LEVEL_GENERIC;P2_GENERIC_CREATURE_CLASS,train,truebones,collected,present,False,Buffalo___Cud_147.npy,"An animal stands and eats leaves, moving its head and tail.",5
P2,P2_ANIMAL_LEVEL_GENERIC;P2_GENERIC_CREATURE_CLASS,train,truebones,collected,present,False,Buffalo___Fall_153.npy,"An animal suddenly stumbles and falls to its right, possibly due to an attack or impact.",5
P2,P2_ANIMAL_LEVEL_GENERIC;P2_GENERIC_CREATURE_CLASS,train,truebones,collected,present,False,Buffalo___GetUp_157.npy,An animal wakes up and gets up from a lying position.,5
P2,P2_ANIMAL_LEVEL_GENERIC;P2_GENERIC_CREATURE_CLASS,train,truebones,collected,present,False,Buffalo___GroundLoop_150.npy,"An animal lies collapsed on the ground, barely breathing.",5
P2,P2_ANIMAL_LEVEL_GENERIC;P2_GENERIC_CREATURE_CLASS,train,truebones,collected,present,False,Buffalo___HoofScrape_148.npy,An animal scrapes the ground with its hoof and then lifts its head and tail upward forcefully.,5
P2,P2_ANIMAL_LEVEL_GENERIC;P2_GENERIC_CREATURE_CLASS,train,truebones,collected,present,False,Buffalo___Idle_142.npy,"An animal stands on all fours, gently swaying its tail and subtly moving its body with each breath.",5
P2,P2_ANIMAL_LEVEL_GENERIC;P2_GENERIC_CREATURE_CLASS,train,truebones,collected,present,False,Buffalo___Jump_145.npy,An animal prepares to attack by jumping forward and striking with its horns.,5
P2,P2_ANIMAL_LEVEL_GENERIC;P2_GENERIC_CREATURE_CLASS,train,truebones,collected,present,False,Buffalo___LoweredHead_149.npy,"An animal stands still with its head lowered, gazing at the ground.",5
P2,P2_ANIMAL_LEVEL_GENERIC;P2_GENERIC_CREATURE_CLASS,train,truebones,collected,present,False,Buffalo___RunLoop_151.npy,"An animal runs forward energetically, with rhythmic body and tail movements.",5
P2,P2_ANIMAL_LEVEL_GENERIC;P2_GENERIC_CREATURE_CLASS,train,truebones,collected,present,False,Buffalo___Shot_152.npy,An animal is shot and falls to the left.,5
P2,P2_ANIMAL_LEVEL_GENERIC;P2_GENERIC_CREATURE_CLASS,train,truebones,collected,present,False,Buffalo___SleepUp_140.npy,An animal folds its legs and lies down to sleep.,5
P2,P2_ANIMAL_LEVEL_GENERIC;P2_GENERIC_CREATURE_CLASS,train,truebones,collected,present,False,Buffalo___SleepUp_141.npy,An animal folds its legs and lies down to sleep.,5
P2,P2_ANIMAL_LEVEL_GENERIC;P2_GENERIC_CREATURE_CLASS,train,truebones,collected,present,False,Buffalo___WalkLoop_158.npy,An animal walks forward very slowly and cautiously.,5
P2,P2_ANIMAL_LEVEL_GENERIC,train,truebones,collected,present,False,Buzzard___Attack1_168.npy,"An animal hovers and thrusts its talons forward to attack, flapping its wings powerfully.",5
P2,P2_ANIMAL_LEVEL_GENERIC,train,truebones,collected,present,False,Buzzard___Attack2_164.npy,An animal folds its wings and dashes forward from a flying position.,5
P2,P2_ANIMAL_LEVEL_GENERIC,train,truebones,collected,present,False,Buzzard___Die1_161.npy,"An animal spirals in the air before crashing to the ground, appearing lifeless.",5
P2,P2_ANIMAL_LEVEL_GENERIC,train,truebones,collected,present,False,Buzzard___Dying_165.npy,An animal flaps its wings weakly as it nears death.,5
P2,P2_ANIMAL_LEVEL_GENERIC,train,truebones,collected,present,False,Buzzard___FlyLoop_162.npy,"An animal flies slowly, flapping its wings gently.",5
P2,P2_ANIMAL_LEVEL_GENERIC,train,truebones,collected,present,False,Buzzard___SlowFly_169.npy,"An animal flies slowly through the sky, maintaining a horizontal posture.",5
P2,P2_ANIMAL_LEVEL_GENERIC,train,truebones,collected,present,False,Buzzard___SlowLoop_166.npy,"An animal hovers in place, flapping its wings slowly.",5
P2,P2_ANIMAL_LEVEL_GENERIC,train,truebones,collected,present,False,Buzzard___SlowtoLand_160.npy,"An animal flaps its wings, ascends, and then dives down to peck twice at its target.",5
P2,P2_ANIMAL_LEVEL_GENERIC,train,truebones,collected,present,False,Buzzard___Soaring_163.npy,An animal soars swiftly across the sky with powerful wing flaps.,5
P2,P2_ANIMAL_LEVEL_GENERIC;P2_GENERIC_CREATURE_CLASS,train,truebones,collected,present,False,Camel___Bite_170.npy,An animal bites something forcefully after lifting and lowering its head.,5
P2,P2_ANIMAL_LEVEL_GENERIC;P2_GENERIC_CREATURE_CLASS,train,truebones,collected,present,False,Camel___Buck_175.npy,An animal kicks backward with its hind legs and then stands.,5
P2,P2_ANIMAL_LEVEL_GENERIC;P2_GENERIC_CREATURE_CLASS,train,truebones,collected,present,False,Camel___DownLoop_181.npy,"An animal lies on its side, gently heaving as if breathing.",5
P2,P2_ANIMAL_LEVEL_GENERIC;P2_GENERIC_CREATURE_CLASS,train,truebones,collected,present,False,Camel___Fall_178.npy,An animal suddenly collapses to the right as if losing consciousness or balance.,5
P2,P2_ANIMAL_LEVEL_GENERIC;P2_GENERIC_CREATURE_CLASS,train,truebones,collected,present,False,Camel___LayDown_179.npy,An animal struggles to maintain balance and eventually collapses onto its right side.,5
P2,P2_ANIMAL_LEVEL_GENERIC;P2_GENERIC_CREATURE_CLASS,train,truebones,collected,present,False,Camel___Mope_185.npy,"An animal stands still with its head drooped down, appearing mopey.",5
P2,P2_ANIMAL_LEVEL_GENERIC;P2_GENERIC_CREATURE_CLASS,train,truebones,collected,present,False,Camel___Restless_173.npy,"An animal hesitates, then lunges forward to headbutt while its tail stands upright.",5
P2,P2_ANIMAL_LEVEL_GENERIC;P2_GENERIC_CREATURE_CLASS,train,truebones,collected,present,False,Camel___RunFast_172.npy,An animal is bounding forward on all four legs.,5
P2,P2_ANIMAL_LEVEL_GENERIC;P2_GENERIC_CREATURE_CLASS,train,truebones,collected,present,False,Camel___Run_183.npy,An animal runs forward with rhythmic and coordinated movements.,5
P2,P2_ANIMAL_LEVEL_GENERIC;P2_GENERIC_CREATURE_CLASS,train,truebones,collected,present,False,Camel___ScrapeHoof_174.npy,An animal scrapes the ground with its right front hoof and looks around.,5
P2,P2_ANIMAL_LEVEL_GENERIC;P2_GENERIC_CREATURE_CLASS,train,truebones,collected,present,False,Camel___SlowWalk_187.npy,An animal is slowly walking forward.,5
P2,P2_ANIMAL_LEVEL_GENERIC;P2_GENERIC_CREATURE_CLASS,train,truebones,collected,present,False,Camel___Specail_184.npy,"An animal briefly lowers its head, then lightly hops and returns to its original position after scratching the ground with its right foot.",5
P2,P2_ANIMAL_LEVEL_GENERIC;P2_GENERIC_CREATURE_CLASS,train,truebones,collected,present,False,Camel___StandUp_176.npy,An animal rises from lying on its side to a standing position.,5
P2,P2_GENERIC_CREATURE_CLASS,train,truebones,collected,present,False,Camel___StopWalk_171.npy,A running animal suddenly stops by bracing its front legs.,5
P2,P2_ANIMAL_LEVEL_GENERIC;P2_GENERIC_CREATURE_CLASS,train,truebones,collected,present,False,Camel___Trot_186.npy,An animal trots forward with a bouncy motion.,5
P2,P2_ANIMAL_LEVEL_GENERIC;P2_GENERIC_CREATURE_CLASS,train,truebones,collected,present,False,Camel___Wild1_177.npy,"An animal stands on four legs, rises by pushing off with its front legs, and then kicks forward aggressively.",5
P2,P2_ANIMAL_LEVEL_GENERIC;P2_GENERIC_CREATURE_CLASS,train,truebones,collected,present,False,Cat_CAT_IdlePurr_195.npy,"An animal lies down and purrs, occasionally moving its head, ears, and tail.",5
P2,P2_ANIMAL_LEVEL_GENERIC;P2_GENERIC_CREATURE_CLASS,train,truebones,collected,present,False,Cat_CAT_IdlePurr_197.npy,"An animal lies down and purrs, occasionally moving its head, ears, and tail.",5
P2,P2_ANIMAL_LEVEL_GENERIC;P2_GENERIC_CREATURE_CLASS,train,truebones,collected,present,False,Cat_CAT_LickCleanIdle_188.npy,An animal licks its paw while sitting and then returns to its original position.,5
P2,P2_ANIMAL_LEVEL_GENERIC;P2_GENERIC_CREATURE_CLASS,train,truebones,collected,present,False,Cat_CAT_LickCleanIdle_189.npy,An animal licks its paw while sitting and then returns to its original position.,5
P2,P2_ANIMAL_LEVEL_GENERIC;P2_GENERIC_CREATURE_CLASS,train,truebones,collected,present,False,Cat_CAT_LickCleanIdle_190.npy,An animal licks its paw while sitting and then returns to its original position.,5
P2,P2_ANIMAL_LEVEL_GENERIC;P2_GENERIC_CREATURE_CLASS,train,truebones,collected,present,False,Cat_CAT_StretchYawnIdle_192.npy,"An animal stretches and yawns, then returns to a sitting position.",5
P2,P2_ANIMAL_LEVEL_GENERIC;P2_GENERIC_CREATURE_CLASS,train,truebones,collected,present,False,Cat_CAT_StretchYawnIdle_193.npy,"An animal stretches and yawns, then returns to a sitting position.",5
P2,P2_ANIMAL_LEVEL_GENERIC;P2_GENERIC_CREATURE_CLASS,train,truebones,collected,present,False,Cat_CAT_StretchYawnIdle_194.npy,"An animal stretches and yawns, then returns to a sitting position.",5
P2,P2_ANIMAL_LEVEL_GENERIC;P2_GENERIC_CREATURE_CLASS,train,truebones,collected,present,False,Cat_CAT_Walk_191.npy,An animal walks slowly forward with its tail raised.,5
P2,P2_ANIMAL_LEVEL_GENERIC;P2_GENERIC_CREATURE_CLASS,train,truebones,collected,present,False,Centipede___Attack1_207.npy,The animal raises its body and strikes down with its arms in an attack motion.,5
P2,P2_ANIMAL_LEVEL_GENERIC;P2_GENERIC_CREATURE_CLASS,train,truebones,collected,present,False,Centipede___Attack2_204.npy,"An animal steps backward, raises its body, and then dashes forward to attack.",5
P2,P2_ANIMAL_LEVEL_GENERIC;P2_GENERIC_CREATURE_CLASS,train,truebones,collected,present,False,Centipede___Die_205.npy,"An animal experiences a shock and collapses to its right side, dying.",5
P2,P2_ANIMAL_LEVEL_GENERIC;P2_GENERIC_CREATURE_CLASS,train,truebones,collected,present,False,Centipede___Idle2_198.npy,An animal stands on the ground with its tail tip moving side to side.,5
P2,P2_ANIMAL_LEVEL_GENERIC;P2_GENERIC_CREATURE_CLASS,train,truebones,collected,present,False,Centipede___Idle_199.npy,An animal assumes a threatening posture by raising its body and spreading its pincers.,5
P2,P2_ANIMAL_LEVEL_GENERIC;P2_GENERIC_CREATURE_CLASS,train,truebones,collected,present,False,Centipede___Rearing_201.npy,"An animal rears up, balancing on its hind legs, and then returns to its original position.",5
P2,P2_ANIMAL_LEVEL_GENERIC;P2_GENERIC_CREATURE_CLASS,train,truebones,collected,present,False,Centipede___Run_206.npy,An animal with multiple legs and a tail waddles forward.,5
P2,P2_ANIMAL_LEVEL_GENERIC,train,truebones,collected,present,False,Chicken_Chicken_IdlePecking_209.npy,An animal pecks at the ground after surveying its surroundings.,5
P2,P2_ANIMAL_LEVEL_GENERIC,train,truebones,collected,present,False,Chicken_Chicken_Walk_210.npy,An animal walks forward slowly with a gentle bounce.,5
P2,P2_ANIMAL_LEVEL_GENERIC;P2_GENERIC_CREATURE_CLASS,train,truebones,collected,present,False,Comodoa___Attack1_221.npy,An animal lunges forward to bite and shakes its tail.,5
P2,P2_ANIMAL_LEVEL_GENERIC;P2_GENERIC_CREATURE_CLASS,train,truebones,collected,present,False,Comodoa___Attack2_216.npy,An animal lunges forward and performs a headbutt attack.,5
P2,P2_ANIMAL_LEVEL_GENERIC;P2_GENERIC_CREATURE_CLASS,train,truebones,collected,present,False,Comodoa___Attack3_220.npy,"An animal briefly steps back, twists its body, then charges forward while rotating to attack.",5
P2,P2_ANIMAL_LEVEL_GENERIC;P2_GENERIC_CREATURE_CLASS,train,truebones,collected,present,False,Comodoa___Die_217.npy,"An animal is attacked and falls to the ground, eventually dying.",5
P2,P2_ANIMAL_LEVEL_GENERIC;P2_GENERIC_CREATURE_CLASS,train,truebones,collected,present,False,Comodoa___Idle2_211.npy,"An animal stands on all fours, moving its tail side to side and shaking its midsection.",5
P2,P2_ANIMAL_LEVEL_GENERIC;P2_GENERIC_CREATURE_CLASS,train,truebones,collected,present,False,Comodoa___Idle_212.npy,"An animal stands on all fours, moving its tail side to side and shaking its midsection.",5
P2,P2_ANIMAL_LEVEL_GENERIC;P2_GENERIC_CREATURE_CLASS,train,truebones,collected,present,False,Comodoa___Run_219.npy,An animal walks forward with a swaying tail.,5
P2,P2_ANIMAL_LEVEL_GENERIC;P2_GENERIC_CREATURE_CLASS,train,truebones,collected,present,False,Comodoa___Walk_218.npy,"An animal walks slowly, swaying its body and tail side to side.",5
P2,P2_ANIMAL_LEVEL_GENERIC;P2_GENERIC_CREATURE_CLASS,train,truebones,collected,present,False,Comodoa___Yawn_214.npy,An animal yawns and stretches its legs while sitting.,5
P2,P2_ANIMAL_LEVEL_GENERIC;P2_GENERIC_CREATURE_CLASS,train,truebones,collected,present,False,Comodoa___Yawn_215.npy,An animal yawns and stretches its legs while sitting.,5
P2,P2_ANIMAL_LEVEL_GENERIC;P2_GENERIC_CREATURE_CLASS,train,truebones,collected,present,False,Coyote___Attack1_230.npy,An animal strikes downward in a sudden attack after raising its upper body.,5
P2,P2_ANIMAL_LEVEL_GENERIC;P2_GENERIC_CREATURE_CLASS,train,truebones,collected,present,False,Coyote___Attack2_224.npy,An animal hesitates slightly before striking forward with its right front paw in an attacking motion.,5
P2,P2_ANIMAL_LEVEL_GENERIC;P2_GENERIC_CREATURE_CLASS,train,truebones,collected,present,False,Coyote___Attack3_229.npy,"An animal prepares to attack, leaps forward, strikes with its front paws, and then retreats.",5
P2,P2_ANIMAL_LEVEL_GENERIC;P2_GENERIC_CREATURE_CLASS,train,truebones,collected,present,False,Coyote___Die_225.npy,An animal is shot and collapses to the left.,5
P2,P2_ANIMAL_LEVEL_GENERIC;P2_GENERIC_CREATURE_CLASS,train,truebones,collected,present,False,Coyote___Howling_226.npy,An animal howls with its body arched in a U-shape.,5
P2,P2_ANIMAL_LEVEL_GENERIC;P2_GENERIC_CREATURE_CLASS,train,truebones,collected,present,False,Coyote___Idle_222.npy,"An animal stands still, breathing and wagging its tail slightly.",5
P2,P2_ANIMAL_LEVEL_GENERIC;P2_GENERIC_CREATURE_CLASS,train,truebones,collected,present,False,Coyote___Running_228.npy,An animal is energetically running forward.,5
P2,P2_ANIMAL_LEVEL_GENERIC;P2_GENERIC_CREATURE_CLASS,train,truebones,collected,present,False,Coyote___Sniffing_227.npy,An animal sniffs the ground with a lowered body posture.,5
P2,P2_ANIMAL_LEVEL_GENERIC;P2_GENERIC_CREATURE_CLASS,train,truebones,collected,present,False,Coyote___Walking_231.npy,An animal walks forward slowly with a steady posture.,5
P2,P2_ANIMAL_LEVEL_GENERIC,train,truebones,collected,present,False,Crab___Attack1_241.npy,An animal attacks using its claw with a forceful forward motion.,5
P2,P2_ANIMAL_LEVEL_GENERIC,train,truebones,collected,present,False,Crab___Attack3_240.npy,An animal attacks by raising and striking down its right claw.,5
P2,P2_ANIMAL_LEVEL_GENERIC,train,truebones,collected,present,False,Crab___Attack4_234.npy,An animal attacks by striking down with its right claw.,5
P2,P2_ANIMAL_LEVEL_GENERIC,train,truebones,collected,present,False,Crab___Defeated_236.npy,An animal is defeated in a fight and collapses lifelessly.,5
P2,P2_ANIMAL_LEVEL_GENERIC,train,truebones,collected,present,False,Crab___Die_238.npy,An animal struggles to maintain balance before collapsing forward and dying.,5
P2,P2_ANIMAL_LEVEL_GENERIC,train,truebones,collected,present,False,Crab___Eat_233.npy,An animal stands on six legs and uses its right claw to pick up and eat something from the ground.,5
P2,P2_ANIMAL_LEVEL_GENERIC,train,truebones,collected,present,False,Crab___HitBack_235.npy,"An animal is struck and flips backward, then appears to convulse slightly before going limp.",5
P2,P2_ANIMAL_LEVEL_GENERIC,train,truebones,collected,present,False,Crab___Strafe_232.npy,An animal with asymmetrical claws moves sideways.,5
P2,P2_ANIMAL_LEVEL_GENERIC,train,truebones,collected,present,False,Crab___Walk_239.npy,An animal walks forward while protecting its body with its right claw bent to the left.,5
P2,P2_ANIMAL_LEVEL_GENERIC;P2_GENERIC_CREATURE_CLASS,train,truebones,collected,present,False,Cricket___Attack1_253.npy,"An animal raises its arms and torso, then swings each arm once while its tail balances by swaying.",5
P2,P2_ANIMAL_LEVEL_GENERIC;P2_GENERIC_CREATURE_CLASS,train,truebones,collected,present,False,Cricket___Attack3_250.npy,"The animal prepares and executes an attack with its left arm, then returns to its original position.",5
P2,P2_ANIMAL_LEVEL_GENERIC;P2_GENERIC_CREATURE_CLASS,train,truebones,collected,present,False,Cricket___Attack4_243.npy,"An animal attacks by smashing with both hands, roaring and rearing up.",5
P2,P2_ANIMAL_LEVEL_GENERIC;P2_GENERIC_CREATURE_CLASS,train,truebones,collected,present,False,Cricket___Burrough_244.npy,An animal digs into the ground using its forelimbs and burrows deeper.,5
P2,P2_ANIMAL_LEVEL_GENERIC;P2_GENERIC_CREATURE_CLASS,train,truebones,collected,present,False,Cricket___Die_246.npy,"An animal experiences a sudden shock, causing it to fall forward and die.",5
P2,P2_ANIMAL_LEVEL_GENERIC;P2_GENERIC_CREATURE_CLASS,train,truebones,collected,present,False,Cricket___LookAround_251.npy,An animal twists its upper body to look around.,5
P2,P2_ANIMAL_LEVEL_GENERIC;P2_GENERIC_CREATURE_CLASS,train,truebones,collected,present,False,Cricket___LookAround_252.npy,An animal twists its upper body to look around.,5
P2,P2_ANIMAL_LEVEL_GENERIC;P2_GENERIC_CREATURE_CLASS,train,truebones,collected,present,False,Cricket___OutOfGround_248.npy,An animal emerges from the ground by digging upwards.,5
P2,P2_ANIMAL_LEVEL_GENERIC;P2_GENERIC_CREATURE_CLASS,train,truebones,collected,present,False,Cricket___Running_247.npy,An animal runs forward by pushing off the ground with its four legs.,5
P2,P2_ANIMAL_LEVEL_GENERIC;P2_GENERIC_CREATURE_CLASS,train,truebones,collected,present,False,Cricket___Walking_254.npy,"An animal walks slowly, firmly planting its feet on the ground.",5
P2,P2_ANIMAL_LEVEL_GENERIC;P2_GENERIC_CREATURE_CLASS,train,truebones,collected,present,False,Deer___Backing_277.npy,"An animal jumps from a low stance, raises its upper body, lands, and regains its posture.",5
P2,P2_ANIMAL_LEVEL_GENERIC;P2_GENERIC_CREATURE_CLASS,train,truebones,collected,present,False,Deer___Bleat_282.npy,An animal stands on all fours and raises its head to bleat.,5
P2,P2_ANIMAL_LEVEL_GENERIC;P2_GENERIC_CREATURE_CLASS,train,truebones,collected,present,False,Deer___BuckShy_283.npy,An animal with wide antlers suddenly turns left and dashes away.,5
P2,P2_ANIMAL_LEVEL_GENERIC;P2_GENERIC_CREATURE_CLASS,train,truebones,collected,present,False,Deer___Charge_280.npy,An animal charges forward with a leaping motion.,5
P2,P2_ANIMAL_LEVEL_GENERIC;P2_GENERIC_CREATURE_CLASS,train,truebones,collected,present,False,Deer___ComeDown_276.npy,An animal with wide antlers hits its head and jerks its head and upper body backward.,5
P2,P2_ANIMAL_LEVEL_GENERIC;P2_GENERIC_CREATURE_CLASS,train,truebones,collected,present,False,Deer___GetUpAgain_269.npy,An animal with wide antlers gets up quickly from lying on its left side.,5
P2,P2_ANIMAL_LEVEL_GENERIC;P2_GENERIC_CREATURE_CLASS,train,truebones,collected,present,False,Deer___GetUp_284.npy,An animal with wide antlers stands up slowly from a lying position.,5
P2,P2_ANIMAL_LEVEL_GENERIC;P2_GENERIC_CREATURE_CLASS,train,truebones,collected,present,False,Deer___Grazing_273.npy,An animal grazing suddenly lifts its head to look around.,5
P2,P2_ANIMAL_LEVEL_GENERIC;P2_GENERIC_CREATURE_CLASS,train,truebones,collected,present,False,Deer___Grazing_274.npy,An animal grazing suddenly lifts its head to look around.,5
P2,P2_ANIMAL_LEVEL_GENERIC;P2_GENERIC_CREATURE_CLASS,train,truebones,collected,present,False,Deer___Idle_267.npy,"An animal searches the ground by moving its head side to side, then lifts its head again.",5
P2,P2_ANIMAL_LEVEL_GENERIC;P2_GENERIC_CREATURE_CLASS,train,truebones,collected,present,False,Deer___RearUp_270.npy,"An animal with wide antlers rears up, striking the ground with its front hooves.",5
P2,P2_ANIMAL_LEVEL_GENERIC;P2_GENERIC_CREATURE_CLASS,train,truebones,collected,present,False,Deer___Rutting_268.npy,"An animal engages in rutting, being pushed back by another animal.",5
P2,P2_ANIMAL_LEVEL_GENERIC;P2_GENERIC_CREATURE_CLASS,train,truebones,collected,present,False,Deer___Squirly_287.npy,An animal stumbles after being hit but regains its balance.,5
P2,P2_ANIMAL_LEVEL_GENERIC;P2_GENERIC_CREATURE_CLASS,train,truebones,collected,present,False,Deer___TakeOff_275.npy,"An animal with wide antlers swiftly turns left, preparing to flee backward.",5
P2,P2_ANIMAL_LEVEL_GENERIC;P2_GENERIC_CREATURE_CLASS,train,truebones,collected,present,False,Deer___TurnLeft_285.npy,An animal with wide antlers turns its body 90 degrees to the left.,5
P2,P2_ANIMAL_LEVEL_GENERIC;P2_GENERIC_CREATURE_CLASS,train,truebones,collected,present,False,Deer___WalkBack_281.npy,An animal walks backward while facing forward.,5
P2,P2_ANIMAL_LEVEL_GENERIC;P2_GENERIC_CREATURE_CLASS,train,truebones,collected,present,False,Deer___WalkCall_272.npy,An animal walks and emits a call as a signal.,5
P2,P2_ANIMAL_LEVEL_GENERIC;P2_GENERIC_CREATURE_CLASS,train,truebones,collected,present,False,Deer___WalkForward_288.npy,An animal with wide antlers gracefully walks forward.,5
P2,P2_ANIMAL_LEVEL_GENERIC;P2_GENERIC_CREATURE_CLASS,train,truebones,collected,present,False,Deer___idleEarFlik_278.npy,"An animal searches the ground by moving its head side to side, then lifts its head again.",5
P2,P2_ANIMAL_LEVEL_GENERIC;P2_GENERIC_CREATURE_CLASS,train,truebones,collected,present,False,Deer___idleEarFlik_279.npy,"An animal searches the ground by moving its head side to side, then lifts its head again.",5
P2,P2_ANIMAL_LEVEL_GENERIC;P2_GENERIC_CREATURE_CLASS,train,truebones,collected,present,False,Dragon___Attack2_295.npy,"An animal rises and then dives down, swinging its head left to attack.",5
P2,P2_ANIMAL_LEVEL_GENERIC;P2_GENERIC_CREATURE_CLASS,train,truebones,collected,present,False,Dragon___Attack3_299.npy,An animal attacks by diving down swiftly from the air.,5
P2,P2_ANIMAL_LEVEL_GENERIC;P2_GENERIC_CREATURE_CLASS,train,truebones,collected,present,False,Dragon___Attack_292.npy,"An animal takes an aggressive stance, ascends with a wing flap, and attacks downward with its front claws.",5
P2,P2_ANIMAL_LEVEL_GENERIC;P2_GENERIC_CREATURE_CLASS,train,truebones,collected,present,False,Dragon___Die_296.npy,"An animal is struck, collapses to the ground, and dies.",5
P2,P2_ANIMAL_LEVEL_GENERIC;P2_GENERIC_CREATURE_CLASS,train,truebones,collected,present,False,Dragon___Fly_297.npy,"An animal flies through the sky, flapping its wings and then gliding.",5
P2,P2_ANIMAL_LEVEL_GENERIC;P2_GENERIC_CREATURE_CLASS,train,truebones,collected,present,False,Dragon___Fly_298.npy,"An animal flies through the sky, flapping its wings and then gliding.",5
P2,P2_ANIMAL_LEVEL_GENERIC;P2_GENERIC_CREATURE_CLASS,train,truebones,collected,present,False,Dragon___Idle2_289.npy,"An animal hovers in the air, flapping its wings.",5
P2,P2_ANIMAL_LEVEL_GENERIC;P2_GENERIC_CREATURE_CLASS,train,truebones,collected,present,False,Dragon___Idle3_293.npy,An animal flies while flapping its wings and looking around.,5
P2,P2_ANIMAL_LEVEL_GENERIC;P2_GENERIC_CREATURE_CLASS,train,truebones,collected,present,False,Dragon___Idle3_294.npy,An animal flies while flapping its wings and looking around.,5
P2,P2_ANIMAL_LEVEL_GENERIC;P2_GENERIC_CREATURE_CLASS,train,truebones,collected,present,False,Dragon___Idle_290.npy,An animal flies while flapping its wings and looking around.,5
P2,P2_ANIMAL_LEVEL_GENERIC;P2_GENERIC_CREATURE_CLASS,train,truebones,collected,present,False,Dragon___Idle_291.npy,An animal flies while flapping its wings and looking around.,5
P2,P2_ANIMAL_LEVEL_GENERIC;P2_GENERIC_CREATURE_CLASS,train,truebones,collected,present,False,Dragon___SlowFly_301.npy,"An animal is flying slowly, gently flapping its wings.",5
P2,P2_ANIMAL_LEVEL_GENERIC;P2_GENERIC_CREATURE_CLASS,train,truebones,collected,present,False,Elephant___Die_322.npy,"An animal collapses and falls to the ground, losing its balance and strength.",5
P2,P2_ANIMAL_LEVEL_GENERIC;P2_GENERIC_CREATURE_CLASS,train,truebones,collected,present,False,Elephant___Firing_320.npy,An animal steps forward with its left front leg and performs a headbutt attack.,5
P2,P2_ANIMAL_LEVEL_GENERIC;P2_GENERIC_CREATURE_CLASS,train,truebones,collected,present,False,Elephant___Passout_325.npy,"An animal stands still with slight movements of its head, tusks, and ears.",5
P2,P2_ANIMAL_LEVEL_GENERIC;P2_GENERIC_CREATURE_CLASS,train,truebones,collected,present,False,Elephant___Run_326.npy,"An animal runs forward with a light, bounding gait.",5
P2,P2_ANIMAL_LEVEL_GENERIC;P2_GENERIC_CREATURE_CLASS,train,truebones,collected,present,False,Elephant___walk_323.npy,"An animal walks slowly forward, with its ears and tail flapping in rhythm with its movement.",5
P2,P2_ANIMAL_LEVEL_GENERIC;P2_GENERIC_CREATURE_CLASS,train,truebones,collected,present,False,FireAnt___Angry_341.npy,An animal lifts and lowers its body while shaking its tail.,5
P2,P2_ANIMAL_LEVEL_GENERIC;P2_GENERIC_CREATURE_CLASS,train,truebones,collected,present,False,FireAnt___Annoyed_336.npy,An animal appears annoyed and assumes a defensive posture.,5
P2,P2_ANIMAL_LEVEL_GENERIC;P2_GENERIC_CREATURE_CLASS,train,truebones,collected,present,False,FireAnt___Bite_328.npy,An animal bites something by lifting its front legs and then landing back.,5
P2,P2_ANIMAL_LEVEL_GENERIC;P2_GENERIC_CREATURE_CLASS,train,truebones,collected,present,False,FireAnt___Creep_331.npy,An animal carefully walks using its legs and strong jaws.,5
P2,P2_ANIMAL_LEVEL_GENERIC;P2_GENERIC_CREATURE_CLASS,train,truebones,collected,present,False,FireAnt___Feel_349.npy,An animal picks up something from the ground and tastes it.,5
P2,P2_ANIMAL_LEVEL_GENERIC;P2_GENERIC_CREATURE_CLASS,train,truebones,collected,present,False,FireAnt___FightOff_335.npy,The animal raises its body and shakes its head side-to-side.,5
P2,P2_ANIMAL_LEVEL_GENERIC;P2_GENERIC_CREATURE_CLASS,train,truebones,collected,present,False,FireAnt___ForwardMarch_350.npy,"An animal marches forward, moving its six legs busily.",5
P2,P2_ANIMAL_LEVEL_GENERIC;P2_GENERIC_CREATURE_CLASS,train,truebones,collected,present,False,FireAnt___Gesture_338.npy,An animal moves its legs while gripping something with its strong jaws.,5
P2,P2_ANIMAL_LEVEL_GENERIC;P2_GENERIC_CREATURE_CLASS,train,truebones,collected,present,False,FireAnt___Hit_348.npy,An animal is struck in the face and twists its body in pain.,5
P2,P2_ANIMAL_LEVEL_GENERIC;P2_GENERIC_CREATURE_CLASS,train,truebones,collected,present,False,FireAnt___Hungry_337.npy,"An animal stands on the ground, moving its head up and down while its mandibles open and close, and its antennae move busily.",5
P2,P2_ANIMAL_LEVEL_GENERIC;P2_GENERIC_CREATURE_CLASS,train,truebones,collected,present,False,FireAnt___Idle_330.npy,"An animal stands still, occasionally moving its mandibles and antennae.",5
P2,P2_ANIMAL_LEVEL_GENERIC;P2_GENERIC_CREATURE_CLASS,train,truebones,collected,present,False,FireAnt___Jump_333.npy,An animal jumps upward quickly.,5
P2,P2_ANIMAL_LEVEL_GENERIC;P2_GENERIC_CREATURE_CLASS,train,truebones,collected,present,False,FireAnt___Left_329.npy,An animal moves sideways to the left while keeping its body and head facing forward.,5
P2,P2_ANIMAL_LEVEL_GENERIC;P2_GENERIC_CREATURE_CLASS,train,truebones,collected,present,False,FireAnt___Right_351.npy,An animal moves sideways to the right while keeping its body and head facing forward.,5
P2,P2_ANIMAL_LEVEL_GENERIC;P2_GENERIC_CREATURE_CLASS,train,truebones,collected,present,False,FireAnt___RipFlesh2_347.npy,An animal uses its strong mandibles to tear flesh from its prey.,5
P2,P2_ANIMAL_LEVEL_GENERIC;P2_GENERIC_CREATURE_CLASS,train,truebones,collected,present,False,FireAnt___RipFlesh_344.npy,An animal grabs prey with its left front leg and bites into it with strong jaws.,5
P2,P2_ANIMAL_LEVEL_GENERIC;P2_GENERIC_CREATURE_CLASS,train,truebones,collected,present,False,FireAnt___Rip_334.npy,An animal grabs prey with its left front leg and bites into it with strong jaws.,5
P2,P2_ANIMAL_LEVEL_GENERIC;P2_GENERIC_CREATURE_CLASS,train,truebones,collected,present,False,FireAnt___Roar_340.npy,An animal raises its head and moves its antennae and mandibles as it roars.,5
P2,P2_ANIMAL_LEVEL_GENERIC;P2_GENERIC_CREATURE_CLASS,train,truebones,collected,present,False,FireAnt___Snap_345.npy,An animal quickly snaps at something in the air using its strong jaws.,5
P2,P2_ANIMAL_LEVEL_GENERIC;P2_GENERIC_CREATURE_CLASS,train,truebones,collected,present,False,FireAnt___TurnLeft_346.npy,An animal twists its body 90 degrees to the left using only its legs.,5
P2,P2_ANIMAL_LEVEL_GENERIC;P2_GENERIC_CREATURE_CLASS,train,truebones,collected,present,False,FireAnt___TurnRight_339.npy,An animal rotates its body to the right.,5
P2,P2_ANIMAL_LEVEL_GENERIC;P2_GENERIC_CREATURE_CLASS,train,truebones,collected,present,False,FireAnt___UpFromDown2_342.npy,An animal extends its legs to lift its body upward.,5
P2,P2_ANIMAL_LEVEL_GENERIC;P2_GENERIC_CREATURE_CLASS,train,truebones,collected,present,False,FireAnt___UpFromDown_332.npy,An animal extends its legs to lift its body upward.,5
P2,P2_ANIMAL_LEVEL_GENERIC,train,truebones,collected,present,False,Flamingo_Flamingo_BendIdle_352.npy,"An animal stands still, bending its neck to peck at the ground.",5
P2,P2_ANIMAL_LEVEL_GENERIC,train,truebones,collected,present,False,Flamingo_Flamingo_Sleep_353.npy,An animal stands on two legs and rests its neck and head on its back to sleep.,5
P2,P2_ANIMAL_LEVEL_GENERIC,train,truebones,collected,present,False,Flamingo_Flamingo_Walk_354.npy,"An animal gracefully walks forward, lifting its legs alternately.",5
P2,P2_ANIMAL_LEVEL_GENERIC;P2_GENERIC_CREATURE_CLASS,train,truebones,collected,present,False,Gazelle___Alert_375.npy,An animal cautiously scans its surroundings by shaking its head side-to-side.,5
P2,P2_ANIMAL_LEVEL_GENERIC;P2_GENERIC_CREATURE_CLASS,train,truebones,collected,present,False,Gazelle___Alert_376.npy,An animal cautiously scans its surroundings by shaking its head side-to-side.,5
P2,P2_ANIMAL_LEVEL_GENERIC;P2_GENERIC_CREATURE_CLASS,train,truebones,collected,present,False,Gazelle___Attack1_381.npy,"An animal prepares to attack by lowering its body, then leaps forward to strike with its horns.",5
P2,P2_ANIMAL_LEVEL_GENERIC;P2_GENERIC_CREATURE_CLASS,train,truebones,collected,present,False,Gazelle___Attack_374.npy,An animal pushes off the ground with its front legs to attack forward with its hooves.,5
P2,P2_ANIMAL_LEVEL_GENERIC;P2_GENERIC_CREATURE_CLASS,train,truebones,collected,present,False,Gazelle___Fall_377.npy,An animal is shot and falls to the ground.,5
P2,P2_ANIMAL_LEVEL_GENERIC;P2_GENERIC_CREATURE_CLASS,train,truebones,collected,present,False,Gazelle___IdleReady_379.npy,"An animal scrapes the ground with its right front hoof, adopting a ready stance.",5
P2,P2_ANIMAL_LEVEL_GENERIC;P2_GENERIC_CREATURE_CLASS,train,truebones,collected,present,False,Gazelle___Idle_373.npy,"An animal stands still, occasionally blinking its eyes and flicking its ears.",5
P2,P2_ANIMAL_LEVEL_GENERIC;P2_GENERIC_CREATURE_CLASS,train,truebones,collected,present,False,Gazelle___Run_380.npy,An animal runs at full speed with a dynamic posture.,5
P2,P2_ANIMAL_LEVEL_GENERIC;P2_GENERIC_CREATURE_CLASS,train,truebones,collected,present,False,Gazelle___Walk_378.npy,"An animal gracefully walks, showcasing its elegant stride.",5
P2,P2_ANIMAL_LEVEL_GENERIC;P2_GENERIC_CREATURE_CLASS,train,truebones,collected,present,False,Giantbee___Attack3_391.npy,"The animal performs an aggressive attack by either body slamming or stinging, followed by an aerial spin.",5
P2,P2_ANIMAL_LEVEL_GENERIC;P2_GENERIC_CREATURE_CLASS,train,truebones,collected,present,False,Giantbee___Attack4_386.npy,The animal performs a swift aerial attack with a body slam and spins 360 degrees in the air.,5
P2,P2_ANIMAL_LEVEL_GENERIC;P2_GENERIC_CREATURE_CLASS,train,truebones,collected,present,False,Giantbee___Attack_385.npy,The animal attacks by thrusting its curled tail forward after fluttering its wings.,5
P2,P2_ANIMAL_LEVEL_GENERIC;P2_GENERIC_CREATURE_CLASS,train,truebones,collected,present,False,Giantbee___Die2_389.npy,"An animal is shot, spins vertically, and falls to the ground.",5
P2,P2_ANIMAL_LEVEL_GENERIC;P2_GENERIC_CREATURE_CLASS,train,truebones,collected,present,False,Giantbee___Die_388.npy,"An animal is shot and falls to the ground, appearing lifeless.",5
P2,P2_ANIMAL_LEVEL_GENERIC;P2_GENERIC_CREATURE_CLASS,train,truebones,collected,present,False,Giantbee___Fly_390.npy,"An animal hovers in the air, rapidly flapping its wings.",5
P2,P2_ANIMAL_LEVEL_GENERIC;P2_GENERIC_CREATURE_CLASS,train,truebones,collected,present,False,Giantbee___Idle2_383.npy,"An animal hovers in the air, rapidly flapping its wings.",5
P2,P2_ANIMAL_LEVEL_GENERIC;P2_GENERIC_CREATURE_CLASS,train,truebones,collected,present,False,Giantbee___Idle_384.npy,"An animal hovers in the air with rapid wing flaps, antennae upright, and tail curled forward.",5
P2,P2_ANIMAL_LEVEL_GENERIC;P2_GENERIC_CREATURE_CLASS,train,truebones,collected,present,False,Goat___Attack_393.npy,The animal rears up and charges forward with a headbutt.,5
P2,P2_ANIMAL_LEVEL_GENERIC;P2_GENERIC_CREATURE_CLASS,train,truebones,collected,present,False,Goat___Bleat_400.npy,"An animal bleats, raising its head slightly and opening its mouth.",5
P2,P2_ANIMAL_LEVEL_GENERIC;P2_GENERIC_CREATURE_CLASS,train,truebones,collected,present,False,Goat___Die_396.npy,"An animal is shot, loses consciousness, and collapses to the ground.",5
P2,P2_ANIMAL_LEVEL_GENERIC;P2_GENERIC_CREATURE_CLASS,train,truebones,collected,present,False,Goat___HeadButt2_401.npy,An animal prepares and executes a headbutt attack by crouching and then lunging forward.,5
P2,P2_ANIMAL_LEVEL_GENERIC;P2_GENERIC_CREATURE_CLASS,train,truebones,collected,present,False,Goat___HeadButt_399.npy,An animal prepares and executes a powerful headbutt attack.,5
P2,P2_ANIMAL_LEVEL_GENERIC;P2_GENERIC_CREATURE_CLASS,train,truebones,collected,present,False,Goat___JumpKnock_395.npy,"An animal quickly steps back, jumps forward, and mimics a headbutting motion before returning to its original position.",5
P2,P2_ANIMAL_LEVEL_GENERIC;P2_GENERIC_CREATURE_CLASS,train,truebones,collected,present,False,Goat___Run_398.npy,An animal runs energetically forward with rhythmic coordination.,5
P2,P2_ANIMAL_LEVEL_GENERIC;P2_GENERIC_CREATURE_CLASS,train,truebones,collected,present,False,Goat___Walk_397.npy,"An animal walks forward carefully, looking straight ahead.",5
P2,P2_ANIMAL_LEVEL_GENERIC;P2_GENERIC_CREATURE_CLASS,train,truebones,collected,present,False,Hamster___Idle_402.npy,"An animal stands still, seemingly sniffing the air.",5
P2,P2_ANIMAL_LEVEL_GENERIC;P2_GENERIC_CREATURE_CLASS,train,truebones,collected,present,False,Hamster___Sniff_406.npy,"An animal sniffs the ground, digs with its paws, then raises its body to look around.",5
P2,P2_ANIMAL_LEVEL_GENERIC;P2_GENERIC_CREATURE_CLASS,train,truebones,collected,present,False,Hamster___Sniff_407.npy,"An animal sniffs the ground, digs with its paws, then raises its body to look around.",5
P2,P2_ANIMAL_LEVEL_GENERIC;P2_GENERIC_CREATURE_CLASS,train,truebones,collected,present,False,Hamster___Walk_403.npy,An animal walks slowly forward.,5
P2,P2_ANIMAL_LEVEL_GENERIC,train,truebones,collected,present,False,HermitCrab___Die_415.npy,"An animal receives a shock and collapses, eventually dying.",5
P2,P2_ANIMAL_LEVEL_GENERIC,train,truebones,collected,present,False,HermitCrab___Eat_408.npy,An animal digs the ground with its claws and starts eating something it picks up.,5
P2,P2_ANIMAL_LEVEL_GENERIC,train,truebones,collected,present,False,HermitCrab___Expire_413.npy,"An animal's antennae rise, and it collapses to the ground after struggling to maintain balance.",5
P2,P2_ANIMAL_LEVEL_GENERIC,train,truebones,collected,present,False,HermitCrab___KnockedBack_414.npy,"The animal is knocked back by a sudden impact, causing its body to separate from its shell and fall to the ground.",5
P2,P2_ANIMAL_LEVEL_GENERIC,train,truebones,collected,present,False,HermitCrab___KnockedOut_409.npy,An animal is suddenly lifted and flipped onto its back as if struck by an impact.,5
P2,P2_ANIMAL_LEVEL_GENERIC,train,truebones,collected,present,False,HermitCrab___OutofGround_418.npy,An animal emerges from the ground using its claws and legs.,5
P2,P2_ANIMAL_LEVEL_GENERIC,train,truebones,collected,present,False,HermitCrab___Pinchers_420.npy,An animal stands while gently waving its pincers and antennae.,5
P2,P2_ANIMAL_LEVEL_GENERIC,train,truebones,collected,present,False,HermitCrab___SandBurrough_412.npy,An animal digs into the ground using its front claws and burrows deeper.,5
P2,P2_ANIMAL_LEVEL_GENERIC,train,truebones,collected,present,False,HermitCrab___Sleep_417.npy,"An animal with six legs, two claws, and two antennae is sleeping.",5
P2,P2_ANIMAL_LEVEL_GENERIC,train,truebones,collected,present,False,HermitCrab___Slowwalk_419.npy,An animal slowly walks forward with its legs and folded claws.,5
P2,P2_ANIMAL_LEVEL_GENERIC,train,truebones,collected,present,False,HermitCrab___Walk_416.npy,An animal slowly walks forward with its legs and folded claws.,5
P2,P2_ANIMAL_LEVEL_GENERIC;P2_GENERIC_CREATURE_CLASS,train,truebones,collected,present,False,Hippopotamus___Attack2_426.npy,An animal performs a headbutt attack by swinging its head from left to right.,5
P2,P2_ANIMAL_LEVEL_GENERIC;P2_GENERIC_CREATURE_CLASS,train,truebones,collected,present,False,Hippopotamus___Attack3_430.npy,An animal extends its front legs and swings its head forward in an attack motion.,5
P2,P2_ANIMAL_LEVEL_GENERIC;P2_GENERIC_CREATURE_CLASS,train,truebones,collected,present,False,Hippopotamus___Attack_423.npy,"An animal lowers its body and then leaps up to attack, opening its mouth wide to bite forcefully.",5
P2,P2_ANIMAL_LEVEL_GENERIC;P2_GENERIC_CREATURE_CLASS,train,truebones,collected,present,False,Hippopotamus___Die_427.npy,An animal staggers and falls to the right.,5
P2,P2_ANIMAL_LEVEL_GENERIC;P2_GENERIC_CREATURE_CLASS,train,truebones,collected,present,False,Hippopotamus___Idle2_421.npy,"An animal stands with its mouth open, lightly shifting its feet.",5
P2,P2_ANIMAL_LEVEL_GENERIC;P2_GENERIC_CREATURE_CLASS,train,truebones,collected,present,False,Hippopotamus___Idle_422.npy,"An animal stands still, blinking and breathing.",5
P2,P2_ANIMAL_LEVEL_GENERIC;P2_GENERIC_CREATURE_CLASS,train,truebones,collected,present,False,Hippopotamus___Run_429.npy,An animal runs slowly forward.,5
P2,P2_ANIMAL_LEVEL_GENERIC;P2_GENERIC_CREATURE_CLASS,train,truebones,collected,present,False,Hippopotamus___Walk_428.npy,An animal slowly walks forward while blinking its eyes.,5
P2,P2_ANIMAL_LEVEL_GENERIC;P2_GENERIC_CREATURE_CLASS,train,truebones,collected,present,False,Hippopotamus___Yawn_425.npy,"An animal roars by lowering its head, opening its mouth wide, and then returning to its original position.",5
P2,P2_ANIMAL_LEVEL_GENERIC;P2_GENERIC_CREATURE_CLASS,train,truebones,collected,present,False,Horse___Attack_438.npy,An animal leaps forward and strikes upward with its head in an attack.,5
P2,P2_ANIMAL_LEVEL_GENERIC;P2_GENERIC_CREATURE_CLASS,train,truebones,collected,present,False,Horse___BackUp_450.npy,An animal walks backward while looking over its right shoulder.,5
P2,P2_ANIMAL_LEVEL_GENERIC;P2_GENERIC_CREATURE_CLASS,train,truebones,collected,present,False,Horse___Bucking_444.npy,"An animal energetically bucks, jumping and kicking its hind legs high into the air.",5
P2,P2_ANIMAL_LEVEL_GENERIC;P2_GENERIC_CREATURE_CLASS,train,truebones,collected,present,False,Horse___Dying_448.npy,"An animal experiences a sudden shock, shakes its head rapidly, rears up, and collapses to the right, dying.",5
P2,P2_ANIMAL_LEVEL_GENERIC;P2_GENERIC_CREATURE_CLASS,train,truebones,collected,present,False,Horse___FeetUp_452.npy,An animal raises its front legs and shakes its head before lifting its body with its hind legs.,5
P2,P2_ANIMAL_LEVEL_GENERIC;P2_GENERIC_CREATURE_CLASS,train,truebones,collected,present,False,Horse___GetUp_455.npy,An animal lying on its side quickly gets up.,5
P2,P2_ANIMAL_LEVEL_GENERIC;P2_GENERIC_CREATURE_CLASS,train,truebones,collected,present,False,Horse___HoofScrape2_460.npy,"An animal stands on all fours, vigorously scraping the ground with its right front hoof while swaying its tail.",5
P2,P2_ANIMAL_LEVEL_GENERIC;P2_GENERIC_CREATURE_CLASS,train,truebones,collected,present,False,Horse___HoofScrape_442.npy,"An animal stands on all fours, vigorously scraping the ground with its right front hoof while swaying its tail.",5
P2,P2_ANIMAL_LEVEL_GENERIC;P2_GENERIC_CREATURE_CLASS,train,truebones,collected,present,False,Horse___HoofScrape_443.npy,"An animal stands on all fours, vigorously scraping the ground with its right front hoof while swaying its tail.",5
P2,P2_ANIMAL_LEVEL_GENERIC;P2_GENERIC_CREATURE_CLASS,train,truebones,collected,present,False,Horse___IdleEars_456.npy,An animal twitches its ears and repeatedly paws the ground.,5
P2,P2_ANIMAL_LEVEL_GENERIC;P2_GENERIC_CREATURE_CLASS,train,truebones,collected,present,False,Horse___IdleEars_457.npy,An animal twitches its ears and repeatedly paws the ground.,5
P2,P2_ANIMAL_LEVEL_GENERIC;P2_GENERIC_CREATURE_CLASS,train,truebones,collected,present,False,Horse___Idle_434.npy,An animal twitches its ears and repeatedly paws the ground.,5
P2,P2_ANIMAL_LEVEL_GENERIC;P2_GENERIC_CREATURE_CLASS,train,truebones,collected,present,False,Horse___InAir_432.npy,"An animal is suspended in the air, tilted forward with its upper body down and lower body up.",5
P2,P2_ANIMAL_LEVEL_GENERIC;P2_GENERIC_CREATURE_CLASS,train,truebones,collected,present,False,Horse___JumpLand_458.npy,An animal lands steadily on the ground after a jump.,5
P2,P2_ANIMAL_LEVEL_GENERIC;P2_GENERIC_CREATURE_CLASS,train,truebones,collected,present,False,Horse___Jumping_439.npy,An animal jumps forward after crouching and then turns its head and steps backward after landing.,5
P2,P2_ANIMAL_LEVEL_GENERIC;P2_GENERIC_CREATURE_CLASS,train,truebones,collected,present,False,Horse___KnockedBack_447.npy,"An animal is knocked back, lifting its body into the air before falling to the ground.",5
P2,P2_ANIMAL_LEVEL_GENERIC;P2_GENERIC_CREATURE_CLASS,train,truebones,collected,present,False,Horse___LandRun_449.npy,An animal lands on the ground and immediately starts running forward.,5
P2,P2_ANIMAL_LEVEL_GENERIC;P2_GENERIC_CREATURE_CLASS,train,truebones,collected,present,False,Horse___LoneRanger_446.npy,"An animal rears up on its hind legs, then returns to all fours.",5
P2,P2_ANIMAL_LEVEL_GENERIC;P2_GENERIC_CREATURE_CLASS,train,truebones,collected,present,False,Horse___Lying_441.npy,"An animal lies on its left side, breathing softly while sleeping.",5
P2,P2_ANIMAL_LEVEL_GENERIC;P2_GENERIC_CREATURE_CLASS,train,truebones,collected,present,False,Horse___Rearing2_431.npy,"An animal rears up on its hind legs, stretching its body upward with its front legs reaching towards the sky.",5
P2,P2_ANIMAL_LEVEL_GENERIC;P2_GENERIC_CREATURE_CLASS,train,truebones,collected,present,False,Horse___Rearing_437.npy,An animal rears up on its hind legs and then steps back.,5
P2,P2_ANIMAL_LEVEL_GENERIC;P2_GENERIC_CREATURE_CLASS,train,truebones,collected,present,False,Horse___Restless2_451.npy,"The animal rears up, paddles its front legs, then lowers them and neighs with its head tilted back.",5
P2,P2_ANIMAL_LEVEL_GENERIC;P2_GENERIC_CREATURE_CLASS,train,truebones,collected,present,False,Horse___Restless3_461.npy,An animal is restlessly lifting and lowering its knees while moving its head and tail side to side.,5
P2,P2_ANIMAL_LEVEL_GENERIC;P2_GENERIC_CREATURE_CLASS,train,truebones,collected,present,False,Horse___Restless_436.npy,An animal is restlessly lifting and lowering its knees while moving its head and tail side to side.,5
P2,P2_ANIMAL_LEVEL_GENERIC;P2_GENERIC_CREATURE_CLASS,train,truebones,collected,present,False,Horse___RunJump_453.npy,"An animal runs at full speed and jumps off a cliff, free-falling with its tail streaming in the air.",5
P2,P2_ANIMAL_LEVEL_GENERIC;P2_GENERIC_CREATURE_CLASS,train,truebones,collected,present,False,Horse___RunLoop_445.npy,An animal is running at full speed towards the front.,5
P2,P2_ANIMAL_LEVEL_GENERIC;P2_GENERIC_CREATURE_CLASS,train,truebones,collected,present,False,Horse___RunToStop_454.npy,An animal running at full speed suddenly stops by extending its front legs and bending its hind legs.,5
P2,P2_ANIMAL_LEVEL_GENERIC;P2_GENERIC_CREATURE_CLASS,train,truebones,collected,present,False,Horse___SlowIdle_435.npy,"An animal stands still, gently swaying in a slow idle with its head hanging low.",5
P2,P2_ANIMAL_LEVEL_GENERIC;P2_GENERIC_CREATURE_CLASS,train,truebones,collected,present,False,Hound___Attack_466.npy,An animal lowers its body and strikes downward with its right paw in an attack.,5
P2,P2_ANIMAL_LEVEL_GENERIC;P2_GENERIC_CREATURE_CLASS,train,truebones,collected,present,False,Hound___Bark1_463.npy,An animal slightly raises its head and steps forward with its front paws while barking.,5
P2,P2_ANIMAL_LEVEL_GENERIC;P2_GENERIC_CREATURE_CLASS,train,truebones,collected,present,False,Hound___Barking_471.npy,An animal lowers its front body and barks forward.,5
P2,P2_ANIMAL_LEVEL_GENERIC;P2_GENERIC_CREATURE_CLASS,train,truebones,collected,present,False,Hound___DieLoop_464.npy,"An animal lies on its left side, barely breathing with its mouth open.",5
P2,P2_ANIMAL_LEVEL_GENERIC;P2_GENERIC_CREATURE_CLASS,train,truebones,collected,present,False,Hound___Die_469.npy,"An animal is shot and collapses, losing consciousness and falling to the left.",5
P2,P2_ANIMAL_LEVEL_GENERIC;P2_GENERIC_CREATURE_CLASS,train,truebones,collected,present,False,Hound___GetUp_472.npy,An animal lying on its left side gets up.,5
P2,P2_ANIMAL_LEVEL_GENERIC;P2_GENERIC_CREATURE_CLASS,train,truebones,collected,present,False,Hound___Hit_474.npy,"An animal is struck and flips to the left, losing consciousness.",5
P2,P2_ANIMAL_LEVEL_GENERIC;P2_GENERIC_CREATURE_CLASS,train,truebones,collected,present,False,Hound___Restless_465.npy,An animal stretches its body and yawns before returning to its original standing position.,5
P2,P2_ANIMAL_LEVEL_GENERIC;P2_GENERIC_CREATURE_CLASS,train,truebones,collected,present,False,Hound___RunLoop_467.npy,An animal is sprinting forward at full speed.,5
P2,P2_ANIMAL_LEVEL_GENERIC;P2_GENERIC_CREATURE_CLASS,train,truebones,collected,present,False,Hound___Sniff_470.npy,An animal sniffs the ground with its nose lowered.,5
P2,P2_ANIMAL_LEVEL_GENERIC;P2_GENERIC_CREATURE_CLASS,train,truebones,collected,present,False,Hound___WalkLoop_473.npy,An animal is walking slowly forward.,5
P2,P2_ANIMAL_LEVEL_GENERIC;P2_GENERIC_CREATURE_CLASS,train,truebones,collected,present,False,Isopetra___Attack2_479.npy,"The animal lifts its upper body and jaw, then lunges forward to strike with its jaw.",5
P2,P2_ANIMAL_LEVEL_GENERIC;P2_GENERIC_CREATURE_CLASS,train,truebones,collected,present,False,Isopetra___Attack_477.npy,An animal lunges aggressively forward in an attack.,5
P2,P2_ANIMAL_LEVEL_GENERIC;P2_GENERIC_CREATURE_CLASS,train,truebones,collected,present,False,Isopetra___Die_480.npy,"An animal is struck and flung backward, eventually dying.",5
P2,P2_ANIMAL_LEVEL_GENERIC;P2_GENERIC_CREATURE_CLASS,train,truebones,collected,present,False,Isopetra___Idle3_478.npy,An animal raises its hands to its chin and mimics a chewing motion.,5
P2,P2_GENERIC_CREATURE_CLASS,train,truebones,collected,present,False,Isopetra___Idle_476.npy,Animal moves its front legs and tail while adjusting its mandibles.,5
P2,P2_GENERIC_CREATURE_CLASS,train,truebones,collected,present,False,Isopetra___Run_482.npy,Animal is leaping forward energetically with its legs and antennae raised.,5
P2,P2_ANIMAL_LEVEL_GENERIC;P2_GENERIC_CREATURE_CLASS,train,truebones,collected,present,False,Isopetra___Walk_481.npy,An animal is walking forward with a steady gait.,5
P2,P2_ANIMAL_LEVEL_GENERIC;P2_GENERIC_CREATURE_CLASS,train,truebones,collected,present,False,Jaguar___Attack1_497.npy,"An animal raises its front paws and upper body, then forcefully bites downward.",5
P2,P2_ANIMAL_LEVEL_GENERIC;P2_GENERIC_CREATURE_CLASS,train,truebones,collected,present,False,Jaguar___Attack2_491.npy,An animal raises its upper body and strikes downward with its right front paw in an attack posture.,5
P2,P2_ANIMAL_LEVEL_GENERIC;P2_GENERIC_CREATURE_CLASS,train,truebones,collected,present,False,Jaguar___Attack_488.npy,"The animal attacks by rearing up, slashing with its front paws, then crouching back down.",5
P2,P2_ANIMAL_LEVEL_GENERIC;P2_GENERIC_CREATURE_CLASS,train,truebones,collected,present,False,Jaguar___Die1_487.npy,"An animal is struck and collapses, dying.",5
P2,P2_ANIMAL_LEVEL_GENERIC;P2_GENERIC_CREATURE_CLASS,train,truebones,collected,present,False,Jaguar___Die2_494.npy,"An animal is shot, twists in the air, and falls to the ground, dying.",5
P2,P2_ANIMAL_LEVEL_GENERIC;P2_GENERIC_CREATURE_CLASS,train,truebones,collected,present,False,Jaguar___GetUp_495.npy,"An animal rolls from its right side to stand up, appearing ready for action.",5
P2,P2_ANIMAL_LEVEL_GENERIC;P2_GENERIC_CREATURE_CLASS,train,truebones,collected,present,False,Jaguar___Idle_486.npy,An animal is in a default stance with its tail gently swaying side to side.,5
P2,P2_ANIMAL_LEVEL_GENERIC;P2_GENERIC_CREATURE_CLASS,train,truebones,collected,present,False,Jaguar___Low_496.npy,"An animal remains still with its head down and body lowered, breathing quietly.",5
P2,P2_ANIMAL_LEVEL_GENERIC;P2_GENERIC_CREATURE_CLASS,train,truebones,collected,present,False,Jaguar___Run_493.npy,"An animal runs at full speed, chasing its prey with a wide stride.",5
P2,P2_ANIMAL_LEVEL_GENERIC;P2_GENERIC_CREATURE_CLASS,train,truebones,collected,present,False,Jaguar___Sit_484.npy,An animal lies down and licks its right front paw before standing up again.,5
P2,P2_ANIMAL_LEVEL_GENERIC;P2_GENERIC_CREATURE_CLASS,train,truebones,collected,present,False,Jaguar___Sit_485.npy,An animal lies down and licks its right front paw before standing up again.,5
P2,P2_ANIMAL_LEVEL_GENERIC;P2_GENERIC_CREATURE_CLASS,train,truebones,collected,present,False,Jaguar___Stancing_490.npy,"An animal crouches with a vigilant expression, its tail extended low and long behind it.",5
P2,P2_ANIMAL_LEVEL_GENERIC;P2_GENERIC_CREATURE_CLASS,train,truebones,collected,present,False,Jaguar___Walk_492.npy,An animal walks forward with its head fixed forward and tail swaying side to side.,5
P2,P2_ANIMAL_LEVEL_GENERIC;P2_GENERIC_CREATURE_CLASS,train,truebones,collected,present,False,Leapord___Bite_508.npy,An animal arches its body and bites with full force.,5
P2,P2_ANIMAL_LEVEL_GENERIC;P2_GENERIC_CREATURE_CLASS,train,truebones,collected,present,False,Leapord___Death_520.npy,"An animal spins left and collapses on its side, appearing lifeless.",5
P2,P2_ANIMAL_LEVEL_GENERIC;P2_GENERIC_CREATURE_CLASS,train,truebones,collected,present,False,Leapord___DieLoop_511.npy,An animal lying still as if dead.,5
P2,P2_ANIMAL_LEVEL_GENERIC;P2_GENERIC_CREATURE_CLASS,train,truebones,collected,present,False,Leapord___Die_516.npy,An animal is fatally shot and collapses dramatically.,5
P2,P2_ANIMAL_LEVEL_GENERIC;P2_GENERIC_CREATURE_CLASS,train,truebones,collected,present,False,Leapord___Graze_513.npy,An animal paws at the ground and grazes before returning to its original position.,5
P2,P2_ANIMAL_LEVEL_GENERIC;P2_GENERIC_CREATURE_CLASS,train,truebones,collected,present,False,Leapord___Graze_514.npy,An animal paws at the ground and grazes before returning to its original position.,5
P2,P2_ANIMAL_LEVEL_GENERIC;P2_GENERIC_CREATURE_CLASS,train,truebones,collected,present,False,Leapord___Growl_515.npy,An animal arches its body and growls forward.,5
P2,P2_ANIMAL_LEVEL_GENERIC;P2_GENERIC_CREATURE_CLASS,train,truebones,collected,present,False,Leapord___Idle_510.npy,An animal stands still with its tail gently swaying and occasionally blinks.,5
P2,P2_ANIMAL_LEVEL_GENERIC;P2_GENERIC_CREATURE_CLASS,train,truebones,collected,present,False,Leapord___JumpUp_509.npy,An animal turns from lying down to a prone position with its tail extended backward.,5
P2,P2_ANIMAL_LEVEL_GENERIC;P2_GENERIC_CREATURE_CLASS,train,truebones,collected,present,False,Leapord___Run_518.npy,"An animal is dynamically running forward with its mouth open and tail extended backward, moving up and down.",5
P2,P2_ANIMAL_LEVEL_GENERIC;P2_GENERIC_CREATURE_CLASS,train,truebones,collected,present,False,Leapord___Sick_521.npy,"An animal appears to be in pain, with its front paws slightly apart and head lowered.",5
P2,P2_ANIMAL_LEVEL_GENERIC;P2_GENERIC_CREATURE_CLASS,train,truebones,collected,present,False,Leapord___Walk_517.npy,"An animal walks slowly forward, keeping its head steady and tail swaying.",5
P2,P2_ANIMAL_LEVEL_GENERIC;P2_GENERIC_CREATURE_CLASS,train,truebones,collected,present,False,Lynx___Attack3_551.npy,An animal attacks using its front legs with a downward strike.,5
P2,P2_ANIMAL_LEVEL_GENERIC;P2_GENERIC_CREATURE_CLASS,train,truebones,collected,present,False,Lynx___Attack_542.npy,An animal attacks by striking down forcefully with its paw.,5
P2,P2_ANIMAL_LEVEL_GENERIC;P2_GENERIC_CREATURE_CLASS,train,truebones,collected,present,False,Lynx___Die2_549.npy,"An animal is shot from the left side, causing it to fall to the ground as if dead.",5
P2,P2_ANIMAL_LEVEL_GENERIC;P2_GENERIC_CREATURE_CLASS,train,truebones,collected,present,False,Lynx___DieLoop_541.npy,The animal is lying on its right side.,5
P2,P2_ANIMAL_LEVEL_GENERIC;P2_GENERIC_CREATURE_CLASS,train,truebones,collected,present,False,Lynx___Die_546.npy,"An animal is struck by something and falls to the right, appearing lifeless.",5
P2,P2_ANIMAL_LEVEL_GENERIC;P2_GENERIC_CREATURE_CLASS,train,truebones,collected,present,False,Lynx___Idle2_539.npy,"An animal bends its front knees, lowers its body slightly, then stretches upward while opening its mouth wide.",5
P2,P2_ANIMAL_LEVEL_GENERIC;P2_GENERIC_CREATURE_CLASS,train,truebones,collected,present,False,Lynx___Idle3_543.npy,An animal crouches with its mouth open and head slightly raised in a vigilant posture.,5
P2,P2_ANIMAL_LEVEL_GENERIC;P2_GENERIC_CREATURE_CLASS,train,truebones,collected,present,False,Lynx___Idle_540.npy,An animal is in an idle stance with its head gently bobbing up and down.,5
P2,P2_ANIMAL_LEVEL_GENERIC;P2_GENERIC_CREATURE_CLASS,train,truebones,collected,present,False,Lynx___Jump_544.npy,"An animal crouches, pulls back, and jumps forward to bite its target forcefully.",5
P2,P2_ANIMAL_LEVEL_GENERIC;P2_GENERIC_CREATURE_CLASS,train,truebones,collected,present,False,Lynx___Run_548.npy,An animal is running at full speed forward.,5
P2,P2_ANIMAL_LEVEL_GENERIC;P2_GENERIC_CREATURE_CLASS,train,truebones,collected,present,False,Lynx___Stand_550.npy,"An animal rises from lying on its right side and assumes a low, alert stance.",5
P2,P2_ANIMAL_LEVEL_GENERIC;P2_GENERIC_CREATURE_CLASS,train,truebones,collected,present,False,Lynx___Walk_547.npy,An animal stealthily walks forward with a lowered posture.,5
P2,P2_ANIMAL_LEVEL_GENERIC,train,truebones,collected,present,False,Mammoth___Bellow_563.npy,"An animal bellows loudly, starting from a standing position.",5
P2,P2_ANIMAL_LEVEL_GENERIC,train,truebones,collected,present,False,Mammoth___Bellow_564.npy,"An animal bellows loudly, starting from a standing position.",5
P2,P2_ANIMAL_LEVEL_GENERIC,train,truebones,collected,present,False,Mammoth___DeathLoop_565.npy,"An animal lies on its right side, appearing near death.",5
P2,P2_ANIMAL_LEVEL_GENERIC,train,truebones,collected,present,False,Mammoth___Die2_560.npy,An animal suddenly collapses to its right side and dies.,5
P2,P2_ANIMAL_LEVEL_GENERIC,train,truebones,collected,present,False,Mammoth___Die_557.npy,"An animal stumbles and falls to the left, dying.",5
P2,P2_ANIMAL_LEVEL_GENERIC,train,truebones,collected,present,False,Mammoth___Gesture_555.npy,An animal raises its trunk and head upward in a gesture.,5
P2,P2_ANIMAL_LEVEL_GENERIC,train,truebones,collected,present,False,Mammoth___GetUp_562.npy,An animal rises from a lying position on its right side.,5
P2,P2_ANIMAL_LEVEL_GENERIC,train,truebones,collected,present,False,Mammoth___IDLE_554.npy,"An animal stands still, breathing gently.",5
P2,P2_ANIMAL_LEVEL_GENERIC,train,truebones,collected,present,False,Mammoth___Idle2_553.npy,"An animal stands with its knees slightly bent and trunk touching the ground, moving its head and tusks slightly side to side.",5
P2,P2_ANIMAL_LEVEL_GENERIC,train,truebones,collected,present,False,Mammoth___Rise_556.npy,An animal slightly rises its upper body by pushing with its hind legs and then drops its body forward.,5
P2,P2_ANIMAL_LEVEL_GENERIC,train,truebones,collected,present,False,Mammoth___SideSwipe_561.npy,An animal raises its head and performs a forceful headbutt motion.,5
P2,P2_ANIMAL_LEVEL_GENERIC,train,truebones,collected,present,False,Mammoth___Walk_558.npy,An animal is walking slowly with its trunk hanging down and curled inward at the tip.,5
P2,P2_ANIMAL_LEVEL_GENERIC;P2_GENERIC_CREATURE_CLASS,train,truebones,collected,present,False,Monkey___Die_573.npy,An animal appears to be struck and collapses to the ground.,5
P2,P2_ANIMAL_LEVEL_GENERIC;P2_GENERIC_CREATURE_CLASS,train,truebones,collected,present,False,Monkey___Run_577.npy,An animal runs at full speed using all four limbs.,5
P2,P2_ANIMAL_LEVEL_GENERIC;P2_GENERIC_CREATURE_CLASS,train,truebones,collected,present,False,Monkey___Walk_574.npy,"An animal walks while crouched, with its tail raised and head facing forward.",5
P2,P2_ANIMAL_LEVEL_GENERIC,train,truebones,collected,present,False,Ostrich___Attack2_587.npy,An animal attacks by thrusting its head forward and biting forcefully.,5
P2,P2_ANIMAL_LEVEL_GENERIC,train,truebones,collected,present,False,Ostrich___Attack3_591.npy,"An animal flaps its wings, jumps, and attacks with its beak.",5
P2,P2_ANIMAL_LEVEL_GENERIC,train,truebones,collected,present,False,Ostrich___Attack4_586.npy,An animal jumps and attacks with its front legs.,5
P2,P2_ANIMAL_LEVEL_GENERIC,train,truebones,collected,present,False,Ostrich___Attack_583.npy,An animal pulls its neck back and strikes forward aggressively while slightly spreading its wings.,5
P2,P2_ANIMAL_LEVEL_GENERIC,train,truebones,collected,present,False,Ostrich___Die_588.npy,"An animal is struck and collapses to the left, dying.",5
P2,P2_ANIMAL_LEVEL_GENERIC,train,truebones,collected,present,False,Ostrich___Idle3_584.npy,"An animal stands, flaps its wings, grooms its left wing, and returns to its original position.",5
P2,P2_ANIMAL_LEVEL_GENERIC,train,truebones,collected,present,False,Ostrich___Idle3_585.npy,"An animal stands, flaps its wings, grooms its left wing, and returns to its original position.",5
P2,P2_ANIMAL_LEVEL_GENERIC,train,truebones,collected,present,False,Ostrich___Idle_582.npy,An animal stands and flaps its wings while extending its neck forward and opening its mouth.,5
P2,P2_ANIMAL_LEVEL_GENERIC,train,truebones,collected,present,False,Ostrich___Run_590.npy,An animal runs forward with its long legs stretched out.,5
P2,P2_GENERIC_CREATURE_CLASS,train,animo4d_L4_safe,animo4d_official_text,present,False,PZ_African_Crested_Porcupine_Male_african_crested_porcupine_male__animationnotmotionextractedfighting_maniset8a0484e7__african_crested_porcupine_male_fightidle_316.npy,The male crested porcupine fights fiercely,3
P2,P2_GENERIC_CREATURE_CLASS,train,animo4d_L4_safe,animo4d_official_text,present,False,PZ_Dromedary_Camel_Male_dromedary_camel_male__animationnotmotionextractedlocomotion_maniset2c2b1d87__dromedary_camel_male_fightattack_203.npy,The male dromedary camel fights and then attacks,3
P2,P2_GENERIC_CREATURE_CLASS,train,animo4d_L4_safe,animo4d_official_text,present,False,PZ_Malayan_Tapir_Male_malayan_tapir_male__animationmotionextractedbehaviour_manisetf4713068__malayan_tapir_male_fightattack_5.npy,The male Malayan tapir fights and then attacks,3
P2,P2_GENERIC_CREATURE_CLASS,train,animo4d_L4_safe,animo4d_official_text,present,False,PZ_Snow_Leopard_Female_snow_leopard_female__animationmotionextractedlocomotion_maniset7cb15cd__snow_leopard_female_fightattack_32.npy,The female snow leopard fights and then attacks,3
P2,P2_ANIMAL_LEVEL_GENERIC,train,truebones,collected,present,False,Parrot2_Parrot_IdleClean_609.npy,An animal cleans its left front foot while maintaining balance with its wings and tail.,5
P2,P2_ANIMAL_LEVEL_GENERIC,train,truebones,collected,present,False,Parrot2_Parrot_Idle_606.npy,"An animal rests quietly on a branch, occasionally moving its head and body slightly.",5
P2,P2_ANIMAL_LEVEL_GENERIC,train,truebones,collected,present,False,Parrot2_Parrot_Land_607.npy,"An animal takes off, circles twice to the left, and lands back on the branch.",5
P2,P2_ANIMAL_LEVEL_GENERIC,train,truebones,collected,present,False,Parrot___Attack_597.npy,An animal ascends and performs two rotations in a circular trajectory with vertical movements.,5
P2,P2_ANIMAL_LEVEL_GENERIC,train,truebones,collected,present,False,Parrot___CircleFly_603.npy,An animal flies in two leftward circles and returns to its original position.,5
P2,P2_ANIMAL_LEVEL_GENERIC,train,truebones,collected,present,False,Parrot___Die2_602.npy,An animal is struck mid-air and spirals downwards to the ground.,5
P2,P2_ANIMAL_LEVEL_GENERIC,train,truebones,collected,present,False,Parrot___Die3_599.npy,"An animal is shot and flips onto its back, then falls vertically to the ground.",5
P2,P2_ANIMAL_LEVEL_GENERIC,train,truebones,collected,present,False,Parrot___Die_600.npy,An animal is struck mid-air and falls to the ground.,5
P2,P2_ANIMAL_LEVEL_GENERIC,train,truebones,collected,present,False,Parrot___Fly_604.npy,An animal flies through the sky with its wings flapping powerfully.,5
P2,P2_ANIMAL_LEVEL_GENERIC,train,truebones,collected,present,False,Parrot___Hover_595.npy,"An animal hovers in the air, flapping its wings.",5
P2,P2_ANIMAL_LEVEL_GENERIC,train,truebones,collected,present,False,Parrot___Idle2_592.npy,"An animal stands, looks around, lifts its right foot, and flaps its wings.",5
P2,P2_ANIMAL_LEVEL_GENERIC,train,truebones,collected,present,False,Parrot___Idle2_593.npy,"An animal stands, looks around, lifts its right foot, and flaps its wings.",5
P2,P2_ANIMAL_LEVEL_GENERIC,train,truebones,collected,present,False,Parrot___Land_605.npy,An animal flaps its wings and lands on the ground.,5
P2,P2_ANIMAL_LEVEL_GENERIC,train,truebones,collected,present,False,Parrot___Preen_596.npy,An animal preens its left foot with its beak while balancing on its right foot.,5
P2,P2_ANIMAL_LEVEL_GENERIC,train,truebones,collected,present,False,Parrot___Rise_598.npy,An animal prepares to fly and ascends vertically into the sky.,5
P2,P2_ANIMAL_LEVEL_GENERIC,train,truebones,collected,present,False,Parrot___Walk_601.npy,An animal gracefully flaps its wings while its tail moves up and down.,5
P2,P2_ANIMAL_LEVEL_GENERIC,train,truebones,collected,present,False,Pigeon___Circle_614.npy,The animal flies in a leftward circular path.,5
P2,P2_ANIMAL_LEVEL_GENERIC,train,truebones,collected,present,False,Pigeon___Cooing_615.npy,"An animal stands with folded wings, moving its head back and forth while cooing.",5
P2,P2_ANIMAL_LEVEL_GENERIC,train,truebones,collected,present,False,Pigeon___IdleLoop_617.npy,"An animal stands, rotates 360 degrees to the left, and jumps over an obstacle.",5
P2,P2_ANIMAL_LEVEL_GENERIC,train,truebones,collected,present,False,Pigeon___IdleLoop_618.npy,"An animal stands, rotates 360 degrees to the left, and jumps over an obstacle.",5
P2,P2_ANIMAL_LEVEL_GENERIC,train,truebones,collected,present,False,Pigeon___Idle_611.npy,An animal adjusts its right wing and returns to its original position.,5
P2,P2_ANIMAL_LEVEL_GENERIC,train,truebones,collected,present,False,Pigeon___Land_620.npy,An animal flaps its wings rapidly and lands on the ground.,5
P2,P2_ANIMAL_LEVEL_GENERIC,train,truebones,collected,present,False,Pigeon___Left_610.npy,An animal moves horizontally to the left on a wire using only its legs.,5
P2,P2_ANIMAL_LEVEL_GENERIC,train,truebones,collected,present,False,Pigeon___Right_621.npy,An animal steps right and then jumps back to its original position using its wings.,5
P2,P2_ANIMAL_LEVEL_GENERIC,train,truebones,collected,present,False,Pigeon___TakeOff_616.npy,The animal flaps its wings quickly to take off from the ground.,5
P2,P2_ANIMAL_LEVEL_GENERIC,train,truebones,collected,present,False,Pigeon___Walk_619.npy,"An animal walks forward, bobbing its head and waddling.",5
P2,P2_ANIMAL_LEVEL_GENERIC,train,truebones,collected,present,False,Pirrana___Biting2_630.npy,"The animal tilts its head, bites down hard, and jerks forward.",5
P2,P2_ANIMAL_LEVEL_GENERIC,train,truebones,collected,present,False,Pirrana___Biting_627.npy,"An animal bites by opening its mouth, clamping down, and shaking its head violently.",5
P2,P2_ANIMAL_LEVEL_GENERIC,train,truebones,collected,present,False,Pirrana___DeadFloat2_629.npy,"The animal flips upside down and floats belly-up, indicating it has died.",5
P2,P2_ANIMAL_LEVEL_GENERIC,train,truebones,collected,present,False,Pirrana___DeadFloat_623.npy,"The animal flips upside down and floats belly-up, indicating it has died.",5
P2,P2_ANIMAL_LEVEL_GENERIC,train,truebones,collected,present,False,Pirrana___DiveIn_625.npy,An animal leaps out of the water and dives back in.,5
P2,P2_ANIMAL_LEVEL_GENERIC,train,truebones,collected,present,False,Pirrana___Flopping_624.npy,The animal flops side-to-side rapidly in a thrashing motion.,5
P2,P2_ANIMAL_LEVEL_GENERIC,train,truebones,collected,present,False,Pirrana___Jump2_626.npy,"An animal dives, leaps out of the water, and plunges back in.",5
P2,P2_ANIMAL_LEVEL_GENERIC,train,truebones,collected,present,False,Pirrana___MidSwim_628.npy,An animal swims forward with rhythmic tail movements.,5
P2,P2_ANIMAL_LEVEL_GENERIC,train,truebones,collected,present,False,Pirrana___SwimJump_631.npy,"An animal leaps out of the water after a rapid dive, then dives back in.",5
P2,P2_ANIMAL_LEVEL_GENERIC,train,truebones,collected,present,False,Pirrana___Swim_622.npy,An animal swims forward with rhythmic tail movements.,5
P2,P2_ANIMAL_LEVEL_GENERIC;P2_GENERIC_CREATURE_CLASS,train,truebones,collected,present,False,PolarBearB___Fall_645.npy,An animal loses balance and falls to its right side.,5
P2,P2_ANIMAL_LEVEL_GENERIC;P2_GENERIC_CREATURE_CLASS,train,truebones,collected,present,False,PolarBearB___Idle2_643.npy,"An animal stands still, breathing gently and occasionally twitching its ears and tail.",5
P2,P2_ANIMAL_LEVEL_GENERIC;P2_GENERIC_CREATURE_CLASS,train,truebones,collected,present,False,PolarBearB___Idle_644.npy,An animal stands on all fours and roars forward.,5
P2,P2_ANIMAL_LEVEL_GENERIC;P2_GENERIC_CREATURE_CLASS,train,truebones,collected,present,False,PolarBearB___Play_648.npy,An animal playfully twists its body and gestures for play.,5
P2,P2_ANIMAL_LEVEL_GENERIC;P2_GENERIC_CREATURE_CLASS,train,truebones,collected,present,False,PolarBearB___Run_647.npy,An animal joyfully hops forward.,5
P2,P2_ANIMAL_LEVEL_GENERIC;P2_GENERIC_CREATURE_CLASS,train,truebones,collected,present,False,PolarBearB___Walk_646.npy,An animal walks forward slowly with a rhythmic gait.,5
P2,P2_ANIMAL_LEVEL_GENERIC,train,truebones,collected,present,False,Pteranodon___ArcLeft_656.npy,An animal glides and turns left by adjusting its wings.,5
P2,P2_ANIMAL_LEVEL_GENERIC,train,truebones,collected,present,False,Pteranodon___ArcRight_651.npy,An animal glides and turns right by adjusting its wings.,5
P2,P2_ANIMAL_LEVEL_GENERIC,train,truebones,collected,present,False,Pteranodon___Death2_650.npy,"An animal is struck mid-air and falls to the ground, flipping over during the descent.",5
P2,P2_ANIMAL_LEVEL_GENERIC,train,truebones,collected,present,False,Pteranodon___Death_659.npy,An animal is shot down mid-air and crashes to the ground.,5
P2,P2_ANIMAL_LEVEL_GENERIC,train,truebones,collected,present,False,Pteranodon___Fancy_655.npy,"An animal hovers in mid-air, flapping its wings horizontally.",5
P2,P2_ANIMAL_LEVEL_GENERIC,train,truebones,collected,present,False,Pteranodon___Flapergasted_652.npy,An animal suddenly wobbles mid-flight as if struck from the right.,5
P2,P2_ANIMAL_LEVEL_GENERIC,train,truebones,collected,present,False,Pteranodon___FlyLoop_653.npy,"An animal glides through the sky, flapping its wings vigorously.",5
P2,P2_ANIMAL_LEVEL_GENERIC,train,truebones,collected,present,False,Pteranodon___Hit2_654.npy,"An animal is struck mid-air, causing its wings to fold upwards and lose balance.",5
P2,P2_ANIMAL_LEVEL_GENERIC,train,truebones,collected,present,False,Pteranodon___Hit_661.npy,An animal is hit by a bullet and momentarily reels from the impact.,5
P2,P2_ANIMAL_LEVEL_GENERIC,train,truebones,collected,present,False,Pteranodon___Lander_657.npy,An animal prepares to land by adjusting its wings and legs.,5
P2,P2_ANIMAL_LEVEL_GENERIC,train,truebones,collected,present,False,Pteranodon___ScreamFly_658.npy,An animal glides through the sky with its wings spread horizontally.,5
P2,P2_GENERIC_CREATURE_CLASS,train,truebones,collected,present,False,Puppy_Puppy_IdleEnergetic_662.npy,"An energetic animal barks, jumps, spins, and returns to its original spot.",5
P2,P2_GENERIC_CREATURE_CLASS,train,truebones,collected,present,False,Puppy_Puppy_IdleEnergetic_663.npy,"An energetic animal barks, jumps, spins, and returns to its original spot.",5
P2,P2_GENERIC_CREATURE_CLASS,train,truebones,collected,present,False,Puppy_Puppy_IdleEnergetic_664.npy,"An energetic animal barks, jumps, spins, and returns to its original spot.",5
P2,P2_ANIMAL_LEVEL_GENERIC;P2_GENERIC_CREATURE_CLASS,train,truebones,collected,present,False,Puppy_Puppy_IdleLayDown_666.npy,An animal settles down and lies in a relaxed position.,5
P2,P2_ANIMAL_LEVEL_GENERIC;P2_GENERIC_CREATURE_CLASS,train,truebones,collected,present,False,Puppy_Puppy_IdleLayDown_667.npy,An animal settles down and lies in a relaxed position.,5
P2,P2_ANIMAL_LEVEL_GENERIC;P2_GENERIC_CREATURE_CLASS,train,truebones,collected,present,False,Puppy_Puppy_Run_668.npy,An animal is joyfully running forward with its tail curled over its back.,5
P2,P2_ANIMAL_LEVEL_GENERIC;P2_GENERIC_CREATURE_CLASS,train,truebones,collected,present,False,Puppy_Puppy_Walk_669.npy,An animal walks slowly forward with a slightly open mouth and wagging tail.,5
P2,P2_ANIMAL_LEVEL_GENERIC;P2_GENERIC_CREATURE_CLASS,train,truebones,collected,present,False,Raindeer___Attack2_673.npy,"An animal steps back and then charges forward, striking with its head and antlers.",5
P2,P2_ANIMAL_LEVEL_GENERIC;P2_GENERIC_CREATURE_CLASS,train,truebones,collected,present,False,Raindeer___Attack3_678.npy,An animal prepares and executes a powerful forward attack with its antlers.,5
P2,P2_ANIMAL_LEVEL_GENERIC;P2_GENERIC_CREATURE_CLASS,train,truebones,collected,present,False,Raindeer___Die_674.npy,An animal experiences a sudden impact and collapses to the left.,5
P2,P2_ANIMAL_LEVEL_GENERIC;P2_GENERIC_CREATURE_CLASS,train,truebones,collected,present,False,Raindeer___Run_677.npy,An animal with large antlers is gracefully bounding forward.,5
P2,P2_ANIMAL_LEVEL_GENERIC;P2_GENERIC_CREATURE_CLASS,train,truebones,collected,present,False,Raindeer___Stance_672.npy,An animal with wide antlers lowers its body and bellows forward.,5
P2,P2_ANIMAL_LEVEL_GENERIC;P2_GENERIC_CREATURE_CLASS,train,truebones,collected,present,False,Raindeer___Yell_676.npy,"An animal yells, lifts its head slightly, and then turns its head side to side before returning to its original position.",5
P2,P2_ANIMAL_LEVEL_GENERIC;P2_GENERIC_CREATURE_CLASS,train,truebones,collected,present,False,Rat___AlertRun_747.npy,"An animal crouches, explores with its paws, then stands alert and quickly escapes to the left.",5
P2,P2_ANIMAL_LEVEL_GENERIC;P2_GENERIC_CREATURE_CLASS,train,truebones,collected,present,False,Rat___Clean_748.npy,"An animal stands slightly hunched, then lowers its head and grooms its mouth and head with its hands.",5
P2,P2_ANIMAL_LEVEL_GENERIC;P2_GENERIC_CREATURE_CLASS,train,truebones,collected,present,False,Rat___Eat_745.npy,An animal bends down to grab and taste something on the ground.,5
P2,P2_ANIMAL_LEVEL_GENERIC;P2_GENERIC_CREATURE_CLASS,train,truebones,collected,present,False,Rat___Itch_746.npy,An animal scratches its left thigh with its mouth and returns to its original position.,5
P2,P2_ANIMAL_LEVEL_GENERIC;P2_GENERIC_CREATURE_CLASS,train,truebones,collected,present,False,Rhino___Attack2_756.npy,"An animal charges forward, using its weight to attack with its horn.",5
P2,P2_ANIMAL_LEVEL_GENERIC;P2_GENERIC_CREATURE_CLASS,train,truebones,collected,present,False,Rhino___Attack3_760.npy,An animal attacks by bending its front knees and thrusting its head upward.,5
P2,P2_ANIMAL_LEVEL_GENERIC;P2_GENERIC_CREATURE_CLASS,train,truebones,collected,present,False,Rhino___Die_757.npy,"An animal appears to be dying, staggering backward and collapsing to its left side.",5
P2,P2_ANIMAL_LEVEL_GENERIC;P2_GENERIC_CREATURE_CLASS,train,truebones,collected,present,False,Rhino___Idle2_751.npy,"An animal stands still with its gaze fixed forward, occasionally flicking its ears.",5
P2,P2_ANIMAL_LEVEL_GENERIC;P2_GENERIC_CREATURE_CLASS,train,truebones,collected,present,False,Rhino___Idle3_754.npy,"An animal stands still, occasionally moving its legs, head, and tail slightly.",5
P2,P2_ANIMAL_LEVEL_GENERIC;P2_GENERIC_CREATURE_CLASS,train,truebones,collected,present,False,Rhino___Idle3_755.npy,"An animal stands still, occasionally moving its legs, head, and tail slightly.",5
P2,P2_ANIMAL_LEVEL_GENERIC;P2_GENERIC_CREATURE_CLASS,train,truebones,collected,present,False,Rhino___Run_759.npy,"An animal with a large horn runs forward rhythmically, keeping its gaze fixed ahead.",5
P2,P2_ANIMAL_LEVEL_GENERIC;P2_GENERIC_CREATURE_CLASS,train,truebones,collected,present,False,Rhino___Walk_758.npy,"An animal walks slowly, taking one step at a time.",5
P2,P2_ANIMAL_LEVEL_GENERIC;P2_GENERIC_CREATURE_CLASS,train,truebones,collected,present,False,Rhino___idle_752.npy,"An animal stands on all fours with its mouth slightly open, occasionally moving its tail and lifting its right front leg.",5
P2,P2_ANIMAL_LEVEL_GENERIC;P2_GENERIC_CREATURE_CLASS,train,truebones,collected,present,False,Roach___Bristle_770.npy,An animal feels threatened and prepares to fly by spreading its wings and moving its head and antennae rapidly.,5
P2,P2_ANIMAL_LEVEL_GENERIC;P2_GENERIC_CREATURE_CLASS,train,truebones,collected,present,False,Roach___Move_766.npy,The animal moves quickly forward with its legs and antennae in rapid motion.,5
P2,P2_ANIMAL_LEVEL_GENERIC;P2_GENERIC_CREATURE_CLASS,train,truebones,collected,present,False,Roach___Smelling_763.npy,An animal nods its head while its antennae move busily.,5
P2,P2_ANIMAL_LEVEL_GENERIC;P2_GENERIC_CREATURE_CLASS,train,truebones,collected,present,False,Roach___Uppity_768.npy,An animal prepares to take off by jumping and spreading its wings.,5
P2,P2_ANIMAL_LEVEL_GENERIC;P2_GENERIC_CREATURE_CLASS,train,truebones,collected,present,False,SabreToothTiger___180RIght_785.npy,The animal turns its body 180 degrees to the right to face backward.,5
P2,P2_ANIMAL_LEVEL_GENERIC;P2_GENERIC_CREATURE_CLASS,train,truebones,collected,present,False,SabreToothTiger___45TurnLeft_805.npy,An animal slowly rotates its body to the right by 90 degrees.,5
P2,P2_GENERIC_CREATURE_CLASS,train,truebones,collected,present,False,SabreToothTiger___Agitated_778.npy,A frightened animal backs away anxiously with its upper body lowered.,5
P2,P2_ANIMAL_LEVEL_GENERIC;P2_GENERIC_CREATURE_CLASS,train,truebones,collected,present,False,SabreToothTiger___Attack_780.npy,An animal leaps forward into an attack stance.,5
P2,P2_ANIMAL_LEVEL_GENERIC;P2_GENERIC_CREATURE_CLASS,train,truebones,collected,present,False,SabreToothTiger___BackUp_798.npy,An animal lowers its body and walks backward while facing forward.,5
P2,P2_ANIMAL_LEVEL_GENERIC;P2_GENERIC_CREATURE_CLASS,train,truebones,collected,present,False,SabreToothTiger___Backing_797.npy,An animal takes a defensive stance by pulling its body slightly backward to the right while opening its mouth.,5
P2,P2_ANIMAL_LEVEL_GENERIC;P2_GENERIC_CREATURE_CLASS,train,truebones,collected,present,False,SabreToothTiger___Begg_786.npy,The animal is sitting on the ground with its hindquarters down.,5
P2,P2_ANIMAL_LEVEL_GENERIC;P2_GENERIC_CREATURE_CLASS,train,truebones,collected,present,False,SabreToothTiger___Bite_776.npy,An animal extends its right front paw and bites forcefully.,5
P2,P2_ANIMAL_LEVEL_GENERIC;P2_GENERIC_CREATURE_CLASS,train,truebones,collected,present,False,SabreToothTiger___CageBat_781.npy,"An animal turns its head left, spots something, and kicks it with its front paws.",5
P2,P2_ANIMAL_LEVEL_GENERIC;P2_GENERIC_CREATURE_CLASS,train,truebones,collected,present,False,SabreToothTiger___Eating_789.npy,An animal bends its upper body to eat its prey.,5
P2,P2_ANIMAL_LEVEL_GENERIC;P2_GENERIC_CREATURE_CLASS,train,truebones,collected,present,False,SabreToothTiger___GetUp2_793.npy,The animal rises from lying on its right side to a standing position.,5
P2,P2_ANIMAL_LEVEL_GENERIC;P2_GENERIC_CREATURE_CLASS,train,truebones,collected,present,False,SabreToothTiger___GetUpMad_807.npy,An animal rises from a prone position by extending its hind and front legs sequentially.,5
P2,P2_ANIMAL_LEVEL_GENERIC;P2_GENERIC_CREATURE_CLASS,train,truebones,collected,present,False,SabreToothTiger___Growling_788.npy,An animal lowers its body and growls with its mouth wide open.,5
P2,P2_ANIMAL_LEVEL_GENERIC;P2_GENERIC_CREATURE_CLASS,train,truebones,collected,present,False,SabreToothTiger___Layout_796.npy,An animal kneels and lies down from a standing position.,5
P2,P2_ANIMAL_LEVEL_GENERIC;P2_GENERIC_CREATURE_CLASS,train,truebones,collected,present,False,SabreToothTiger___Leaper_809.npy,An animal runs swiftly and leaps forward.,5
P2,P2_ANIMAL_LEVEL_GENERIC;P2_GENERIC_CREATURE_CLASS,train,truebones,collected,present,False,SabreToothTiger___LeftTurn_803.npy,An animal rotates its body 90 degrees to the left.,5
P2,P2_ANIMAL_LEVEL_GENERIC;P2_GENERIC_CREATURE_CLASS,train,truebones,collected,present,False,SabreToothTiger___Mean_812.npy,An animal cautiously raises and lowers its right front paw.,5
P2,P2_ANIMAL_LEVEL_GENERIC;P2_GENERIC_CREATURE_CLASS,train,truebones,collected,present,False,SabreToothTiger___PissedOff2_806.npy,An animal expresses discomfort by pulling back and lowering its body while vocalizing.,5
P2,P2_ANIMAL_LEVEL_GENERIC;P2_GENERIC_CREATURE_CLASS,train,truebones,collected,present,False,SabreToothTiger___PissedOff_801.npy,An animal expresses discomfort by pulling back and lowering its body while vocalizing.,5
P2,P2_ANIMAL_LEVEL_GENERIC;P2_GENERIC_CREATURE_CLASS,train,truebones,collected,present,False,SabreToothTiger___Raged_792.npy,"The animal, enraged, raises its upper body and swipes at an enemy with its claws.",5
P2,P2_ANIMAL_LEVEL_GENERIC;P2_GENERIC_CREATURE_CLASS,train,truebones,collected,present,False,SabreToothTiger___Roaring_787.npy,An animal stretches its legs forward and roars.,5
P2,P2_ANIMAL_LEVEL_GENERIC;P2_GENERIC_CREATURE_CLASS,train,truebones,collected,present,False,SabreToothTiger___Sit_772.npy,The animal sits with its hind legs spread forward and head slightly turned left.,5
P2,P2_ANIMAL_LEVEL_GENERIC;P2_GENERIC_CREATURE_CLASS,train,truebones,collected,present,False,SabreToothTiger___Sitting_794.npy,The animal sits with its hind legs spread forward and head slightly turned left.,5
P2,P2_ANIMAL_LEVEL_GENERIC;P2_GENERIC_CREATURE_CLASS,train,truebones,collected,present,False,SabreToothTiger___Slow180_775.npy,An animal slowly turns 180 degrees to the left.,5
P2,P2_ANIMAL_LEVEL_GENERIC;P2_GENERIC_CREATURE_CLASS,train,truebones,collected,present,False,SabreToothTiger___Spin180_779.npy,An animal spins 180 degrees to run in the opposite direction.,5
P2,P2_ANIMAL_LEVEL_GENERIC;P2_GENERIC_CREATURE_CLASS,train,truebones,collected,present,False,SabreToothTiger___Stablize_782.npy,The animal stabilizes itself after nearly losing balance to the left and lands on the ground.,5
P2,P2_ANIMAL_LEVEL_GENERIC;P2_GENERIC_CREATURE_CLASS,train,truebones,collected,present,False,SabreToothTiger___Stalker_814.npy,An animal is walking leisurely.,5
P2,P2_ANIMAL_LEVEL_GENERIC;P2_GENERIC_CREATURE_CLASS,train,truebones,collected,present,False,SabreToothTiger___SwatLft_773.npy,An animal turns its head and swats with its left paw.,5
P2,P2_ANIMAL_LEVEL_GENERIC;P2_GENERIC_CREATURE_CLASS,train,truebones,collected,present,False,SabreToothTiger___Swim_774.npy,An animal is swimming with its head above water.,5
P2,P2_ANIMAL_LEVEL_GENERIC;P2_GENERIC_CREATURE_CLASS,train,truebones,collected,present,False,SabreToothTiger___TiredYawn_790.npy,An animal yawns and twists its body before lying down.,5
P2,P2_ANIMAL_LEVEL_GENERIC;P2_GENERIC_CREATURE_CLASS,train,truebones,collected,present,False,SabreToothTiger___Trot_813.npy,An animal is trotting forward.,5
P2,P2_ANIMAL_LEVEL_GENERIC;P2_GENERIC_CREATURE_CLASS,train,truebones,collected,present,False,SabreToothTiger___Warning_808.npy,"An animal extends its front legs, lowers its body, and growls as a warning.",5
P2,P2_ANIMAL_LEVEL_GENERIC;P2_GENERIC_CREATURE_CLASS,train,truebones,collected,present,False,SandMouse___Attack2_823.npy,"The animal prepares for an attack by crouching, then lunges forward, rolls, and jumps to body slam its target.",5
P2,P2_ANIMAL_LEVEL_GENERIC;P2_GENERIC_CREATURE_CLASS,train,truebones,collected,present,False,SandMouse___Attack_820.npy,An animal leaps and attacks by slamming its front paws downward.,5
P2,P2_ANIMAL_LEVEL_GENERIC;P2_GENERIC_CREATURE_CLASS,train,truebones,collected,present,False,SandMouse___Die2_827.npy,"The animal suddenly falls backward, ending up on its back, and then dies after a brief shudder.",5
P2,P2_ANIMAL_LEVEL_GENERIC;P2_GENERIC_CREATURE_CLASS,train,truebones,collected,present,False,SandMouse___Die_824.npy,"The animal is struck by an impact, flies backward, and then lies motionless.",5
P2,P2_ANIMAL_LEVEL_GENERIC;P2_GENERIC_CREATURE_CLASS,train,truebones,collected,present,False,SandMouse___DigIn_817.npy,An animal digs into the ground with its front paws.,5
P2,P2_ANIMAL_LEVEL_GENERIC;P2_GENERIC_CREATURE_CLASS,train,truebones,collected,present,False,SandMouse___DigOut_828.npy,An animal digs vertically upward to emerge from the ground.,5
P2,P2_ANIMAL_LEVEL_GENERIC;P2_GENERIC_CREATURE_CLASS,train,truebones,collected,present,False,SandMouse___Idle2_816.npy,"An animal sits still, gently moving its tail side to side and breathing softly.",5
P2,P2_ANIMAL_LEVEL_GENERIC;P2_GENERIC_CREATURE_CLASS,train,truebones,collected,present,False,SandMouse___Idle3_821.npy,"An animal stands still, gently tapping its feet while its tail sways side to side.",5
P2,P2_ANIMAL_LEVEL_GENERIC;P2_GENERIC_CREATURE_CLASS,train,truebones,collected,present,False,SandMouse___Idle4_829.npy,An animal grooms itself by raising its front paws to tidy its whiskers and ears.,5
P2,P2_ANIMAL_LEVEL_GENERIC;P2_GENERIC_CREATURE_CLASS,train,truebones,collected,present,False,SandMouse___Idle4_830.npy,An animal grooms itself by raising its front paws to tidy its whiskers and ears.,5
P2,P2_ANIMAL_LEVEL_GENERIC;P2_GENERIC_CREATURE_CLASS,train,truebones,collected,present,False,SandMouse___Idle_818.npy,"An animal is startled, digs the ground, and sniffs something in its hands.",5
P2,P2_ANIMAL_LEVEL_GENERIC;P2_GENERIC_CREATURE_CLASS,train,truebones,collected,present,False,SandMouse___Idle_819.npy,"An animal is startled, digs the ground, and sniffs something in its hands.",5
P2,P2_ANIMAL_LEVEL_GENERIC;P2_GENERIC_CREATURE_CLASS,train,truebones,collected,present,False,SandMouse___Walk_825.npy,An animal walks slowly forward.,5
P2,P2_ANIMAL_LEVEL_GENERIC,train,truebones,collected,present,False,Scorpion-2___Death_877.npy,"An animal is hit by an explosion and falls to the left, dying.",5
P2,P2_ANIMAL_LEVEL_GENERIC,train,truebones,collected,present,False,Scorpion-2___Death_878.npy,"An animal is hit by an explosion and falls to the left, dying.",5
P2,P2_ANIMAL_LEVEL_GENERIC,train,truebones,collected,present,False,Scorpion-2___Flipped_874.npy,An animal flips itself upright from a flipped position.,5
P2,P2_ANIMAL_LEVEL_GENERIC,train,truebones,collected,present,False,Scorpion-2___Guns_854.npy,"An animal quickly shifts from a defenseless state to a poised stance, ready to strike with its stinger.",5
P2,P2_ANIMAL_LEVEL_GENERIC,train,truebones,collected,present,False,Scorpion-2___SteadyWalk_846.npy,An animal walks forward with its tail arched forward and eyes fixed ahead.,5
P2,P2_ANIMAL_LEVEL_GENERIC,train,truebones,collected,present,False,Scorpion___Agitated_832.npy,"An animal adopts a defensive posture, raising and lowering its claws and tail repeatedly.",5
P2,P2_ANIMAL_LEVEL_GENERIC,train,truebones,collected,present,False,Scorpion___Attack1_843.npy,An animal attacks by extending its right pincer forward.,5
P2,P2_ANIMAL_LEVEL_GENERIC;P2_GENERIC_CREATURE_CLASS,train,truebones,collected,present,False,Scorpion___BackUp_841.npy,An animal backs up with its pincers raised and tail curled upwards.,5
P2,P2_ANIMAL_LEVEL_GENERIC,train,truebones,collected,present,False,Scorpion___Defend_833.npy,An animal assumes a defensive posture by curling its pincers and tail around its body.,5
P2,P2_ANIMAL_LEVEL_GENERIC,train,truebones,collected,present,False,Scorpion___Defend_834.npy,An animal assumes a defensive posture by curling its pincers and tail around its body.,5
P2,P2_ANIMAL_LEVEL_GENERIC,train,truebones,collected,present,False,Scorpion___IdleLoop_840.npy,An animal holds its pincers and tail forward while standing still.,5
P2,P2_ANIMAL_LEVEL_GENERIC,train,truebones,collected,present,False,Scorpion___Recoil2_837.npy,"An animal recoils, bending its legs slightly and lowering its tail to the right.",5
P2,P2_ANIMAL_LEVEL_GENERIC,train,truebones,collected,present,False,Scorpion___Recoil_831.npy,An animal transitions from a resting position to a standing posture.,5
P2,P2_ANIMAL_LEVEL_GENERIC,train,truebones,collected,present,False,Scorpion___Stinger_836.npy,"An animal stands with its claws raised and tail curled, stinging with a quick flick of its tail.",5
P2,P2_ANIMAL_LEVEL_GENERIC,train,truebones,collected,present,False,Scorpion___StretchArms_838.npy,An animal spreads its pincers sideways while lowering its curled tail.,5
P2,P2_ANIMAL_LEVEL_GENERIC,train,truebones,collected,present,False,Scorpion___TurnLeft_842.npy,An animal turns its body 90 degrees to the left using only its legs.,5
P2,P2_ANIMAL_LEVEL_GENERIC,train,truebones,collected,present,False,Scorpion___TurnRight_839.npy,An animal slowly turns to the right using its legs.,5
P2,P2_ANIMAL_LEVEL_GENERIC,train,truebones,collected,present,False,Scorpion___WalkForward_844.npy,An animal walks forward with its legs moving busily and its tail curled upwards.,5
P2,P2_ANIMAL_LEVEL_GENERIC;P2_GENERIC_CREATURE_CLASS,train,truebones,collected,present,False,Skunk___Die_890.npy,"An animal is shot and collapses, appearing lifeless.",5
P2,P2_ANIMAL_LEVEL_GENERIC;P2_GENERIC_CREATURE_CLASS,train,truebones,collected,present,False,Skunk___Idle2_886.npy,An animal is gently breathing and wagging its tail side to side.,5
P2,P2_ANIMAL_LEVEL_GENERIC;P2_GENERIC_CREATURE_CLASS,train,truebones,collected,present,False,Skunk___Idle3_889.npy,An animal stretches by lowering its upper body and raising its hindquarters.,5
P2,P2_ANIMAL_LEVEL_GENERIC;P2_GENERIC_CREATURE_CLASS,train,truebones,collected,present,False,Skunk___Idle_887.npy,An animal lowers its body and yawns while remaining in place.,5
P2,P2_ANIMAL_LEVEL_GENERIC;P2_GENERIC_CREATURE_CLASS,train,truebones,collected,present,False,Skunk___Run_892.npy,An animal runs forward with powerful strides.,5
P2,P2_ANIMAL_LEVEL_GENERIC;P2_GENERIC_CREATURE_CLASS,train,truebones,collected,present,False,Skunk___Spray_888.npy,An animal turns around to spray gas and then returns to its original position.,5
P2,P2_ANIMAL_LEVEL_GENERIC,train,truebones,collected,present,False,SpiderG___Attack2_938.npy,An animal assumes a threatening posture by raising its front legs and curling its tail forward.,5
P2,P2_ANIMAL_LEVEL_GENERIC,train,truebones,collected,present,False,SpiderG___Attack3_946.npy,An animal pulls back and then leaps forward to attack.,5
P2,P2_ANIMAL_LEVEL_GENERIC,train,truebones,collected,present,False,SpiderG___Attack4_936.npy,An animal gathers its front legs and then suddenly spreads them wide in an attack posture.,5
P2,P2_ANIMAL_LEVEL_GENERIC,train,truebones,collected,present,False,SpiderG___Attack5_945.npy,An animal raises its body into a threatening posture and then returns to its original stance.,5
P2,P2_ANIMAL_LEVEL_GENERIC,train,truebones,collected,present,False,SpiderG___Attack6_943.npy,An animal retreats slightly and then shoots silk forward.,5
P2,P2_ANIMAL_LEVEL_GENERIC,train,truebones,collected,present,False,SpiderG___Attack7_932.npy,An animal lifts its body and lunges forward to bite an enemy with its strong jaws.,5
P2,P2_ANIMAL_LEVEL_GENERIC,train,truebones,collected,present,False,SpiderG___Attack_929.npy,An animal gathers its front legs and then suddenly spreads them wide in an attack posture.,5
P2,P2_ANIMAL_LEVEL_GENERIC,train,truebones,collected,present,False,SpiderG___Burrough_937.npy,An animal digs into the ground vertically using its front legs.,5
P2,P2_ANIMAL_LEVEL_GENERIC;P2_GENERIC_CREATURE_CLASS,train,truebones,collected,present,False,SpiderG___ComeOut_928.npy,An animal with eight legs emerges from the ground.,5
P2,P2_ANIMAL_LEVEL_GENERIC,train,truebones,collected,present,False,SpiderG___Die_939.npy,"An animal is attacked, attempts to retaliate, but ultimately collapses and dies.",5
P2,P2_ANIMAL_LEVEL_GENERIC,train,truebones,collected,present,False,SpiderG___Fangs_934.npy,An animal displays its fangs threateningly.,5
P2,P2_ANIMAL_LEVEL_GENERIC,train,truebones,collected,present,False,SpiderG___Fangs_935.npy,An animal displays its fangs threateningly.,5
P2,P2_ANIMAL_LEVEL_GENERIC,train,truebones,collected,present,False,SpiderG___Idle2_926.npy,"An animal remains stationary, subtly moving its body and legs.",5
P2,P2_ANIMAL_LEVEL_GENERIC,train,truebones,collected,present,False,SpiderG___Idle3_930.npy,An animal rests while raising its front legs to groom its head.,5
P2,P2_ANIMAL_LEVEL_GENERIC,train,truebones,collected,present,False,SpiderG___Idle3_931.npy,An animal rests while raising its front legs to groom its head.,5
P2,P2_ANIMAL_LEVEL_GENERIC,train,truebones,collected,present,False,SpiderG___Idle_927.npy,"An animal stands gently breathing, occasionally moving its front legs and swaying its body.",5
P2,P2_ANIMAL_LEVEL_GENERIC,train,truebones,collected,present,False,SpiderG___Retreat_944.npy,"An animal retreats slightly, raises its front legs and upper body to expose its abdomen, then returns to its original position.",5
P2,P2_ANIMAL_LEVEL_GENERIC;P2_GENERIC_CREATURE_CLASS,train,truebones,collected,present,False,SpiderG___Run_942.npy,"An animal with eight legs walks forward, limping slightly on its right leg.",5
P2,P2_ANIMAL_LEVEL_GENERIC,train,truebones,collected,present,False,SpiderG___Shiver_933.npy,An animal with eight legs is shivering.,5
P2,P2_ANIMAL_LEVEL_GENERIC,train,truebones,collected,present,False,SpiderG___Walk_941.npy,An animal with eight legs walks forward with effort.,5
P2,P2_ANIMAL_LEVEL_GENERIC,train,truebones,collected,present,False,Spider___Attack1_923.npy,An animal strikes aggressively by rearing its front legs and thrusting its upper body forward.,5
P2,P2_ANIMAL_LEVEL_GENERIC,train,truebones,collected,present,False,Spider___Attack2_907.npy,An animal lunges forward to attack with its fangs.,5
P2,P2_ANIMAL_LEVEL_GENERIC,train,truebones,collected,present,False,Spider___Attack5_915.npy,An animal attacks by striking with its front legs while maintaining balance with its other legs.,5
P2,P2_ANIMAL_LEVEL_GENERIC,train,truebones,collected,present,False,Spider___AttackLeft_917.npy,An animal raises its body and attacks with its left arm.,5
P2,P2_ANIMAL_LEVEL_GENERIC,train,truebones,collected,present,False,Spider___Attackright_904.npy,An animal raises its body and strikes downward with its right front leg in an attack motion.,5
P2,P2_ANIMAL_LEVEL_GENERIC,train,truebones,collected,present,False,Spider___BackRear_898.npy,An animal suddenly spreads its fangs and raises its front legs while moving backward.,5
P2,P2_ANIMAL_LEVEL_GENERIC,train,truebones,collected,present,False,Spider___BackitUp_924.npy,An animal bounces its abdomen and back upwards by flexing its hind legs.,5
P2,P2_ANIMAL_LEVEL_GENERIC,train,truebones,collected,present,False,Spider___Fangy_920.npy,"An animal stands in place, raising and lowering its front legs above its head.",5
P2,P2_ANIMAL_LEVEL_GENERIC,train,truebones,collected,present,False,Spider___Fangy_921.npy,"An animal stands in place, raising and lowering its front legs above its head.",5
P2,P2_ANIMAL_LEVEL_GENERIC,train,truebones,collected,present,False,Spider___Gliding_899.npy,"An animal is gliding in the air, suspended from a thread.",5
P2,P2_ANIMAL_LEVEL_GENERIC,train,truebones,collected,present,False,Spider___Hurt_908.npy,An animal appears to be injured and is lying down.,5
P2,P2_ANIMAL_LEVEL_GENERIC,train,truebones,collected,present,False,Spider___Jump_900.npy,An animal bends its legs and jumps forward.,5
P2,P2_ANIMAL_LEVEL_GENERIC,train,truebones,collected,present,False,Spider___LandinHAir_919.npy,An animal lands gracefully on the ground from mid-air.,5
P2,P2_ANIMAL_LEVEL_GENERIC,train,truebones,collected,present,False,Spider___Rearing_897.npy,An animal raises its body and front legs in a rearing motion.,5
P2,P2_ANIMAL_LEVEL_GENERIC,train,truebones,collected,present,False,Spider___RetreatInjured_905.npy,An animal limps as if injured while walking.,5
P2,P2_ANIMAL_LEVEL_GENERIC,train,truebones,collected,present,False,Spider___Retreat_913.npy,An animal with eight legs and two raised front legs is retreating backward.,5
P2,P2_ANIMAL_LEVEL_GENERIC,train,truebones,collected,present,False,Spider___Riser_911.npy,An animal raises its front legs and upper body from the ground.,5
P2,P2_ANIMAL_LEVEL_GENERIC,train,truebones,collected,present,False,Spider___Rising_909.npy,An animal raises its body by straightening its bent knees.,5
P2,P2_ANIMAL_LEVEL_GENERIC,train,truebones,collected,present,False,Spider___Scary_906.npy,"An animal with eight legs and two raised front legs suddenly extends its front legs forward and jerks its body backward, as if startled.",5
P2,P2_ANIMAL_LEVEL_GENERIC,train,truebones,collected,present,False,Spider___SlowIdle_894.npy,"An animal is resting in place, gently swaying its body and moving its front legs up and down.",5
P2,P2_ANIMAL_LEVEL_GENERIC,train,truebones,collected,present,False,Spider___TravelWeb_910.npy,An animal spins silk with its back legs to descend downward.,5
P2,P2_ANIMAL_LEVEL_GENERIC,train,truebones,collected,present,False,Spider___Walker_914.npy,"An animal walks forward, moving its eight legs busily.",5
P2,P2_ANIMAL_LEVEL_GENERIC,train,truebones,collected,present,False,Spider___runleft_896.npy,An animal moves horizontally to the left using its legs.,5
P2,P2_ANIMAL_LEVEL_GENERIC,train,truebones,collected,present,False,Spider___walkleft_901.npy,An animal smoothly sidesteps to the left.,5
P2,P2_ANIMAL_LEVEL_GENERIC,train,truebones,collected,present,False,Spider___walkloop_922.npy,"An animal walks forward, moving its eight legs busily.",5
P2,P2_ANIMAL_LEVEL_GENERIC,train,truebones,collected,present,False,Spider___weaver_895.npy,An animal weaves silk by rubbing its hind legs and spinning thread from its tail.,5
P2,P2_ANIMAL_LEVEL_GENERIC,train,truebones,collected,present,False,Spider___weaving_893.npy,An animal spins silk and descends towards the ground.,5
P2,P2_ANIMAL_LEVEL_GENERIC;P2_GENERIC_CREATURE_CLASS,train,truebones,collected,present,False,Stego___Attack2_952.npy,The animal extends its upper body forward in an attack posture.,5
P2,P2_ANIMAL_LEVEL_GENERIC;P2_GENERIC_CREATURE_CLASS,train,truebones,collected,present,False,Stego___Attack3_955.npy,An animal attacks by kicking forward with its front legs.,5
P2,P2_ANIMAL_LEVEL_GENERIC;P2_GENERIC_CREATURE_CLASS,train,truebones,collected,present,False,Stego___Attack_950.npy,An animal lunges forward with its mouth open to attack.,5
P2,P2_ANIMAL_LEVEL_GENERIC;P2_GENERIC_CREATURE_CLASS,train,truebones,collected,present,False,Stego___Fall_951.npy,An animal loses consciousness and falls to the left.,5
P2,P2_ANIMAL_LEVEL_GENERIC;P2_GENERIC_CREATURE_CLASS,train,truebones,collected,present,False,Stego___Idle_949.npy,"An animal stands in place, gently swaying its tail and keeping its mouth open.",5
P2,P2_GENERIC_CREATURE_CLASS,train,truebones,collected,present,False,Stego___Run_953.npy,"Animal is energetically running, swinging its tail for balance.",5
P2,P2_ANIMAL_LEVEL_GENERIC;P2_GENERIC_CREATURE_CLASS,train,truebones,collected,present,False,Stego___Shake_954.npy,An animal raises its head slightly and shakes its body from side to side.,5
P2,P2_ANIMAL_LEVEL_GENERIC;P2_GENERIC_CREATURE_CLASS,train,truebones,collected,present,False,Stego___Slowwalk_956.npy,"An animal with a long neck and tail slowly walks forward, swinging its tail side to side.",5
P2,P2_ANIMAL_LEVEL_GENERIC;P2_GENERIC_CREATURE_CLASS,train,truebones,collected,present,False,Stego___TailWhip_947.npy,The animal performs a tail whip by rotating its tail from right to left.,5
P2,P2_ANIMAL_LEVEL_GENERIC;P2_GENERIC_CREATURE_CLASS,train,truebones,collected,present,False,Tricera___Attack2_1038.npy,An animal attacks by forcefully extending its left front leg forward.,5
P2,P2_ANIMAL_LEVEL_GENERIC;P2_GENERIC_CREATURE_CLASS,train,truebones,collected,present,False,Tricera___Attack3_1041.npy,The animal charges forward and attacks with its horn.,5
P2,P2_ANIMAL_LEVEL_GENERIC;P2_GENERIC_CREATURE_CLASS,train,truebones,collected,present,False,Tricera___Attack4_1035.npy,An animal raises its head and horns to perform a charging attack.,5
P2,P2_ANIMAL_LEVEL_GENERIC;P2_GENERIC_CREATURE_CLASS,train,truebones,collected,present,False,Tricera___Attack_1034.npy,An animal attacks by stepping forward with its right front foot and striking downward with its head.,5
P2,P2_ANIMAL_LEVEL_GENERIC;P2_GENERIC_CREATURE_CLASS,train,truebones,collected,present,False,Tricera___Fall_1036.npy,An animal stumbles backward and falls to the right after a shock.,5
P2,P2_ANIMAL_LEVEL_GENERIC;P2_GENERIC_CREATURE_CLASS,train,truebones,collected,present,False,Tricera___NoseDirt_1037.npy,"An animal digs the ground with its nose, alternating left and right motions.",5
P2,P2_ANIMAL_LEVEL_GENERIC;P2_GENERIC_CREATURE_CLASS,train,truebones,collected,present,False,Tricera___Run_1040.npy,An animal runs forward with coordinated limb and tail movements.,5
P2,P2_ANIMAL_LEVEL_GENERIC;P2_GENERIC_CREATURE_CLASS,train,truebones,collected,present,False,Tricera___Walk_1039.npy,"An animal walks slowly forward, starting with its left front leg.",5
P2,P2_ANIMAL_LEVEL_GENERIC,train,truebones,collected,present,False,Tukan___FlyForward_1046.npy,"An animal flies forward, flapping its wings and balancing with its tail.",5
P2,P2_ANIMAL_LEVEL_GENERIC,train,truebones,collected,present,False,Tukan___Fly_1047.npy,An animal flaps its wings rapidly and bobs its head with its beak open.,5
P2,P2_ANIMAL_LEVEL_GENERIC,train,truebones,collected,present,False,Tukan___IdleLook_1049.npy,An animal observes by standing still with horizontal wings and turning its head side-to-side.,5
P2,P2_ANIMAL_LEVEL_GENERIC,train,truebones,collected,present,False,Tukan___Shake_1048.npy,The animal swiftly shakes its head and flaps its wings.,5
P2,P2_ANIMAL_LEVEL_GENERIC,train,truebones,collected,present,False,Tukan___WingScratch_1044.npy,The animal scratches its left wing with its beak.,5
P2,P2_ANIMAL_LEVEL_GENERIC;P2_GENERIC_CREATURE_CLASS,train,truebones,collected,present,False,Turtle___Attack2_1056.npy,"An animal moves backward, then leaps forward forcefully, flipping its body, and returns to its original position.",5
P2,P2_ANIMAL_LEVEL_GENERIC;P2_GENERIC_CREATURE_CLASS,train,truebones,collected,present,False,Turtle___Attack3_1060.npy,An animal prepares and executes an attack by rolling forward.,5
P2,P2_ANIMAL_LEVEL_GENERIC;P2_GENERIC_CREATURE_CLASS,train,truebones,collected,present,False,Turtle___Attack_1052.npy,An animal attacks by retracting and then thrusting its neck forward.,5
P2,P2_ANIMAL_LEVEL_GENERIC;P2_GENERIC_CREATURE_CLASS,train,truebones,collected,present,False,Turtle___Hide_1053.npy,An animal retracts its limbs and head into its shell.,5
P2,P2_ANIMAL_LEVEL_GENERIC;P2_GENERIC_CREATURE_CLASS,train,truebones,collected,present,False,Turtle___Idle2_1050.npy,An animal stands stably on all fours with its mouth open.,5
P2,P2_ANIMAL_LEVEL_GENERIC;P2_GENERIC_CREATURE_CLASS,train,truebones,collected,present,False,Turtle___Idle_1051.npy,"An animal rests quietly, occasionally moving its neck, head, and legs.",5
P2,P2_ANIMAL_LEVEL_GENERIC;P2_GENERIC_CREATURE_CLASS,train,truebones,collected,present,False,Turtle___Run_1059.npy,An animal runs forward with its neck extended and mouth open.,5
P2,P2_ANIMAL_LEVEL_GENERIC;P2_GENERIC_CREATURE_CLASS,train,truebones,collected,present,False,Turtle___Walk_1057.npy,An animal slowly walks forward with its neck extended.,5
P2,P2_ANIMAL_LEVEL_GENERIC;P2_GENERIC_CREATURE_CLASS,train,truebones,collected,present,False,Turtle___Yawn_1054.npy,An animal stretches its neck while standing on all fours.,5
P2,P2_ANIMAL_LEVEL_GENERIC;P2_GENERIC_CREATURE_CLASS,train,truebones,collected,present,False,Turtle___Yawn_1055.npy,An animal stretches its neck while standing on all fours.,5
