HIERARCHY
ROOT CATRigPelvis_00
{
  OFFSET 0.000000 0.000000 0.000000
  CHANNELS 6 Xposition Yposition Zposition Zrotation Xrotation Yrotation
  JOINT CATRigLLeg1_01
  {
    OFFSET 3.599568 -1.998732 -0.000005
    CHANNELS 3 Zrotation Xrotation Yrotation
    JOINT CATRigLLeg2_02
    {
      OFFSET -0.596227 -7.771348 0.301307
      CHANNELS 3 Zrotation Xrotation Yrotation
      JOINT CATRigLLegAnkle_03
      {
        OFFSET -0.375024 -4.320219 -1.202130
        CHANNELS 3 Zrotation Xrotation Yrotation
        End Site
        {
          OFFSET -0.093756 -1.080055 -0.300532
        }
      }
    }
  }
  JOINT CATRigSpine1_04
  {
    OFFSET 0.000001 0.000001 -0.000000
    CHANNELS 3 Zrotation Xrotation Yrotation
    JOINT CATRigSpine2_05
    {
      OFFSET 0.071880 0.000002 7.531370
      CHANNELS 3 Zrotation Xrotation Yrotation
      JOINT CATRigChest_06
      {
        OFFSET 0.055888 0.000003 5.855813
        CHANNELS 3 Zrotation Xrotation Yrotation
        JOINT CATRigLLeg1.001_07
        {
          OFFSET 3.143628 -2.159145 0.000002
          CHANNELS 3 Zrotation Xrotation Yrotation
          JOINT CATRigLLeg2.001_08
          {
            OFFSET 0.224332 -5.297241 -1.024243
            CHANNELS 3 Zrotation Xrotation Yrotation
            JOINT CATRigLLegAnkle.001_09
            {
              OFFSET -0.495699 -6.852879 1.579628
              CHANNELS 3 Zrotation Xrotation Yrotation
              End Site
              {
                OFFSET -0.123925 -1.713220 0.394907
              }
            }
          }
        }
        JOINT CATRigRLeg1_010
        {
          OFFSET -3.143627 -2.159144 0.000003
          CHANNELS 3 Zrotation Xrotation Yrotation
          JOINT CATRigRLeg2_011
          {
            OFFSET -0.174182 -5.300435 -1.017458
            CHANNELS 3 Zrotation Xrotation Yrotation
            JOINT CATRigRLegAnkle_012
            {
              OFFSET 0.557340 -6.849680 1.572977
              CHANNELS 3 Zrotation Xrotation Yrotation
              End Site
              {
                OFFSET 0.139335 -1.712420 0.393244
              }
            }
          }
        }
        JOINT CATRigNeck_013
        {
          OFFSET -0.000000 0.000003 -0.000001
          CHANNELS 3 Zrotation Xrotation Yrotation
          JOINT CATRigHeas_014
          {
            OFFSET 0.080982 -1.641463 4.509892
            CHANNELS 3 Zrotation Xrotation Yrotation
            JOINT CATRigLEar_015
            {
              OFFSET 2.467943 1.402300 0.661568
              CHANNELS 3 Zrotation Xrotation Yrotation
              End Site
              {
                OFFSET 0.616986 0.350575 0.165392
              }
            }
            JOINT CATRigHeasBone002_016
            {
              OFFSET -2.460248 1.428672 0.729898
              CHANNELS 3 Zrotation Xrotation Yrotation
              End Site
              {
                OFFSET -0.615062 0.357168 0.182475
              }
            }
          }
        }
      }
    }
  }
  JOINT CATRigRLeg1.001_017
  {
    OFFSET -3.599566 -1.998733 -0.000005
    CHANNELS 3 Zrotation Xrotation Yrotation
    JOINT CATRigRLeg2.001_018
    {
      OFFSET 0.299292 -7.784677 0.386401
      CHANNELS 3 Zrotation Xrotation Yrotation
      JOINT CATRigRLegAnkle.001_019
      {
        OFFSET 0.208796 -4.306790 -1.287652
        CHANNELS 3 Zrotation Xrotation Yrotation
        End Site
        {
          OFFSET 0.052199 -1.076698 -0.321913
        }
      }
    }
  }
}
MOTION
Frames: 200
Frame Time: 0.03333333
0.009320 14.297633 -0.053112 0.261426 1.129830 0.175994 0.204562 1.495826 2.692566 -1.067133 15.207401 1.086639 1.457735 -21.314575 -3.987314 0.391983 0.361814 -0.866285 0.066938 0.005244 -0.983942 -0.510484 -0.862681 -0.192655 0.833890 -8.914872 -2.473357 -3.553246 4.389581 1.819952 0.154424 -4.159297 -5.076456 -5.607660 14.599454 0.709237 3.014769 14.921757 2.237509 -0.953826 -20.003374 -3.718335 -0.388736 1.172317 -0.258808 0.953736 1.812345 4.027258 1.374084 2.606601 -0.824301 0.407542 -0.583170 0.398392 -1.521019 -5.389415 0.985333 -1.042428 5.291425 -1.766639 1.998025 -1.412310 1.196396
0.024714 14.282010 -0.063337 0.196368 1.099053 0.354982 0.122074 1.806825 2.946680 -1.051139 15.487393 0.841778 1.763950 -21.972863 -4.143992 0.503634 0.287926 -0.964597 0.060622 0.004050 -0.998549 -0.606190 -0.716713 -0.032877 0.569809 -7.638494 -2.542833 -3.132223 3.953405 1.814610 0.045449 -4.370328 -4.898931 -5.545871 13.776892 0.629607 3.126393 14.134982 2.099452 -0.887984 -18.707953 -3.511158 -0.400808 1.118987 -0.087329 0.855201 1.683660 3.475887 1.435118 2.698503 -0.854369 0.441072 -0.468072 0.456758 -1.496762 -6.264191 0.942964 -1.063822 6.352730 -1.864205 1.973646 -1.592863 1.240630
0.037091 14.266062 -0.069296 0.157568 1.007249 0.371861 -0.224609 2.291395 3.326193 -0.933766 16.343800 0.648218 2.070314 -22.990448 -4.224108 0.599242 0.259602 -0.934788 -0.062432 -0.015610 -0.835630 -0.541480 -0.580007 0.082850 0.337818 -6.034472 -2.338813 -2.634023 3.163444 1.480184 -0.144029 -4.369761 -4.802741 -5.538310 12.608292 0.477709 3.197293 13.054284 2.041669 -0.792947 -17.411187 -3.171958 -0.450546 1.171452 0.068225 0.867663 1.495440 3.053445 1.267434 2.993890 -0.402362 0.447159 -0.394675 0.504369 -1.557408 -7.348166 0.916105 -1.064008 7.799155 -1.787810 2.048457 -1.817227 1.327984
0.050825 14.246349 -0.071926 0.020366 0.959402 0.449295 -0.367449 2.902101 3.737119 -0.936112 17.465247 0.437290 2.337680 -24.465940 -4.652409 0.768265 0.172720 -0.965067 -0.039604 0.102393 -0.664146 -0.626684 -0.595584 0.047309 0.254857 -4.853386 -2.148643 -2.491889 3.297290 1.393247 -0.266214 -4.631126 -4.702750 -5.477211 11.607325 0.358749 3.044037 11.513249 2.157359 -0.610078 -16.426367 -2.711031 -0.515929 1.297566 0.086249 0.896618 1.376667 2.721824 1.297493 3.192166 -0.192127 0.447543 -0.280240 0.516144 -1.544129 -8.643257 0.751209 -1.034298 9.306035 -1.593891 2.027512 -2.095525 1.410474
0.061227 14.221045 -0.074936 -0.181855 0.877264 0.587149 -0.420742 3.628559 4.092416 -1.057402 18.804485 0.243288 2.515624 -26.278020 -4.915472 0.975092 0.178082 -1.021921 -0.100699 0.179897 -0.559061 -0.571793 -0.630214 0.101199 0.120906 -3.719637 -1.965710 -2.399752 3.517020 1.186532 -0.227582 -4.808124 -4.572988 -5.638707 10.110988 0.185021 3.195583 9.816933 2.193991 -0.519376 -14.979401 -2.245938 -0.578408 1.459193 0.010339 0.909349 1.190888 2.588010 1.401096 3.380043 -0.048057 0.478752 -0.224421 0.388479 -1.470738 -10.226503 0.672796 -1.054446 11.588432 -1.413775 2.087131 -2.837344 1.450867
0.069560 14.190667 -0.067000 -0.368393 0.781732 0.716519 -0.442628 4.263115 4.558335 -1.054837 20.364422 0.026209 2.568204 -28.024876 -5.366050 1.142287 0.079962 -1.050568 -0.046801 0.289283 -0.488570 -0.602697 -0.519895 0.068673 -0.024014 -2.411561 -1.806832 -2.192586 3.692022 1.145142 -0.338249 -4.858958 -4.549262 -5.788075 8.029643 -0.051370 3.349060 8.513321 2.381605 -0.269759 -13.375587 -1.800710 -0.557258 1.548966 0.037524 0.869819 0.983715 2.495099 1.346200 3.726602 0.101965 0.501833 -0.137086 0.327469 -1.411438 -12.341021 0.585418 -1.115512 14.795390 -1.160445 2.108671 -3.873783 1.385186
0.089272 14.146410 -0.052634 -0.567723 0.714159 0.851806 -0.508301 4.852853 4.922218 -0.992242 22.304057 -0.363606 2.824227 -30.230247 -5.449753 1.348878 -0.050500 -1.011555 -0.072505 0.405656 -0.419151 -0.555210 -0.476058 -0.055535 -0.129284 -0.805548 -1.666206 -2.048020 3.830723 1.135636 -0.365573 -5.654653 -4.651180 -5.983208 5.556600 -0.448813 3.514435 7.739222 2.622833 -0.056230 -11.954542 -1.192036 -0.500391 1.675432 0.053930 0.786885 0.778412 2.289823 1.319432 4.071688 0.501917 0.574526 -0.022936 0.417211 -1.364235 -14.607857 0.473360 -1.130753 18.005514 -0.937597 2.086374 -4.686401 1.478921
0.109003 14.095366 -0.037278 -0.743660 0.624666 1.054079 -0.483143 5.513766 5.338977 -0.634576 23.765735 -0.651075 2.531626 -32.031726 -5.898158 1.510823 -0.125899 -0.971046 -0.059489 0.502372 -0.392356 -0.511711 -0.394141 -0.219056 -0.129652 0.919878 -1.588554 -2.003720 3.822890 1.042234 -0.335632 -6.588301 -4.670823 -6.373871 2.657965 -1.022100 3.845209 7.350363 2.965086 0.284589 -10.495547 -0.427217 -0.522857 1.765607 -0.041713 0.726065 0.623950 2.119399 1.471101 4.326024 0.752995 0.570136 0.070120 0.465075 -1.371465 -17.141304 0.340369 -1.016339 22.072151 -0.769150 1.953744 -5.961557 1.527177
0.122991 14.036839 -0.015412 -0.916449 0.512487 1.359335 -0.417128 5.804193 5.586678 -0.659387 25.943579 -0.830435 2.476292 -34.179468 -6.323501 1.669792 -0.219899 -1.017449 -0.079204 0.658920 -0.388979 -0.406962 -0.311595 -0.377673 -0.330394 2.873031 -1.403913 -1.769689 3.434560 0.972513 -0.401356 -7.360499 -4.759131 -6.912692 0.001279 -1.730553 4.045810 6.268781 3.589537 0.875660 -8.969310 0.321243 -0.581587 1.831996 -0.033596 0.757544 0.517568 1.996960 1.404826 4.487390 0.826881 0.553405 0.122881 0.381573 -1.399942 -19.489662 0.143622 -0.914975 26.204381 -0.646815 1.827484 -7.446440 1.596683
0.126775 13.974639 0.000263 -0.959536 0.309546 1.703299 -0.337654 5.917294 5.731632 -0.529067 28.791814 -1.284656 2.483252 -36.881110 -6.503522 1.711589 -0.252287 -1.023013 -0.049394 0.787953 -0.431634 -0.301386 -0.223660 -0.523101 -0.365118 5.110993 -1.331330 -1.778583 3.007985 0.858551 -0.316038 -8.327632 -4.782182 -7.655156 -2.843552 -2.618872 4.534132 5.305056 4.287413 1.213005 -7.688288 1.036393 -0.629062 1.954997 -0.224361 0.711838 0.451988 1.892712 1.526684 4.590779 0.992626 0.615936 0.186846 0.310299 -1.380008 -21.792471 -0.001941 -0.845112 30.754417 -0.545121 1.576885 -9.247139 1.452427
0.121236 13.916636 0.026743 -1.011567 0.136322 2.017401 -0.075735 5.903466 5.656905 -0.563262 30.659619 -1.507848 2.442509 -38.178355 -6.624388 1.737175 -0.295052 -1.029278 -0.002611 0.959499 -0.421243 -0.180305 -0.245421 -0.738655 -0.433951 7.516485 -1.336088 -1.878119 2.741386 0.715482 -0.172965 -9.655697 -4.713247 -8.607134 -5.903020 -3.731954 5.376308 4.809999 5.118145 1.465019 -7.284079 1.802012 -0.716594 2.108163 -0.376957 0.675135 0.560237 1.726964 1.578743 4.425879 0.974057 0.611318 0.141346 0.335379 -1.180371 -23.535787 -0.162801 -1.036023 34.232550 -0.236177 1.390281 -10.638145 1.240157
0.106663 13.865948 0.063838 -1.111987 -0.000187 2.332495 0.045951 5.687727 5.535406 -0.396303 32.540736 -2.007653 2.563719 -39.756643 -6.410481 1.766708 -0.213848 -1.025214 -0.007095 0.997474 -0.458314 0.020492 -0.146434 -0.970391 -0.505592 10.152950 -1.237889 -1.883671 2.108739 0.555141 -0.167545 -11.075159 -4.754513 -9.510791 -9.035575 -4.949624 6.269577 4.706014 5.885148 1.820629 -7.486045 2.556845 -0.755720 2.077065 -0.431771 0.532322 0.649011 1.650426 1.680338 4.238543 0.946716 0.681067 0.086465 0.302957 -0.835737 -25.193484 -0.171205 -1.175413 37.816426 0.052638 1.097232 -12.293242 0.867873
0.086562 13.822124 0.095264 -1.221930 -0.088524 2.645259 0.375649 5.409792 5.435889 -0.390761 34.551012 -2.383767 2.529396 -41.467665 -6.510142 1.709063 -0.242495 -0.934051 0.057555 1.044705 -0.506627 0.251082 -0.075699 -1.362594 -0.578956 13.750935 -0.951060 -1.776566 0.636400 0.495455 -0.170750 -11.960230 -4.726676 -10.264495 -11.600649 -5.886084 7.033187 4.543852 6.362595 2.099905 -7.485197 3.096582 -0.753836 2.165311 -0.492362 0.432965 0.750788 1.585903 1.612158 4.131846 0.682831 0.661071 -0.013522 0.322439 -0.409148 -26.452980 -0.209233 -1.325465 40.771999 0.406647 0.737332 -13.773447 0.327236
0.060879 13.788736 0.131346 -1.347255 -0.133494 2.858857 0.743885 4.959866 5.186803 -0.627913 36.733066 -2.667101 3.021962 -43.049842 -6.112329 1.633419 -0.218130 -0.814202 0.019325 1.028035 -0.552550 0.721726 0.067246 -1.636838 -0.907750 16.475270 -0.792977 -1.751156 0.339050 0.618509 0.028611 -12.495679 -4.520912 -10.960257 -13.648825 -6.464843 7.467781 4.529356 6.439530 2.412251 -6.852745 3.338702 -0.897581 2.090497 -0.481623 0.419409 0.791011 1.402487 1.503557 4.019084 0.570220 0.447035 -0.038219 0.288404 -0.049019 -27.113471 -0.207977 -1.181758 43.004165 0.577569 0.263220 -15.324173 -0.288051
0.028704 13.758097 0.170580 -1.446246 -0.120629 2.993956 0.957511 4.452148 5.016601 -0.575955 38.857635 -2.909529 3.309098 -44.651538 -5.820069 1.484729 -0.200159 -0.685528 -0.011249 0.956963 -0.593266 1.201345 0.282380 -1.847752 -1.076021 18.804925 -0.663911 -1.881600 0.329979 0.713072 0.351916 -12.521423 -3.673738 -11.428349 -14.924129 -6.889949 7.556801 4.596466 6.586455 2.884768 -6.199646 3.131745 -1.084140 1.875420 -0.574438 0.468847 0.979379 1.312653 1.461665 3.662080 0.595669 0.317222 -0.123833 0.205159 0.279200 -27.570806 -0.274731 -1.129658 44.866568 0.642820 -0.116584 -16.732528 -0.723733
0.002371 13.736448 0.208094 -1.515080 -0.183367 3.106871 1.003009 3.849660 4.775002 -0.340157 41.628240 -3.406384 3.885746 -46.950114 -5.042270 1.316363 -0.154485 -0.629296 0.029454 0.916989 -0.694242 1.486654 0.351209 -1.983201 -0.865663 20.483717 -0.703176 -1.991718 0.100159 0.837535 0.269761 -8.915434 -2.147532 -11.561526 -15.482177 -7.280498 7.468605 4.823051 6.890243 3.120054 -5.524050 2.666563 -1.165581 1.888377 -0.577346 0.487992 1.203837 1.113354 1.404377 3.348362 0.642711 0.209719 -0.207819 0.279525 0.432699 -27.710343 -0.407466 -0.861314 46.423198 0.598128 -0.407313 -18.195529 -1.050516
-0.042284 13.726175 0.238522 -1.686732 -0.141007 3.138496 1.207564 3.097656 4.609445 -0.134573 44.814919 -3.868253 4.677456 -49.489336 -4.323556 1.198063 -0.118987 -0.549250 0.066274 0.840469 -0.808243 1.854646 0.569743 -2.168466 -0.851356 21.193989 -0.630554 -2.536719 0.067175 0.995219 0.550329 -10.015738 -1.682737 -11.545698 -15.155904 -7.403225 7.314115 4.713072 7.173565 3.101620 -5.151954 2.147626 -1.307516 1.608935 -0.491440 0.487323 1.387806 0.954577 1.269740 3.192159 0.640975 0.139415 -0.295136 0.378507 0.616623 -27.626043 -0.531660 -0.530528 47.415313 0.439316 -0.716919 -19.255952 -1.337128
-0.081021 13.734409 0.268899 -1.831774 -0.109146 3.114969 1.341238 2.145137 4.527394 0.117017 47.966046 -4.220157 5.532537 -51.705231 -3.391923 1.070004 -0.097583 -0.473156 0.146841 0.732111 -0.948015 2.212773 0.699144 -2.287559 -0.774682 21.468905 -0.735453 -2.799142 -0.732245 1.227696 0.308885 -9.802784 -1.722218 -11.189601 -14.044428 -7.256184 6.871588 4.398934 7.410375 2.942957 -5.139961 1.531984 -1.446091 1.385043 -0.420045 0.443813 1.617781 0.850443 1.294156 3.000239 0.746014 0.109526 -0.330504 0.474925 0.696617 -27.302623 -0.733793 -0.109640 48.108989 0.230815 -0.924386 -20.429316 -1.454849
-0.116345 13.761219 0.308060 -1.869406 -0.150792 2.974758 1.249722 1.355852 4.398632 0.436677 51.172544 -4.515227 6.202725 -53.707758 -2.517992 0.968391 -0.016420 -0.379218 0.181534 0.723127 -1.200829 2.475638 0.782356 -2.288346 -0.529135 21.664701 -1.023219 -3.163342 -1.886174 1.504112 -0.051647 -9.847823 -1.951164 -10.633823 -12.420620 -6.721460 6.376845 3.477534 7.425194 2.785440 -5.179433 0.993687 -1.637489 1.283880 -0.357908 0.427845 1.897455 0.991821 1.335086 2.700935 0.633993 0.167102 -0.456900 0.413492 0.663559 -26.820150 -0.776113 0.330924 48.358366 0.000592 -1.211832 -21.230885 -1.623616
-0.152663 13.800550 0.333567 -1.833197 -0.040980 2.800400 1.153977 0.369875 4.075237 0.691807 54.969414 -4.898992 7.269725 -56.244390 -1.200909 0.859640 -0.018999 -0.366041 0.250110 0.662206 -1.409907 2.614978 0.846393 -2.280423 0.031390 21.983064 -1.376581 -3.510615 -3.468437 1.744495 -0.664803 -10.012904 -2.149446 -9.895695 -10.290445 -5.898120 5.845515 2.248422 7.430032 2.483044 -5.297504 0.392839 -1.772244 1.095889 -0.240999 0.394553 2.179277 1.011000 1.398289 2.424921 0.554394 0.197067 -0.628368 0.432097 0.523888 -26.264031 -0.834054 0.846449 48.008815 -0.302804 -1.380514 -21.853559 -1.708133
-0.186926 13.840906 0.360164 -1.783473 0.045868 2.480696 0.911649 -0.555041 3.892703 1.474985 58.563316 -5.888544 8.706863 -58.503102 0.874070 0.852833 0.054089 -0.356634 0.206700 0.462357 -1.533464 2.633827 0.849179 -2.143062 0.871014 22.527209 -1.740844 -4.034539 -5.471423 1.862205 -1.217302 -10.183518 -2.563525 -8.958437 -7.443234 -5.074223 5.261091 0.616976 7.458129 2.163115 -5.613646 -0.303476 -1.755088 1.070767 -0.199881 0.366432 2.361712 1.073544 1.389902 2.283914 0.419788 0.153583 -0.726194 0.535134 0.435853 -25.616782 -0.694791 1.403794 48.467012 -0.631336 -1.516400 -23.218799 -1.853505
-0.227403 13.879844 0.389633 -1.691821 0.126905 2.276287 0.659962 -1.455469 3.584408 2.220588 61.652893 -6.605572 9.693683 -60.159842 2.597573 0.856997 0.136051 -0.416620 0.216968 0.357075 -1.754113 2.526023 0.657618 -1.996168 1.920529 23.061166 -2.120023 -4.654021 -7.982601 1.878350 -1.773808 -9.939134 -2.849486 -7.931485 -4.101867 -4.003642 4.567050 -1.300812 7.303115 1.702144 -6.061401 -0.968550 -1.655337 1.153133 -0.132509 0.294807 2.446355 1.101097 1.307394 2.137824 0.258183 0.021431 -0.720683 0.492900 0.416268 -24.864335 -0.486909 1.760606 48.537909 -0.632820 -1.720459 -24.163749 -2.333731
-0.260363 13.917266 0.418920 -1.566812 0.217835 1.908324 0.329980 -2.587497 3.237515 3.558248 65.655289 -8.317225 11.391298 -62.311233 5.278043 0.933374 0.197534 -0.509051 0.064099 0.345605 -1.800379 2.291122 0.420482 -1.676323 3.536025 23.629629 -2.672134 -5.365362 -11.261143 1.534674 -2.603333 -9.410269 -3.042334 -6.827805 -0.640719 -2.915483 4.069561 -3.193160 6.828594 1.193755 -6.891062 -1.471117 -1.520165 1.214552 -0.299986 0.224656 2.580895 1.171761 1.395498 1.907994 0.034342 -0.036374 -0.736038 0.570197 0.418652 -24.253167 -0.207121 1.929285 48.635276 -0.594197 -1.889488 -24.941073 -2.521213
-0.296437 13.947016 0.432836 -1.395605 0.320883 1.555636 0.033266 -3.589555 2.856241 4.696631 68.937302 -9.867210 12.963882 -63.900572 7.763766 0.988933 0.326277 -0.602578 0.105362 0.375292 -1.866225 1.657081 0.083780 -1.192886 5.635804 24.268107 -3.367592 -6.284781 -15.247571 0.805906 -3.568122 -8.546699 -3.015800 -5.664265 2.744092 -1.878522 3.420241 -4.842422 6.229394 0.721889 -8.006834 -2.109919 -1.167398 1.221654 -0.668532 0.119700 2.514041 1.048139 1.575904 1.691990 -0.019133 -0.025280 -0.685755 0.856578 0.251728 -23.346296 0.167333 2.316281 48.665410 -0.627689 -2.112962 -25.982902 -2.887571
-0.321640 13.974744 0.456432 -1.327928 0.301521 1.238866 -0.140773 -4.433956 2.513748 6.566129 71.865573 -12.252805 14.703654 -65.253828 10.514998 1.056200 0.380938 -0.619761 0.204587 0.596174 -2.005734 0.988618 -0.315064 -0.718441 7.741653 24.991501 -4.285551 -7.027873 -19.439174 0.312859 -4.642047 -7.520057 -3.018175 -4.633745 5.892634 -1.106750 3.197035 -5.652859 5.714468 0.047786 -9.719970 -2.687283 -0.753697 1.411947 -1.266913 -0.041181 2.297157 0.984439 1.668092 1.586478 0.099016 0.007248 -0.563229 1.188460 0.183209 -22.515976 0.449578 2.661539 49.274298 -0.620117 -2.203103 -27.499756 -3.215672
-0.348922 13.992060 0.473106 -1.286649 0.285855 1.005509 -0.201173 -5.306608 2.120253 8.473558 73.922321 -14.583211 15.645961 -65.839251 12.364481 1.145166 0.447748 -0.634981 0.240393 0.722037 -2.189311 0.609388 -0.588627 -0.552215 9.504301 25.660217 -5.165676 -7.679825 -24.019763 -0.019238 -5.659136 -6.618227 -3.014536 -4.200195 8.193707 -0.390752 2.989618 -5.489429 5.312014 -0.308978 -11.472958 -3.044957 -0.510188 1.470129 -1.572588 -0.382272 2.018416 0.876016 1.807548 1.649134 -0.159594 0.055975 -0.343525 1.415060 0.109200 -21.659682 0.714075 3.087631 49.572203 -0.580614 -2.429246 -28.715657 -3.718061
-0.361115 14.002127 0.475097 -1.238627 0.283417 0.802801 -0.248214 -6.212834 1.709841 9.968444 74.981209 -16.463793 15.290139 -65.331564 12.957770 1.227193 0.494851 -0.671533 0.394540 0.942308 -2.390765 0.222515 -0.909742 -0.453794 11.009938 25.368238 -6.016762 -8.178134 -27.432739 -0.249381 -6.430628 -6.338257 -2.866333 -3.993785 10.275699 0.208068 3.022198 -4.990867 5.023039 -0.844435 -12.929493 -3.395041 -0.328139 1.543708 -2.046879 -0.720762 1.696705 0.816147 1.953592 1.579605 -0.320413 0.163027 -0.101286 1.683856 0.140368 -20.773593 0.961120 3.107615 49.453887 -0.432888 -2.524328 -29.423793 -3.947435
-0.372287 14.002616 0.469642 -1.174095 0.279067 0.562728 -0.268328 -7.218492 1.447985 11.294433 75.407207 -18.042879 14.259445 -64.194331 12.920167 1.274657 0.561627 -0.654181 0.480764 1.084445 -2.547612 -0.118751 -1.217536 -0.417480 12.030879 23.425407 -6.594681 -8.511656 -28.459415 -0.153017 -6.760243 -6.280406 -2.752851 -3.952953 11.609074 0.653830 3.124310 -3.087364 4.713931 -1.203274 -14.586786 -3.470918 -0.137561 1.548277 -2.456066 -1.140878 1.388665 0.814187 2.016860 1.457823 -0.694873 0.322456 0.030285 2.030330 0.160381 -20.049545 1.284320 3.174264 49.769835 -0.307351 -2.656209 -30.460103 -4.283882
-0.374577 13.994217 0.468010 -1.096900 0.277004 0.316299 -0.263941 -8.147970 1.229817 12.638179 75.454675 -19.634803 12.968679 -62.971755 12.713040 1.288135 0.558183 -0.668524 0.494730 1.279460 -2.630491 -0.226851 -1.461432 -0.511924 12.535939 19.866722 -6.678043 -8.828361 -27.032228 0.047373 -6.791764 -6.756468 -2.783755 -4.175943 12.610110 1.098928 3.246334 -0.689492 4.499365 -1.664112 -16.153878 -3.618324 -0.071135 1.547738 -2.808712 -1.449598 0.889622 0.859751 2.016353 1.470269 -1.087306 0.386622 0.235853 2.260387 0.192085 -19.183598 1.594739 3.214699 50.073042 -0.191221 -2.817845 -31.645469 -4.650079
-0.381828 13.996225 0.447470 -1.041000 0.359642 0.202561 -0.097506 -9.236827 0.982875 11.300343 73.720993 -17.990826 10.035725 -59.971788 10.686126 1.320398 0.563201 -0.776374 0.612918 1.364876 -2.769921 -0.372659 -1.755926 -0.521414 12.510818 14.480916 -6.098596 -9.155307 -22.796803 0.511193 -6.535163 -7.401225 -3.265019 -4.585031 12.522184 1.432264 3.191872 3.732166 4.360837 -2.100736 -18.650153 -3.789421 -0.121297 1.467263 -3.104882 -1.848574 0.583689 0.796162 2.053789 1.237291 -1.664911 0.508172 0.312303 2.753128 0.297859 -18.698771 1.698320 3.082566 50.866638 0.095424 -3.015159 -32.895385 -5.153813
-0.384937 13.992349 0.431155 -0.950515 0.368852 0.135121 0.188702 -10.236743 0.796913 9.001704 70.717623 -14.963332 6.891949 -56.250936 8.269669 1.258784 0.625240 -0.813270 0.727401 1.309915 -2.903465 -0.445074 -1.853248 -0.585697 12.596248 8.596284 -5.497771 -9.761545 -17.795147 0.936149 -5.862845 -7.918420 -3.806499 -5.089895 12.712060 1.801443 3.259810 7.782190 4.368589 -2.528291 -21.237161 -4.089046 -0.144702 1.388384 -3.333754 -2.150948 0.210449 0.768382 2.007404 1.128375 -2.151275 0.460400 0.346794 3.093585 0.297651 -17.953504 1.829546 3.022120 51.142256 0.407119 -3.175367 -33.893237 -5.625536
-0.389975 13.999249 0.406771 -0.909882 0.340739 0.078429 0.647161 -11.230205 0.726541 6.716406 66.578447 -12.037169 4.485922 -52.078272 6.506735 1.232659 0.611736 -0.861717 0.854850 1.409636 -2.976933 -0.609568 -2.025754 -0.556345 12.164855 1.931327 -4.527380 -9.688959 -11.650612 1.528991 -5.374202 -7.779282 -4.873640 -5.498154 13.128445 2.021971 3.043314 11.932036 4.528434 -2.929497 -24.188846 -4.400408 -0.093042 1.402589 -3.607898 -2.320455 -0.066607 0.793694 1.952103 1.016500 -2.682674 0.476599 0.292032 3.427716 0.452592 -17.139514 1.921778 2.762818 51.297281 0.789549 -3.485064 -34.807535 -6.229555
-0.388199 14.005960 0.382234 -0.854594 0.371924 0.029105 1.059547 -12.237619 0.670116 4.373263 61.106171 -9.194991 3.301752 -47.462015 5.785147 1.233479 0.588407 -0.887423 0.909061 1.473030 -2.952799 -0.727710 -2.276480 -0.611650 11.089693 -4.002823 -3.376790 -9.126198 -6.057633 1.698015 -4.612173 -7.165360 -5.789471 -5.862972 14.034358 2.127833 2.777635 14.927110 4.863688 -3.305833 -26.085819 -4.549231 -0.045455 1.427523 -3.844780 -2.553080 -0.184722 0.781874 2.012013 0.756315 -3.230530 0.609747 0.288858 3.676470 0.608697 -16.304612 2.122833 2.650169 51.174051 0.863141 -3.564819 -35.450606 -6.429788
-0.384650 14.018825 0.351488 -0.816652 0.349605 0.018405 1.555807 -13.214301 0.677163 1.828115 53.928945 -6.789759 3.263099 -41.700304 5.656914 1.234729 0.607398 -0.917890 0.873490 1.521863 -2.844799 -0.784780 -2.389327 -0.610139 9.492821 -9.315924 -2.341190 -8.320510 -0.847460 1.771120 -3.533050 -6.433582 -6.959301 -6.293333 15.415032 2.133691 2.397032 16.269078 5.384047 -3.311555 -26.330687 -4.480027 -0.114753 1.447796 -4.086392 -2.492792 -0.426985 0.787743 2.031900 0.797482 -3.575675 0.649263 0.415519 3.913647 0.756546 -15.228896 2.242695 2.452764 50.931964 0.987285 -3.775709 -36.266000 -6.850907
-0.388175 14.040803 0.312677 -0.741040 0.325689 0.140520 1.951484 -13.989133 0.686565 -0.149788 45.832838 -5.123328 3.545160 -35.033664 5.432879 1.142851 0.611193 -1.045750 0.932755 1.549385 -2.783188 -0.879479 -2.481438 -0.652261 7.337880 -13.900283 -1.247850 -7.236413 4.349364 2.253683 -2.473666 -5.725929 -7.357738 -6.831245 17.032390 2.223336 2.143881 16.750077 5.866364 -3.267536 -25.992958 -4.485966 -0.204638 1.471048 -4.200489 -2.383583 -0.432496 0.638891 2.110923 0.693088 -4.012910 0.737014 0.332488 4.083295 1.056749 -14.120969 2.252892 1.942419 50.400151 1.302620 -4.133417 -36.836050 -7.494565
-0.383349 14.079022 0.282156 -0.664026 0.283058 0.291129 2.186146 -14.520750 0.536921 -1.615731 36.984409 -3.494013 3.634816 -27.331076 4.645774 1.070251 0.629734 -1.184020 0.754982 1.585705 -2.534275 -0.718355 -2.428380 -0.802154 5.328839 -16.684577 -0.801000 -6.362574 8.193010 2.891455 -1.478620 -5.049520 -6.789766 -7.513857 19.101635 2.358100 1.995908 15.998849 6.098256 -2.550990 -24.841370 -4.244652 -0.389716 1.544145 -4.185340 -2.251447 -0.384845 0.482556 2.173686 0.519953 -4.297496 0.728333 0.152100 4.164852 1.193809 -12.807599 2.098329 1.845728 49.996929 1.407469 -4.599640 -37.738007 -8.084531
-0.374463 14.130680 0.243581 -0.620713 0.199536 0.425691 2.335870 -14.785695 0.378349 -2.719242 28.393524 -2.322381 3.721766 -19.986183 3.992722 1.037167 0.642537 -1.205874 0.581855 1.529753 -2.336298 -0.611023 -2.198015 -0.896055 3.413465 -17.196883 -0.470732 -5.380512 9.896533 3.355282 -0.862212 -4.457052 -6.147415 -7.531047 19.963585 2.113208 1.928117 15.708678 5.800901 -2.129963 -23.663616 -4.182402 -0.532506 1.666055 -3.957829 -2.109034 -0.496490 0.200733 2.256889 0.501621 -4.527025 0.651187 0.118350 4.120627 1.485939 -11.387371 1.906139 1.523911 49.646382 1.510764 -4.994759 -38.763764 -8.601457
-0.368150 14.186733 0.211905 -0.604124 0.152314 0.661166 2.252804 -14.789050 0.151814 -3.394836 19.659082 -1.614158 3.486343 -12.338700 3.413147 1.062010 0.591639 -1.262241 0.433643 1.488006 -2.140325 -0.627119 -1.908091 -0.844823 1.832032 -15.110682 -0.407551 -4.377592 9.035387 3.314730 -0.665413 -4.321760 -5.508326 -7.249728 19.550013 1.639593 2.360003 14.873481 5.149229 -2.275852 -21.780718 -4.236998 -0.644999 1.773263 -3.560074 -1.754547 -0.481253 -0.140204 2.192551 0.662260 -4.612384 0.676332 -0.011840 3.855318 1.633874 -9.824218 1.625654 1.458549 48.702479 1.567738 -5.422093 -39.246387 -9.232380
-0.360392 14.246186 0.174331 -0.533176 0.074529 0.959250 1.977740 -14.514294 -0.191757 -3.569168 12.494221 -1.388018 3.266742 -6.075824 3.111836 1.102366 0.580594 -1.481213 0.364983 1.465361 -1.819224 -0.780523 -1.731276 -0.646032 0.752889 -12.292384 -0.342595 -3.462247 7.362897 3.106898 -0.966275 -4.753269 -5.162717 -6.450058 18.026334 0.887208 2.698519 13.258048 4.296908 -2.638506 -20.196953 -4.151986 -0.743927 2.010556 -2.984228 -1.308527 -0.606910 -0.444099 2.008451 1.008430 -4.800077 0.640228 -0.073789 3.499798 1.724629 -8.034512 1.419057 1.726299 47.337716 1.038821 -5.789129 -39.623170 -9.510888
-0.354718 14.293130 0.148276 -0.366974 0.055472 1.258771 1.465658 -13.370181 -0.468376 -3.098664 5.055776 -1.535929 2.573598 -0.074312 2.827971 1.071404 0.554564 -1.678983 0.270544 1.392702 -1.516563 -0.904585 -1.545919 -0.352860 0.284495 -9.007475 -0.170586 -2.940444 5.272923 2.646078 -1.277333 -5.825334 -5.103841 -5.374502 14.968483 0.376820 2.896958 11.690380 3.463750 -2.782299 -19.942564 -3.778519 -0.841683 2.086780 -2.523472 -0.816397 -0.675381 -0.297237 1.947183 1.515780 -4.936824 0.622911 -0.069855 2.814953 1.638244 -6.234505 1.341836 2.227687 45.715062 0.441977 -6.240762 -39.769696 -9.842196
-0.361612 14.328308 0.129383 -0.336703 0.056794 1.531216 1.207626 -12.362707 -0.546306 -2.721723 0.353315 -2.174836 1.745176 4.045993 3.170764 1.100211 0.498516 -1.822816 0.190835 1.344336 -1.317938 -0.916276 -1.408133 -0.064708 0.123613 -5.732280 0.012194 -2.647864 3.328420 2.158557 -1.812382 -6.956299 -5.142672 -4.541251 11.291409 -0.038439 3.006513 10.556381 2.878830 -2.674110 -18.754347 -3.406590 -0.902294 2.139490 -2.114297 -0.316774 -0.605182 0.070414 1.862294 1.891586 -4.757630 0.644975 -0.138509 2.218470 1.813942 -4.591214 1.174925 2.232884 44.372229 0.140373 -6.420550 -40.056247 -9.904178
-0.359455 14.353510 0.109836 -0.264848 0.128554 1.846634 1.019610 -11.090610 -0.484388 -2.587830 -4.011936 -2.664496 1.127932 7.149933 3.164888 1.111281 0.444349 -2.016423 0.113825 1.254815 -1.244454 -0.895666 -1.158932 0.076196 0.206418 -2.313022 0.134096 -2.683717 1.459198 1.764183 -2.010860 -7.624923 -5.153494 -4.147183 7.873797 -0.307101 3.220752 9.160708 2.741532 -2.370631 -17.221045 -3.095660 -0.898655 2.105004 -1.612252 0.007295 -0.384250 0.197735 1.758882 1.918841 -4.613394 0.686935 -0.304509 1.797001 1.874097 -3.200532 1.056041 2.450529 43.114478 -0.276196 -6.715319 -40.337841 -10.078710
-0.367651 14.354501 0.092241 -0.265470 0.273835 2.180927 1.050031 -9.799623 -0.215110 -2.609690 -9.122331 -3.169499 0.358403 9.872718 3.273440 1.183289 0.433859 -2.254762 0.087767 1.151474 -1.276485 -0.912627 -1.048930 0.275057 0.435845 1.198787 0.386458 -2.774291 -0.274433 1.213727 -2.234290 -8.566899 -5.205845 -4.176602 4.426705 -0.741618 3.581595 7.647281 3.020804 -1.988447 -15.191680 -2.558451 -0.923309 2.048988 -1.154709 0.295866 -0.180245 0.484147 1.699279 2.172858 -4.160087 0.800823 -0.388710 1.437314 2.028323 -1.946272 0.983629 2.728791 41.764345 -0.866027 -6.819349 -40.295921 -9.845170
-0.374798 14.345061 0.091240 -0.271447 0.453762 2.420503 1.166066 -8.257230 -0.001589 -2.840643 -11.303876 -2.994407 0.654292 10.185109 2.687258 1.206326 0.448964 -2.410441 -0.000878 0.931134 -1.310096 -0.744991 -0.818684 0.382727 0.600612 4.894968 0.592358 -2.776332 -1.993037 0.663344 -2.435326 -9.776666 -5.271024 -4.610835 0.871006 -1.296269 4.100639 5.926312 3.695878 -1.354429 -13.097652 -1.818484 -0.959024 1.956778 -0.752530 0.577332 -0.009400 0.845575 1.690346 2.507271 -3.657224 0.831080 -0.389107 1.136112 2.112228 -0.829560 0.916536 2.949147 40.192695 -1.237187 -6.945234 -39.982379 -9.687678
-0.383968 14.317923 0.101541 -0.314941 0.648554 2.542462 1.210475 -7.192900 0.271278 -2.902329 -10.080838 -2.382078 1.246850 8.937986 1.461218 1.224878 0.407766 -2.474837 -0.079190 0.740209 -1.269688 -0.640672 -0.696043 0.450498 0.937159 8.826377 0.770630 -2.970408 -3.639447 -0.058320 -2.535899 -11.038793 -5.305410 -5.201132 -2.730566 -2.119183 4.700362 4.846173 4.574963 -0.599895 -11.666171 -1.016126 -0.988548 1.974762 -0.594066 0.779824 0.106457 0.872297 1.552047 2.571462 -3.346619 0.809611 -0.301940 0.976900 2.202888 0.332857 0.991118 3.191384 38.776564 -1.705876 -6.937356 -39.969593 -9.330753
-0.391030 14.291278 0.105597 -0.352732 0.777261 2.655951 1.041444 -7.129208 0.112096 -3.257242 -4.592289 -1.973145 2.698740 4.559818 0.483766 1.163037 0.482099 -2.542118 -0.037677 0.583660 -1.167216 -0.659141 -0.574362 0.521618 1.133555 12.239598 0.909271 -3.033725 -5.190633 -0.530154 -2.511232 -12.445998 -5.461721 -5.925796 -6.113503 -2.994088 5.222827 3.487503 5.610492 0.443937 -10.874316 -0.224957 -0.987261 1.861775 -0.502850 1.050221 0.214550 0.938041 1.423694 2.662118 -2.874666 0.704532 -0.215654 0.715014 2.287607 1.128790 0.953134 3.300625 37.443874 -2.131048 -6.800076 -39.597014 -8.825988
-0.401256 14.259223 0.117192 -0.446223 0.967478 2.643180 1.031882 -6.221029 0.084089 -3.468398 -0.723162 -1.340639 3.570821 0.423670 -0.486284 1.144652 0.475881 -2.520593 -0.031998 0.358981 -1.028193 -0.547706 -0.417951 0.624632 1.319705 15.424967 1.109754 -3.142942 -6.452516 -1.032504 -2.375203 -13.612333 -5.583786 -6.806243 -9.635141 -3.915569 6.027038 3.090733 6.314999 1.203755 -10.272342 0.688714 -1.016560 1.740093 -0.397119 1.191279 0.527628 0.950768 1.395095 2.705146 -2.385895 0.704909 -0.311278 0.353694 2.330493 1.816827 0.929763 3.471609 35.576375 -2.600605 -6.488067 -38.512551 -7.838427
-0.415002 14.230185 0.125210 -0.480030 1.130126 2.589108 1.031282 -4.807181 0.277539 -3.570841 2.237976 -1.011581 4.014257 -3.304369 -1.188377 1.105288 0.361059 -2.557438 -0.100054 0.361386 -0.839973 -0.524795 -0.455000 0.768424 1.563059 18.387136 1.288990 -3.146832 -7.061365 -1.566343 -2.186368 -14.865541 -5.627262 -7.551828 -12.933342 -4.696915 6.924302 2.654451 6.728274 1.752146 -9.395446 1.587296 -0.992067 1.873600 -0.488135 1.361570 0.716098 0.911856 1.397889 2.686060 -2.141559 0.648390 -0.337874 0.239842 2.250697 2.198810 0.906772 3.694560 34.001683 -3.150587 -6.088330 -37.443735 -6.840120
-0.428447 14.201337 0.134260 -0.509031 1.319973 2.573955 0.982951 -3.469816 0.330547 -3.433930 4.424186 -0.851338 4.336587 -6.335051 -1.515783 1.102315 0.223474 -2.529589 -0.214475 0.386696 -0.704211 -0.363944 -0.499216 0.869558 1.718730 21.169527 1.321453 -3.124421 -7.417272 -1.828101 -1.996158 -15.878957 -5.755771 -8.152390 -16.091000 -5.612135 7.339383 3.231533 7.074780 2.075656 -8.388586 2.188368 -0.973695 1.965388 -0.589857 1.456448 0.806579 0.671714 1.285184 2.757032 -1.947338 0.500409 -0.293139 0.133435 2.053767 2.347419 0.932966 3.941333 32.399004 -3.483775 -5.614747 -36.080094 -5.903760
-0.438900 14.165315 0.143037 -0.568358 1.429711 2.590017 0.991481 -2.105053 0.378695 -3.468981 6.439864 -0.733002 4.682320 -9.245961 -1.768993 1.055871 0.171859 -2.485542 -0.200622 0.461543 -0.642773 -0.307121 -0.499041 0.992158 2.087998 23.523080 1.276914 -3.227774 -7.138432 -1.970397 -1.821636 -17.120478 -5.760704 -8.735520 -18.971482 -6.284473 7.663139 4.116249 7.033355 2.337952 -7.606786 2.415447 -0.986943 2.070334 -0.713602 1.597558 1.045256 0.457988 1.195921 2.614687 -1.721083 0.455160 -0.507273 0.023204 1.879363 2.267019 0.887548 4.041644 31.029144 -3.628859 -5.212133 -34.645538 -5.219270
-0.456802 14.126152 0.155933 -0.562760 1.568094 2.566779 0.944539 -0.768166 0.438542 -3.458425 8.839574 -0.643860 5.086273 -12.546599 -2.042159 1.001848 0.216764 -2.463008 -0.278700 0.428421 -0.652773 -0.260375 -0.527646 1.103043 2.490294 25.257529 1.392196 -3.447098 -6.472374 -2.184095 -1.615049 -17.850868 -5.461533 -9.018743 -21.393873 -6.592896 8.027677 5.156256 6.665588 2.140497 -6.916978 2.643449 -0.955092 2.089121 -0.714503 1.631470 1.149078 0.384571 1.368816 2.478953 -1.544921 0.459370 -0.604941 -0.023130 1.719735 1.949062 0.853069 3.969377 29.533979 -3.758633 -4.665388 -33.017854 -4.418755
-0.474696 14.096507 0.155429 -0.558825 1.582599 2.591923 0.990268 0.531075 0.395208 -3.493843 11.579526 -0.523269 5.419049 -16.033609 -2.276667 0.896798 0.247817 -2.487490 -0.266732 0.385834 -0.639363 -0.102292 -0.532650 1.185980 2.911905 26.549132 1.216944 -3.849180 -5.590281 -2.453470 -1.581236 -18.250804 -5.104665 -9.008997 -23.073747 -6.522023 7.588093 6.480956 5.961993 2.677368 -6.716276 2.908905 -1.062929 2.061526 -0.685478 1.673862 1.320103 0.236388 1.518001 2.507450 -1.336182 0.510484 -0.772555 -0.011728 1.533260 1.689412 0.836855 3.896226 27.920224 -3.831637 -4.189576 -31.191838 -3.807042
-0.483530 14.071820 0.151346 -0.587407 1.655088 2.505653 1.008655 1.992639 0.420511 -3.515740 14.026427 -0.454856 5.583102 -19.185363 -2.461138 0.828655 0.155168 -2.425025 -0.168340 0.389255 -0.621422 -0.092689 -0.569323 1.100186 3.259894 27.253197 0.849762 -4.168118 -4.054128 -2.381911 -1.579076 -18.349511 -4.422660 -7.720828 -18.677299 -5.229598 6.720234 1.230180 6.241376 2.473572 -4.624200 1.704020 -1.037493 2.222935 -0.684274 1.602238 1.418288 0.294394 1.633048 2.374085 -1.656772 0.506026 -0.815725 -0.117259 1.401125 1.259521 0.893994 3.722323 25.902691 -3.776675 -3.648143 -28.890345 -3.239989
-0.494566 14.050479 0.147189 -0.627001 1.663607 2.498240 1.112283 3.613863 0.460978 -3.693304 16.553412 -0.519403 5.759614 -22.166836 -2.570230 0.856739 0.197712 -2.493424 -0.147216 0.302178 -0.671344 -0.100449 -0.599414 1.093724 3.624373 27.663478 0.328563 -4.600855 -2.750784 -2.345109 -1.558188 -17.656573 -3.393905 -6.715945 -14.522690 -4.108093 6.025742 -2.782510 6.289694 2.239581 -3.794207 0.704036 -0.967425 2.178435 -0.868552 1.455260 1.483604 0.482605 1.786927 2.143423 -1.819649 0.555946 -0.782194 -0.128472 1.287940 0.706213 0.955448 3.499993 23.625172 -3.647186 -3.174139 -26.145227 -2.699204
-0.505379 14.037285 0.132918 -0.670420 1.659272 2.351999 1.154731 5.297862 0.449066 -3.892271 18.477853 -0.398090 5.839596 -24.430660 -2.632557 0.851444 0.268780 -2.449177 -0.121645 0.237981 -0.752648 -0.081218 -0.712050 1.075978 3.954430 28.147012 -0.079896 -5.031758 -2.224007 -2.383478 -1.625212 -16.250620 -2.027833 -5.712826 -9.906168 -3.025873 5.244072 -6.591220 6.482700 1.714722 -3.373004 -0.401476 -0.889945 2.182181 -1.011046 1.366074 1.608162 0.332707 1.712256 1.727603 -1.812964 0.490697 -0.921253 0.166311 1.133787 -0.018070 1.112124 3.279074 21.404194 -3.469388 -2.701317 -23.257595 -2.219437
-0.513010 14.032421 0.107851 -0.721919 1.669470 2.275003 1.168525 6.871251 0.450953 -4.120502 20.606564 -0.064460 5.559915 -26.050403 -3.157877 0.860607 0.293685 -2.410767 -0.069188 0.248738 -0.859882 -0.095009 -0.783454 0.949753 4.068352 27.755194 -0.193539 -5.308653 -2.049439 -2.370478 -1.865353 -15.849994 -1.722599 -4.896336 -5.288957 -1.865726 4.581477 -10.052169 6.448401 1.225780 -3.583053 -1.464440 -0.841029 2.105365 -1.040555 1.262796 1.647109 0.297250 1.658883 1.413573 -1.941175 0.479538 -0.909037 0.249178 0.941924 -0.968853 1.241634 2.980447 19.145538 -3.130962 -2.346138 -20.009709 -1.752350
-0.521782 14.041376 0.081567 -0.779518 1.566820 2.219728 1.250433 8.412083 0.487049 -4.155951 22.886799 0.141854 5.097791 -27.286303 -3.515117 0.864367 0.364802 -2.344061 0.094833 0.292065 -0.980842 -0.119412 -0.863791 0.848430 4.088735 26.855836 -0.352190 -5.466231 -2.018928 -2.412519 -2.047923 -16.597635 -1.922777 -4.442310 -1.487368 -1.010849 4.131851 -12.192151 6.101440 0.798744 -4.082230 -2.135210 -0.856612 2.010931 -1.259708 1.106581 1.546352 0.231948 1.739228 1.166532 -2.207537 0.515102 -0.772887 0.464408 0.794509 -1.863699 1.408892 2.592780 17.163593 -2.919447 -2.025987 -16.685601 -1.291916
-0.519607 14.054278 0.061656 -0.812295 1.571545 2.145101 1.468791 9.984055 0.445630 -4.319725 24.556231 0.533328 4.617454 -28.304745 -3.810291 0.902681 0.353154 -2.286096 0.136345 0.327492 -1.039438 -0.125209 -0.863414 0.681107 4.095321 25.444128 -0.443649 -5.619006 -2.555401 -2.364931 -2.126938 -17.386293 -2.158693 -4.155342 1.238428 -0.568388 3.947200 -13.187080 5.697842 0.351208 -4.861219 -2.487254 -0.824746 1.854676 -1.364522 0.770537 1.434703 0.002765 1.704804 0.980310 -2.494560 0.558822 -0.624819 0.584819 0.609452 -2.994515 1.576541 2.371943 16.221619 -2.768112 -1.599848 -14.664091 -0.926058
-0.510981 14.076100 0.041768 -0.798323 1.523438 1.997069 1.691163 11.683662 0.503785 -4.350405 25.213099 0.912199 4.164575 -29.265463 -4.053019 0.917956 0.341380 -2.158274 0.184643 0.387464 -1.091534 -0.098655 -0.908036 0.532697 4.073111 23.808691 -0.391979 -5.762677 -3.231784 -2.455048 -2.073567 -17.774494 -2.215379 -3.959351 3.412449 -0.259604 3.842985 -13.156250 5.042300 -0.068792 -5.984388 -2.632487 -0.778612 1.669276 -1.545539 0.430855 1.409475 -0.193385 1.647923 0.753309 -2.752188 0.649429 -0.460610 0.801651 0.488424 -4.109480 1.742584 2.006827 15.322329 -2.442463 -0.750827 -11.696976 -0.179950
-0.506698 14.100561 0.027120 -0.827177 1.567448 1.750033 1.920413 12.980789 0.569524 -3.988925 23.347136 1.042827 3.135290 -28.810701 -4.561791 0.977832 0.214694 -1.950174 0.205477 0.408453 -1.151135 -0.094725 -0.921871 0.454243 4.068631 22.181426 -0.263105 -5.838380 -3.791218 -2.382151 -2.020996 -17.826106 -2.362679 -3.881008 4.583003 -0.009919 3.981702 -11.479318 4.105584 -0.686649 -7.783426 -2.359285 -0.628434 1.535368 -1.800541 0.082724 1.373900 -0.289885 1.526893 0.600416 -2.938321 0.694204 -0.237673 0.877388 0.322084 -5.022601 1.813788 1.630012 15.019967 -2.444775 -0.199546 -10.534694 -0.052620
-0.506336 14.116786 0.007566 -0.863920 1.597624 1.600285 2.326728 13.844479 0.485492 -3.380215 20.040587 1.040882 1.800714 -27.736294 -5.157035 1.002620 0.148656 -1.820367 0.304126 0.353703 -1.251024 -0.125022 -0.917600 0.376830 4.171104 20.586766 0.017857 -6.089468 -4.553621 -2.334475 -1.952521 -17.544941 -2.475562 -4.133356 3.703542 0.316534 3.946597 -7.227531 3.548349 -0.930132 -10.319852 -2.646575 -0.509994 1.398012 -1.951042 -0.236937 1.289153 -0.334914 1.466109 0.348896 -3.235018 0.768603 -0.262336 1.030243 0.234088 -5.905765 1.847736 1.448675 15.198379 -2.545442 -0.388586 -10.768811 -0.032861
-0.501885 14.133134 -0.006321 -0.878830 1.496195 1.479778 2.857871 14.717063 0.144050 -3.005533 16.369462 1.297586 0.269398 -26.516199 -5.876883 1.067706 0.213514 -1.730185 0.337499 0.386815 -1.352697 -0.115968 -0.942696 0.312733 4.436107 18.915458 0.380203 -6.417897 -6.038662 -2.252394 -1.998919 -16.854147 -2.671909 -4.122622 3.831282 0.573817 4.001913 -4.999774 3.170903 -1.411415 -11.988209 -2.980290 -0.497511 1.318820 -2.290988 -0.628183 1.046344 -0.365835 1.626335 0.245997 -3.640657 0.886714 -0.091241 1.331533 0.127748 -6.995417 1.825274 1.074324 15.396391 -2.396538 -0.034455 -9.766542 0.162317
-0.502258 14.145924 -0.015917 -0.899867 1.442804 1.319463 3.274231 15.189091 -0.137126 -2.424858 12.802616 1.498531 -0.864445 -25.231280 -6.376602 1.121603 0.239546 -1.603686 0.418809 0.441939 -1.496345 -0.218550 -1.000993 0.247394 4.861433 17.299411 0.662598 -6.641636 -8.421995 -1.959151 -2.370758 -15.817323 -2.865046 -4.033327 4.754912 0.869747 4.032714 -3.339878 2.882476 -2.027390 -14.135353 -3.185206 -0.363291 1.146124 -2.563023 -0.796527 0.999642 -0.383013 1.682725 0.169794 -3.796755 0.891195 0.058467 1.632309 -0.045306 -8.079793 1.878578 0.801537 15.713764 -2.205449 0.345011 -9.167091 0.151617
-0.498195 14.154800 -0.024208 -0.880041 1.426173 1.228875 3.785061 15.717394 -0.398193 -1.528749 8.601404 1.618624 -2.210908 -23.421659 -6.880146 1.109184 0.161091 -1.531135 0.581801 0.604304 -1.704144 -0.349771 -1.150940 0.200478 5.486827 15.912715 0.875692 -7.037107 -11.334411 -1.645408 -2.717435 -15.059583 -3.104148 -3.872769 6.187076 1.184446 3.883773 -2.730543 2.832855 -2.419205 -15.638386 -3.412000 -0.258342 1.053133 -2.789791 -1.031040 0.872136 -0.456336 1.780638 0.112222 -3.984649 1.084969 0.112699 1.814131 -0.158042 -9.220505 1.870041 0.464572 15.997882 -2.058040 0.669060 -8.545494 0.183243
-0.493428 14.149006 -0.023659 -0.918063 1.393954 1.082379 4.128361 16.260765 -0.498814 -0.395182 4.507727 1.833600 -3.402972 -21.505149 -7.259554 1.167228 0.143177 -1.369658 0.606854 0.653881 -1.901473 -0.410972 -1.173366 0.108536 6.054358 14.254254 1.043601 -7.100286 -14.268803 -1.272814 -3.124136 -14.197894 -3.443690 -3.671191 7.670020 1.247319 3.707649 -2.444198 2.899714 -2.943555 -17.077694 -3.483569 -0.133938 0.880461 -3.043919 -1.226559 0.857271 -0.557929 1.777244 -0.057869 -4.444123 1.181556 0.235036 2.195447 -0.235725 -10.312572 1.892485 0.420458 17.095109 -1.854882 0.738421 -8.645435 0.026536
-0.488235 14.151933 -0.028002 -0.958548 1.389322 0.942030 4.565193 16.819307 -0.768770 0.947604 0.431147 2.188296 -4.686941 -19.258129 -7.444097 1.146876 0.110832 -1.229900 0.709136 0.633276 -2.082835 -0.502109 -1.093453 0.061509 6.696987 12.897199 1.200069 -6.952492 -18.168694 -1.156089 -3.599229 -12.437791 -3.778856 -3.677589 8.650837 1.444669 3.769585 -1.423255 2.884141 -3.441895 -19.504853 -3.573746 -0.009965 0.851548 -3.205722 -1.262933 0.713243 -0.590010 1.856221 -0.073363 -4.859223 1.273605 0.236021 2.366899 -0.285758 -11.054977 1.882213 0.131651 17.406241 -1.586641 1.007078 -8.265322 -0.012650
-0.474816 14.150205 -0.023698 -1.011711 1.409454 0.902211 5.013753 17.226638 -0.935117 1.867135 -2.456836 2.333962 -5.415178 -17.839514 -7.465849 1.180546 0.020606 -1.209067 0.715142 0.599101 -2.233186 -0.549066 -0.999240 -0.035860 7.386905 11.885834 1.127792 -6.720058 -22.602818 -1.157033 -3.845474 -9.230524 -4.245627 -3.718473 9.242978 1.599099 3.959572 -0.277897 2.827542 -4.045075 -21.530467 -3.638761 0.015834 0.792212 -3.341928 -1.179678 0.691595 -0.653252 1.833553 -0.215380 -5.215846 1.316393 0.202297 2.524312 -0.350637 -11.784155 1.804458 0.034366 17.739902 -1.408634 1.179519 -7.992902 -0.224884
-0.464142 14.150080 -0.022883 -1.036220 1.375439 0.850716 5.424663 17.735890 -1.082649 2.452661 -4.876960 2.442858 -5.991884 -16.454595 -7.318220 1.207726 0.014755 -1.185893 0.711783 0.522037 -2.372322 -0.676261 -1.015961 -0.063117 8.248178 11.271871 0.828273 -6.505699 -26.956184 -1.500734 -4.076815 -5.373242 -4.286349 -3.715766 9.817236 1.662356 4.010889 0.871738 2.776683 -4.463833 -23.869742 -3.522808 0.098841 0.806643 -3.469691 -1.124151 0.771872 -0.798090 1.815832 -0.226254 -5.670282 1.302827 0.137360 2.693880 -0.491989 -12.121921 1.679306 0.002985 17.634267 -1.281761 1.303366 -7.534778 -0.310104
-0.447446 14.148126 -0.014436 -1.059987 1.325723 0.794193 5.700835 18.328939 -1.275751 3.158652 -7.054859 2.607997 -6.497524 -15.137523 -7.131166 1.242430 -0.011265 -1.135597 0.756023 0.561908 -2.494333 -0.821273 -1.057943 -0.103460 9.076324 10.798364 0.542493 -6.544611 -30.409605 -2.168649 -3.916829 -2.325936 -4.480522 -3.697290 9.838300 1.846530 4.027847 1.753402 2.598924 -4.632759 -26.053697 -3.082849 0.214017 0.792216 -3.586232 -1.142154 0.856289 -0.731066 1.819101 -0.068375 -5.773224 1.399101 0.011916 2.853584 -0.638338 -12.011553 1.512143 -0.057214 16.854662 -1.152088 1.570544 -6.900656 -0.303767
-0.435102 14.155369 -0.020975 -1.068944 1.227270 0.691573 5.840736 18.890248 -1.250118 3.900432 -8.730271 2.775886 -7.009596 -14.164589 -6.957839 1.200200 -0.037182 -0.957833 0.801412 0.566927 -2.603034 -0.976691 -1.096771 -0.146200 10.149457 11.234579 -0.084536 -6.903043 -32.079338 -2.506421 -4.619173 -1.397394 -4.157803 -3.670990 9.517049 1.878568 4.047195 1.671863 2.592120 -4.068952 -26.212110 -2.653593 0.338025 0.935936 -3.555450 -1.057985 0.829350 -0.589985 1.932823 0.194594 -5.766576 1.384262 -0.025086 2.791844 -0.751248 -11.691584 1.387352 -0.315054 15.370658 -1.023945 1.880962 -5.731291 -0.235030
-0.413340 14.171278 -0.021270 -1.088740 1.208202 0.610147 5.967723 19.359398 -1.236050 4.449348 -9.782103 2.933743 -7.345375 -13.623729 -6.954420 1.179146 -0.076703 -0.854553 0.822852 0.504821 -2.625553 -1.103291 -1.088050 -0.242192 11.063795 12.306579 -0.731525 -7.178927 -32.420574 -2.819121 -5.868123 -0.809140 -3.281933 -3.575048 8.677034 2.037204 4.059101 1.022342 2.598916 -3.385973 -25.205532 -2.115040 0.376123 1.076791 -3.468886 -0.891065 0.961494 -0.625549 2.014732 0.232447 -5.819668 1.402536 -0.186545 2.949803 -0.825910 -10.926532 1.252687 -0.688903 13.014622 -1.085511 2.271530 -4.221072 -0.053223
-0.391204 14.187660 -0.033254 -1.115191 1.152541 0.445388 6.085941 19.966797 -1.230680 4.784020 -10.655882 3.045525 -7.505499 -13.314903 -6.798544 1.173808 -0.047540 -0.719258 0.749876 0.440227 -2.574801 -1.055656 -1.079477 -0.322701 11.836854 14.287563 -1.714455 -7.427548 -31.930733 -3.134715 -7.151153 -0.921931 -2.672847 -3.563775 7.619163 2.143149 4.158221 -0.175361 2.626640 -2.690112 -24.228356 -1.504155 0.304478 1.242849 -3.305379 -0.596078 1.072987 -0.411130 2.040696 0.464222 -5.683538 1.327037 -0.475090 2.841389 -0.948035 -9.704338 1.098186 -1.280706 9.726756 -1.434171 3.025257 -2.199404 0.442156
-0.373042 14.209472 -0.037063 -1.120344 1.143029 0.382050 6.149535 20.583909 -1.240934 5.033974 -11.357704 3.229685 -7.502305 -13.278824 -6.754032 1.083262 -0.096843 -0.629418 0.736437 0.411090 -2.481397 -1.059803 -1.040612 -0.327611 12.505605 16.177525 -2.949380 -7.620978 -31.851653 -3.287513 -7.669449 -1.331984 -2.445765 -3.505909 6.748536 2.092130 4.288173 -1.904972 2.836324 -1.932473 -22.895453 -1.004208 0.369812 1.291124 -3.156355 -0.466978 1.262434 -0.177834 1.991909 0.646796 -5.448613 1.214161 -0.707821 2.720842 -1.071597 -8.534259 0.912184 -1.845121 6.717658 -1.644655 3.642707 -0.518154 0.731089
-0.350899 14.231397 -0.045136 -1.090004 1.095255 0.334663 6.197134 21.065667 -1.227366 5.126361 -11.619331 3.332751 -7.465347 -13.366235 -6.706608 0.996714 -0.103570 -0.558588 0.691498 0.401153 -2.404115 -1.030418 -0.949433 -0.287375 12.861068 18.026894 -4.048208 -7.746442 -31.945883 -3.415999 -7.743834 -2.009095 -2.585070 -3.497471 6.035515 2.071715 4.270267 -3.322943 2.945733 -1.134199 -21.779739 -0.639716 0.308160 1.423356 -2.932023 -0.267443 1.190474 0.035358 2.020527 0.913811 -5.310595 1.104983 -0.838313 2.636020 -1.248777 -7.874896 0.716008 -2.134322 4.888637 -1.820078 3.946489 0.670546 0.915953
-0.334078 14.248798 -0.056565 -1.026305 1.104537 0.335477 6.109619 21.388164 -1.136854 5.089166 -11.330393 3.468837 -7.364053 -14.079667 -6.875084 0.918536 -0.108492 -0.524092 0.621424 0.315933 -2.343850 -1.017588 -0.913906 -0.205485 12.644936 19.665439 -4.667035 -7.520515 -32.016808 -3.495422 -7.635953 -3.115834 -2.857943 -3.482374 5.478287 2.078771 4.094282 -4.107571 2.974974 -0.645574 -20.159172 -0.685150 0.299547 1.531728 -2.672974 -0.019997 1.049704 0.340575 1.997545 1.369841 -5.193031 0.992047 -0.761639 2.439439 -1.415354 -7.211799 0.478137 -2.458640 3.018342 -1.941257 4.456632 1.753462 0.917807
-0.309091 14.264829 -0.065802 -0.993369 1.136547 0.287666 5.956175 21.706237 -0.981048 5.123170 -10.888041 3.504712 -7.296053 -14.885387 -6.957503 0.872346 -0.149081 -0.464859 0.564592 0.268165 -2.268083 -1.009369 -0.899867 -0.140174 12.274192 21.689718 -5.410829 -7.035632 -32.664248 -3.491761 -7.449655 -4.106153 -2.874759 -3.620166 5.118672 1.962148 4.111814 -4.581453 3.073135 -0.199706 -18.760026 -0.891465 0.220579 1.778371 -2.314318 0.275961 0.891089 0.747624 1.963248 1.813288 -5.154026 0.994689 -0.728496 2.202290 -1.543994 -6.620812 0.308092 -2.816300 1.449708 -2.034455 4.847129 2.686977 1.000125
-0.289837 14.275588 -0.065066 -0.947879 1.104125 0.253393 5.738406 22.118498 -0.854278 5.157273 -10.386643 3.723574 -7.244320 -15.871639 -7.163564 0.855387 -0.132484 -0.429257 0.505642 0.268505 -2.203776 -1.001523 -0.846640 -0.053045 11.892210 24.164008 -5.387843 -6.829901 -34.385176 -3.967890 -7.377078 -5.316450 -3.142225 -3.814826 5.194777 1.983396 3.960314 -4.613707 3.156950 0.148384 -18.292295 -1.375295 0.117348 1.822507 -2.173188 0.384153 0.753018 0.922226 1.953419 2.020383 -4.978524 0.982205 -0.597734 2.173716 -1.765736 -5.965827 0.218988 -2.856557 -0.245536 -2.088706 5.059698 3.516506 0.970684
-0.272810 14.286906 -0.070158 -0.887471 1.106893 0.263343 5.396597 22.372451 -0.623732 5.235244 -9.629547 3.908429 -7.182242 -17.000267 -7.416429 0.796534 -0.156068 -0.461691 0.472677 0.208702 -2.078913 -0.942769 -0.805277 -0.029664 11.612889 23.505922 -5.258715 -6.820509 -32.308017 -4.188363 -7.627380 -6.679691 -3.265194 -4.163539 5.636888 1.931400 4.216082 -4.426922 3.069241 0.440593 -18.318705 -1.589226 0.129583 1.952781 -2.000671 0.391264 0.635512 1.223653 1.995059 2.188040 -4.696905 1.001880 -0.578020 1.982388 -1.957804 -5.579267 0.056857 -2.817897 -1.273032 -2.167415 5.206276 4.153709 1.002815
-0.255586 14.300709 -0.068460 -0.822087 1.125248 0.306100 5.037996 22.594437 -0.458728 4.989052 -8.451525 4.000865 -6.706199 -18.634282 -7.655707 0.720273 -0.201039 -0.495909 0.453977 0.237228 -1.964880 -0.946329 -0.803248 0.028284 11.241566 21.348758 -4.841095 -6.793169 -28.719169 -3.866018 -7.986044 -8.373972 -3.730807 -4.564656 6.611503 1.879940 4.506599 -3.966638 2.931563 0.460464 -18.756022 -1.787311 0.072574 2.121481 -1.623562 0.408211 0.405617 1.355159 1.982976 2.384459 -4.374200 1.053183 -0.595656 1.767064 -2.217703 -5.472691 0.035508 -2.860958 -1.700027 -2.353439 5.534177 4.415261 1.036475
-0.236429 14.308352 -0.067255 -0.774785 1.117558 0.336026 4.640613 22.953607 -0.210446 4.662872 -7.281697 4.156299 -6.092680 -20.463796 -7.813006 0.661679 -0.208236 -0.486795 0.475143 0.339905 -1.833520 -0.978239 -0.851182 0.028532 10.714682 18.690204 -4.153123 -6.889359 -24.730927 -3.455649 -7.995405 -9.877856 -4.294558 -4.725087 7.453187 1.869653 4.596744 -3.440569 2.818102 0.475998 -19.099253 -2.006664 -0.101414 2.097996 -1.497295 0.638948 0.295115 1.300100 1.924657 2.454456 -3.854690 0.966489 -0.550009 1.747374 -2.285981 -5.175159 0.016748 -2.849424 -2.265285 -2.294600 5.576357 4.666353 0.925065
-0.217822 14.318367 -0.065273 -0.712710 1.102942 0.383184 4.274255 23.184394 0.047969 4.088750 -5.869457 4.204437 -5.456096 -22.211603 -7.994981 0.633168 -0.246351 -0.493522 0.405330 0.362987 -1.781319 -0.998138 -0.820253 -0.013272 10.045158 14.950383 -3.334882 -6.857027 -19.689575 -2.564035 -7.748005 -11.229670 -4.695454 -4.980685 8.397637 1.799446 4.816522 -2.594556 2.911015 0.409409 -19.720090 -2.334493 -0.082309 2.185290 -1.196749 0.712209 0.210892 1.272372 1.835739 2.579847 -3.573917 0.973129 -0.691223 1.724055 -2.421533 -5.301801 -0.089244 -2.807764 -1.971529 -2.179062 5.663021 4.546129 0.879115
-0.192434 14.327190 -0.058523 -0.646224 1.123222 0.482185 3.840651 23.255715 0.166429 3.552958 -4.321854 4.178643 -4.906194 -23.917919 -7.981980 0.587214 -0.285965 -0.549962 0.300833 0.380629 -1.744596 -0.926468 -0.798818 0.036894 9.100370 10.013817 -2.710321 -6.726752 -13.437821 -1.244628 -7.065572 -12.495391 -5.388627 -5.289706 9.499685 1.626976 4.958089 -1.138249 2.912476 0.288024 -20.340585 -2.531464 -0.123816 2.363728 -1.036147 0.735289 -0.010277 1.096204 1.712682 2.577311 -3.459180 0.912127 -0.680424 1.721196 -2.595744 -5.348956 -0.197833 -2.615375 -1.730261 -2.047930 5.531697 4.385359 0.859801
-0.170385 14.329774 -0.049738 -0.655412 1.175811 0.581947 3.502109 23.321458 0.297391 2.811708 -2.546252 4.039974 -4.408788 -25.584072 -7.988347 0.682568 -0.325505 -0.640374 0.168865 0.433304 -1.695746 -0.916379 -0.866925 -0.045735 7.703264 4.116773 -1.661794 -6.357755 -6.502218 0.186937 -6.052146 -13.970707 -6.634251 -5.667775 10.228324 1.553732 4.959805 1.664259 2.950640 0.130114 -21.091440 -2.663060 -0.207957 2.459218 -0.759598 0.738191 -0.285677 1.177716 1.707789 2.585576 -3.568450 0.961738 -0.671085 1.460928 -2.563701 -5.389946 -0.248398 -2.519642 -1.233352 -1.869867 5.447375 3.914288 0.698842
-0.149487 14.328852 -0.049881 -0.576822 1.169373 0.628871 3.127452 23.226935 0.336680 1.974580 -0.275166 3.910882 -3.645710 -27.607258 -7.896294 0.638978 -0.335093 -0.700628 0.135424 0.428624 -1.605759 -0.858755 -0.901407 -0.021338 6.400113 -0.985960 -0.923367 -5.965518 -1.109125 1.066081 -5.078469 -14.900174 -7.411857 -6.074747 10.773660 1.372343 4.836327 4.582149 2.962936 0.053734 -21.882138 -2.660699 -0.356582 2.553456 -0.717742 0.842166 -0.444632 1.316377 1.616099 2.694910 -3.524260 1.026767 -0.689954 1.447504 -2.612104 -5.760300 -0.161087 -2.278154 0.166874 -1.805957 5.227126 2.950413 0.683409
-0.137257 14.321607 -0.049531 -0.519608 1.140233 0.714845 2.779846 22.774447 0.536170 1.262191 2.238253 3.647018 -3.023528 -29.604362 -7.811250 0.635094 -0.256972 -0.784986 0.091230 0.401416 -1.602624 -0.902617 -0.967764 0.036478 5.438282 -5.474136 -0.515634 -5.530142 2.989523 1.654283 -4.282319 -15.449414 -8.064713 -6.255787 11.381836 1.241630 4.555366 7.386424 2.994007 -0.074237 -23.201154 -2.776007 -0.412701 2.606702 -0.580685 0.934157 -0.759969 1.383113 1.541815 2.845774 -3.544583 1.058471 -0.522096 1.334669 -2.691723 -6.121975 -0.121030 -2.063454 1.424894 -1.794237 4.992290 2.220248 0.731742
-0.124401 14.313470 -0.040982 -0.396462 1.167373 0.803812 2.304708 21.965189 0.590708 0.704562 4.916104 3.406389 -2.446787 -31.235100 -7.578426 0.592236 -0.242306 -0.893104 0.048774 0.448454 -1.525949 -0.904506 -1.101622 0.001823 4.653229 -9.413254 -0.419175 -5.307948 6.245795 2.169345 -3.478868 -15.792145 -8.517958 -6.458720 12.029035 1.194229 4.391627 10.178212 3.134231 -0.296385 -24.911981 -2.796699 -0.512579 2.565149 -0.480798 1.149431 -0.907618 1.664702 1.527999 2.946813 -3.780952 1.102415 -0.393847 1.148687 -2.760589 -6.632461 -0.268714 -1.866880 3.150051 -1.522697 4.675257 1.191226 0.648811
-0.119235 14.301731 -0.037255 -0.289405 1.129460 0.823587 1.921226 21.288869 0.659289 0.233037 7.285000 3.322057 -2.172404 -32.508898 -7.461252 0.514675 -0.170894 -0.946246 0.009969 0.509515 -1.432714 -0.945752 -1.240583 -0.048421 4.119973 -12.860495 -0.440338 -5.143460 8.670950 2.438856 -2.899305 -15.702549 -8.828032 -6.421788 12.625588 1.140121 3.835903 13.234457 3.408183 -0.649053 -26.066502 -2.830292 -0.480309 2.598368 -0.427831 1.099836 -1.081113 1.772516 1.636529 3.017878 -3.764896 1.140849 -0.269972 1.175241 -2.823940 -7.047374 -0.292192 -1.684825 4.940630 -1.341649 4.532536 0.056667 0.643119
-0.108748 14.289918 -0.028116 -0.240702 1.188289 0.930611 1.571061 20.016501 0.712876 -0.401410 10.726744 3.096274 -1.712716 -34.485295 -7.211124 0.537097 -0.180073 -1.074003 -0.057739 0.553778 -1.345463 -0.978008 -1.341907 -0.060206 3.591133 -16.026491 -0.672095 -5.018851 10.731226 2.585890 -2.367654 -15.869779 -8.947634 -6.438480 13.205565 0.994369 3.326487 15.853616 3.884276 -1.021684 -26.572190 -2.704141 -0.536814 2.574277 -0.430842 1.271616 -1.103127 2.010281 1.665915 3.073876 -3.914541 1.071724 -0.324468 1.120255 -2.850026 -7.777980 -0.422325 -1.391325 7.329263 -1.264428 4.133004 -1.322513 0.727263
-0.102082 14.279680 -0.025822 -0.222337 1.238610 1.062719 1.334976 18.667037 0.744893 -0.887551 13.894800 2.930807 -1.397774 -35.965149 -7.013426 0.584836 -0.170750 -1.209017 -0.074107 0.628142 -1.277761 -1.099321 -1.491886 -0.071302 2.938756 -18.387354 -1.113003 -4.661120 11.871301 2.815851 -2.055007 -15.443241 -8.929858 -6.472532 13.790619 0.913677 2.997117 18.023203 4.095492 -1.310592 -26.590372 -2.433296 -0.468243 2.510951 -0.461756 1.278815 -1.112819 2.201319 1.680401 3.204553 -3.542957 1.170537 -0.331561 1.038765 -2.735845 -8.281848 -0.539548 -1.348198 9.269613 -1.116849 3.920197 -2.502722 0.677450
-0.095522 14.255739 -0.000787 -0.218614 1.307877 1.186777 1.009405 17.186260 0.785478 -1.319476 17.574147 2.735669 -0.987875 -37.686973 -6.715852 0.637125 -0.163832 -1.273397 -0.163014 0.637955 -1.284386 -1.157804 -1.578901 -0.041839 2.334247 -19.431525 -1.395363 -4.167905 11.416512 2.549261 -1.738559 -14.963695 -8.672626 -6.487631 14.535589 0.756097 2.521890 19.426444 4.669465 -1.303137 -26.321481 -2.253598 -0.426062 2.385311 -0.548788 1.403570 -0.845428 2.349159 1.612472 3.043668 -3.204260 1.096742 -0.403418 0.921657 -2.709302 -8.706014 -0.658880 -1.098859 11.228938 -1.072198 3.487068 -3.895400 0.672706
-0.090350 14.225327 0.014927 -0.191154 1.304620 1.173912 0.701491 15.675152 0.885380 -1.846203 21.610065 2.635583 -0.424657 -39.766432 -6.276710 0.583474 -0.145376 -1.226461 -0.155597 0.715133 -1.299270 -1.242807 -1.656218 -0.010539 1.979591 -18.989191 -1.540886 -3.839010 9.397282 2.216158 -1.373552 -14.116288 -8.398190 -6.405085 15.202233 0.680772 2.179813 20.410691 5.015511 -1.274814 -26.125675 -2.322297 -0.306237 2.274381 -0.622078 1.368511 -0.693496 2.538862 1.634689 3.068823 -3.039984 1.065682 -0.299677 0.794647 -2.636593 -8.875966 -0.668925 -0.954139 12.716438 -1.120203 3.183482 -5.011381 0.804847
-0.085280 14.203100 0.032317 -0.163482 1.282535 1.214869 0.471599 14.151817 0.823533 -2.270916 25.330445 2.680266 -0.129654 -41.313195 -5.953883 0.552320 -0.053117 -1.253025 -0.156415 0.724722 -1.372099 -1.208458 -1.722326 0.028758 1.775473 -17.504339 -1.338525 -3.701117 6.627501 1.914735 -1.216752 -13.416690 -8.018665 -6.475382 15.802395 0.724177 1.996412 21.178093 4.975193 -0.795459 -25.790805 -1.836598 -0.184293 2.057874 -0.702806 1.378190 -0.479679 2.778772 1.623272 3.030362 -3.019628 0.947462 -0.152387 0.699941 -2.623495 -9.050029 -0.775659 -0.632659 14.619291 -1.088802 2.807400 -6.490253 0.738870
-0.083035 14.183166 0.042202 -0.208620 1.290300 1.235001 0.318574 12.536429 0.680557 -2.745184 29.086654 2.740057 0.547114 -42.860624 -5.255856 0.578868 0.047415 -1.303161 -0.074237 0.729238 -1.351730 -1.247855 -1.823809 -0.001984 1.567093 -15.372222 -0.953765 -3.623989 3.763822 1.782221 -1.059028 -12.943099 -7.648054 -6.507232 15.885511 0.798469 2.016512 21.497714 4.767425 -0.449704 -25.540919 -1.677939 -0.137970 1.880155 -0.912792 1.349093 -0.056152 3.074434 1.649277 2.840086 -2.850764 0.944553 -0.202976 0.684441 -2.496191 -9.051667 -0.809522 -0.545097 15.912504 -1.171797 2.577007 -7.607091 0.888723
-0.081199 14.163055 0.051637 -0.266666 1.297320 1.171632 0.092776 10.878623 0.678170 -2.888376 32.618372 2.679625 0.920848 -44.291613 -4.742385 0.597449 0.151044 -1.301685 -0.032949 0.716909 -1.264703 -1.223714 -1.949900 -0.082401 1.379342 -13.386020 -0.466216 -3.417609 1.840454 1.549078 -1.049358 -11.841388 -7.354224 -6.504436 15.480914 0.786869 2.111764 22.253526 4.302118 -0.036799 -25.961872 -1.588049 0.034391 1.765804 -1.062395 1.142413 0.357370 3.187814 1.726884 2.596188 -2.682625 0.953481 -0.322220 0.791715 -2.331505 -8.906263 -0.822866 -0.542361 16.531930 -1.115964 2.442298 -8.256724 1.053315
-0.075693 14.143892 0.063451 -0.295860 1.308130 1.095192 -0.200139 9.307374 0.681656 -2.991128 35.900474 2.697974 1.450042 -45.388599 -4.196375 0.628905 0.254111 -1.278191 0.057410 0.675521 -1.271950 -1.206730 -1.989394 -0.054991 1.279079 -11.309800 -0.100930 -3.158486 0.567151 1.381552 -1.341326 -11.712769 -6.969420 -6.510828 14.553467 0.721897 2.358989 22.569402 3.473878 0.335827 -26.449907 -1.220639 0.111933 1.465571 -1.342380 0.918347 0.709471 3.272927 1.886095 2.475581 -2.533569 1.006349 -0.202532 0.897515 -2.218159 -8.547898 -0.794169 -0.370202 16.675269 -1.202559 2.248640 -8.768154 1.176835
-0.078252 14.131819 0.073718 -0.365915 1.312898 1.025904 -0.243260 7.590815 0.547192 -3.105276 39.090262 2.617305 1.916363 -46.192334 -3.593347 0.667422 0.369163 -1.235485 0.137960 0.558556 -1.280560 -1.073616 -1.923786 -0.100201 1.160687 -9.099687 0.270226 -2.915349 0.057051 1.390805 -2.010671 -12.898611 -6.796669 -6.404656 13.075875 0.764021 2.590005 21.984964 2.614155 0.533708 -26.692532 -0.973030 0.154275 1.241069 -1.689823 0.742397 1.144092 3.338905 1.875993 2.208570 -2.220426 0.874681 -0.170512 1.002065 -2.035010 -8.220059 -0.955277 -0.242909 17.453103 -1.174384 2.093342 -9.837008 1.266130
-0.079005 14.128519 0.078509 -0.440886 1.221609 1.014717 -0.359566 5.958400 0.269359 -3.183146 41.811067 2.603788 2.313205 -46.480173 -2.925035 0.701436 0.452686 -1.237264 0.164073 0.604883 -1.287521 -0.889917 -1.891915 -0.127715 1.146637 -6.682118 0.662353 -2.758638 -0.688083 1.326345 -2.608480 -13.770208 -6.701305 -6.237438 11.233455 0.828548 2.940943 20.332353 1.862748 0.442525 -26.575616 -0.910916 0.228101 1.079551 -1.948396 0.506172 1.260461 3.362884 1.959163 2.096374 -2.149178 0.828398 -0.084962 0.979215 -1.853167 -7.685224 -1.158591 -0.209139 17.813713 -1.126100 1.902466 -10.591312 1.416861
-0.084194 14.138467 0.065559 -0.532220 1.105129 0.962357 -0.363273 4.459975 0.141026 -3.156040 43.774485 2.510154 2.415703 -46.131454 -2.543833 0.781399 0.555891 -1.171601 0.201002 0.581354 -1.339973 -0.761879 -1.783204 -0.097712 1.287688 -4.576206 0.826326 -2.759413 -1.088242 1.224936 -3.256888 -14.368970 -6.538203 -5.967756 8.877122 0.859514 3.135417 17.987403 1.388984 0.480643 -25.719042 -0.587908 0.373255 0.946067 -2.214872 0.113119 1.193278 3.201189 2.092768 2.110167 -1.980067 0.896161 0.144311 1.026200 -1.685392 -7.244294 -1.220592 -0.140139 17.851900 -1.035584 1.692824 -10.938886 1.480700
-0.087802 14.155797 0.057788 -0.603723 1.090944 0.917758 -0.400792 3.060905 0.033231 -3.198496 45.337813 2.465741 2.407835 -45.733464 -2.315105 0.808896 0.556886 -1.080250 0.367293 0.580696 -1.370112 -0.705398 -1.685751 -0.080599 1.366485 -2.336869 0.880822 -2.579425 -1.780753 1.268767 -3.892593 -14.936855 -6.560997 -5.822380 6.627916 0.968675 3.515961 15.281065 1.163086 0.698837 -24.277066 -0.248106 0.429919 0.870192 -2.415350 -0.175477 1.363174 3.099445 2.097486 1.983642 -1.759178 0.877163 0.207678 1.117456 -1.528595 -6.999822 -1.261507 -0.070429 18.183056 -0.934256 1.518418 -11.554653 1.437176
-0.089063 14.174238 0.045556 -0.607594 1.010890 0.859033 -0.469721 1.807703 -0.151101 -3.382049 46.646235 2.533354 2.497605 -45.120390 -2.110707 0.799539 0.620725 -1.043682 0.467082 0.587711 -1.265271 -0.578331 -1.591863 -0.190526 1.388236 -0.130459 1.068933 -2.513875 -2.438445 1.005046 -4.292942 -15.085721 -6.405631 -5.814771 4.496834 1.123864 3.898628 12.053696 1.137976 1.291726 -22.508095 0.458149 0.492813 0.800566 -2.582417 -0.347411 1.433360 2.976201 2.130822 1.891596 -1.713843 0.901964 0.406570 1.304062 -1.434786 -6.691144 -1.191114 0.046664 18.477356 -0.959323 1.428447 -12.096663 1.498574
-0.087965 14.199849 0.041301 -0.615402 0.919712 0.792350 -0.537544 0.825205 -0.258856 -3.506523 47.717464 2.520339 2.573771 -44.782127 -1.933267 0.792105 0.617688 -0.940334 0.493694 0.581191 -1.167251 -0.426844 -1.452322 -0.244696 1.598857 2.299049 0.909402 -2.615083 -3.261188 0.891949 -4.582347 -14.835858 -6.313042 -5.835610 2.654154 0.941061 4.018483 8.976632 1.580966 2.115769 -21.058845 0.995297 0.463996 0.819379 -2.757032 -0.401366 1.705619 3.049171 2.010994 1.958551 -2.041840 0.882195 0.451284 1.286724 -1.379561 -6.236567 -1.183800 0.072841 18.456449 -0.970904 1.490230 -12.437140 1.645195
-0.076911 14.230217 0.037077 -0.651193 0.876956 0.742497 -0.507418 0.000936 -0.355375 -3.683542 47.878912 2.614270 2.598708 -44.024745 -1.756177 0.792742 0.644115 -0.863476 0.614793 0.660631 -1.027446 -0.433579 -1.438865 -0.341057 1.979337 4.702394 0.623640 -2.734332 -4.215986 0.850041 -4.792578 -14.984842 -6.202993 -5.815791 1.042190 0.789916 4.169131 5.145168 2.267228 2.613942 -18.929781 1.262234 0.605442 0.853884 -2.761601 -0.464447 1.970912 3.138084 1.860946 1.796313 -1.960917 0.824112 0.451909 1.402607 -1.272607 -5.733763 -1.182540 0.069891 18.038383 -0.972010 1.442577 -12.448364 1.758411
-0.069708 14.262450 0.036771 -0.683941 0.788036 0.717958 -0.509296 -0.708207 -0.425016 -3.592406 47.352919 2.424184 2.495741 -42.444405 -1.664579 0.787287 0.689346 -0.857446 0.688796 0.714272 -0.857728 -0.361241 -1.277278 -0.414817 2.284472 6.988501 0.430374 -2.746536 -5.188579 0.722970 -4.911583 -14.869617 -6.050619 -5.963102 -0.471599 0.662455 4.294973 1.405303 2.896254 2.895650 -17.040585 1.534674 0.583209 0.716956 -2.635477 -0.274566 2.116157 3.301106 1.701636 1.758685 -2.282215 0.776799 0.570274 1.408012 -1.223009 -5.160248 -1.099461 0.122016 17.618144 -0.877401 1.449185 -12.561397 1.698429
-0.074935 14.285822 0.034371 -0.762265 0.704793 0.746746 -0.332867 -1.039152 -0.392114 -3.606564 46.089234 2.131000 2.526471 -40.923719 -1.434037 0.799426 0.683642 -0.841013 0.681658 0.769075 -0.754791 -0.277017 -1.165321 -0.347368 2.539472 9.022215 0.099517 -2.853047 -5.487094 0.621359 -4.736672 -14.609104 -5.827079 -6.008883 -2.167305 0.301431 4.214374 -0.740974 3.614368 3.256608 -16.264215 1.944537 0.678590 0.737760 -2.447016 -0.203969 2.225163 3.471520 1.583098 1.889535 -2.454791 0.798801 0.623491 1.343855 -1.069254 -4.707633 -1.134156 0.014228 17.114559 -0.683196 1.470516 -12.549435 1.447612
-0.070490 14.321447 0.021729 -0.819833 0.650874 0.754848 -0.222946 -1.394704 -0.525064 -3.611818 44.415455 1.891475 2.302519 -39.232797 -1.289363 0.768887 0.687489 -0.717530 0.691205 0.809221 -0.677081 -0.265381 -1.145883 -0.270584 2.951683 11.272082 -0.186586 -3.070506 -6.092408 0.401496 -4.349817 -14.382443 -5.592575 -6.039351 -3.814396 -0.015590 4.400002 -2.579964 3.932615 3.481379 -15.558953 2.494741 0.747411 0.879081 -2.197811 0.066554 2.320890 3.608484 1.493386 1.945709 -2.654206 0.784194 0.658410 1.281497 -0.897247 -3.881291 -1.137410 -0.097630 15.864745 -0.515036 1.565210 -12.326084 1.369431
-0.063954 14.366066 0.028715 -0.943842 0.672701 0.827374 -0.019239 -1.899747 -0.690178 -3.591465 42.575726 1.663051 2.273742 -37.720502 -1.044762 0.825049 0.677563 -0.695030 0.758098 0.916257 -0.565887 -0.402384 -1.055553 -0.071081 3.288712 12.827607 -0.509111 -3.204312 -6.229731 0.166944 -3.969104 -14.418386 -5.361146 -5.991692 -5.723552 -0.519484 4.500032 -3.633420 4.161988 3.618658 -14.986546 3.093654 0.736135 0.951263 -1.954884 0.507656 2.393686 4.067652 1.293125 1.981747 -2.653284 0.870628 0.568908 1.144181 -0.717842 -3.205158 -1.112416 -0.151950 14.355108 -0.404936 1.626685 -11.739272 1.298508
-0.055315 14.405884 0.030448 -1.095623 0.689780 0.898196 0.169077 -2.323952 -0.876274 -3.653792 40.059833 1.522639 2.357962 -35.884091 -0.863216 0.880111 0.670135 -0.669646 0.708633 0.994403 -0.325234 -0.484154 -1.015573 0.136837 3.785599 14.497668 -0.832594 -3.204303 -6.490494 -0.079253 -3.768415 -14.352120 -5.154762 -5.952727 -7.518456 -1.212450 4.568776 -4.262367 4.560714 3.681586 -14.265331 3.419544 0.851404 1.088754 -1.525914 1.012058 2.639164 4.675795 0.990166 2.040202 -2.547679 1.069255 0.266623 1.063838 -0.535725 -2.488418 -1.099013 -0.222747 12.461660 -0.188664 1.529653 -10.793630 1.057591
-0.041743 14.443101 0.019173 -1.246758 0.686672 0.979972 0.332320 -2.745007 -1.138203 -3.484928 36.966839 1.240274 2.454413 -33.737026 -0.556718 0.915880 0.692956 -0.654513 0.608014 1.021580 -0.076050 -0.482168 -0.851741 0.460406 4.208818 15.553336 -1.292522 -3.198740 -6.172524 -0.338071 -3.530781 -14.694120 -4.997406 -5.804242 -9.540385 -1.859944 4.388282 -4.357325 4.939210 3.802259 -13.425174 3.392278 0.804231 1.110627 -0.986700 1.591300 2.736748 5.346411 0.903651 2.263372 -2.534294 1.263246 -0.095430 1.004593 -0.398771 -1.854161 -1.108597 -0.289827 10.804003 -0.153816 1.707920 -10.005613 1.093010
-0.030031 14.473103 0.016666 -1.400213 0.712953 1.107417 0.502219 -3.157286 -1.294885 -3.077043 33.463898 0.753936 2.534425 -31.214535 -0.148425 0.940789 0.606565 -0.623822 0.602402 1.224163 0.136733 -0.486387 -0.739939 0.761519 4.642604 16.406910 -1.659378 -3.239806 -5.769067 -0.661354 -3.446676 -15.037620 -4.900841 -5.697599 -10.003684 -2.346301 4.105304 -4.836694 4.877345 3.863618 -12.323844 2.934372 0.690108 1.105717 -0.213294 2.181865 2.830029 5.906030 0.839199 2.323097 -2.544134 1.418205 -0.501235 0.862615 -0.135281 -1.130915 -1.126423 -0.476155 8.827742 -0.105321 1.785768 -9.062266 0.925669
-0.021214 14.491403 0.013634 -1.494064 0.815153 1.172958 0.619001 -3.722833 -1.452300 -2.836663 29.374157 0.371528 2.814184 -27.939989 0.283339 0.945279 0.516028 -0.561936 0.591627 1.358672 0.316202 -0.481241 -0.643552 0.980509 5.046267 17.289976 -1.896453 -3.331940 -5.439947 -1.033951 -3.227940 -15.237492 -4.769284 -5.589713 -9.807736 -2.626477 3.871031 -4.985782 4.727342 3.674783 -11.360111 2.017700 0.634785 1.082967 0.508836 2.867197 2.963967 7.185971 0.821021 2.199861 -2.510138 1.489500 -0.996369 0.817897 -0.016499 -0.606642 -1.038324 -0.614709 7.054533 -0.123597 1.821003 -8.260276 0.824118
-0.011825 14.503074 0.018474 -1.531446 0.821563 1.176345 0.669964 -4.151837 -1.629257 -2.742656 25.100787 0.132627 3.117934 -24.590834 0.632353 0.853953 0.541329 -0.474775 0.580986 1.410767 0.413735 -0.441363 -0.554817 1.152875 5.311501 18.055712 -2.172579 -3.395776 -4.921226 -1.222264 -2.822739 -15.530449 -4.454149 -5.417506 -9.195389 -2.776911 3.726136 -4.980629 4.601983 3.291955 -11.157418 1.293238 0.637287 1.014899 1.160880 3.269012 2.969413 8.086825 0.764248 2.204880 -2.423735 1.637789 -1.243185 1.092998 -0.008830 -0.029995 -0.976677 -0.659689 5.374807 -0.129606 1.833084 -7.479492 0.605469
-0.001112 14.520942 0.020168 -1.600815 0.822456 1.168040 0.811414 -4.442723 -1.822159 -2.788230 20.776341 -0.116644 3.293787 -20.981462 0.882427 0.870927 0.538603 -0.435679 0.520304 1.419586 0.603708 -0.436608 -0.434532 1.333270 5.559522 18.887409 -2.306750 -3.257288 -4.511808 -1.474373 -2.774268 -15.786131 -4.174035 -5.442002 -8.389311 -2.928012 3.715456 -5.017383 4.342719 3.099314 -11.387621 0.587567 0.583256 1.051627 1.717329 3.838478 2.874479 9.143983 0.696637 2.114310 -2.515515 1.665463 -1.594186 1.253958 0.055468 0.532057 -0.914225 -0.766143 4.085586 -0.164872 1.947293 -7.004410 0.464637
0.001245 14.520587 0.038166 -1.633270 0.821912 1.183530 0.873640 -4.618493 -2.026876 -2.706944 16.255568 -0.411163 3.216778 -17.040649 1.049310 0.882689 0.547576 -0.432460 0.499730 1.348895 0.823435 -0.492680 -0.285291 1.518525 5.811348 19.421938 -2.556455 -3.258821 -3.847662 -1.661418 -2.682601 -16.104499 -4.057164 -5.315211 -7.202716 -3.055996 3.487450 -5.081119 4.044864 3.011994 -12.075458 -0.069320 0.598763 1.066899 2.116647 4.316390 2.986266 10.278425 0.742771 1.862872 -2.178547 1.840198 -2.155475 1.674592 0.100325 1.108731 -0.951570 -0.845575 2.891501 -0.193460 1.964516 -6.472038 0.252444
0.011150 14.513678 0.059590 -1.622855 0.763069 1.100736 0.923035 -4.658206 -2.103648 -2.623756 11.620732 -0.641829 3.097246 -12.994526 1.182319 0.820694 0.558090 -0.400871 0.587488 1.338591 0.891298 -0.556268 -0.189159 1.705393 5.871479 19.947020 -2.435596 -3.102809 -2.849037 -1.932307 -2.617861 -16.466055 -3.879786 -5.262858 -6.027372 -3.017048 3.373579 -5.224639 3.775537 2.835239 -12.365050 -0.596865 0.623225 1.140588 2.695843 4.571740 2.995055 10.891692 0.683800 1.694323 -1.625977 1.885956 -2.512231 1.828477 0.045593 1.728037 -0.792298 -0.831085 2.022741 -0.317364 2.075057 -6.164153 0.170146
0.013366 14.497226 0.085997 -1.587385 0.759461 1.023022 0.902824 -4.654596 -2.131894 -2.509317 7.405511 -0.961117 2.919241 -9.317493 1.462765 0.819937 0.528241 -0.393863 0.568001 1.250059 1.070083 -0.589619 -0.044615 1.880048 6.051674 20.150231 -2.715521 -3.156230 -1.648698 -1.953812 -2.527927 -16.398681 -3.693879 -5.236497 -4.719132 -3.198106 3.393291 -5.371655 3.540577 2.640898 -12.889733 -0.929658 0.603426 1.225940 3.029667 4.979033 3.020657 11.561030 0.710237 1.586314 -1.084921 1.762060 -2.851103 1.925518 0.059026 2.138668 -0.695995 -0.921875 1.620886 -0.525096 2.110331 -6.060045 0.096511
0.014751 14.480455 0.107841 -1.565322 0.776388 0.874543 0.801068 -4.686636 -2.104542 -2.347161 3.843196 -1.198776 2.711917 -5.870781 1.781304 0.840005 0.471386 -0.302614 0.579768 1.073710 1.207624 -0.660279 0.161248 2.094022 6.195564 20.209370 -2.825185 -3.150634 -0.622970 -1.989880 -2.559868 -16.300190 -3.695742 -5.222096 -3.322601 -3.260174 3.440529 -5.666443 3.268884 2.511445 -13.590134 -1.228097 0.580336 1.281066 3.298936 5.128161 3.118802 11.932379 0.795926 1.638610 -0.718515 1.714318 -3.030424 1.785870 0.085611 2.528195 -0.666463 -1.032670 1.729600 -0.552212 2.100693 -6.306430 -0.110772
0.015475 14.460466 0.133753 -1.494615 0.822941 0.684155 0.789229 -4.492877 -1.928868 -2.160113 0.518512 -1.595237 2.343357 -2.874335 2.145224 0.836019 0.446933 -0.178469 0.524667 0.932784 1.283837 -0.843165 0.237184 2.287860 6.440340 20.249154 -2.878357 -3.110792 0.690204 -2.035407 -2.560195 -16.395868 -3.476437 -5.063525 -1.793057 -3.249024 3.402979 -5.970535 3.010813 2.516630 -14.026068 -1.682594 0.715767 1.309283 3.528535 5.238634 3.158966 12.356694 0.899294 1.908763 -0.273610 1.732905 -3.073972 1.666963 0.022260 2.805578 -0.603457 -0.970220 1.970234 -0.600184 1.918670 -6.570196 -0.157036
0.018974 14.438153 0.159927 -1.431254 0.887775 0.481889 0.788005 -4.161842 -1.816948 -2.060799 -1.346791 -1.636664 1.971036 -0.444013 2.255835 0.857188 0.352834 -0.119961 0.383485 0.738287 1.451358 -0.921434 0.429552 2.416877 6.661458 20.059559 -2.965891 -3.253459 2.065565 -2.041733 -2.556917 -16.488803 -3.383213 -5.058257 -0.225235 -3.146431 3.528620 -6.320801 2.729794 2.463159 -14.444986 -2.004855 0.726349 1.385440 3.793979 5.301412 3.300411 12.627676 1.195382 2.202633 -0.002518 1.717687 -3.131237 1.430118 -0.075779 3.084549 -0.483506 -0.903696 2.419516 -0.802827 1.910622 -7.056275 -0.127450
0.014854 14.411510 0.182741 -1.368838 0.941393 0.309227 0.761167 -4.151714 -1.551317 -2.081441 -2.393269 -2.001714 1.520682 0.062675 3.117824 0.876786 0.214085 -0.043365 0.351603 0.691223 1.589556 -0.960780 0.520574 2.488224 6.562562 19.812654 -2.990882 -3.211668 3.401210 -2.042131 -2.646303 -16.237368 -3.112835 -5.128985 1.310761 -3.039781 3.703001 -6.726463 2.290537 2.343915 -14.558936 -2.209613 0.669181 1.460964 3.982569 5.364767 3.592859 12.765103 1.309201 2.398365 0.495097 1.553549 -3.177154 1.286735 -0.126652 3.231173 -0.449355 -0.921352 2.998488 -0.826592 1.827013 -7.610936 -0.146788
0.019449 14.376124 0.206262 -1.270774 1.033777 0.162139 0.714250 -3.693102 -1.297578 -2.156075 -2.648641 -2.080975 1.532156 0.184675 2.832006 0.866635 0.153309 0.065686 0.280295 0.554990 1.728049 -1.037906 0.563761 2.442476 6.546371 19.597755 -2.968384 -3.202193 4.326128 -1.948527 -2.742565 -15.998851 -3.169274 -5.161062 2.676955 -3.002715 3.861533 -6.779918 1.964017 2.402409 -14.714044 -2.308733 0.596521 1.569428 4.082741 5.293657 3.799846 12.732827 1.466863 2.542374 0.733391 1.385173 -3.245103 1.132612 -0.291070 3.191080 -0.313662 -0.756566 3.675183 -0.877957 1.820563 -8.110834 -0.194285
0.018452 14.343424 0.221657 -1.124229 1.190959 0.064445 0.608806 -3.453125 -0.960850 -2.042209 -1.678937 -1.756099 1.508590 -0.491674 2.305834 0.792424 -0.016160 0.107772 0.132950 0.355694 1.846354 -1.048153 0.697005 2.588060 6.667367 19.447856 -3.228267 -3.094133 4.773639 -1.753803 -2.866122 -15.592206 -3.242671 -5.116589 4.470291 -2.942577 3.983749 -7.249994 1.598575 2.426138 -15.141620 -2.489145 0.619788 1.627528 3.972289 5.107291 4.046000 12.413502 1.765340 2.699303 1.201795 1.285511 -3.209826 0.884389 -0.516975 3.053582 -0.163783 -0.632317 4.450907 -1.102013 1.774389 -8.722947 -0.110029
0.020694 14.311064 0.243543 -0.989639 1.275245 0.037351 0.570838 -3.416360 -0.827746 -2.307336 0.037162 -1.502031 1.551488 -1.724953 1.529537 0.712132 -0.074722 0.190839 0.061500 0.174695 1.888248 -1.161914 0.785090 2.636602 6.757284 19.267273 -3.359197 -3.161627 5.188317 -1.708498 -2.840688 -15.478186 -3.443353 -5.028437 5.922254 -2.864829 4.138135 -7.326104 1.302300 2.376747 -15.464376 -2.605646 0.725609 1.688296 3.861957 4.989295 4.222687 12.178373 1.937425 2.900046 1.473285 1.067885 -3.180206 0.531930 -0.705756 2.900014 -0.139242 -0.572911 5.091056 -1.037724 1.835543 -9.115273 -0.135531
0.027305 14.276394 0.246579 -0.866695 1.318411 0.094413 0.479693 -3.054396 -0.647898 -2.272074 2.374174 -1.141544 1.521497 -3.658895 0.780334 0.608047 -0.102575 0.164853 0.044323 0.066761 1.878056 -1.246269 0.773519 2.582888 6.614783 19.019550 -3.331402 -3.123043 5.178155 -1.622924 -2.725099 -15.338735 -3.560727 -5.083812 7.339758 -2.741981 4.409757 -7.137411 1.095063 2.304420 -15.804647 -2.737088 0.661203 1.701924 3.828334 4.856969 4.444766 12.061111 2.061071 3.105363 2.211962 0.974191 -3.269496 0.239895 -0.836691 2.745633 -0.084057 -0.501317 5.773716 -1.203466 1.925816 -9.572724 0.086116
0.034470 14.238150 0.257625 -0.735025 1.533456 0.157572 0.409481 -2.962083 -0.424928 -2.189654 5.412694 -0.764439 1.507517 -6.374388 -0.033250 0.490252 -0.227205 0.148910 -0.081740 -0.005278 1.890890 -1.286726 0.704168 2.616581 6.755871 18.746663 -3.318932 -3.173126 4.805649 -1.688649 -2.628171 -15.569768 -3.715842 -5.051301 8.392645 -2.815054 4.772402 -6.533726 0.917626 2.064285 -16.471396 -2.805494 0.713129 1.687593 3.579904 4.739353 4.646804 11.905765 2.172287 3.241448 2.605333 0.846506 -3.374869 -0.254053 -1.016110 2.361793 -0.111422 -0.391492 6.469803 -1.230309 1.941523 -9.952777 0.213121
0.042473 14.207666 0.257946 -0.639848 1.601434 0.247732 0.340726 -2.940189 -0.296241 -2.074136 8.912735 -0.444231 1.426100 -9.245572 -0.608635 0.389568 -0.295317 0.164340 -0.186961 -0.069727 1.840067 -1.363867 0.654204 2.662380 6.758621 18.377703 -3.463411 -3.144119 4.429446 -1.658897 -2.519160 -16.045826 -3.846827 -4.877315 9.455121 -2.897510 4.986814 -5.434547 0.675051 1.859179 -17.656868 -2.688820 0.771778 1.659268 3.318671 4.632662 4.917914 11.666547 2.133054 3.468364 3.020432 0.702943 -3.582710 -0.612108 -1.162318 2.329610 -0.057908 -0.406382 6.737557 -1.229426 2.021070 -10.164534 0.288890
0.054227 14.183173 0.259040 -0.560970 1.654567 0.393458 0.219235 -2.932644 -0.244672 -1.932871 13.239193 -0.103679 1.466048 -12.857890 -1.316018 0.322744 -0.307601 0.103036 -0.187005 -0.146219 1.807654 -1.496491 0.613239 2.676172 6.723939 17.946635 -3.570545 -3.171397 3.900056 -1.587641 -2.443340 -16.537499 -4.016543 -4.845889 10.427143 -3.007993 5.295259 -4.394262 0.553173 1.669484 -18.319341 -2.616737 0.776381 1.612914 3.050872 4.513924 5.033408 11.312701 2.148239 3.771426 3.366417 0.723746 -3.614021 -0.725478 -1.276060 2.038781 -0.061840 -0.346293 7.314311 -1.330306 2.046995 -10.441088 0.491595
0.063682 14.159902 0.260202 -0.483724 1.751938 0.483084 0.086685 -2.975390 -0.237077 -1.899656 17.249246 0.233577 1.588606 -16.222475 -1.852449 0.197253 -0.357171 0.102779 -0.176888 -0.261710 1.761430 -1.534609 0.617603 2.611597 6.577926 17.464884 -3.659167 -3.154447 3.090620 -1.396830 -2.480923 -16.961045 -4.206140 -4.772504 11.258083 -3.147438 5.331775 -3.367448 0.616133 1.451849 -18.884964 -2.661277 0.768050 1.547576 2.734128 4.243460 5.343433 10.715761 1.992693 3.825146 3.747998 0.693766 -3.904186 -0.954645 -1.450715 1.673769 -0.051477 -0.191252 8.104228 -1.388053 2.117242 -10.938946 0.662955
0.074964 14.151409 0.255793 -0.400394 1.788051 0.542900 0.003424 -2.876257 -0.198888 -1.805906 20.653853 0.440065 1.541352 -19.164691 -2.281203 0.044275 -0.437438 0.139260 -0.184403 -0.234024 1.717981 -1.574991 0.586196 2.488598 6.447016 16.557215 -3.768466 -3.373853 2.356829 -1.171890 -2.550108 -17.056926 -4.219252 -4.700343 11.972794 -3.290389 5.485729 -2.229994 0.613172 1.329130 -19.550508 -2.495561 0.785257 1.539356 2.470244 4.138897 5.332980 10.071278 1.850493 4.105754 4.166813 0.506382 -3.939157 -1.268529 -1.613051 1.356486 0.047248 -0.122775 8.804329 -1.517591 2.121021 -11.275556 0.665315
0.085118 14.136622 0.250335 -0.323474 1.811957 0.572037 -0.135325 -2.764570 -0.124524 -1.613825 24.092687 0.610256 1.479128 -22.167076 -2.717413 -0.043142 -0.408809 0.134920 -0.285530 -0.277139 1.584945 -1.466171 0.563483 2.275413 6.033033 15.444027 -3.485906 -3.527936 1.692170 -0.985020 -2.603833 -17.062225 -4.156469 -4.733381 12.664250 -3.095937 5.484642 -1.248101 0.644007 1.249496 -20.447172 -2.303080 0.744458 1.482257 2.355950 3.808247 5.342795 9.365488 1.754593 4.343723 4.284174 0.454253 -3.962262 -1.453066 -1.806921 1.184716 0.180077 0.037476 9.111947 -1.679458 2.164919 -11.444639 0.903890
0.093825 14.129125 0.249526 -0.251755 1.820014 0.583876 -0.283866 -2.649219 -0.201815 -1.561935 27.155736 0.737485 1.515120 -24.950613 -2.896702 -0.145978 -0.416513 0.092256 -0.329462 -0.249673 1.517554 -1.399990 0.511036 2.072691 5.820257 13.847194 -3.391502 -3.954927 1.165674 -0.800406 -2.647376 -16.778618 -4.003080 -4.801957 13.150530 -3.180873 5.499716 0.007030 0.837828 1.205732 -21.314540 -2.191224 0.771491 1.456860 2.109655 3.403265 5.216577 8.666338 1.669422 4.619892 4.150168 0.539174 -3.992311 -1.530820 -1.991812 1.018890 0.216195 0.132475 9.296993 -1.780841 2.255327 -11.463683 1.091542
0.106109 14.125423 0.260090 -0.249532 1.802248 0.619899 -0.335711 -2.507450 -0.323842 -1.597572 29.256572 1.025068 1.504587 -26.936274 -3.088295 -0.174005 -0.360201 0.025148 -0.405083 -0.185737 1.481486 -1.303904 0.336626 1.832532 5.471441 11.774240 -3.221138 -4.246919 1.269763 -0.385572 -2.920256 -17.380946 -3.762877 -4.844916 13.508872 -2.974332 5.558074 1.189190 0.936161 0.974815 -21.610521 -2.048738 0.635693 1.493322 1.834534 3.306355 5.046900 8.124624 1.557746 4.944268 4.069412 0.644922 -4.015870 -1.476700 -2.099960 0.804403 0.288512 0.227665 9.513170 -1.752857 2.273640 -11.611848 1.118924
0.115972 14.132161 0.257445 -0.195826 1.763300 0.594621 -0.394917 -2.272285 -0.405841 -1.721737 30.839045 1.323639 1.459413 -28.433433 -3.296444 -0.342353 -0.359352 0.050927 -0.349123 -0.121155 1.397889 -1.315685 0.252767 1.625315 5.165994 9.368027 -3.055535 -4.423180 1.615438 0.042272 -3.166836 -17.919570 -3.367994 -4.920521 13.832728 -2.911440 5.568233 2.523755 1.104186 1.001925 -22.247695 -1.999298 0.682198 1.535188 1.494622 2.983662 4.690156 7.467685 1.448221 5.164285 3.573639 0.683638 -3.956266 -1.533307 -2.237917 0.675615 0.296837 0.191995 9.320934 -1.608793 2.369231 -11.531273 1.182459
0.127029 14.136217 0.254681 -0.144706 1.812038 0.561692 -0.475107 -2.189665 -0.493442 -1.751706 32.320222 1.467968 1.349184 -29.970054 -3.301636 -0.444126 -0.370025 0.070070 -0.310074 -0.193678 1.304621 -1.255580 0.218571 1.364291 4.692875 6.574559 -2.903460 -4.507565 1.957376 0.696199 -3.348733 -18.482894 -3.092430 -5.153252 13.978238 -2.744824 5.645948 4.320564 1.308933 0.772932 -23.023000 -2.073520 0.684289 1.514583 1.148154 2.586065 4.337577 6.830939 1.378786 5.274818 3.205556 0.773815 -3.865781 -1.445012 -2.391797 0.381590 0.293228 0.181262 9.201703 -1.553795 2.444779 -11.315472 1.320986
0.134373 14.141212 0.245205 -0.131263 1.777838 0.484271 -0.466442 -2.071464 -0.438639 -1.820792 33.347737 1.646840 1.239858 -31.169551 -3.394882 -0.523522 -0.384061 0.110961 -0.306067 -0.121127 1.214600 -1.167105 0.059196 1.152392 4.344874 3.852879 -2.847576 -4.893933 1.577631 1.381636 -3.328380 -18.984581 -2.827192 -5.305959 14.043751 -2.655351 5.595449 6.451892 1.649067 0.606834 -24.010992 -2.200901 0.719083 1.635038 0.914663 2.352318 3.955875 6.280293 1.364032 5.156895 2.846972 0.682750 -3.788049 -1.396358 -2.492121 0.214793 0.346335 0.190288 8.947838 -1.482623 2.588120 -11.034980 1.411740
0.144657 14.148439 0.239729 -0.138606 1.768207 0.420807 -0.417494 -1.970690 -0.472360 -2.033890 34.116371 1.748464 1.234993 -32.090231 -3.328681 -0.492075 -0.369599 0.043897 -0.426211 -0.136808 1.262530 -1.056184 -0.038960 0.994288 3.962243 0.559238 -2.843079 -5.106385 1.734386 1.916607 -3.155864 -19.385050 -2.679489 -5.466527 14.024589 -2.512267 5.699615 9.159497 1.714178 0.334844 -25.026688 -2.140052 0.679078 1.655688 0.581469 2.129467 3.556195 5.487787 1.271867 5.133308 2.615361 0.737827 -3.668345 -1.085109 -2.546305 -0.001934 0.320567 0.088393 8.968308 -1.472782 2.823841 -10.922753 1.594141
0.149074 14.156004 0.234951 -0.159980 1.686941 0.326084 -0.401199 -1.796628 -0.508759 -2.190444 34.563989 1.812568 1.167788 -32.623047 -3.254895 -0.538616 -0.279063 0.006535 -0.374748 -0.208492 1.303795 -1.043685 -0.199616 0.766494 3.487913 -3.107616 -2.824252 -5.275817 2.282459 2.540857 -2.601199 -19.913762 -2.751745 -5.426603 14.024774 -2.318491 5.469713 12.007871 1.839263 -0.018103 -26.217566 -2.269661 0.691892 1.762988 0.296618 1.869146 2.955749 4.804061 1.418952 5.060120 1.657722 0.770883 -3.343914 -0.881020 -2.573895 -0.032516 0.422729 -0.008432 8.420245 -1.450676 2.746490 -10.341403 1.562500
0.147372 14.156156 0.224652 -0.234976 1.707783 0.224958 -0.325260 -1.792057 -0.463977 -2.322628 34.995490 1.868806 1.260870 -33.220414 -3.095848 -0.515544 -0.258256 -0.030522 -0.341885 -0.262606 1.227361 -1.028366 -0.401282 0.563343 2.744505 -7.768095 -2.979921 -4.994739 3.493378 2.947060 -1.894566 -19.201182 -2.718698 -5.396066 13.950055 -2.076433 5.301370 15.068433 1.879371 -0.325460 -27.753286 -2.371904 0.674801 1.953523 0.205396 1.660157 2.507869 4.342544 1.441647 4.944200 1.210289 0.828012 -3.213576 -0.692921 -2.531825 -0.180873 0.530932 0.009174 8.541046 -1.619589 2.897749 -10.357145 1.761165
0.147533 14.156758 0.215131 -0.316341 1.723618 0.170584 -0.251463 -1.825342 -0.492238 -2.552078 35.316843 1.946535 1.475345 -33.630396 -2.925004 -0.509281 -0.242672 -0.135510 -0.186732 -0.394211 1.243117 -1.022023 -0.461696 0.364519 2.097639 -11.906139 -3.329496 -4.822267 3.685328 3.270505 -1.236185 -17.428267 -2.837129 -5.447380 14.129929 -2.016558 4.980446 18.204605 2.159221 -0.631448 -29.787113 -2.722140 0.701832 2.031798 0.054631 1.398955 1.987764 3.918109 1.645568 4.821717 0.386428 1.014504 -2.909092 -0.518399 -2.495158 -0.263399 0.495408 0.071314 8.627108 -1.650985 2.986160 -10.318931 1.761490
0.140137 14.153736 0.196834 -0.404077 1.687475 -0.000302 -0.230279 -1.888492 -0.478940 -2.690220 35.512584 2.004509 1.588658 -33.852847 -2.635526 -0.487402 -0.182705 -0.114006 -0.078024 -0.509016 1.175830 -1.019803 -0.515032 0.193102 1.406932 -14.895723 -3.678885 -4.349707 2.135192 3.435304 -0.566941 -14.193320 -3.043072 -5.515441 14.318348 -1.883320 4.846138 21.456888 2.270860 -0.362186 -31.856702 -2.515559 0.710594 2.089135 0.009391 1.221696 1.784106 3.658082 1.751488 4.643816 -0.190185 1.127094 -2.775130 -0.304545 -2.459008 -0.368768 0.584171 0.180361 8.656926 -1.688705 2.931593 -10.121202 1.689798
0.131925 14.151389 0.187901 -0.488291 1.763443 -0.066219 -0.189951 -2.151312 -0.493679 -2.875905 35.214230 2.179013 1.600220 -33.370247 -2.346315 -0.469420 -0.200666 -0.168765 0.007692 -0.655426 1.078056 -0.890836 -0.464788 0.105201 0.843899 -16.569692 -4.017181 -3.838447 -1.691236 3.422372 0.197572 -9.937186 -3.157389 -5.767840 14.412239 -1.753692 4.849784 24.371373 2.440409 0.399739 -33.389324 -2.051847 0.570841 2.036596 -0.026747 1.196859 1.574132 3.466907 1.837033 4.524829 -0.686542 1.147055 -2.590908 -0.183193 -2.448231 -0.427837 0.576707 0.228630 8.148895 -1.794901 2.954158 -9.603854 1.691902
0.127813 14.144955 0.180246 -0.573024 1.822863 -0.127285 -0.119618 -2.605309 -0.477820 -3.112024 35.402001 2.097362 1.764568 -33.176042 -1.971945 -0.457468 -0.219291 -0.179736 0.144935 -0.838521 0.954774 -0.777813 -0.378010 0.108930 0.364137 -16.451571 -4.217134 -3.200743 -7.044921 3.145996 0.645708 -6.545970 -2.748667 -6.028918 14.399148 -1.750134 5.039126 26.757230 2.435303 1.646201 -34.049952 -1.249743 0.462492 2.010788 -0.122915 1.077733 1.574049 3.287699 1.881971 4.310719 -1.060862 1.132908 -2.514568 -0.059512 -2.339053 -0.536169 0.639737 0.281137 8.058789 -1.915995 2.857104 -9.236106 1.738602
0.129257 14.144699 0.176135 -0.742387 1.773545 -0.178406 0.056066 -2.984820 -0.533431 -3.477700 35.225663 2.255939 1.994871 -32.806501 -1.685747 -0.320312 -0.072824 -0.211163 0.221452 -1.035289 0.922796 -0.764710 -0.395043 0.121863 0.183615 -15.169714 -3.869764 -3.086587 -10.587307 2.816463 1.262478 -6.628268 -1.989659 -6.319671 13.790122 -1.677220 5.281314 27.324645 2.213107 3.117126 -35.274975 -0.129945 0.408324 2.054484 -0.150079 1.048411 1.531952 3.122223 1.759054 4.338730 -1.169299 1.134479 -2.547216 -0.095419 -2.198122 -0.389249 0.633848 0.242211 7.698551 -1.980770 3.008201 -8.930952 1.884599
0.125105 14.151587 0.167581 -0.880518 1.719162 -0.249699 0.166843 -3.525574 -0.716235 -3.961091 34.744492 2.364914 2.283917 -31.845640 -1.351831 -0.206976 0.011796 -0.212634 0.255995 -1.078443 0.797630 -0.639007 -0.463251 0.198628 0.394146 -12.817984 -3.209864 -3.372737 -11.341031 2.603393 0.611472 -7.164960 -2.003967 -6.733945 12.509419 -1.518222 5.339887 26.629962 2.048617 5.346886 -36.499603 1.852641 0.213928 2.115428 -0.097673 1.090921 1.486233 2.805946 1.748444 4.338077 -1.236273 1.069400 -2.508337 -0.009698 -2.106491 -0.200055 0.590048 0.162064 7.406371 -1.981485 3.125810 -8.787058 1.956127
0.119719 14.172805 0.147655 -0.931567 1.579470 -0.330047 0.187484 -3.920164 -0.827654 -4.159338 33.705572 2.301726 2.339445 -30.409547 -0.959979 -0.141191 0.140447 -0.202384 0.274317 -0.985733 0.748042 -0.609418 -0.473879 0.294100 0.788027 -9.943822 -2.617421 -3.695328 -11.582903 2.456922 -0.525130 -8.997651 -2.456444 -7.089702 10.516476 -1.398379 5.285966 24.044019 1.993527 7.334401 -36.401310 3.736863 0.128719 2.120296 0.047134 1.162745 1.328894 2.745108 1.710048 4.408817 -1.181553 1.016198 -2.485336 -0.077789 -2.086084 0.044003 0.691718 0.171595 6.984336 -2.088145 3.109978 -8.501642 1.951458
0.120586 14.194539 0.139398 -1.024162 1.478385 -0.319986 0.202451 -4.432984 -1.068862 -4.249843 32.262492 2.081360 2.313396 -28.604494 -0.662213 -0.043181 0.232605 -0.220609 0.300538 -0.933761 0.762541 -0.607563 -0.359151 0.462694 1.119941 -6.834656 -2.418814 -3.825385 -11.943129 2.494967 -1.637327 -10.949902 -3.147985 -7.399184 8.104514 -1.642777 5.220819 20.895042 2.146307 9.259297 -35.759259 5.630169 0.088945 2.038311 0.062925 1.168878 1.214984 2.453120 1.712123 4.530236 -1.259028 1.034842 -2.321241 -0.134217 -1.971379 0.183668 0.669635 0.052453 6.934030 -2.032598 3.290889 -8.421607 1.826590
0.115497 14.215009 0.128465 -1.030749 1.371395 -0.390815 0.286715 -4.862203 -1.092325 -4.328236 30.174747 1.737030 2.659872 -26.639668 -0.212079 0.028593 0.291278 -0.177462 0.325762 -0.749965 0.798241 -0.647748 -0.313572 0.507048 1.431416 -4.198004 -2.210974 -3.781095 -11.551860 2.359701 -2.436523 -13.290333 -3.652440 -7.583966 5.416841 -1.794214 5.345708 17.483843 2.386498 10.345097 -34.945917 7.278131 -0.002699 1.930197 0.052911 1.304902 1.206698 2.381534 1.690987 4.524671 -1.350393 1.045399 -2.310422 -0.132522 -1.975571 0.245419 0.624673 -0.027109 6.960366 -1.985271 3.322788 -8.399279 1.758265
0.107265 14.242236 0.126934 -1.081666 1.259135 -0.449775 0.405229 -5.274538 -1.199436 -4.428208 27.160715 1.406993 3.083527 -24.020342 0.323662 0.168773 0.359153 -0.134608 0.351099 -0.590051 0.807316 -0.668683 -0.245870 0.615863 1.698266 -1.659415 -2.171522 -3.588357 -11.029196 2.227613 -3.202993 -15.716329 -4.165559 -7.792909 2.705945 -2.139365 5.628664 14.683929 2.549117 10.404035 -33.915816 8.630500 -0.067993 1.790382 0.019220 1.301812 1.221493 2.422804 1.695956 4.575504 -1.250699 1.071817 -2.335050 -0.172098 -1.935087 0.400755 0.702901 -0.080198 6.604926 -2.003660 3.312793 -8.178014 1.713450
0.100865 14.270115 0.126035 -1.105854 1.163410 -0.509882 0.495484 -5.707536 -1.341491 -4.357411 23.878379 1.032274 3.625184 -21.467537 0.902261 0.330215 0.418765 -0.067534 0.338563 -0.479420 0.756725 -0.707875 -0.170393 0.760723 1.951253 0.837587 -2.178923 -3.271536 -10.628265 2.033307 -3.906618 -17.832264 -4.485704 -8.006161 0.229633 -2.588149 6.123245 12.341093 2.615718 10.115815 -33.469557 9.535816 -0.113278 1.593953 0.054974 1.292154 1.297101 2.307762 1.775823 4.570365 -1.245135 0.975482 -2.153465 -0.168238 -1.831212 0.551559 0.764606 -0.262139 6.689999 -2.095291 3.428142 -8.325232 1.733908
0.093881 14.295740 0.125176 -1.049525 1.007729 -0.584180 0.478659 -6.039277 -1.394493 -4.153217 19.859521 0.544553 3.958753 -18.065236 1.349643 0.445651 0.469860 -0.038354 0.307834 -0.284930 0.826805 -0.694459 -0.075413 0.972830 2.224058 3.241903 -2.285595 -3.039647 -10.133423 1.945300 -4.471612 -19.450295 -4.944944 -8.269114 -2.253691 -3.451363 6.324950 10.592951 2.973818 9.198693 -32.609296 9.194994 -0.323320 1.470113 -0.060767 1.424871 1.352028 2.318307 1.881883 4.563506 -1.239563 0.993830 -2.136022 -0.178469 -1.876478 0.754772 0.856481 -0.328554 6.695184 -1.992945 3.373774 -8.372100 1.516194
0.082273 14.311648 0.127588 -1.037436 0.888343 -0.559394 0.532936 -6.336817 -1.500907 -4.098984 15.202373 0.076813 4.226972 -13.877363 1.788215 0.637902 0.472374 -0.106686 0.224362 -0.085100 0.890307 -0.701122 -0.059250 1.176252 2.568701 5.087522 -2.401157 -2.757526 -9.373878 1.672949 -4.690649 -20.240284 -5.177275 -8.505280 -4.790725 -4.299106 6.398949 9.407073 3.237729 8.191714 -31.179692 8.464226 -0.362368 1.257756 -0.215317 1.472814 1.440123 2.399868 1.945662 4.643487 -1.258477 0.986680 -1.895737 -0.284380 -1.816910 0.850886 0.866900 -0.433233 7.085017 -1.955431 3.380497 -8.669318 1.191922
0.079025 14.324846 0.133590 -0.987935 0.860942 -0.591587 0.514167 -6.508712 -1.555411 -4.043472 9.925520 -0.279327 4.260993 -9.230763 2.036486 0.785474 0.487186 -0.082059 0.191255 -0.013620 0.895294 -0.763728 -0.026074 1.323224 2.937056 6.715420 -2.444810 -2.716025 -8.463566 1.333796 -4.680282 -20.670542 -5.324821 -8.862380 -7.365067 -5.267872 6.467308 8.399069 3.672561 7.141675 -28.859510 7.542890 -0.411103 1.087483 -0.297499 1.479093 1.456014 2.591938 2.001829 4.841852 -1.186054 1.014510 -1.622191 -0.512978 -1.798815 0.886550 0.945576 -0.568830 7.556230 -1.966004 3.413553 -9.114419 1.067399
0.071383 14.325635 0.136641 -0.980906 0.763605 -0.654514 0.575501 -6.703255 -1.568092 -3.929046 5.361614 -0.623641 4.198781 -5.113696 2.375543 0.888550 0.510307 -0.062869 0.212129 0.042820 0.918436 -0.844315 -0.024391 1.496412 3.312860 8.400874 -2.452034 -2.514450 -7.752493 0.903440 -4.494196 -20.970167 -5.274172 -9.278037 -10.001551 -6.301059 6.608765 7.592266 4.351286 6.508291 -25.699355 6.616960 -0.411061 1.004146 -0.379737 1.465734 1.450100 2.630314 1.946367 4.872260 -1.104463 1.004136 -1.444343 -0.699867 -1.739246 0.878747 1.019497 -0.742448 8.302109 -1.844691 3.516799 -9.666527 0.768870
0.062501 14.320608 0.147971 -0.887401 0.754868 -0.698742 0.590237 -6.891421 -1.548070 -3.918631 1.360557 -1.055056 4.051050 -1.286645 2.651931 0.936680 0.507646 -0.083625 0.207114 0.155506 0.975610 -0.931627 -0.041846 1.733252 3.660858 9.754030 -2.500690 -2.332264 -7.146452 0.524393 -4.501713 -20.745902 -5.204131 -9.710801 -12.911192 -7.343420 6.709187 7.240579 4.777554 6.223787 -22.457229 6.164185 -0.425749 0.824346 -0.498516 1.488385 1.515027 2.717066 2.031658 5.026484 -0.991876 0.956180 -1.277889 -0.786025 -1.702868 0.953579 1.100979 -0.822609 8.586145 -1.695608 3.424486 -9.941250 0.572995
0.046273 14.314168 0.160959 -0.941683 0.743156 -0.700718 0.685204 -6.837501 -1.402019 -3.700491 -2.062239 -1.613570 4.143651 2.205752 2.626102 1.063741 0.501275 -0.063381 0.257394 0.111725 1.011106 -1.102271 0.077926 1.986119 4.220972 11.486004 -2.541195 -2.356632 -6.870618 0.040550 -4.411982 -20.232165 -5.256780 -10.018572 -15.948735 -8.305030 6.721559 7.045238 5.160706 5.739231 -19.001084 5.534149 -0.360871 0.583426 -0.598085 1.630341 1.689368 2.798533 2.019196 5.179642 -0.792643 0.767924 -1.144520 -0.949009 -1.612142 0.971437 1.192672 -0.834694 9.188358 -1.588733 3.524685 -10.429612 0.466766
0.026937 14.301382 0.173422 -0.850620 0.740126 -0.728198 0.618482 -6.690918 -1.240889 -3.516398 -4.028837 -2.026332 3.798299 4.067103 3.052376 1.029432 0.467300 -0.068145 0.222544 0.134295 0.994258 -1.222275 0.167010 2.187535 4.644504 12.724172 -2.494540 -2.462250 -5.954656 -0.376677 -4.119769 -19.493853 -5.050501 -10.141029 -18.715502 -8.762810 6.503191 6.458595 5.285578 5.275620 -15.380650 5.048573 -0.252892 0.428088 -0.560836 1.631163 1.678937 2.943282 2.065808 5.308220 -0.592473 0.719599 -0.950137 -1.210915 -1.690441 0.961175 1.225900 -0.805713 9.611166 -1.538191 3.466571 -10.689365 0.423337
0.003383 14.284103 0.191495 -0.795013 0.796827 -0.795752 0.581218 -6.377380 -1.091132 -3.390682 -5.637916 -2.303062 3.411076 4.992237 3.339839 1.074227 0.328163 -0.015110 0.217614 0.259723 1.082747 -1.335691 0.178108 2.217574 4.934711 14.326638 -2.038445 -2.325226 -5.391963 -0.965369 -3.932597 -18.711019 -4.990037 -10.203452 -22.227966 -9.406486 6.153622 6.788659 5.562729 4.688496 -11.913072 4.762202 -0.266736 0.282045 -0.528193 1.538126 1.614162 2.820458 2.220448 5.513097 -0.369359 0.863980 -0.862284 -1.261695 -1.701423 0.980961 1.265408 -0.750270 9.917468 -1.311018 3.369271 -10.968037 0.191683
-0.012919 14.261207 0.222485 -0.704154 0.856453 -0.813623 0.512152 -6.057669 -0.875603 -3.420715 -6.419279 -2.494219 2.906166 5.370190 3.386576 0.994397 0.239468 -0.046305 0.231736 0.387655 1.115583 -1.400397 0.140441 2.216822 5.130758 15.340912 -1.762114 -2.394078 -4.381903 -1.398310 -3.477667 -18.191235 -4.676530 -10.150902 -25.586193 -9.843420 5.822584 7.517332 5.635965 4.203709 -9.211851 4.851044 -0.284422 0.219477 -0.495544 1.535128 1.525563 2.825684 2.200108 5.494850 -0.083633 0.944512 -0.883031 -1.364790 -1.743828 0.786286 1.288279 -0.720665 10.584373 -1.094353 3.257367 -11.505119 -0.003994
-0.029707 14.245480 0.239365 -0.699223 0.901684 -0.753290 0.616388 -5.743110 -0.734456 -3.453868 -5.875934 -2.378803 2.632031 5.051566 2.895323 0.983149 0.200577 -0.085125 0.338725 0.472682 1.110890 -1.524336 0.081599 2.182456 5.256623 16.343828 -1.453664 -2.431151 -3.565863 -1.698466 -3.229726 -17.539367 -4.358372 -9.940867 -27.972603 -9.832304 5.373128 8.146921 5.582543 3.997783 -6.803611 4.855226 -0.332732 0.114461 -0.507016 1.462314 1.483825 2.655637 2.256568 5.433761 0.094742 1.037894 -0.757430 -1.425754 -1.765245 0.786406 1.335080 -0.672193 10.843083 -0.923683 3.100229 -11.898568 -0.193598
-0.046184 14.230722 0.254934 -0.640780 0.978609 -0.754772 0.607650 -5.247902 -0.500579 -3.365081 -4.853681 -2.237365 2.400025 4.269024 2.225523 0.919595 0.071863 -0.069673 0.432910 0.614860 0.944520 -1.573138 0.122129 2.151080 5.193855 17.050307 -1.056501 -2.316607 -2.661248 -1.908242 -3.174119 -17.481439 -4.168348 -9.518823 -27.904515 -9.541971 5.044203 7.171173 5.660257 4.021148 -4.617521 4.187421 -0.347847 -0.031839 -0.476551 1.281804 1.489182 2.630114 2.168965 5.493857 -0.111366 1.068192 -0.781570 -1.505141 -1.752337 0.850190 1.373544 -0.637831 10.883620 -0.842245 3.014705 -12.042345 -0.274024
-0.060239 14.219232 0.266210 -0.605877 1.019177 -0.689096 0.625444 -4.651239 -0.448101 -3.364548 -3.912463 -2.000431 2.243102 3.229677 1.745040 0.901899 0.056800 -0.141755 0.502367 0.652546 0.830788 -1.649434 0.074226 2.012621 5.187573 17.657494 -0.744355 -2.187165 -1.467229 -2.016265 -3.224289 -17.463730 -3.960989 -8.988682 -26.660191 -9.166696 4.956003 5.821492 5.585381 4.057054 -3.108352 3.228647 -0.260323 -0.115394 -0.483603 1.088086 1.322613 2.433209 2.142986 5.692541 -0.340169 1.052336 -0.626429 -1.182994 -1.697476 0.905078 1.301343 -0.650900 11.083232 -0.794983 2.849520 -12.317859 -0.305498
-0.078413 14.205672 0.277411 -0.552718 1.017351 -0.663766 0.638216 -3.867240 -0.331540 -3.361934 -2.916132 -1.832686 2.089793 1.928090 1.237985 0.866449 0.027572 -0.193293 0.497022 0.744902 0.701688 -1.578510 0.067990 1.870942 5.132006 17.900640 -0.561890 -2.296583 -0.045787 -1.959479 -2.990309 -17.382971 -3.721973 -8.365038 -24.258384 -8.642734 4.863875 3.907171 5.691786 3.883621 -2.414731 2.140570 -0.369081 -0.029621 -0.435385 1.102873 1.017435 2.155729 2.031004 5.647275 -0.688177 0.887476 -0.478423 -0.920358 -1.712758 0.906196 1.288397 -0.607929 11.328783 -0.710569 2.786824 -12.498698 -0.365259
-0.090339 14.195855 0.282189 -0.493800 1.011784 -0.646517 0.601049 -3.263444 -0.192534 -3.240971 -1.684208 -1.637096 1.918749 0.602610 0.762964 0.798833 -0.010725 -0.247228 0.558314 0.817479 0.642896 -1.533114 -0.004065 1.739505 5.062029 18.123631 -0.393975 -2.351888 1.255948 -2.033186 -2.970377 -17.083068 -3.544426 -7.774178 -22.141984 -8.270277 4.799945 2.825963 5.679031 3.594954 -2.414168 1.447455 -0.373428 -0.037159 -0.441339 1.028965 0.863933 1.952262 1.944948 5.574602 -0.764976 0.833127 -0.447283 -0.668691 -1.724363 1.022426 1.236544 -0.526952 11.183192 -0.668606 2.659809 -12.469334 -0.336363
-0.100167 14.188811 0.287626 -0.504794 1.000191 -0.598855 0.703074 -2.459163 -0.080206 -3.192060 -0.630440 -1.321093 1.851600 -0.830649 0.281098 0.809011 -0.061869 -0.316831 0.632664 0.860045 0.614574 -1.615968 -0.089426 1.578508 5.134706 18.194437 -0.178582 -2.416147 2.574575 -2.114743 -3.068775 -16.472899 -3.296071 -7.066263 -19.520405 -7.828767 4.603876 1.766620 5.757146 3.281844 -2.687624 0.686135 -0.330370 0.104285 -0.528369 0.954814 0.557741 1.763356 1.902334 5.668361 -1.131249 0.884534 -0.331889 -0.404222 -1.597180 1.171376 1.193690 -0.547654 11.064791 -0.578734 2.545580 -12.518942 -0.325535
-0.112645 14.180936 0.282865 -0.463172 1.052915 -0.547280 0.668060 -1.979908 0.006375 -3.173792 0.640232 -1.193888 1.836091 -2.078093 -0.092603 0.791999 -0.200118 -0.377527 0.657057 0.943652 0.503436 -1.622726 -0.162041 1.424560 5.152431 18.046839 -0.094826 -2.585856 3.971501 -2.079783 -3.191435 -15.945619 -2.930208 -6.386042 -16.950676 -7.163557 4.287287 0.865793 5.631569 3.032030 -3.221387 0.077676 -0.272304 0.200044 -0.571889 0.823412 0.400982 1.474520 1.834935 5.661812 -1.585127 0.959099 -0.392846 -0.073158 -1.603106 1.151477 1.204503 -0.410479 11.074391 -0.584712 2.397946 -12.593096 -0.413084
-0.123316 14.173075 0.285520 -0.467697 1.110895 -0.435034 0.698530 -1.427619 0.092653 -3.163868 2.045817 -0.979518 1.774143 -3.656394 -0.446933 0.879789 -0.309806 -0.467298 0.560292 0.954764 0.432089 -1.547911 -0.172724 1.337405 5.196634 17.512831 -0.153489 -2.729901 5.397481 -2.203213 -3.365117 -15.658580 -2.716980 -5.948098 -15.026879 -6.726300 4.002067 0.800659 5.501558 2.743817 -3.620437 -0.403069 -0.152174 0.193651 -0.588056 0.623672 0.429648 1.111231 1.816085 5.458574 -1.888536 0.981544 -0.512896 0.092849 -1.518617 1.131494 1.083389 -0.360164 11.187461 -0.544377 2.323417 -12.707131 -0.344575
-0.130854 14.167501 0.282931 -0.464259 1.134914 -0.389383 0.724099 -0.976069 0.134569 -3.076043 3.734940 -0.777057 1.749691 -5.444134 -0.756777 0.955448 -0.395787 -0.458579 0.492438 1.049847 0.418859 -1.506773 -0.211386 1.205287 5.278254 16.725391 -0.271691 -2.981961 6.613216 -2.233521 -3.225831 -15.362784 -2.561252 -5.693736 -13.226254 -6.331320 3.825406 1.324897 5.204596 2.422420 -4.482289 -0.709196 -0.215435 0.155066 -0.719296 0.565737 0.370939 0.824495 1.879665 5.236186 -2.427840 0.993405 -0.574470 0.190268 -1.492411 1.089309 0.983874 -0.192269 11.324032 -0.471522 2.058707 -12.704598 -0.398035
-0.144265 14.153985 0.267187 -0.462955 1.124197 -0.249229 0.759394 -0.720186 0.107809 -2.959339 6.072068 -0.512308 1.665677 -7.684695 -1.073117 1.039593 -0.521474 -0.517679 0.477177 1.171561 0.392443 -1.459274 -0.313742 0.975035 5.097008 15.479945 -0.365918 -2.956210 8.058110 -2.418461 -3.003768 -16.094946 -2.451636 -5.336202 -11.055738 -5.790196 3.568078 1.982712 4.957503 2.156260 -5.679715 -1.075877 -0.202327 0.237109 -0.808361 0.436448 0.336828 0.623448 1.983065 4.962639 -2.710677 0.989326 -0.638521 0.262246 -1.383784 0.989468 0.848231 -0.107259 11.643942 -0.335208 1.772066 -12.889037 -0.653537
-0.155907 14.142722 0.253819 -0.431570 1.071377 -0.172738 0.713281 -0.557589 0.045401 -2.895421 8.727370 -0.379003 1.746286 -10.041386 -1.193356 1.126114 -0.620962 -0.605733 0.436838 1.350765 0.373273 -1.412971 -0.387369 0.733422 4.876357 13.758903 -0.363328 -2.854002 8.959562 -2.585417 -2.891087 -16.904173 -2.441120 -5.076958 -9.406143 -5.180799 3.503753 3.337363 4.391500 1.830914 -7.338603 -1.062235 -0.169443 0.282516 -0.728338 0.262258 0.197448 0.320087 2.025089 4.659951 -3.225236 0.940416 -0.738210 0.308299 -1.337463 0.912114 0.852928 0.028524 11.728048 -0.340489 1.642747 -12.894315 -0.740570
-0.170896 14.132210 0.234551 -0.391895 0.994443 -0.163064 0.675085 -0.315560 0.086253 -2.851997 11.256816 -0.197508 1.886267 -12.307835 -1.273379 1.138217 -0.682145 -0.636932 0.364450 1.353267 0.306993 -1.220967 -0.374501 0.493324 4.568863 11.494645 -0.382899 -2.956540 9.835200 -2.499704 -2.666225 -17.632773 -2.528674 -4.664865 -6.616803 -4.166436 3.255970 3.285009 3.599314 1.445841 -8.479759 -1.153534 -0.229013 0.301137 -0.606601 0.139725 0.289134 -0.075446 2.083285 4.274765 -3.612935 0.864605 -0.825888 0.393912 -1.309526 0.856598 0.913156 0.084067 11.740116 -0.417911 1.553866 -12.858689 -0.645035
-0.178367 14.126260 0.224827 -0.378263 0.929900 -0.205441 0.662846 -0.096852 0.083307 -2.924722 13.502776 0.018660 1.996234 -14.393291 -1.352355 1.191209 -0.728590 -0.618509 0.284574 1.360760 0.301366 -1.111399 -0.432444 0.317971 4.161949 8.505555 -0.773286 -3.205844 11.102049 -2.069416 -2.296624 -17.987840 -2.620810 -4.277236 -3.732186 -3.157475 3.131550 3.253687 2.678459 1.167173 -9.784785 -1.175779 -0.298358 0.393961 -0.610019 0.160724 0.418147 -0.215874 1.942409 3.757566 -3.780081 0.689549 -0.915924 0.218193 -1.287325 0.752598 0.923442 0.195284 12.089695 -0.297858 1.386920 -13.149866 -0.790890
-0.182087 14.120080 0.211663 -0.369638 0.923927 -0.151816 0.672752 0.105527 0.045700 -3.113737 15.659023 0.145410 2.112186 -16.560455 -1.308138 1.252651 -0.810441 -0.714336 0.159319 1.373025 0.306369 -0.933805 -0.393713 0.146163 3.683135 5.175648 -1.104981 -3.475186 12.063508 -1.478127 -1.908681 -17.772807 -2.739783 -3.907645 -0.879136 -2.157873 3.001568 3.191467 1.753060 0.814851 -11.380112 -1.179457 -0.310872 0.345090 -0.686389 0.144703 0.540631 -0.483142 1.786192 3.213386 -4.103237 0.620902 -1.068186 0.287398 -1.268175 0.610080 1.031166 0.278320 12.262507 -0.366438 1.406078 -13.072230 -0.706359
-0.187031 14.115549 0.204148 -0.377548 0.918560 -0.030256 0.666609 0.265154 0.081181 -3.014624 17.994389 0.231891 2.064584 -18.840612 -1.371710 1.305974 -0.791995 -0.837284 0.038774 1.281492 0.377726 -0.787283 -0.392973 -0.040762 3.286685 1.758281 -1.608496 -3.820110 12.645200 -0.786135 -1.502348 -16.749662 -2.727264 -3.674112 2.086550 -1.240068 3.001809 2.898776 1.021150 0.499496 -12.982164 -1.248561 -0.367269 0.344198 -0.784697 0.142310 0.742893 -0.730799 1.761778 2.825092 -4.330432 0.645676 -1.209174 0.191233 -1.240567 0.695886 1.095136 0.340725 11.828621 -0.580273 1.436974 -12.689859 -0.522181
-0.198481 14.115518 0.186154 -0.340641 0.851486 -0.044668 0.545929 0.455062 0.092959 -2.911524 20.418626 0.304876 2.023900 -21.074561 -1.494543 1.267780 -0.750209 -0.817237 -0.094303 1.200378 0.428071 -0.563114 -0.386263 -0.217455 2.929468 -1.574678 -2.025058 -4.231021 13.175432 -0.035049 -1.303662 -15.721795 -2.770974 -3.561555 4.855010 -0.455864 3.092939 2.733623 0.491967 0.121228 -14.318299 -1.469862 -0.306823 0.290594 -0.908814 0.028838 1.112083 -0.819781 1.737320 2.362115 -4.528547 0.591499 -1.413439 0.121740 -1.297386 0.730542 1.144773 0.339099 11.666634 -0.564063 1.399398 -12.513000 -0.537922
-0.207377 14.122623 0.168860 -0.281671 0.849190 -0.055449 0.481122 0.599863 -0.050205 -2.861611 23.048319 0.414390 2.128540 -23.423934 -1.572579 1.216445 -0.766742 -0.842090 -0.213749 1.169907 0.468681 -0.409822 -0.301441 -0.450020 2.501413 -4.868647 -2.257839 -4.366352 13.370500 0.703783 -1.147228 -14.748298 -2.835707 -3.454558 7.474475 0.441768 3.252103 2.609428 -0.114978 -0.209933 -15.657331 -1.595544 -0.205559 0.227420 -0.979766 -0.133385 1.275365 -0.837209 1.700500 2.129912 -4.790265 0.606787 -1.521700 -0.060245 -1.389436 0.619033 1.199769 0.433592 11.795559 -0.651618 1.414569 -12.602622 -0.496507
-0.208739 14.128665 0.160832 -0.311477 0.862934 -0.056369 0.480084 0.786303 -0.148977 -2.735778 25.064571 0.478392 2.029250 -25.342005 -1.552960 1.261604 -0.755221 -0.807400 -0.353489 1.122867 0.435721 -0.268784 -0.356639 -0.622976 2.121369 -7.824480 -2.517119 -4.532344 13.290476 1.394200 -0.883273 -13.936463 -2.783632 -3.426815 10.161381 0.885162 3.452836 2.468400 -0.222101 -0.795373 -16.661343 -1.853659 -0.113137 0.196441 -1.095760 -0.212673 1.364225 -0.755825 1.551325 2.108838 -4.865150 0.577432 -1.552473 -0.272228 -1.404899 0.531812 1.254068 0.522231 11.343799 -0.641359 1.380017 -12.025292 -0.507195
-0.211461 14.136484 0.159792 -0.261594 0.891004 -0.036181 0.496264 0.973196 -0.291846 -2.719502 26.887477 0.688704 2.035021 -27.145699 -1.719980 1.140098 -0.762848 -0.829108 -0.317131 1.129795 0.440984 -0.263535 -0.286735 -0.891090 1.702652 -11.049450 -2.683597 -4.567692 13.119027 1.930012 -0.637335 -13.488583 -2.782632 -3.401159 12.147265 1.283965 3.644430 2.812597 -0.166036 -1.395615 -17.810435 -2.155537 0.058651 0.072719 -1.106570 -0.363648 1.489804 -0.750084 1.522501 2.089219 -4.897987 0.552482 -1.732863 -0.301015 -1.465974 0.476219 1.309863 0.603903 11.013144 -0.700257 1.299941 -11.735332 -0.504383
-0.210700 14.130007 0.156676 -0.300742 0.909325 -0.019897 0.480314 1.056003 -0.313673 -2.486699 28.471822 0.745048 2.044989 -28.775143 -1.763744 1.050195 -0.780527 -0.810344 -0.260304 1.094479 0.440174 -0.165916 -0.246363 -1.089682 1.237226 -13.821425 -2.940996 -4.738357 12.634607 2.570590 -0.172714 -13.219137 -2.828311 -3.612666 14.147490 1.609136 4.006499 3.269329 -0.053538 -1.977668 -19.360586 -2.578372 0.124100 -0.046711 -1.058190 -0.429950 1.633237 -0.669222 1.401733 2.170776 -4.835941 0.594956 -1.752006 -0.376846 -1.391541 0.549789 1.363958 0.474570 10.588970 -0.781497 1.453393 -11.384359 -0.392075
-0.212143 14.123662 0.150416 -0.302466 0.926895 0.009133 0.465879 1.290425 -0.339736 -2.293964 29.563068 0.693985 1.986439 -29.956315 -1.803735 0.919123 -0.726737 -0.842821 -0.239878 0.999673 0.439198 0.003450 -0.176035 -1.222796 0.619768 -16.638741 -3.227655 -4.549028 12.087686 2.841655 0.180182 -13.348453 -2.878972 -3.877372 15.661167 1.810403 4.326145 3.758279 0.099232 -2.476321 -20.523970 -2.873798 0.147124 -0.215224 -1.077336 -0.535581 1.748484 -0.505268 1.416747 2.323206 -4.862489 0.660910 -1.921007 -0.512279 -1.405662 0.615297 1.334220 0.313685 10.141807 -0.702902 1.588799 -10.982892 -0.456685
-0.212908 14.115705 0.138600 -0.274705 0.923895 0.019991 0.446645 1.630237 -0.383052 -2.186668 30.179679 0.873372 1.798877 -30.868153 -2.215585 0.800832 -0.679695 -0.857184 -0.238648 0.906601 0.376623 0.087507 -0.126976 -1.314843 0.135382 -18.953603 -3.424569 -4.333137 10.607158 3.067482 0.418740 -12.089513 -3.132035 -3.865474 16.923744 1.858987 4.398359 4.300915 0.425095 -2.950007 -21.667115 -3.247233 0.248925 -0.290203 -1.083511 -0.663069 1.814889 -0.331965 1.452586 2.445208 -4.595649 0.687971 -2.094044 -0.430319 -1.533698 0.608402 1.378943 0.324008 9.861010 -0.769023 1.835404 -10.788770 -0.328605
-0.206687 14.105569 0.128257 -0.280038 1.020427 0.072388 0.497245 1.850746 -0.475082 -2.030601 30.868756 1.008934 1.522056 -32.059353 -2.566519 0.713406 -0.675379 -0.868489 -0.163837 0.805912 0.265541 0.086636 -0.111638 -1.359377 -0.362546 -21.039350 -3.837945 -3.959654 8.681226 3.366864 0.453137 -10.705526 -3.191916 -3.842331 17.761145 1.859741 4.381448 5.278269 0.628065 -3.279089 -23.073400 -3.603477 0.355215 -0.357056 -1.082157 -0.890648 1.931560 -0.158921 1.435682 2.539787 -4.346606 0.765589 -2.287624 -0.375707 -1.567115 0.717844 1.371091 0.259588 8.843394 -0.857699 1.983526 -10.279083 -0.176627
-0.210934 14.100101 0.110867 -0.288426 1.023071 0.087165 0.534998 2.001194 -0.475979 -1.768222 31.599056 0.858014 1.322338 -33.040235 -2.583691 0.614424 -0.643929 -0.881592 -0.026574 0.891783 0.178052 0.012166 -0.186300 -1.380720 -0.789193 -22.492538 -4.142891 -3.430792 5.357666 3.619442 0.418114 -8.411749 -3.123438 -3.895094 18.430125 1.890181 4.311407 6.493342 1.061928 -3.674258 -24.325659 -4.082191 0.429752 -0.413069 -1.111397 -1.031253 1.912202 0.089246 1.538091 2.568906 -4.069858 0.830374 -2.312053 -0.298012 -1.607241 0.801596 1.401864 0.134821 7.858178 -0.866051 2.013636 -9.598817 -0.111192
-0.212711 14.094235 0.108555 -0.303412 1.060774 0.144099 0.579559 2.220940 -0.557576 -1.607666 31.902577 0.847670 1.087880 -33.700992 -2.687390 0.584201 -0.670945 -0.920687 -0.025379 0.913299 0.021947 -0.014789 -0.252742 -1.388978 -1.166979 -23.382412 -4.505951 -2.730146 1.360228 3.901964 0.367394 -5.575849 -2.927812 -3.864505 19.048052 1.865871 3.938557 8.256173 1.338926 -3.600573 -26.293225 -4.221651 0.605959 -0.447738 -0.908112 -1.194961 1.913845 0.231111 1.557882 2.765380 -3.869519 0.880143 -2.427288 -0.267565 -1.682676 0.902423 1.393470 0.063741 7.176892 -0.934351 2.220330 -9.209505 0.088231
-0.206460 14.078297 0.094146 -0.350577 1.153561 0.159913 0.696297 2.420042 -0.581246 -1.602191 31.951553 0.983826 0.853705 -34.090513 -2.921361 0.606512 -0.681148 -0.920303 -0.009425 0.990947 -0.114544 -0.115221 -0.394782 -1.292787 -1.475003 -23.426445 -4.885774 -2.217326 -3.112896 4.033899 0.542790 -3.228633 -2.471354 -3.836182 19.121785 1.763164 3.611609 10.136942 1.566555 -3.259784 -27.822065 -4.312871 0.673011 -0.551907 -0.797732 -1.104599 1.837863 0.356512 1.513761 3.046428 -3.718928 0.865615 -2.379635 -0.120498 -1.747187 0.868106 1.455747 -0.091014 6.563386 -0.933274 2.510971 -8.828435 0.088400
-0.194373 14.070377 0.087350 -0.324626 1.219406 0.149269 0.717447 2.648061 -0.653152 -1.584726 32.029844 1.288568 0.673876 -34.703805 -3.101869 0.542364 -0.747035 -0.889045 -0.039212 1.048118 -0.162884 -0.183384 -0.486692 -1.318261 -1.802602 -22.630242 -5.215496 -1.651162 -7.871964 4.117295 0.868984 -1.283397 -1.952757 -3.713536 19.121534 1.557156 3.147099 11.971541 1.803052 -2.998479 -29.274266 -4.483191 0.818858 -0.638833 -0.615725 -1.138680 1.794290 0.556963 1.423479 3.285419 -3.613597 0.878014 -2.381210 -0.063391 -1.851321 0.789419 1.529370 -0.226903 6.074857 -1.007824 2.665268 -8.560399 0.123451
-0.182382 14.062059 0.081263 -0.322592 1.266459 0.165849 0.711651 2.896265 -0.767830 -1.594844 32.264911 1.564150 0.515346 -35.268531 -3.355280 0.536055 -0.784415 -0.909493 -0.121887 1.015224 -0.206047 -0.243635 -0.544588 -1.270643 -1.935336 -21.868466 -5.411580 -1.359418 -11.396782 4.145498 1.230348 -0.927273 -1.454264 -3.623828 19.315168 1.406786 2.755278 13.355154 2.077067 -2.905281 -30.339329 -4.830023 0.845111 -0.505528 -0.441476 -1.024489 1.546276 0.910577 1.464763 3.598451 -3.473049 0.927130 -2.252887 -0.046974 -1.945618 0.547162 1.498866 -0.268039 6.024359 -0.949116 2.822182 -8.509768 -0.039233
-0.171090 14.054940 0.063833 -0.297137 1.356187 0.090776 0.716835 3.151218 -0.697160 -1.481482 32.406916 1.645750 0.228562 -35.822117 -3.623591 0.529903 -0.853349 -0.919429 -0.180026 1.002397 -0.213670 -0.304336 -0.544609 -1.123265 -2.023101 -20.938339 -5.643998 -1.300183 -13.918651 4.144345 1.581822 -0.963053 -1.170459 -3.690091 19.202357 1.294730 2.466605 14.909860 2.116905 -2.513084 -31.199353 -4.874945 0.862652 -0.500678 -0.366396 -0.911676 1.473963 1.116055 1.491972 3.700238 -3.509205 1.022606 -2.154356 0.012728 -2.088264 0.281312 1.544653 -0.441608 5.618021 -0.876119 2.965698 -7.928118 -0.043795
-0.156372 14.052185 0.052178 -0.295317 1.451922 0.005227 0.750560 3.373749 -0.749527 -1.493853 32.490226 1.711303 0.023042 -36.300527 -3.714611 0.510578 -0.935532 -0.937038 -0.166406 1.055286 -0.280244 -0.412679 -0.686428 -0.931905 -1.950651 -20.281519 -5.700585 -1.385788 -14.754068 4.079340 1.599661 -0.760118 -1.090562 -3.729950 19.116499 1.131578 2.303513 15.821657 2.121146 -2.314666 -31.657846 -4.995427 0.849036 -0.444772 -0.299438 -0.756959 1.464122 1.405082 1.415398 3.764037 -3.435398 1.088952 -2.181481 0.095900 -2.230359 -0.106091 1.493862 -0.669675 5.427734 -0.941690 3.229342 -7.489528 0.188277
-0.142248 14.046177 0.033608 -0.296581 1.509607 -0.086607 0.665960 3.499239 -0.777942 -1.415673 32.416683 1.834114 -0.064989 -36.395038 -3.747764 0.547538 -0.962862 -0.910962 -0.217588 1.034328 -0.330265 -0.481365 -0.793795 -0.781661 -1.731193 -19.540853 -5.748458 -1.604991 -14.737442 4.080617 1.515165 -0.872294 -0.963504 -3.771695 19.153190 1.116163 2.197617 16.401669 1.995620 -2.186804 -32.129657 -5.038394 0.856728 -0.410726 -0.145371 -0.576677 1.491554 1.783581 1.508721 3.887774 -3.591551 1.126098 -2.103004 0.069996 -2.317061 -0.542199 1.304822 -1.001167 5.677703 -0.790623 3.679834 -7.371317 0.358512
-0.131680 14.038885 0.025310 -0.304919 1.598330 -0.165815 0.590328 3.640207 -0.676365 -1.252183 32.167478 1.870211 -0.246860 -36.389766 -3.878842 0.648634 -1.071266 -0.941191 -0.239160 1.124366 -0.331355 -0.583141 -0.883807 -0.692152 -1.523092 -18.980323 -5.500265 -1.819033 -13.932359 3.726372 1.419160 -1.199737 -0.928966 -3.744324 19.092309 1.056302 2.001712 16.447437 2.031941 -2.374645 -32.405711 -5.288835 0.835811 -0.392005 0.117873 -0.445901 1.505274 1.997251 1.480233 3.920637 -3.620833 1.134375 -1.968018 0.273255 -2.378390 -1.112035 1.156170 -1.260092 5.930239 -0.686200 3.985994 -7.055553 0.435574
-0.123911 14.040755 0.016728 -0.254299 1.591977 -0.327105 0.478569 3.911484 -0.624906 -1.211306 31.755281 2.100333 -0.328252 -36.372946 -4.073240 0.706380 -1.125851 -0.884827 -0.212146 1.263999 -0.312803 -0.724697 -0.927936 -0.519465 -1.274550 -18.497742 -5.124522 -2.129405 -12.806015 3.381783 1.097360 -1.612062 -0.897587 -3.702224 18.926627 0.824106 1.834890 16.263353 1.951045 -2.991364 -32.686728 -5.700462 0.838888 -0.445059 0.235044 -0.286155 1.504736 2.186290 1.338606 3.947153 -3.638587 1.140917 -1.867258 0.317044 -2.560173 -1.543550 1.071510 -1.565797 6.182808 -0.560570 4.343557 -6.811360 0.505158
-0.115262 14.044703 0.009774 -0.199845 1.626252 -0.410401 0.364569 4.238476 -0.696397 -1.289596 31.541744 2.333520 -0.271086 -36.715074 -4.183634 0.786219 -1.163505 -0.907764 -0.327005 1.183329 -0.271941 -0.723379 -0.881600 -0.366857 -0.912779 -17.864876 -4.850805 -2.446274 -11.391588 3.196019 0.606151 -2.696072 -0.950723 -3.698341 18.804094 0.574977 1.690458 16.030346 2.042577 -3.474385 -32.827299 -6.102013 0.809525 -0.453122 0.262019 -0.060905 1.432498 2.179846 1.234274 3.907896 -3.726047 1.067176 -1.786190 0.498693 -2.675819 -1.906558 1.030381 -1.746216 6.065630 -0.580084 4.480479 -6.362580 0.533796
-0.107463 14.057311 0.005038 -0.189531 1.594939 -0.509196 0.342350 4.657675 -0.622926 -1.150347 31.033211 2.497002 -0.451480 -36.726356 -4.470422 0.887761 -1.150311 -0.877449 -0.395252 1.112860 -0.154756 -0.729633 -0.767452 -0.184898 -0.679025 -17.245382 -4.624376 -2.814733 -9.499674 3.003418 0.098509 -4.149246 -1.275731 -3.666704 18.596780 0.380871 1.665066 15.559228 1.897896 -3.931396 -32.941890 -6.430456 0.657176 -0.482828 0.247517 0.173447 1.604394 2.107066 1.090168 3.830592 -3.651365 1.036415 -1.819181 0.861507 -2.762423 -2.244213 0.925592 -1.957635 6.260656 -0.527849 4.541044 -6.195937 0.725365
-0.096246 14.068542 -0.000655 -0.181992 1.545367 -0.590635 0.339492 4.941253 -0.567275 -1.029535 30.438990 2.460797 -0.426867 -36.363093 -4.553460 0.956821 -1.093120 -0.883209 -0.387656 1.063426 -0.131132 -0.806598 -0.813475 -0.015808 -0.461147 -16.589464 -4.533090 -3.016657 -7.671149 2.859300 -0.451116 -5.276612 -1.530232 -3.652648 18.690201 0.213238 1.789069 14.998763 1.714552 -4.355030 -33.377746 -6.664281 0.624441 -0.419707 0.253996 0.353769 1.606795 1.969140 1.082539 3.656905 -3.884959 1.070882 -1.828360 1.058528 -2.877237 -2.611628 0.855988 -2.074078 6.593224 -0.377725 4.659038 -6.184666 0.684566
-0.080954 14.077885 -0.011079 -0.190374 1.514934 -0.657374 0.316076 5.076029 -0.498556 -0.914044 29.877505 2.419819 -0.544678 -35.955399 -4.723568 1.045752 -1.071475 -0.831953 -0.432570 0.984719 -0.123653 -0.798201 -0.722912 0.086031 -0.274478 -16.193979 -4.461212 -3.223598 -5.730249 2.815335 -1.076147 -6.712379 -1.674736 -3.698611 18.767184 0.051228 1.944380 14.413221 1.675899 -4.813467 -33.530065 -6.991973 0.564895 -0.413643 0.219189 0.408748 1.557931 1.899884 1.127366 3.556334 -4.054840 1.214101 -1.775812 1.189716 -2.885546 -2.857107 0.831875 -2.464020 6.603902 -0.305438 4.777205 -5.782388 0.763654
-0.076164 14.083401 -0.010517 -0.211485 1.463784 -0.681932 0.227661 5.194611 -0.400734 -0.817526 29.461161 2.345920 -0.529215 -35.694169 -4.726118 1.145038 -1.065397 -0.836568 -0.506962 0.939055 -0.128013 -0.818563 -0.633649 0.190413 -0.056715 -14.845461 -4.133728 -3.371447 -5.025891 2.698957 -1.714858 -7.980474 -2.077012 -3.757324 18.651042 0.128951 2.020912 13.954797 1.540199 -5.068224 -33.475988 -7.218972 0.552463 -0.418303 0.264100 0.507316 1.441378 1.829914 1.003558 3.526495 -4.565712 1.235658 -1.635077 1.308411 -2.939263 -3.085518 0.823565 -2.636126 6.715696 -0.128856 4.800146 -5.585746 0.723451
-0.071746 14.093565 -0.017140 -0.179023 1.400470 -0.716386 0.171517 5.442743 -0.372703 -0.853002 28.899999 2.326396 -0.475055 -35.387990 -4.724562 1.201821 -1.032254 -0.799301 -0.438606 0.878573 -0.197369 -0.881671 -0.577249 0.215702 -0.000923 -13.076103 -3.761413 -3.447327 -4.413606 2.524810 -2.357105 -9.769925 -2.372983 -3.958105 18.630804 0.154050 2.116274 13.396584 1.567231 -5.471602 -33.470005 -7.595168 0.503318 -0.294217 0.228909 0.484903 1.354340 1.788571 1.139959 3.336768 -4.723106 1.288142 -1.499468 1.562393 -2.967357 -3.296875 0.772397 -2.881634 6.986003 0.027195 5.043150 -5.653536 0.722288
-0.076521 14.106070 -0.018669 -0.133180 1.285293 -0.697304 0.153345 5.636600 -0.298329 -0.825679 28.208833 2.399114 -0.535314 -34.910286 -4.999884 1.262147 -0.938658 -0.801161 -0.389038 0.767486 -0.194991 -1.007055 -0.484450 0.223954 0.067969 -10.489858 -3.328996 -3.324061 -5.257869 2.151091 -2.985624 -10.736403 -2.729389 -3.967851 18.468768 0.045241 2.040607 12.908635 1.668193 -5.571913 -33.258049 -7.768237 0.616706 -0.224717 0.201092 0.371296 1.214526 1.695049 1.167180 3.353336 -4.916325 1.292525 -1.278265 1.792061 -2.934705 -3.332287 0.835963 -2.927494 6.979528 0.175866 5.099504 -5.476340 0.330184
-0.081447 14.110247 -0.010297 -0.172044 1.191737 -0.649919 0.199302 5.619034 -0.271308 -0.935206 28.273772 2.381793 -0.525619 -34.965677 -5.308089 1.338619 -0.873305 -0.825641 -0.382811 0.679313 -0.253269 -0.992472 -0.388389 0.174892 0.269491 -7.741628 -2.846277 -3.241756 -6.098483 1.943846 -3.666452 -11.874393 -3.287347 -4.164820 18.501021 0.118166 2.216633 12.413319 1.596741 -5.809160 -33.310475 -8.119354 0.569391 -0.120253 0.225183 0.429375 1.079423 1.636388 1.132717 3.457235 -5.125769 1.265694 -1.159306 1.893728 -2.944526 -3.471808 0.849585 -2.905417 7.482118 0.070712 5.238720 -5.676790 0.278272
-0.081422 14.114275 -0.005759 -0.172027 1.110816 -0.614558 0.204737 5.573020 -0.253854 -1.014179 28.067878 2.303010 -0.330864 -34.635656 -5.305032 1.291852 -0.803990 -0.815413 -0.247173 0.654814 -0.297777 -0.939776 -0.364996 0.081951 0.409881 -5.267805 -2.492631 -3.267017 -6.533654 1.840960 -4.155430 -13.232750 -3.854785 -4.432584 18.377858 0.196359 2.343218 11.958341 1.592258 -5.725855 -33.186015 -8.066038 0.366483 0.062839 0.200039 0.492394 0.875466 1.415450 1.118979 3.487559 -5.097041 1.204755 -1.095692 2.043864 -2.960749 -3.297194 0.856713 -2.919955 7.231540 -0.022745 5.259730 -5.400090 0.288529
-0.079181 14.114318 0.009975 -0.186983 1.025077 -0.538717 0.153057 5.449697 -0.206696 -0.925953 27.660607 2.062903 -0.300019 -34.031246 -5.273545 1.286867 -0.708420 -0.901823 -0.231966 0.631554 -0.237218 -0.859840 -0.313297 0.017908 0.530448 -3.227022 -2.259958 -3.240820 -6.309521 1.589529 -4.521222 -14.473476 -4.205066 -4.532329 18.289472 0.253226 2.493348 11.459868 1.517225 -5.640997 -32.761915 -7.911008 0.255368 0.179167 0.178871 0.530570 0.879287 1.210252 1.099652 3.505857 -4.775975 1.077738 -1.068672 2.207244 -2.946234 -3.268399 0.876235 -2.916871 7.802694 -0.157524 5.297403 -5.810758 0.290162
