HIERARCHY
ROOT Pelvis_36
{
  OFFSET 0.000000 0.000000 0.000000
  CHANNELS 6 Xposition Yposition Zposition Zrotation Xrotation Yrotation
  JOINT Spine1_25
  {
    OFFSET -0.000000 0.107229 -0.008756
    CHANNELS 3 Zrotation Xrotation Yrotation
    JOINT Spine2_24
    {
      OFFSET -0.000000 0.928918 -0.447033
      CHANNELS 3 Zrotation Xrotation Yrotation
      JOINT Head_1
      {
        OFFSET 0.000000 0.756457 0.898449
        CHANNELS 3 Zrotation Xrotation Yrotation
        JOINT Jaw_0
        {
          OFFSET 0.000000 -0.134480 0.259727
          CHANNELS 3 Zrotation Xrotation Yrotation
          End Site
          {
            OFFSET 0.000000 -0.033620 0.064932
          }
        }
      }
      JOINT shoulder.L_12
      {
        OFFSET 0.520179 0.396979 0.710814
        CHANNELS 3 Zrotation Xrotation Yrotation
        JOINT Arm2.L_10
        {
          OFFSET 0.685334 -0.046939 -0.007657
          CHANNELS 3 Zrotation Xrotation Yrotation
          JOINT Arm1.L_9
          {
            OFFSET 0.543253 -0.051250 -0.117902
            CHANNELS 3 Zrotation Xrotation Yrotation
            JOINT Palm.L_8
            {
              OFFSET 0.992498 -0.070286 0.013077
              CHANNELS 3 Zrotation Xrotation Yrotation
              JOINT F1.L_3
              {
                OFFSET 0.657152 0.155743 -0.163315
                CHANNELS 3 Zrotation Xrotation Yrotation
                JOINT F2.L_2
                {
                  OFFSET 0.670995 -0.060499 -0.032663
                  CHANNELS 3 Zrotation Xrotation Yrotation
                  End Site
                  {
                    OFFSET 0.167749 -0.015125 -0.008166
                  }
                }
              }
              JOINT F3.L_5
              {
                OFFSET 0.669811 0.155743 0.244974
                CHANNELS 3 Zrotation Xrotation Yrotation
                JOINT F4.L_4
                {
                  OFFSET 0.658335 -0.060499 0.135084
                  CHANNELS 3 Zrotation Xrotation Yrotation
                  End Site
                  {
                    OFFSET 0.164584 -0.015125 0.033771
                  }
                }
              }
              JOINT F5.L_7
              {
                OFFSET -0.042320 0.031166 0.276623
                CHANNELS 3 Zrotation Xrotation Yrotation
                JOINT F6.L_6
                {
                  OFFSET 0.282803 -0.543242 0.371502
                  CHANNELS 3 Zrotation Xrotation Yrotation
                  End Site
                  {
                    OFFSET 0.070701 -0.135811 0.092876
                  }
                }
              }
            }
          }
        }
        JOINT Ear.L_11
        {
          OFFSET -0.242374 0.027336 -0.559952
          CHANNELS 3 Zrotation Xrotation Yrotation
          End Site
          {
            OFFSET -0.060594 0.006834 -0.139988
          }
        }
      }
      JOINT shoulder.R_23
      {
        OFFSET -0.520179 0.396980 0.710814
        CHANNELS 3 Zrotation Xrotation Yrotation
        JOINT Arm2.R_21
        {
          OFFSET -0.685334 -0.046939 -0.007657
          CHANNELS 3 Zrotation Xrotation Yrotation
          JOINT Arm1.R_20
          {
            OFFSET -0.543253 -0.051249 -0.117902
            CHANNELS 3 Zrotation Xrotation Yrotation
            JOINT Palm.R_19
            {
              OFFSET -0.992499 -0.070286 0.013077
              CHANNELS 3 Zrotation Xrotation Yrotation
              JOINT F1.R_14
              {
                OFFSET -0.657152 0.155743 -0.163315
                CHANNELS 3 Zrotation Xrotation Yrotation
                JOINT F2.R_13
                {
                  OFFSET -0.670995 -0.060498 -0.032663
                  CHANNELS 3 Zrotation Xrotation Yrotation
                  End Site
                  {
                    OFFSET -0.167749 -0.015125 -0.008166
                  }
                }
              }
              JOINT F3.R_16
              {
                OFFSET -0.669811 0.155743 0.244973
                CHANNELS 3 Zrotation Xrotation Yrotation
                JOINT F4.R_15
                {
                  OFFSET -0.658336 -0.060498 0.135084
                  CHANNELS 3 Zrotation Xrotation Yrotation
                  End Site
                  {
                    OFFSET -0.164584 -0.015125 0.033771
                  }
                }
              }
              JOINT F5.R_18
              {
                OFFSET 0.042319 0.031166 0.276623
                CHANNELS 3 Zrotation Xrotation Yrotation
                JOINT F6.R_17
                {
                  OFFSET -0.282804 -0.543243 0.371502
                  CHANNELS 3 Zrotation Xrotation Yrotation
                  End Site
                  {
                    OFFSET -0.070701 -0.135811 0.092876
                  }
                }
              }
            }
          }
        }
        JOINT Ear.R_22
        {
          OFFSET 0.242375 0.027336 -0.559952
          CHANNELS 3 Zrotation Xrotation Yrotation
          End Site
          {
            OFFSET 0.060594 0.006834 -0.139988
          }
        }
      }
    }
  }
  JOINT Leg1.L_29
  {
    OFFSET 0.328149 -0.114614 0.023473
    CHANNELS 3 Zrotation Xrotation Yrotation
    JOINT Leg2.L_28
    {
      OFFSET 0.281728 -0.774454 0.253978
      CHANNELS 3 Zrotation Xrotation Yrotation
      JOINT Leg3.L_27
      {
        OFFSET 0.195981 -0.568923 -0.508988
        CHANNELS 3 Zrotation Xrotation Yrotation
        JOINT Foot.L_26
        {
          OFFSET 0.249993 -0.709813 0.530126
          CHANNELS 3 Zrotation Xrotation Yrotation
          End Site
          {
            OFFSET 0.062498 -0.177453 0.132531
          }
        }
      }
    }
  }
  JOINT Tail1_31
  {
    OFFSET -0.000000 -0.150016 -0.336262
    CHANNELS 3 Zrotation Xrotation Yrotation
    JOINT Tail2_30
    {
      OFFSET -0.000000 -0.088392 -1.101606
      CHANNELS 3 Zrotation Xrotation Yrotation
      End Site
      {
        OFFSET -0.000000 -0.022098 -0.275401
      }
    }
  }
  JOINT Leg1.R_35
  {
    OFFSET -0.328149 -0.114614 0.023473
    CHANNELS 3 Zrotation Xrotation Yrotation
    JOINT Leg2.R_34
    {
      OFFSET -0.281728 -0.774454 0.253978
      CHANNELS 3 Zrotation Xrotation Yrotation
      JOINT Leg3.R_33
      {
        OFFSET -0.195981 -0.568923 -0.508988
        CHANNELS 3 Zrotation Xrotation Yrotation
        JOINT Foot.R_32
        {
          OFFSET -0.249993 -0.709812 0.530126
          CHANNELS 3 Zrotation Xrotation Yrotation
          End Site
          {
            OFFSET -0.062498 -0.177453 0.132531
          }
        }
      }
    }
  }
}
MOTION
Frames: 113
Frame Time: 0.03333333
0.027168 2.201460 0.183061 0.267136 14.869796 -1.701777 1.151322 5.828455 -0.396498 -1.437240 -3.172272 1.864503 -0.192179 -18.000617 0.606871 -3.036957 -6.129418 1.321785 -7.321916 -2.380616 1.793557 -33.540421 -28.084376 7.818270 -39.905320 -8.874015 -43.230539 19.686105 42.381371 8.047201 -10.863067 0.551334 -3.929612 -17.051046 11.681303 6.653003 0.671632 -0.226107 -1.499810 -48.107238 -39.618595 -47.457388 8.106867 5.562152 9.049468 -61.076634 2.879517 9.538789 2.685794 -9.795704 -5.160269 11.036744 -1.796981 -6.653318 51.556300 -8.602223 29.167992 4.159454 12.288995 35.606047 -9.050570 9.987412 -29.088734 22.029218 10.556614 26.471191 43.170802 -10.868937 13.653073 28.211533 4.823612 17.179143 39.382881 -17.414563 13.148448 7.739972 17.709129 21.203029 14.731440 3.414866 20.748475 5.767045 -17.014501 10.792074 -1.982081 11.696274 11.405289 1.630598 20.953518 -5.483493 4.343398 -20.870207 -1.965935 -2.544680 -24.369672 -3.578445 0.250016 -10.954503 -1.738751 1.600143 9.574990 -2.466982 0.077456 -20.947228 -0.112964 13.296479 13.852583 -2.341303 -9.777956 -13.743686 0.257033 -2.441832 6.740650 -2.549034
0.028621 2.197249 0.172257 0.210112 14.347173 -1.989199 1.127841 5.769531 -0.242862 -1.413015 -2.981697 1.746051 0.209998 -18.279115 0.615067 -2.653373 -6.348583 1.604669 -7.658105 -2.032746 1.924110 -34.084853 -28.284700 7.593309 -40.044216 -8.879455 -43.183685 21.405705 43.934831 7.300520 -9.922855 0.347053 -4.197908 -16.017299 12.284495 5.364600 1.441983 -0.315591 -1.510175 -49.768141 -40.372168 -49.674303 8.520621 4.810773 8.928592 -58.088282 1.627437 9.349229 2.332229 -9.768810 -5.692929 11.171300 -1.690780 -6.821258 52.026899 -8.667807 30.877368 4.472326 11.851604 34.366359 -9.470719 10.256543 -29.091005 22.389512 10.906996 24.769934 44.869624 -7.955814 13.734342 28.362299 5.364129 17.248814 38.868407 -16.163012 11.825817 9.673411 18.213445 21.540658 16.400793 3.732487 21.727939 4.529068 -18.221816 10.804538 -1.909395 12.765259 11.346481 0.939388 20.878918 -5.272891 4.905512 -20.584144 -1.387658 -2.702726 -25.272620 -3.926849 0.141063 -11.092197 -2.177173 1.870877 9.076563 -2.027074 0.230136 -19.596782 0.036725 12.450179 13.122593 -2.001497 -9.015376 -13.374299 0.481442 -2.291949 5.415296 -2.427350
0.031086 2.197884 0.155105 0.231118 13.633549 -2.342515 1.186276 5.702961 -0.130330 -1.357554 -2.521496 1.641920 0.687897 -18.673557 0.567026 -1.874897 -6.176332 2.030349 -8.018262 -1.516133 2.305289 -34.256444 -28.460569 7.423897 -40.289875 -8.902738 -43.420786 22.004468 45.203094 7.511750 -8.789313 1.123737 -4.139739 -15.284474 13.365517 5.747250 2.031316 0.063372 -1.160159 -51.386756 -40.159946 -50.317661 8.303610 3.819235 8.894912 -53.278441 -0.774440 9.387069 1.800086 -9.641357 -5.921588 11.246013 -1.719715 -6.971094 52.658553 -8.717148 32.736058 5.006214 11.781682 33.377143 -9.559800 10.242456 -29.188642 23.941010 11.765199 24.827902 45.520486 -7.695875 12.369879 29.000468 5.579505 16.619312 37.329902 -15.750687 10.335477 11.447246 19.053238 21.156947 17.362396 4.423993 22.407441 4.411233 -19.242330 11.391956 -1.907176 13.980610 11.481329 -0.034002 19.863847 -5.428092 5.721498 -20.076454 -0.844037 -2.847959 -24.402518 -4.131950 -0.001545 -11.127086 -2.213072 2.380998 8.318610 -1.450738 0.260173 -18.082786 0.114934 11.509242 11.672297 -1.312111 -8.353250 -12.454502 0.791310 -2.063432 4.235396 -1.889180
0.034271 2.200217 0.132632 0.368941 13.174034 -2.661224 1.218367 5.863221 -0.092971 -1.377044 -2.413903 1.740144 1.183520 -18.750982 0.428657 -1.337562 -5.618831 2.285621 -8.233365 -1.443854 2.478271 -34.427741 -28.432616 7.108658 -40.217647 -8.941084 -43.591094 21.992074 45.513014 8.485451 -7.748387 1.714459 -3.597353 -14.230486 13.416539 6.844455 2.438123 0.444798 -0.847599 -52.367701 -40.042756 -52.010024 8.176437 3.125427 8.896898 -50.692267 -1.835473 9.355164 1.289141 -9.265307 -6.380702 10.960251 -1.750486 -6.924386 52.822731 -8.680897 34.258082 4.886148 11.779475 32.743854 -9.221658 9.815061 -30.100817 25.340526 12.740538 24.890038 46.464110 -7.457161 12.094008 29.101899 6.358125 16.367431 36.472406 -15.315180 9.770530 13.013726 20.389330 20.727893 19.101867 5.539488 23.539959 4.313428 -19.594067 11.823410 -1.753493 14.601902 11.622200 -1.191314 18.317219 -5.884001 6.263825 -19.454218 -0.276959 -2.678419 -22.430521 -3.881892 -0.246454 -11.257592 -2.090274 2.711790 8.346630 -0.734083 0.282525 -17.174224 0.219203 10.812460 11.571295 -0.938957 -7.717397 -12.611614 1.128637 -2.080702 3.264779 -1.298155
0.033612 2.209421 0.106461 0.560085 12.881338 -2.758588 1.223995 5.960156 -0.225137 -1.523407 -2.295824 1.727157 1.629794 -19.288084 0.306402 -1.049729 -5.168943 2.608707 -8.225597 -1.533914 2.733583 -34.624642 -28.391533 6.697145 -40.121361 -9.000826 -43.056982 22.551243 46.064311 8.398988 -7.255861 2.488265 -3.001021 -13.226166 14.077476 6.824806 2.860011 0.494660 -0.429805 -52.449638 -40.267185 -53.987378 7.963269 2.452555 9.150125 -48.957557 -1.648067 9.284413 0.533835 -8.540368 -6.629097 10.645591 -1.767647 -6.834131 52.746027 -8.412059 35.346113 4.986509 11.665955 32.452023 -8.979679 9.500794 -30.907189 26.690518 14.309268 25.233753 46.673705 -6.965841 12.424483 29.344374 7.550683 15.549333 35.898140 -15.001567 8.291139 14.269887 20.806133 20.603303 20.361729 5.911604 24.545236 4.483738 -20.201150 12.115835 -1.681565 14.567814 11.628518 -1.853173 16.908002 -6.228949 6.274642 -19.108760 0.165976 -2.407272 -20.176557 -3.924315 -0.444046 -11.335838 -1.859199 2.956610 8.618760 -0.177011 0.324790 -16.677228 0.328593 10.050465 10.778924 -0.468626 -7.236105 -11.425960 1.283401 -2.329118 3.122537 -0.650091
0.034346 2.220432 0.080120 0.765048 12.865449 -2.796183 1.242686 6.038488 -0.350531 -1.722282 -2.237363 1.699938 2.186727 -19.680375 0.219201 -0.348200 -4.803990 2.802105 -8.123840 -1.446182 3.247784 -34.287404 -28.328671 6.019716 -40.281694 -8.998649 -42.782036 22.766689 45.616766 8.921485 -6.608678 2.638412 -3.051216 -10.758181 14.310411 6.510947 3.303153 0.534292 -0.479001 -52.588640 -39.540563 -54.852363 8.098231 1.780799 8.839641 -47.732636 -1.646318 9.023979 -0.477554 -7.855312 -6.170701 10.352957 -1.506968 -6.426946 52.431807 -8.194119 36.375090 4.670193 10.977265 32.704821 -8.299469 9.001345 -31.261387 27.986994 15.468991 25.407702 46.687021 -7.094153 12.774189 29.341629 8.655042 15.251285 34.680276 -14.864773 7.539117 15.449860 21.094926 20.425471 21.125076 5.155026 25.413704 4.476471 -19.348716 12.038739 -1.534818 14.005552 11.666347 -2.216925 14.873855 -6.624142 5.776392 -18.452426 0.286452 -2.076544 -18.880353 -3.835013 -0.668955 -10.916085 -1.458233 3.020892 8.890470 0.076914 0.227996 -16.529109 0.495540 9.550764 9.444601 0.105892 -6.833673 -10.116814 1.325560 -2.118852 2.885789 -0.038738
0.033724 2.233580 0.056707 1.049840 12.935553 -2.674128 1.168616 6.236999 -0.466646 -1.905751 -2.204683 1.502676 2.854730 -20.500352 0.281632 0.451676 -5.060727 2.843140 -7.868199 -1.454511 3.667120 -34.357385 -28.482251 5.202061 -40.335559 -9.112371 -42.645166 22.280782 45.654285 10.000499 -6.340424 3.182561 -2.449645 -9.340978 13.741660 6.111812 3.476361 0.716147 -0.184428 -53.200231 -39.266050 -55.903345 8.196709 1.183981 8.613168 -45.933604 -2.038496 8.587167 -1.229573 -7.424714 -5.287065 10.132511 -1.360031 -6.070767 52.352981 -7.582197 37.164645 4.087848 10.247257 33.231428 -8.136103 8.787299 -31.424314 29.652071 17.071292 25.667100 46.297490 -7.834092 12.951398 29.425987 9.603870 15.450702 34.432735 -15.370133 7.926252 16.627732 21.899236 20.949994 21.027177 4.329259 26.147858 4.031895 -19.266589 12.160889 -1.288454 13.301184 11.589994 -2.490110 12.974891 -6.859135 4.833885 -17.930002 0.485810 -1.919651 -17.407661 -4.142507 -0.850692 -10.661360 -1.089455 2.895764 9.826654 0.561912 -0.048204 -16.625447 0.336801 9.097939 8.372548 0.677611 -6.727051 -8.832022 1.105197 -1.915521 2.701923 -0.313847
0.033802 2.246843 0.032763 1.300870 13.220011 -2.501277 1.077747 6.420492 -0.727109 -2.153065 -2.274349 1.422439 3.396490 -21.420356 0.331472 0.948007 -5.634561 2.898934 -7.895985 -1.401944 4.099028 -34.446038 -28.880173 4.177198 -40.067389 -8.791196 -42.623021 22.277367 45.420585 10.698788 -6.032010 3.839646 -2.107378 -8.908222 13.314068 6.168288 3.816184 1.042398 -0.100364 -53.952279 -39.209063 -56.927053 8.785867 0.937110 8.424131 -45.056808 -2.645777 7.861197 -2.346281 -6.284743 -4.172812 9.972388 -1.300218 -5.439298 52.202845 -7.116426 37.737015 3.725925 9.302714 33.884946 -7.467546 8.437397 -31.185061 30.913510 17.834199 26.001506 45.429429 -9.004766 12.940600 29.447727 10.157474 16.030159 34.030107 -15.117792 8.285827 17.529653 22.645434 22.130995 20.468115 3.242074 27.569761 3.640319 -18.457899 12.469796 -0.959741 12.197238 11.327088 -2.553241 10.998681 -6.943331 3.690745 -16.740195 0.814877 -1.657593 -15.643810 -4.453756 -1.031805 -9.923359 -0.544469 2.663056 9.650617 0.919567 -0.193469 -16.674836 0.108319 8.498092 6.979659 1.183016 -6.466771 -7.821668 1.062339 -1.742605 2.522065 -0.744689
0.032554 2.262354 0.008994 1.516755 13.516288 -2.206951 0.825263 6.442948 -0.961528 -2.350237 -2.300387 1.422460 3.739487 -22.100566 0.178116 1.228473 -6.131527 2.947759 -7.941244 -1.242406 4.336533 -34.357107 -29.334348 3.246148 -40.133739 -8.452401 -42.600877 21.649682 45.208490 11.959522 -5.873576 4.587943 -1.647187 -8.133504 13.112110 6.308592 3.798160 1.062918 -0.063028 -54.395348 -38.807352 -57.579668 9.039457 0.478337 8.230066 -44.167846 -2.551399 7.482403 -2.475856 -5.692415 -2.100960 9.822582 -1.198020 -4.980188 51.636888 -6.697544 37.988756 3.491392 8.655924 35.220251 -6.953657 8.178380 -31.405568 31.187746 18.465916 26.414054 44.058252 -10.087167 13.253306 29.578807 11.066127 15.986197 34.527110 -15.241450 8.553920 18.196485 23.307412 23.602359 18.170325 2.026400 29.077978 2.883122 -17.667957 12.442830 -0.722153 11.055457 11.023740 -2.511986 9.568542 -6.994008 2.688268 -16.118076 1.273097 -1.361350 -13.830371 -4.778401 -1.219241 -9.238149 -0.084227 2.436455 9.129322 0.853416 -0.449661 -16.924596 -0.289270 8.121943 5.926781 1.450273 -6.220288 -6.861400 1.098678 -1.787980 2.282282 -1.125459
0.029402 2.274322 -0.016307 1.624658 13.793363 -1.897371 0.502232 6.481537 -1.190542 -2.502423 -2.437249 1.454623 4.211793 -22.893426 0.020395 1.096147 -6.486673 2.888259 -7.907355 -1.056099 4.381176 -34.129841 -30.159791 2.413974 -39.325812 -7.603306 -42.376726 20.793321 44.494335 13.134749 -5.565563 4.991501 -1.225237 -7.753862 12.421662 6.283846 3.805461 1.340763 0.004239 -55.321901 -38.170032 -57.642810 9.429620 0.894848 8.304211 -42.248594 -2.677667 7.295663 -2.256606 -5.059049 -0.291308 9.813321 -1.033212 -4.673131 51.457696 -6.508431 37.982129 3.125330 8.264603 37.056378 -5.958755 7.931207 -31.149185 30.898680 18.301258 26.754544 42.152574 -11.563768 13.889616 29.165355 11.476664 15.925983 34.480941 -15.869244 8.488763 18.160652 24.298835 24.827753 15.511394 1.662889 30.952933 1.128007 -16.294515 12.086500 -0.283540 9.986561 10.719920 -2.697117 8.153874 -7.054636 1.810849 -15.553203 1.525448 -1.150978 -11.839306 -5.167648 -1.332500 -8.765063 0.247173 2.219450 8.675298 0.886350 -0.629353 -16.889079 -0.859756 7.850731 4.684834 1.819636 -6.203203 -6.009536 1.185422 -1.504990 2.206947 -1.458226
0.022078 2.283411 -0.034622 1.771593 14.038145 -1.550932 0.231237 6.699729 -1.523331 -2.533313 -2.703140 1.453977 4.342337 -23.585031 -0.102138 0.910859 -6.826480 2.959289 -8.200749 -0.839595 4.439052 -33.715185 -30.793947 1.777153 -38.922602 -6.589083 -42.172910 19.854065 43.793421 14.659832 -5.586830 6.047394 -0.937590 -7.305338 11.706723 6.683514 3.656063 1.773690 -0.023507 -55.956774 -37.325304 -57.834016 9.618293 1.070124 8.182628 -41.424461 -2.187206 7.431769 -1.973107 -5.245036 0.939605 9.734534 -0.889814 -4.205436 51.108016 -6.650776 37.748238 2.801660 7.772640 39.406509 -4.358649 8.125706 -31.140361 30.658194 19.050677 27.478212 39.815506 -12.763988 14.380942 29.235815 12.273876 15.728210 35.144348 -15.731175 7.662900 18.317448 25.072422 26.860652 12.904092 1.147526 32.937732 0.250563 -15.355428 11.570148 0.091791 9.106204 10.568679 -2.872308 7.578991 -7.042488 1.248435 -15.533103 1.706223 -1.048206 -10.156044 -5.376050 -1.537022 -8.347743 0.499786 1.971935 8.152099 1.090653 -0.745373 -16.863589 -1.458200 7.693399 4.122262 2.157176 -6.384073 -5.796005 1.227487 -1.389280 2.145318 -1.601836
0.014718 2.289121 -0.046422 1.854429 14.343448 -1.230381 -0.123865 6.587436 -1.649433 -2.500060 -2.741190 1.234970 4.665235 -24.030301 -0.105200 0.846507 -6.850035 2.708483 -8.335594 -0.672950 4.435969 -33.456410 -31.682603 1.211979 -38.281590 -5.568541 -41.860138 18.987984 43.247616 15.757484 -5.362393 6.446898 -0.516136 -7.316774 10.907346 6.686644 3.483222 2.131269 0.081901 -56.522140 -36.815666 -57.701230 9.752842 1.546405 8.362114 -41.161317 -1.676014 8.016311 -1.334626 -5.583466 2.412038 9.744045 -0.806000 -3.829750 50.640500 -6.892927 37.923148 2.608180 7.311190 41.834068 -2.489605 7.950496 -30.963784 29.808683 19.793350 27.730948 38.316919 -14.188430 15.202085 28.922419 13.277462 15.510771 35.563043 -14.863246 6.545548 18.091223 26.137904 28.321487 10.248197 1.323269 35.547236 -1.445761 -14.682747 10.350419 0.569131 8.239197 10.483387 -3.130511 6.584932 -7.146210 0.731673 -15.024842 2.100233 -0.966326 -8.990540 -5.830773 -1.717034 -8.130492 0.806399 2.133669 7.110578 1.112428 -0.883908 -17.163380 -2.057095 7.622534 3.914752 2.381737 -6.367342 -5.516641 1.404967 -1.298120 2.278936 -1.925819
0.003725 2.298850 -0.054140 1.828988 14.758618 -0.873383 -0.592253 6.678777 -1.700438 -2.335037 -3.138821 0.985921 5.052786 -24.382245 -0.291065 0.829186 -6.913983 2.504656 -8.274032 -0.486559 4.268534 -33.633275 -32.229957 0.831974 -37.167200 -4.223548 -41.998540 17.206852 42.016424 17.767412 -5.556125 7.403888 -0.130569 -7.818499 10.194835 6.921817 3.145799 2.567621 0.145503 -57.177029 -35.858791 -57.620075 9.691185 1.750916 8.353352 -42.022761 -1.594739 8.550952 -0.837352 -5.869430 3.429065 9.854163 -0.597917 -3.459966 49.706034 -7.085788 38.465897 2.833442 6.679816 44.046815 -1.050405 7.652870 -31.374498 28.792423 20.800292 28.017338 36.158009 -14.930437 16.152714 28.466350 14.726937 15.457262 36.693484 -12.752843 5.474779 17.932593 26.739203 28.951788 8.269259 1.444313 38.646047 -2.485163 -13.047450 9.416868 1.091192 7.201997 10.306448 -3.381438 4.993793 -7.057530 0.376671 -13.555548 2.685133 -0.987963 -8.112954 -6.301957 -1.747757 -8.115891 0.907739 2.294407 6.186568 1.175225 -0.899351 -17.308398 -2.832992 7.748950 3.602539 2.605932 -6.545615 -5.455566 1.655933 -1.335616 2.359334 -2.159562
-0.006804 2.302947 -0.063011 1.749107 15.183359 -0.519921 -1.019938 6.544645 -1.822207 -2.108389 -3.227436 0.873386 5.441151 -24.804611 -0.553159 0.877750 -7.121580 2.368428 -8.318619 -0.177447 4.105286 -33.644828 -33.121418 0.429549 -36.733734 -3.171690 -42.182648 15.414843 42.095450 19.763656 -5.909624 8.313557 0.371451 -9.132931 9.972269 7.143856 2.786567 3.001550 0.446510 -57.723152 -35.189609 -56.957313 9.538484 1.848087 8.640152 -42.299850 -1.773516 8.366442 0.248514 -6.494972 5.180195 9.943802 -0.530462 -3.259584 48.591301 -7.214467 39.534567 2.946842 5.712642 46.233305 0.826742 6.617137 -31.765369 27.849432 21.439777 26.986325 33.898808 -15.561441 16.754801 27.690882 15.979305 14.481951 38.184757 -10.384048 4.548056 17.559573 27.726670 27.777742 7.504155 1.549033 39.541085 -3.368225 -12.135904 8.607989 1.658524 5.850864 10.083555 -3.555722 4.358255 -6.970851 -0.046275 -12.684445 2.975065 -0.885120 -7.604454 -6.590830 -1.636414 -8.202429 0.978281 2.406474 5.535437 1.227114 -0.753389 -17.492617 -3.415086 7.983454 3.571721 2.650538 -6.865347 -5.896768 1.792594 -1.327389 2.622214 -2.247860
-0.018723 2.301338 -0.068425 1.668015 15.657688 -0.182141 -1.418418 6.511293 -1.862455 -1.815329 -3.569956 0.907827 5.730529 -25.298197 -1.048472 0.756973 -7.317492 2.249611 -8.406107 0.195855 3.857900 -33.612768 -33.864703 0.303431 -36.234098 -2.175689 -42.225646 13.580661 41.500795 21.262092 -7.002850 9.227592 1.155111 -10.787788 9.889572 7.545441 2.351070 3.585793 0.771863 -57.386327 -33.854075 -56.228936 9.673377 1.945588 8.943949 -43.285695 -1.837981 8.371179 1.154684 -6.786543 6.594349 9.897456 -0.412927 -3.392753 47.383406 -7.050695 41.320035 3.049921 4.811837 47.785865 2.224368 5.482050 -32.240922 27.419674 22.046259 25.691898 31.363576 -16.509313 16.650763 27.127210 17.161088 14.119656 39.563256 -8.601768 4.199055 17.332169 29.236481 26.873377 6.781789 0.986135 40.568493 -3.335132 -11.360868 8.588119 2.428317 4.449007 10.122338 -3.771831 3.675027 -6.998397 -0.629676 -11.588354 3.581746 -0.801274 -7.259955 -7.314925 -1.702344 -8.473176 1.156977 2.554951 4.594206 0.851719 -0.589953 -18.079946 -3.720210 8.229875 4.210541 2.477162 -7.192202 -6.589279 1.859874 -1.322160 2.878307 -2.402366
-0.030194 2.300459 -0.076190 1.552693 15.899477 0.070207 -1.726432 6.574658 -1.744591 -1.572718 -3.659483 0.818148 6.181007 -26.138754 -1.366851 0.937838 -7.964269 1.745651 -8.630450 0.558860 3.652401 -33.210418 -34.368754 0.376860 -35.706121 -1.100650 -42.532990 11.545834 40.963948 23.148166 -7.748415 10.077524 1.986136 -13.664477 9.979917 7.664388 2.185555 4.193895 1.207163 -58.190200 -31.640320 -54.971368 9.298684 2.335148 9.528056 -44.647364 -2.021829 8.570268 2.131611 -7.585378 7.877451 9.825722 -0.258505 -3.450011 45.631133 -7.066087 43.364464 3.271024 3.868945 49.107731 3.392863 3.792785 -32.807704 26.580451 22.544877 24.832504 28.381666 -16.890192 16.515167 26.499884 17.903670 13.819654 41.619758 -7.205622 3.811144 16.832051 30.427366 26.025111 6.335232 1.408244 40.613005 -3.161606 -11.296040 8.777812 3.279432 3.109590 9.812931 -4.067695 3.301983 -6.677637 -1.194201 -10.624812 4.219784 -0.470824 -7.112196 -7.823047 -1.616580 -8.653056 1.079923 2.831570 3.888743 0.813554 -0.361427 -18.313315 -4.046594 8.378664 4.617699 2.541895 -7.561800 -7.351978 1.735810 -0.917231 3.133223 -2.354120
-0.044020 2.295941 -0.080605 1.346995 15.934717 0.516399 -1.848259 6.835701 -1.810788 -1.518835 -3.738984 0.736934 6.722858 -27.092180 -1.547981 0.997549 -8.685796 1.345226 -8.458123 0.785888 3.354716 -33.125010 -34.706143 0.155268 -35.672549 -1.173070 -42.111875 9.373791 41.481779 24.581966 -8.478554 10.830977 2.567507 -15.916172 9.615300 7.819211 2.236807 4.755262 1.494026 -57.693646 -29.509977 -53.620690 8.977263 2.666641 9.955343 -45.989411 -2.101343 8.331456 3.497151 -7.686218 9.759494 9.826689 -0.222039 -3.309845 43.095632 -7.186432 46.120485 3.497592 3.171480 49.688103 4.424800 1.198257 -33.905928 26.536896 22.864824 23.828110 26.216261 -17.391881 15.733023 26.155922 18.165939 13.748683 42.659587 -6.080111 4.001789 16.551004 31.781819 25.543465 5.906343 1.354195 39.155253 -2.795529 -12.035894 9.165862 4.094707 1.706504 9.243388 -4.094015 3.108274 -6.252481 -1.845619 -9.654434 5.243992 -0.375118 -6.810537 -8.743136 -1.692916 -8.744613 0.872475 2.739666 3.645283 0.468258 -0.124087 -18.772789 -4.327541 8.677380 5.443732 2.315629 -7.748881 -8.132449 1.773069 -0.611037 3.294663 -2.812074
-0.054097 2.292182 -0.084644 1.180032 15.899952 0.826734 -1.929963 6.981232 -1.652877 -1.395950 -3.607569 0.765513 6.925164 -28.138294 -2.173417 1.104724 -9.218922 1.156024 -8.219746 0.995801 2.980839 -33.380480 -34.674698 0.230490 -35.754821 -1.268607 -41.973609 7.830531 42.197028 25.364216 -8.824109 11.522181 2.779573 -16.411683 9.466299 6.902280 2.257577 5.790003 1.680551 -56.395349 -26.476060 -50.418305 7.728783 3.432300 10.362417 -49.075460 -0.928298 8.147775 5.125235 -7.335095 12.110456 9.585189 -0.135425 -3.141715 40.866527 -7.700068 49.128161 4.176610 2.511643 48.965626 4.923415 -0.128555 -34.726552 26.691952 23.113130 23.282258 24.468046 -17.105872 15.309250 25.995611 18.081327 14.016764 44.658782 -5.308495 3.893700 16.502135 32.130681 25.189054 5.874199 0.955823 37.506980 -1.461986 -12.807393 9.712429 4.717585 0.578783 8.557905 -4.008623 3.247357 -5.835312 -2.389377 -8.877585 5.831289 -0.158960 -7.038877 -9.166932 -1.535027 -9.005551 0.545378 2.327979 3.130618 -0.010221 0.243581 -18.937438 -4.612191 9.235317 6.541998 1.951558 -8.402064 -9.487548 1.872197 -0.311360 3.191782 -3.064665
-0.065247 2.286656 -0.085258 1.215528 15.803100 0.975545 -1.929570 7.345306 -1.387609 -1.496134 -3.561150 0.828618 7.199579 -29.527549 -2.420905 1.136381 -9.725660 0.903571 -7.641169 1.026759 2.793107 -33.912650 -33.887183 0.592741 -35.766603 -1.021248 -42.503690 5.813343 42.194999 26.203323 -9.107428 12.259586 2.777857 -16.106565 9.935430 6.528162 2.700294 6.651672 1.781611 -54.920426 -24.498249 -46.922398 6.082345 4.245598 10.682943 -51.993490 0.380180 7.454557 5.731903 -6.475764 14.178931 9.197668 -0.144331 -2.964580 39.238987 -8.173860 51.783000 4.604207 1.964748 48.342545 5.458766 -1.353657 -36.095180 27.082854 23.024647 22.329233 23.392082 -16.871342 14.768076 25.867394 17.952616 14.003560 47.326993 -4.321187 3.373443 16.868470 32.599924 24.043908 6.184721 0.667055 35.652122 1.084605 -15.047989 10.924628 5.354247 -1.257521 7.500765 -4.058320 4.517417 -4.816417 -2.809216 -8.333739 6.467562 -0.120789 -7.272236 -9.710940 -1.492193 -9.021378 0.382683 2.040069 3.094114 -0.513971 0.547920 -19.312054 -4.813835 9.675282 7.646339 1.423002 -8.827032 -10.820014 2.050521 -0.238579 3.467136 -3.298576
-0.077620 2.280777 -0.086925 1.069869 15.714590 1.028955 -1.842540 7.506421 -0.996690 -1.383523 -3.351141 0.917239 7.436569 -30.770394 -2.542468 1.249427 -10.570932 0.509116 -7.012189 0.903486 2.831488 -34.272459 -32.537186 1.971212 -35.995649 -0.209761 -43.450499 4.633954 42.481583 25.642231 -9.912117 13.321068 2.557796 -16.997261 11.834790 4.989965 2.754047 7.963733 1.793023 -53.518795 -21.442024 -40.251767 3.607789 5.162938 10.843285 -53.825384 2.097433 6.006753 5.720313 -5.718673 15.459689 8.762957 -0.158948 -2.664000 37.820683 -9.027612 54.437717 5.119041 2.054196 47.352416 5.986181 -2.214548 -37.298982 27.989970 22.581957 21.722725 22.532315 -17.008078 15.216094 26.546784 17.543936 13.788199 49.826139 -3.379022 3.170479 17.107162 33.443396 22.490716 6.046776 0.820613 33.953267 5.044817 -18.495276 13.240363 6.362387 -3.864173 6.404549 -4.362517 6.798570 -3.332767 -3.287360 -8.633055 6.780417 0.083009 -6.850574 -9.915267 -1.286147 -9.110512 0.250078 1.530086 3.266704 -1.170427 1.193645 -19.519184 -4.673412 9.753491 8.408815 0.983076 -9.329706 -11.207322 2.380066 0.847953 2.448436 -4.046410
-0.090330 2.273575 -0.092313 0.894208 15.519384 1.239781 -1.625895 7.718474 -0.771256 -1.384022 -3.064854 1.221425 7.777885 -32.262995 -2.661016 1.125877 -10.723563 0.085326 -5.783590 0.667984 3.223849 -34.652094 -30.669651 4.254442 -37.350141 0.827720 -45.082746 3.499635 42.947970 25.080642 -10.594538 14.289679 2.547513 -17.236533 12.545109 5.017463 2.885373 9.245935 1.386814 -52.335444 -15.873880 -30.393286 0.650034 6.570019 10.892979 -55.507872 4.052090 5.018080 5.783484 -4.091783 17.022677 8.350714 -0.107056 -2.436001 36.470468 -10.004676 57.645021 5.686221 1.833598 45.350439 7.216485 -2.219470 -38.447674 28.955626 21.617568 21.044558 22.442972 -16.802518 15.870207 27.322430 16.790381 12.603086 52.556266 -2.234000 2.684008 17.765565 33.015793 20.784898 5.905259 0.465403 33.015297 11.463550 -23.984096 17.151432 7.459023 -6.782446 5.257524 -5.044137 9.516588 -1.746981 -3.517411 -8.356923 6.694916 0.228293 -6.971226 -9.949700 -1.041731 -9.164132 0.075688 1.074765 3.468209 -1.793372 1.774670 -19.608755 -4.810778 10.028363 9.270552 0.514236 -9.431972 -12.683112 2.395864 1.624890 2.033339 -4.578002
-0.099916 2.258319 -0.099762 0.664446 15.305650 1.458731 -1.239307 8.108405 -0.176467 -1.314059 -2.650488 1.531176 7.447841 -33.572475 -3.067609 1.275980 -10.962997 -0.231990 -4.231923 0.399248 3.829706 -34.846822 -28.534621 7.701337 -38.807606 2.870580 -46.957082 3.266892 43.198006 22.711004 -11.977587 14.980699 2.084295 -19.040907 13.226690 4.552804 2.862664 10.354913 0.999950 -53.953393 -9.408954 -19.552063 -3.600235 8.140775 11.026662 -60.719263 6.397014 6.026080 5.033079 -2.246361 17.060545 7.465307 0.028609 -2.421006 35.263664 -11.170819 61.238683 5.748981 2.019832 43.480552 8.380049 -2.663160 -40.479059 30.281694 20.754617 19.625368 22.799229 -17.053958 16.157716 29.416552 16.890346 10.091333 57.980844 -0.091409 -0.713558 19.233874 33.085993 18.147801 5.971426 0.357921 32.891405 22.597066 -31.889119 25.071908 8.969758 -10.466443 3.720576 -6.218749 13.040868 0.569797 -3.787984 -8.643950 6.641111 0.347167 -6.670807 -10.103417 -0.782894 -9.109702 0.018115 0.708238 3.968933 -2.754185 2.389919 -19.430981 -4.784188 10.442443 9.598199 0.119393 -9.358596 -14.070410 2.065043 2.708224 1.515795 -5.038589
-0.111899 2.244031 -0.102579 0.517533 15.339519 1.645683 -0.724969 8.353046 0.160026 -1.406832 -2.105564 2.153660 7.067465 -35.149454 -3.237480 1.497700 -11.121054 -0.517115 -2.453866 0.099879 4.877331 -33.936734 -27.097965 12.006952 -40.969707 5.287390 -47.997728 3.098805 43.275942 19.922816 -13.300290 14.762220 1.032740 -21.374127 13.637449 3.762723 2.801611 11.196194 0.525454 -57.983066 -3.375891 -9.539136 -7.045141 10.358377 11.996546 -67.468606 7.887835 9.732925 7.142732 2.124878 16.223378 6.422816 0.021768 -2.590402 33.939701 -12.400610 65.025210 5.875642 1.907869 41.068691 9.596584 -2.595626 -41.783479 31.916021 20.636991 17.808820 23.031534 -16.201359 16.393192 33.069282 18.087611 5.828411 64.679232 0.891997 -5.225987 21.119879 32.708880 16.468174 5.674839 0.039428 32.028420 32.276075 -38.069806 32.689647 10.136026 -13.311816 2.419138 -7.174690 14.939532 2.498217 -4.077271 -7.847463 6.253791 0.491719 -6.704417 -9.804792 -0.763036 -8.834693 0.036801 0.435979 4.568500 -3.568081 2.982728 -19.572620 -4.756060 10.859387 9.787750 -0.564805 -9.047271 -15.912976 1.888379 3.767768 0.992111 -5.927325
-0.124328 2.231358 -0.106611 0.444364 15.334231 1.702978 -0.208229 8.746819 0.546945 -1.558673 -1.762568 2.605405 6.627209 -35.761540 -3.206091 2.030467 -11.329922 -0.663062 -0.740921 -0.011575 6.219333 -30.500556 -25.987564 18.673284 -43.610957 9.087160 -48.857320 3.025141 42.478802 16.499738 -14.611266 14.031455 -0.637919 -25.084403 13.476569 3.603735 2.613586 12.002129 -0.437437 -62.335967 0.449205 -2.410358 -11.412520 13.767400 14.459101 -77.276428 8.890337 14.619387 10.655510 7.620866 13.355444 5.256035 0.252639 -2.625879 31.132500 -12.976394 70.095751 4.987613 1.762712 37.341993 11.193478 -2.591349 -43.462070 32.827899 20.798007 16.885097 23.266451 -15.293176 17.186136 35.611555 18.545624 3.447870 69.944059 1.610800 -7.278466 22.944294 33.049333 13.901519 5.883996 0.467367 30.422651 39.515952 -41.726431 38.446069 11.281665 -15.691667 0.885757 -8.231583 15.884326 4.523760 -4.389689 -7.605932 6.158429 0.606061 -5.881063 -9.477615 -0.813031 -9.086913 -0.018546 -0.099869 6.051402 -4.282864 3.551790 -19.580704 -4.469274 11.158018 10.446747 -1.266493 -8.736504 -18.750137 1.392102 4.274555 1.635381 -6.581488
-0.138575 2.221394 -0.109184 0.393146 15.545639 1.741702 0.362608 8.917681 0.773980 -1.833471 -1.457193 2.995580 6.186848 -36.127132 -2.991478 2.668325 -11.009894 -0.691669 0.456825 0.227960 7.069509 -24.651694 -24.614271 26.679352 -45.239175 13.203727 -49.547828 2.641236 40.105481 12.337975 -16.236349 13.557528 -2.873533 -32.088636 13.540734 3.226996 2.549380 12.358037 -2.125465 -67.765789 3.439342 1.293906 -15.792300 17.798075 18.359505 -85.904074 8.128684 16.962531 16.036699 16.953204 10.771048 4.119176 0.177901 -2.643914 28.249182 -14.202860 74.083471 3.672713 4.105833 34.892368 11.079307 -5.238075 -45.153064 32.611718 22.035198 15.806044 23.258733 -13.162586 17.940380 37.857011 19.538680 1.548895 74.287027 2.720036 -7.211113 25.352377 33.814458 12.269489 6.676814 0.833241 28.767249 47.283114 -47.067345 44.924315 12.535287 -17.956615 -1.015944 -9.506078 16.697688 6.938832 -4.732461 -8.166157 5.627985 0.675899 -4.581430 -8.559744 -0.915435 -8.863225 0.522717 -0.114247 6.473958 -5.016175 4.409589 -20.034465 -4.069619 11.312276 11.791390 -1.964365 -7.931276 -22.826335 0.624044 5.702659 1.096714 -8.723494
-0.154003 2.210844 -0.110898 0.359591 15.626458 1.514283 1.067839 8.855002 0.797838 -2.130733 -1.094290 3.515208 5.598851 -36.148481 -2.788555 3.353365 -10.518257 -0.881343 1.233576 0.339031 7.392670 -15.667457 -21.408409 35.931888 -45.450981 17.200555 -50.113666 0.266275 36.102166 8.085746 -17.082448 14.089812 -5.765381 -36.467984 13.547920 2.186304 2.955836 12.543780 -4.682844 -73.154871 7.159798 0.640621 -20.357155 22.506968 23.477507 -96.889233 8.278744 16.636083 18.961355 21.331251 11.075795 3.002136 0.001034 -2.716233 24.828249 -15.784620 76.559681 1.869877 7.054573 34.111058 11.053748 -8.720650 -46.229563 31.613175 22.799760 15.072571 22.643239 -10.102472 17.998765 38.451597 19.700574 0.866214 78.200822 5.268431 -7.069252 26.635098 34.489086 10.318179 7.789295 2.148552 27.441583 57.210601 -52.467844 53.535649 13.810457 -19.437715 -3.125600 -10.636394 17.601870 9.028052 -5.133851 -9.441908 5.308854 0.438442 -3.158177 -7.281553 -1.198428 -8.588855 1.380581 -0.527685 7.660028 -5.878414 5.203388 -20.446867 -3.924124 11.927163 12.531584 -2.323740 -7.467382 -26.783387 0.189728 6.532710 0.758911 -11.280676
-0.168262 2.201064 -0.107241 0.320016 15.486644 1.070005 1.821452 8.810793 0.735429 -2.422023 -0.996829 4.038997 4.772493 -35.476850 -2.792518 4.071293 -9.884589 -1.327636 1.954800 0.630994 6.757312 -4.979698 -17.107049 43.473053 -44.698200 17.924777 -49.863137 -5.277343 31.387925 4.992491 -16.180362 14.138920 -8.607493 -36.387877 13.491082 0.720363 2.988190 12.317235 -7.483270 -77.053206 8.657233 -4.144331 -26.045318 28.251572 30.409705 -111.763673 14.521717 17.047818 18.115730 24.599238 14.669533 2.399083 -0.223720 -2.533315 20.490707 -19.568207 74.518492 -0.440737 11.743081 37.016945 8.524492 -15.479908 -48.291292 29.107810 23.621785 14.795745 20.509110 -5.586279 15.525985 37.747433 21.296596 2.428857 81.515008 8.566283 -8.091754 26.979373 36.947227 8.629414 9.597825 6.184230 24.133848 58.288915 -54.293474 53.915191 14.785202 -20.703221 -4.468835 -12.767977 19.927990 11.481392 -4.388482 -11.703892 5.483635 -0.001899 -1.113909 -6.460127 -1.608142 -8.442973 2.439012 -0.671671 9.169311 -6.285071 5.858569 -21.125923 -3.505120 12.486768 14.524258 -2.794761 -7.916352 -30.180785 -0.079021 7.847201 -3.755192 -15.584442
-0.172357 2.191294 -0.091493 0.458238 15.045047 0.400630 2.824599 8.344809 0.232048 -2.184586 -1.453837 4.393354 2.922142 -33.161108 -3.106740 3.646231 -9.556503 -1.614173 2.992832 0.671994 5.443405 4.768402 -15.224097 48.429720 -39.672587 17.340000 -49.962479 -13.768758 25.821732 7.184544 -13.172381 14.362533 -10.055492 -33.757930 14.825889 1.146363 2.467490 12.063538 -8.867517 -77.268122 8.834538 -9.320865 -28.304904 33.943136 37.532400 -129.953754 26.489897 25.331192 14.845202 27.841802 18.531601 2.119150 -0.747413 -1.793456 15.134911 -23.835876 48.114062 -3.790676 8.590527 63.770408 7.476836 -15.920967 -53.333590 26.341459 24.636764 14.826966 16.575838 1.265315 12.711951 36.664869 22.273001 4.127291 78.858112 11.689503 -8.119145 27.244143 38.475139 7.609697 14.732222 9.074687 18.284201 46.067355 -54.425521 42.494345 16.359924 -22.916400 -4.132629 -10.612838 16.926942 12.302303 -7.858861 -6.257158 5.986754 0.088235 0.954783 -5.498182 -2.716127 -8.007719 4.036946 -1.619319 11.240588 -6.410585 5.578170 -22.576325 -2.820530 16.651741 13.319493 -5.163227 -9.119462 -29.065072 -0.236663 7.359584 -6.380413 -16.613006
-0.173848 2.175095 -0.075392 0.676647 14.333747 0.050717 4.133177 6.929515 -0.470160 -1.746129 -1.688466 4.493639 0.079717 -30.164003 -3.957338 2.310260 -9.738134 -1.698618 4.458493 -0.469083 2.974000 12.541946 -14.219540 52.467845 -32.212376 15.545769 -52.696427 -21.231999 21.119520 13.591029 -9.313013 15.664245 -10.515527 -29.719685 15.942515 1.102371 2.715515 13.944099 -8.967335 -71.396644 9.062400 -16.114992 -27.395290 40.581103 47.245847 -152.488803 40.925561 45.864126 11.417054 30.002948 20.520846 0.489858 -1.234062 -0.463905 12.124244 -25.184285 28.004845 -7.435858 5.386130 80.064234 6.557931 -16.950551 -55.227927 24.195319 24.962176 16.595373 12.483496 6.848739 11.346508 36.317873 21.841838 8.909871 73.924562 13.565093 -2.937992 27.966888 39.718658 8.941170 18.749144 12.026570 13.971178 24.688254 -50.548048 21.568563 18.991157 -25.573672 -2.833162 -7.649705 11.821630 11.253494 -12.792543 3.023184 6.788546 0.562818 1.815870 -4.374724 -4.007151 -6.958749 6.105357 -2.669277 12.930066 -5.820282 5.147099 -23.529287 -2.308456 20.232161 11.548227 -7.147872 -9.957714 -28.589711 -0.085303 5.696328 -8.863445 -16.506850
-0.174647 2.154618 -0.064913 0.652746 13.510400 -0.260111 5.273436 5.823797 -0.919301 -1.531961 -2.012274 4.341457 -1.956627 -28.101076 -5.165493 0.536189 -10.221667 -2.111150 5.751317 -2.251022 0.602697 19.393471 -13.275686 54.921996 -26.509779 12.283311 -55.604120 -26.881490 17.927252 19.887400 -5.415753 16.298344 -11.926280 -28.349847 19.927139 0.855245 5.829648 15.592433 -9.251442 -57.416598 5.205265 -27.381933 -24.832012 47.482019 53.936826 -185.863368 47.729038 74.784472 10.360868 26.743113 18.703299 -1.430000 -1.866900 0.787762 11.086607 -25.767953 19.371201 -8.202732 3.310580 83.556926 6.265518 -16.088634 -55.224022 23.391624 25.144024 17.668921 11.010677 10.207260 11.628479 36.002107 21.016027 12.892344 71.409553 12.092389 0.128043 29.423616 40.647570 9.069273 21.100931 12.701594 11.321271 7.676693 -42.076582 3.467306 19.310816 -26.956633 -3.939032 -4.402587 11.373312 9.479605 -16.101806 5.963875 7.211653 0.348459 2.527115 -2.474390 -4.916572 -5.497626 7.897710 -4.357622 14.165520 -3.578380 5.156373 -23.986096 -1.384513 22.199302 12.073174 -8.037007 -11.067280 -31.289789 -1.369480 4.705983 -11.435022 -17.530931
-0.178193 2.136264 -0.052900 0.666208 12.952192 -0.468029 6.023552 4.466517 -1.426973 -1.206852 -2.001355 4.142729 -3.349722 -26.516163 -6.577907 -0.319978 -10.488376 -2.420591 6.856045 -3.915547 -1.402495 23.596539 -13.185725 53.733435 -23.944119 8.663329 -55.344440 -27.857140 17.127707 23.390286 -4.020586 14.585918 -13.947660 -30.023278 25.206897 0.865902 8.221487 14.129328 -10.557890 -39.914191 1.410827 -32.027374 -28.697306 57.626223 68.543099 -226.312462 41.707924 110.789795 11.257002 20.014127 14.364663 -3.282987 -2.299088 1.784839 10.495025 -25.681908 15.466696 -7.166728 0.861008 83.185978 5.345764 -14.123092 -55.336521 21.827339 24.167642 17.787580 10.172646 13.339710 11.705179 35.536096 18.997839 16.212163 67.465239 7.830219 8.475551 30.632305 39.300570 9.589203 22.967187 12.271684 10.066856 -2.953035 -33.380600 -7.495723 19.283113 -27.445966 -5.313056 -3.777361 14.382267 9.152360 -17.596897 3.940911 6.816455 0.479164 1.058468 -2.061233 -5.810973 -3.648939 10.088138 -5.109324 13.571502 0.202341 5.104870 -23.755205 -0.951071 24.107551 13.543987 -8.369824 -12.705898 -34.471517 -3.111054 4.260696 -12.919931 -18.570589
-0.182737 2.120891 -0.047343 0.697530 12.496168 -0.540818 6.482232 3.121648 -1.949529 -0.667792 -1.853027 3.915055 -4.204715 -24.637613 -8.075014 -0.573492 -10.309414 -2.813353 7.646614 -4.955595 -3.325535 25.990488 -15.260793 50.998909 -22.758492 5.400690 -54.172081 -26.053995 16.734469 25.538569 -4.245847 11.590770 -15.200297 -33.302752 28.628307 1.654153 9.087149 10.896254 -11.911278 -27.303244 -3.104774 -29.348210 -40.059669 67.225142 85.571699 -249.648712 29.220016 128.926397 13.978718 6.412787 7.890992 -5.077483 -2.248176 2.283422 10.409119 -25.174138 13.408658 -6.430334 -0.483845 81.002997 3.803930 -12.976205 -54.441955 20.229683 22.220534 18.124565 8.187413 14.930085 11.325436 35.062082 17.217327 18.206368 64.255211 3.236669 12.743663 30.992793 38.748212 9.644847 23.947039 13.001817 9.378999 -9.363824 -25.141919 -13.155768 19.281429 -27.774968 -6.415849 -3.477980 18.430312 9.746783 -19.059094 -0.679388 5.887119 0.799119 1.812096 -2.005159 -6.492786 -1.533371 11.795527 -5.655470 11.911993 4.194573 4.950362 -22.019875 -1.028314 25.760929 14.406204 -8.069913 -14.028442 -36.985046 -4.197360 3.871365 -12.640627 -18.131701
-0.183096 2.100748 -0.045174 0.558100 12.287533 -0.585407 6.693266 2.209356 -2.323971 -0.228628 -1.792479 3.591524 -4.543989 -23.012384 -9.459135 -0.732403 -9.815290 -3.598536 8.210488 -4.971424 -4.853139 25.788853 -20.238562 47.822058 -21.699210 1.420037 -53.737341 -22.161748 16.952858 27.295580 -4.685255 8.350277 -16.596597 -37.449559 35.474615 -0.012305 8.342758 6.716596 -13.702595 -20.730143 -6.712152 -25.609745 -83.355195 71.170776 129.129294 -267.641125 22.038934 140.170424 15.599460 -0.008956 5.345526 -6.477701 -1.859408 2.303017 10.835383 -24.635306 13.139878 -5.932938 -1.278296 78.488259 2.578387 -12.282695 -53.703199 19.858025 21.120499 18.771965 6.950643 15.386754 11.258158 35.411414 15.522115 20.187078 61.584141 -2.163059 15.975860 31.516319 38.727661 9.770205 24.660180 13.175915 9.123506 -20.089998 -12.141723 -20.084626 19.143862 -28.467707 -6.775278 -3.092111 21.353226 10.154697 -19.843886 -3.401996 5.271294 0.766871 2.866441 -2.084932 -7.062550 0.672394 13.386532 -5.019617 9.187111 8.231057 5.079600 -19.592669 -1.506795 25.051143 14.557530 -7.470533 -12.658807 -38.315979 -4.222866 4.097043 -12.802854 -17.474976
-0.184325 2.086824 -0.045399 0.369966 11.945196 -0.503259 6.728348 1.520704 -2.678820 0.174640 -1.455815 3.257145 -4.624157 -21.531180 -10.337188 -0.968126 -8.751527 -4.343624 8.563204 -4.382450 -6.299322 23.910994 -26.186200 44.742508 -21.425818 -2.498350 -54.439362 -17.450863 16.625314 29.140469 -2.619901 7.401440 -15.905753 -42.687272 50.091787 0.253785 6.554190 4.177892 -15.180131 -19.176372 -8.264436 -24.198206 -122.748710 56.883036 173.628178 -277.248276 3.223709 137.198183 16.511952 -3.036831 5.284196 -7.484622 -1.190690 2.177817 11.182342 -24.508291 13.501722 -5.207355 -1.926216 76.503955 1.824830 -11.357686 -53.791139 19.456785 19.991362 19.696034 6.889037 15.656807 12.045772 35.000798 13.705935 22.221917 57.405847 -5.412512 18.639505 31.249156 38.893629 10.148353 25.239035 13.408564 9.701708 -28.230874 -3.039106 -25.255835 18.742290 -28.985429 -6.585048 -2.328953 23.117190 9.863519 -20.489096 -4.447805 4.907204 1.011945 3.374228 -2.340579 -7.070208 1.639473 14.120606 -4.930586 7.399190 10.627147 5.092719 -16.536953 -1.970476 23.254872 13.842078 -6.375481 -10.242293 -38.515562 -3.745294 4.082781 -12.960174 -16.428658
-0.182843 2.075162 -0.043358 0.187729 12.053862 -0.538995 6.539153 0.585743 -2.868475 0.525058 -1.178036 2.923594 -4.410444 -20.203170 -10.578407 -1.052141 -7.316261 -4.676700 8.951071 -3.987530 -7.851050 20.771526 -31.168402 42.185143 -24.383538 -6.409987 -57.795520 -10.758727 17.227975 31.032639 5.235522 2.966256 -12.567463 -38.635171 85.214899 -2.465661 2.860131 2.247646 -16.465867 -22.730409 -4.054759 -24.835327 -131.114081 22.701727 200.489910 -366.672308 9.286100 0.635190 16.864740 -6.135676 6.485975 -7.987953 -0.442446 1.892627 11.581470 -25.101247 13.930162 -4.369449 -1.911624 74.979173 1.435124 -10.404045 -53.757347 19.251430 18.956331 20.773843 7.085154 15.998102 12.485825 34.637035 12.109006 24.309805 54.772568 -7.710015 19.444975 29.774192 37.751242 11.568279 24.693113 11.897555 11.537130 -28.543359 -1.888467 -25.729763 18.579470 -29.862752 -5.887072 -1.368829 24.388176 9.206355 -21.205712 -4.836282 4.988778 1.411925 3.147256 -2.878292 -7.035574 2.946313 14.744464 -5.308372 5.966716 13.146025 5.369372 -13.398022 -2.714295 20.963230 12.745073 -5.598678 -6.023395 -38.564627 -1.597538 3.352279 -12.835314 -14.680212
-0.181883 2.067089 -0.039230 -0.266458 12.223135 -0.585033 6.275726 -0.402020 -3.042334 0.921112 -0.835742 2.767102 -4.142312 -18.973838 -10.928322 -0.998908 -6.029997 -4.704690 9.041287 -3.917001 -9.787918 14.993492 -35.064014 37.520460 -28.750049 -10.113589 -63.407263 -3.164290 17.436375 32.133565 15.371624 -8.179649 -8.885590 114.142928 49.774794 -137.141337 -4.845037 -1.139144 -16.291820 -29.752578 7.959544 -23.957000 -122.227659 -10.511310 234.865614 -364.125921 -4.824801 -11.703032 17.085754 -10.283013 7.397793 -8.405518 0.359316 1.566475 10.960096 -25.345539 13.397660 -4.139543 -2.546886 73.667695 1.510338 -10.136384 -52.785095 18.602628 17.426287 19.785865 7.105672 16.611657 11.603216 33.972407 10.947401 24.856930 55.063934 -7.098704 19.822404 27.333365 35.103340 12.353498 23.497966 10.054151 13.263098 -27.079649 -2.733674 -24.764898 18.308583 -30.980588 -4.967094 -0.776426 26.350664 8.722915 -21.542524 -5.501528 4.469542 1.735387 2.452575 -2.963097 -6.628460 3.426686 14.694317 -6.629960 6.372864 16.010228 5.673830 -11.011243 -3.008659 19.104475 13.334196 -4.557774 -2.709515 -39.293519 -0.029455 2.030661 -12.641645 -12.350478
-0.175041 2.059769 -0.023676 -0.634313 12.561707 -0.712877 5.620440 -1.342742 -3.266895 1.321106 -0.607301 2.668409 -3.919042 -17.678433 -10.981345 -1.474857 -4.866008 -4.774076 8.788343 -4.302121 -12.440523 4.439178 -37.654352 26.774927 -33.298736 -13.516879 -67.042799 3.502307 17.823568 29.146718 20.241645 -19.482278 -12.629930 92.968656 37.917420 -147.202526 -19.263419 -5.288563 -14.018281 -42.478164 23.196795 -16.709399 -89.056450 -28.312969 300.040464 -380.731883 -16.159217 -34.213230 16.597857 -17.020030 5.612091 -8.554175 1.187913 1.427433 10.428302 -25.564237 12.263535 -3.781872 -3.623989 71.862249 1.857001 -9.204559 -51.193686 18.921656 15.229202 18.695468 7.436162 16.667677 9.926671 33.424204 9.849204 25.052789 56.612357 -6.189125 19.595262 24.281083 30.942645 13.610328 20.949205 7.814462 16.106053 -23.943424 -3.856440 -23.145145 18.066369 -32.141396 -3.759310 -0.397108 28.799988 8.381399 -21.602380 -6.930574 3.821486 2.077216 2.581167 -3.227591 -6.373360 3.973217 15.024043 -8.234814 6.757844 19.888287 5.760156 -9.349897 -3.134740 17.527417 15.306388 -3.957434 -0.125755 -37.755195 0.776304 1.093403 -14.111135 -10.609754
-0.165757 2.060359 -0.006068 -1.129068 13.059227 -0.838510 4.918806 -2.082451 -3.725268 1.607147 -0.372398 2.370524 -3.461244 -16.422242 -11.024120 -2.109597 -4.157570 -5.000678 7.906071 -4.747517 -15.625080 -10.172856 -36.164301 8.171948 -31.128791 -20.405617 -63.628325 2.496832 21.313746 27.629202 16.540631 -16.639389 -15.684147 99.348843 33.186680 -161.906435 -31.516050 -11.380003 -12.436943 -57.447998 23.767319 -6.796834 -63.466964 -20.551659 338.868958 -417.704184 -13.114134 -24.089166 14.189954 -19.140096 3.751351 -8.424520 1.877234 1.907708 10.655827 -25.667046 10.542232 -4.107989 -5.082205 70.011636 2.378486 -7.800489 -48.992845 19.530827 12.581764 18.277875 8.145455 16.358028 9.087246 33.302970 7.966470 25.637678 59.674829 -5.750822 19.203516 20.746249 25.657225 15.316432 18.279756 7.886931 18.833454 -21.055495 -3.513177 -22.242489 17.852227 -33.009019 -2.483401 0.041531 30.790177 8.239347 -20.870425 -9.002660 2.609263 2.416714 2.990268 -3.459792 -5.967415 3.814343 14.499252 -10.146838 6.951290 23.984551 5.800371 -7.832642 -3.072892 16.778071 17.861403 -3.001712 0.769189 -33.045792 1.058446 -1.372135 -12.706477 -8.517389
-0.149970 2.075378 0.015857 -1.158554 13.415223 -1.110200 3.856807 -2.708241 -3.985965 1.704871 -0.112175 2.039871 -3.076677 -15.311845 -11.071015 -2.858720 -3.952127 -5.522073 6.805383 -5.158849 -17.784115 -22.715350 -31.639384 -8.537152 -25.748834 -24.647554 -58.190215 -5.486753 27.617025 32.790039 5.327896 -0.467892 -16.229614 108.714032 60.769313 -158.508925 -36.707604 -10.167885 -11.239040 -59.041410 22.368789 -2.740592 -49.319489 -2.807885 355.957227 -443.888751 2.335884 -14.618317 12.444789 -17.737132 2.997204 -7.890501 2.390459 2.343287 11.888436 -25.595971 8.707046 -4.857744 -6.343965 68.349477 3.075172 -5.805513 -47.024552 20.622798 10.852979 18.278453 9.729409 16.187462 8.431608 33.634741 7.067769 25.497072 63.103053 -6.360807 18.346999 18.845412 22.505504 16.768871 15.801833 8.243536 19.765762 -18.199001 -2.541637 -21.142145 18.265513 -33.477407 -1.490477 0.286023 31.119896 7.253783 -19.276033 -11.297844 2.106517 1.501339 5.433374 -3.058074 -5.722795 3.546197 13.780869 -10.752871 7.003609 25.835582 5.310601 -6.500069 -2.544871 16.289189 21.210214 -1.657057 1.933985 -27.559920 0.880998 -3.647333 -13.237081 -6.984618
-0.131723 2.088645 0.039109 -0.929204 13.556468 -1.370048 2.904011 -3.102076 -3.943111 1.838978 0.084485 1.808755 -2.722305 -14.013498 -11.112018 -3.472579 -3.805583 -5.948137 5.505293 -5.158980 -18.227332 -28.896305 -25.725087 -13.543052 -24.800884 -24.914090 -56.939960 -15.623395 30.731874 39.079034 -7.635687 6.728716 -9.621465 -46.362709 54.799981 -5.355269 -32.384382 -3.482542 -8.639733 -59.323673 17.550009 -2.543358 -38.494033 6.563369 363.052222 -446.202506 13.689614 -14.471798 11.025701 -13.938359 2.876134 -7.428955 2.698353 2.338453 13.973182 -24.543837 6.359493 -6.284947 -7.625914 67.897891 3.256397 -3.991140 -45.663842 21.501368 9.680548 18.624242 12.714849 15.581436 8.479259 33.728212 7.169809 24.545772 66.597704 -5.480171 16.742997 17.759147 20.240756 17.808174 12.643763 7.935901 20.397429 -14.872988 -1.911341 -18.853985 18.920039 -34.439753 -0.673812 -0.513833 32.744903 6.347964 -17.769071 -13.777195 2.557795 1.580852 6.865332 -2.631376 -5.716376 3.227862 12.858650 -10.719603 6.762263 26.195222 4.830567 -5.176628 -1.720553 15.131726 24.412441 -0.634075 1.758449 -22.797632 0.718633 -4.145151 -14.516041 -6.107587
-0.115718 2.102692 0.058994 -0.679253 13.647601 -1.790640 1.981121 -3.492305 -3.721567 1.832368 0.703119 1.708263 -2.128905 -13.095912 -10.996464 -4.157711 -3.394646 -6.120221 4.080723 -4.895625 -16.650904 -29.559050 -18.843470 -10.983516 -26.716061 -23.662676 -57.808984 -20.502805 28.459590 38.626123 -13.887812 6.879329 -4.099063 -42.802667 29.787459 0.013583 -25.879654 -1.402285 -4.285053 -60.397922 10.508800 -2.789096 -29.949787 7.463297 368.789096 -439.497419 13.989902 -15.735738 11.024657 -10.417588 2.877309 -6.819979 2.672223 1.991891 17.055692 -22.775825 3.431482 -8.574795 -9.416399 68.114445 3.255414 -1.693704 -45.363790 22.980060 8.905755 19.310995 19.099587 14.639760 8.884060 33.978056 6.894318 22.881069 69.085308 -5.005042 14.365665 15.444268 16.662658 19.155686 6.722346 4.858878 20.928866 -12.492665 -1.941866 -16.113193 18.764466 -35.331078 -0.042492 -1.917953 34.209725 6.307484 -16.362730 -14.285232 2.433623 1.471483 6.322830 -2.245155 -5.446609 2.500540 11.655576 -9.361164 6.045563 25.435248 4.463633 -3.875083 -1.185157 13.762083 26.405745 0.004079 0.745139 -20.137983 0.107560 -3.725154 -13.559396 -4.165181
-0.097625 2.111464 0.083567 -0.320320 13.868627 -2.550300 1.125759 -3.585587 -3.026902 1.642198 1.027623 1.696539 -1.373476 -11.644350 -10.329855 -5.209729 -2.033746 -5.678858 2.733076 -4.572822 -14.532540 -29.184796 -13.855607 -6.074485 -28.305554 -19.698475 -59.226167 -21.094653 25.591409 36.912516 -18.056087 7.543344 0.597110 -32.560063 23.752032 1.819253 -22.342822 -0.050700 -1.707372 -61.515834 5.304315 -3.630180 -23.445902 6.196765 371.409956 -425.429778 11.285826 -19.251956 11.139954 -7.039186 2.248611 -5.946281 2.670241 1.414715 19.369645 -20.795137 1.905173 -10.020594 -8.572968 67.800312 2.360342 -1.122496 -46.264484 22.869435 10.087386 19.492920 24.858753 15.223785 8.134132 32.842053 6.872906 21.032355 68.935339 -5.350668 13.394883 14.292354 16.656319 19.900729 5.775746 3.998351 20.578989 -10.545955 -2.665658 -13.217151 18.093101 -35.838642 0.089253 -2.672669 35.372704 6.741223 -15.643223 -13.856789 1.951095 1.725776 5.068535 -1.979109 -4.903088 2.110959 9.800401 -6.874752 4.814865 22.896546 4.114111 -2.287016 -1.035282 12.305516 28.176868 0.824067 0.011984 -18.422305 -0.253852 -1.874369 -12.079891 -2.589969
-0.077975 2.117196 0.106682 -0.042313 14.164837 -3.591682 0.368999 -3.186109 -2.031080 1.300839 1.231520 1.578839 -0.459672 -10.111966 -8.858887 -6.516912 -0.019101 -5.105832 0.926701 -4.366943 -11.987778 -29.001404 -10.714926 -1.220245 -28.058367 -13.951775 -59.511243 -19.036070 21.670026 33.745490 -18.958409 8.952345 3.794578 -25.720879 22.405529 3.034642 -20.106151 1.607320 0.252968 -62.377838 1.939284 -4.218251 -17.888028 5.257518 371.311938 -409.733119 11.171797 -24.080484 11.502809 -4.795616 0.596228 -4.693369 2.737609 1.015261 20.835438 -19.255244 0.496211 -10.814210 -6.644538 67.650724 1.091121 -1.114602 -47.868632 22.272469 13.234202 17.403785 36.148221 18.957335 0.491363 31.275363 7.373812 17.704033 67.149791 -4.757062 12.611439 13.172289 17.775842 20.116864 5.284607 4.011489 19.952217 -8.978425 -3.105321 -10.685558 17.129879 -36.260117 0.667873 -2.642024 37.023613 6.640011 -15.111668 -13.753768 1.510437 1.773739 3.461939 -1.849639 -3.603913 0.745597 7.771625 -4.513866 5.315175 20.228765 3.670211 -1.136426 -0.962628 10.956704 29.956099 1.691816 -0.058664 -18.416836 0.050454 -0.226176 -11.121843 -2.900692
-0.060843 2.124807 0.135914 0.071884 15.022698 -4.611512 -0.208679 -2.438271 -0.875066 0.909526 1.340254 1.208938 0.392523 -8.298226 -6.265460 -6.937653 1.259792 -4.774535 -0.627811 -4.684053 -9.813616 -29.272975 -8.326286 3.748530 -26.619398 -8.847427 -58.559867 -16.092461 17.597083 28.911640 -19.053684 9.206403 6.495408 -20.756002 21.033917 3.592444 -18.755066 2.406904 2.078654 -62.326472 -0.283734 -3.102610 -12.581627 4.648570 370.966239 -398.237612 10.315557 -23.478508 11.464068 -3.052423 -0.860945 -3.210990 2.567473 0.536090 22.349215 -18.559188 -0.709580 -11.797204 -4.418428 67.261346 0.401071 -0.551592 -50.124110 20.725801 16.938447 15.638595 48.641416 21.593082 -8.200243 29.658205 8.582783 13.666369 66.146916 -5.220419 12.171489 12.193976 20.162897 20.388097 4.337760 4.588878 20.140866 -8.226596 -3.434051 -8.529498 16.175396 -37.683265 1.382904 -2.328910 40.044359 6.613747 -14.389550 -15.238844 0.746039 1.724521 2.557690 -1.444457 -1.981612 -0.485371 4.930823 -2.093300 6.338064 15.741738 3.098095 -0.930350 -1.299176 9.611672 32.596644 2.320305 -0.068816 -20.508296 1.094808 0.907336 -11.842854 -2.902221
-0.046142 2.128241 0.151784 0.078699 16.157289 -5.495963 -0.736908 -0.435831 0.251014 0.334792 0.963652 0.888061 1.077161 -6.149121 -2.211098 -6.026161 1.386117 -4.543983 -1.672516 -4.965832 -7.781087 -29.575908 -6.774923 8.156434 -26.051629 -5.734800 -58.059179 -13.274008 14.071472 24.887088 -18.195654 8.405424 8.338069 -16.813873 17.015007 1.888454 -16.788616 2.659834 4.301989 -61.579964 -2.258868 -1.416960 -7.128076 4.949583 372.202828 -394.677007 7.555317 -18.196417 11.906721 -1.562580 -1.977200 -1.616010 2.044887 -0.277891 24.320564 -18.640080 -1.255949 -13.222739 -1.724962 65.855726 -0.204133 -0.578796 -51.438411 18.314783 17.164341 15.309188 49.389542 22.482569 -7.736025 27.593149 9.076309 8.842118 65.099009 -8.284459 9.588586 12.047084 23.903538 19.449111 3.661859 7.695053 20.387375 -7.279532 -3.433127 -6.188598 15.049329 -39.728942 1.620608 -1.758613 43.141748 6.825266 -13.829381 -16.353450 0.063493 1.729818 1.535365 -1.028804 -0.159775 -2.072874 1.260287 0.872574 6.559174 10.722145 2.244659 -1.864383 -1.849034 9.517463 35.465351 1.661179 -1.176161 -21.566531 2.241569 2.884409 -12.825474 -2.500143
-0.029548 2.135520 0.165550 -0.068642 17.839899 -6.171302 -1.505465 2.353698 1.286243 -0.239806 -0.170736 0.446272 1.394475 -4.302219 2.011352 -4.508233 1.089373 -4.454746 -2.720566 -5.117280 -5.367587 -29.541239 -7.124212 13.070134 -25.135509 -2.229369 -60.227568 -11.189937 10.884407 22.609922 -18.610160 7.338146 9.115282 -15.070738 13.856216 -1.211626 -15.056626 2.367204 6.200786 -59.040710 -3.864953 2.332075 -3.691761 5.363291 373.816183 -393.249089 3.880717 -12.657667 12.827200 -1.275190 -3.181591 -0.330037 1.264622 -1.206401 26.343826 -19.027101 -1.598252 -13.632323 -0.130962 62.476690 -1.058113 -0.387362 -50.335710 17.129326 15.969811 15.100575 47.162990 21.349651 -4.212923 26.372467 8.949334 5.889561 64.345546 -11.275034 7.182384 14.479434 25.605521 16.133306 4.206640 11.415828 19.055614 -5.446298 -3.547371 -4.154376 13.630818 -42.561969 1.561587 -1.083965 46.055028 7.193293 -12.880969 -17.051778 -0.466816 1.699709 -0.112174 -0.952702 1.299997 -3.635491 -1.581604 3.627234 4.181668 7.810683 1.391670 -3.502319 -2.373956 10.282217 37.418398 1.134449 -1.677433 -22.409583 3.232824 3.752215 -13.450385 -2.045764
-0.018746 2.149867 0.172356 -0.149354 20.022223 -6.346994 -2.510514 6.311003 2.023688 -1.213512 -2.017958 -0.012935 0.905519 -2.135126 7.384986 -2.116250 0.119438 -4.663458 -4.316347 -4.583693 -2.309155 -27.781830 -10.003005 17.904101 -25.231369 2.152500 -64.707865 -9.498825 7.788046 21.942005 -19.111236 6.821932 8.471437 -15.419058 11.824408 -3.984717 -13.515747 1.558533 7.189761 -55.508680 -7.453881 5.409723 -0.792486 5.215740 374.897673 -392.250450 2.219586 -8.011655 12.872165 -2.607543 -4.308414 0.917972 0.697675 -2.641411 28.234022 -19.639422 -1.065673 -12.618357 0.696683 56.992801 -3.292784 -0.628980 -45.330124 16.954944 13.148878 15.003956 45.335923 19.942564 -0.919504 25.500842 6.975605 4.645256 64.177467 -14.735473 5.530710 15.511616 22.804752 15.551443 5.220679 4.354140 16.911367 -1.336545 -2.702445 -1.507322 12.298116 -46.084038 1.309220 -1.088508 49.057562 7.997702 -11.698735 -17.615723 -1.477466 1.784307 -1.749083 -0.621845 2.255562 -5.441242 -3.915627 6.097197 -0.288538 5.934707 0.654280 -6.007608 -2.956482 11.475342 38.892877 0.470172 -4.571179 -22.302214 2.462786 5.831473 -15.099220 -1.210293
-0.011277 2.166698 0.193787 -0.571862 22.138961 -6.188063 -3.385795 10.351119 2.417202 -2.157487 -4.238939 0.034901 -0.165586 -0.782769 11.660661 -0.549661 -0.129935 -4.425619 -5.998466 -3.086618 -0.051600 -25.203988 -13.177666 19.305676 -25.739990 4.683209 -66.658986 -8.875758 5.021340 21.513887 -18.539067 6.711882 7.317962 -16.767540 10.261205 -6.213977 -12.417914 1.241243 7.297427 -53.559007 -7.572376 8.771149 0.633215 3.813394 373.852665 -395.482072 1.639722 -8.526481 10.740526 -5.603256 -5.264614 1.637533 1.063134 -3.929825 30.089095 -20.006089 0.397568 -9.236315 -0.154996 49.709987 -6.496830 0.149552 -38.103322 17.470349 10.449266 14.784090 43.953228 18.068621 1.326702 24.453592 4.514419 4.496205 64.433744 -15.450156 4.825671 16.711185 19.948386 14.813700 7.190184 0.642255 14.993208 3.378630 -1.128421 0.365439 11.599889 -48.755388 0.643622 -2.365240 51.747406 9.655690 -10.480197 -18.038924 -2.539188 1.875241 -4.213670 -0.205498 2.684159 -7.534425 -5.225661 8.841887 -9.155353 4.694400 0.914046 -7.936362 -3.502128 11.520780 39.799966 0.060956 -6.952340 -23.296026 2.081061 6.341918 -15.303300 -1.162064
-0.010059 2.194517 0.219141 -1.427678 24.181791 -5.401558 -3.689408 14.115085 2.345644 -3.111356 -6.452952 0.294286 -1.655647 0.135802 14.654986 -0.161821 -0.262412 -3.754472 -7.608962 -0.750775 1.710984 -22.676776 -16.766681 17.484205 -25.627433 5.569249 -66.408856 -8.234371 1.929576 21.324707 -18.161186 6.010582 5.679412 -18.649931 9.478010 -7.425374 -11.731044 1.116573 6.919937 -52.955006 -6.355360 12.489320 0.743346 2.621328 371.855183 -399.959995 0.961648 -9.112250 8.488930 -9.112925 -6.552073 1.443985 1.661532 -4.688085 32.536765 -20.891300 2.001979 -5.583436 -1.839371 42.839155 -9.797883 0.841284 -30.924880 17.663012 8.741231 14.938303 42.180097 17.556101 2.484877 23.306204 2.603802 4.563557 64.603481 -17.090432 4.045929 17.046522 19.170308 14.793842 7.661331 -0.631638 14.667836 8.147385 -1.672901 1.414376 11.064026 -50.855000 -0.559447 -3.729273 53.932797 11.158252 -9.567627 -18.255143 -3.641337 1.974888 -6.976686 0.185405 2.711310 -8.613234 -5.642620 9.624020 -12.257668 4.117808 1.444225 -9.213455 -4.149500 11.730492 39.283929 -0.483180 -10.221963 -23.205350 1.538268 6.309225 -15.580730 -1.383084
-0.010500 2.229769 0.243968 -2.608912 26.295022 -4.407779 -3.456577 18.085159 2.178905 -4.040730 -9.587810 0.828926 -3.691732 0.961941 17.122376 -0.778183 -0.300542 -3.138155 -8.034701 1.958015 3.010753 -21.433699 -21.110230 15.056671 -25.236223 7.017176 -65.624662 -7.438223 -0.327583 21.846598 -17.215385 5.707812 4.477324 -19.875066 9.486618 -7.812186 -11.231704 0.354203 6.696245 -53.081059 -6.044070 15.635229 -0.089437 2.159075 370.232132 -405.739419 -0.057255 -8.922645 4.503157 -12.220052 -7.960776 0.356003 2.704686 -4.858645 34.943292 -22.664592 3.510260 -1.348852 -3.845926 35.035706 -13.087480 1.932985 -22.843312 17.786576 8.125690 14.998915 40.419107 17.855234 2.906026 22.684350 0.846364 4.117353 64.697188 -20.786233 3.143129 16.789810 20.003478 15.517964 7.527599 -1.009942 15.794398 12.340178 -3.791316 2.038928 10.675409 -52.340119 -2.593756 -5.427636 55.792771 12.960133 -9.108499 -18.191130 -5.008101 2.275273 -9.768347 1.420931 2.969939 -9.270827 -5.465706 9.494413 -14.888526 3.972385 2.430665 -10.546508 -4.670337 11.995113 38.382644 -0.956759 -13.494537 -22.556389 0.953511 5.528105 -17.045797 -1.602757
-0.011864 2.268622 0.266866 -3.719120 28.051389 -3.502779 -3.134580 21.370351 2.166378 -4.654609 -12.420205 1.356722 -6.238052 2.041355 18.981354 -1.464503 -1.317239 -3.479345 -7.122480 3.721242 3.938120 -22.273682 -24.093319 12.990208 -25.437311 7.453221 -64.423723 -6.458167 -1.029899 22.053184 -16.417666 5.668548 3.253929 -21.252387 9.486166 -8.170297 -10.855332 -0.365746 6.196585 -53.470125 -6.388846 17.787184 -0.783526 1.754747 368.635401 -410.217892 0.412370 -8.615499 -0.415512 -14.383247 -9.659584 -1.086350 3.151282 -4.668906 37.025174 -24.593305 4.596149 1.440605 -5.262915 28.862091 -15.782476 2.054021 -17.153854 17.465590 7.423270 14.756236 39.365885 18.463906 2.609610 21.628339 -1.256666 3.276251 61.623006 -28.389553 2.960160 15.778369 21.517939 16.000895 5.912539 -0.967707 16.802699 16.285934 -6.332680 2.607418 9.908807 -52.636028 -5.532871 -8.341681 56.698725 16.134090 -8.223778 -18.432323 -5.848803 2.634010 -11.885897 2.051216 3.097215 -9.531764 -4.555842 8.612454 -17.064619 3.960582 3.346940 -11.735280 -4.741086 12.148161 37.967835 -1.239855 -16.732831 -21.759661 -0.041369 6.231243 -19.224107 -1.723215
-0.012288 2.312475 0.299031 -4.730797 29.798696 -2.801146 -2.815249 23.799655 2.506028 -5.125863 -15.200488 1.781805 -8.147815 3.222605 19.785948 -2.269096 -1.534305 -3.760355 -5.527929 5.079060 4.795567 -23.743173 -26.492123 11.991012 -25.840741 8.140262 -63.154780 -5.304022 -0.863120 22.197767 -15.599078 6.320250 2.031599 -22.301436 9.165990 -8.622015 -10.355582 -0.503901 5.565733 -54.827265 -6.894428 20.058293 -1.263043 1.902142 366.914549 -413.168329 1.341896 -8.006284 -5.845051 -13.745384 -11.216285 -2.338146 3.297705 -4.510301 38.335183 -26.444173 5.526403 2.835648 -5.910224 24.105678 -17.385774 2.226972 -13.259708 17.175526 6.890173 14.686197 39.391987 19.320097 2.544708 20.856185 -2.965861 2.416016 58.617386 -35.905358 3.960945 15.471589 23.030294 16.245588 5.083969 -0.998215 17.402011 19.123917 -7.927677 3.241960 9.638092 -51.763487 -8.185420 -10.419859 55.416821 18.348394 -7.619797 -17.870648 -6.441788 3.436729 -14.377302 3.055714 2.897231 -9.530411 -3.063190 6.381706 -18.159527 4.351820 4.159310 -12.175022 -4.682271 12.716198 36.236544 -1.528540 -19.565450 -20.120571 -0.990624 6.004234 -21.091223 -1.588547
-0.015694 2.356634 0.324922 -5.742769 31.073437 -2.167623 -2.393766 25.768796 3.119514 -5.323602 -17.255344 2.001316 -9.828928 4.057415 20.240009 -2.948935 -1.241490 -3.758722 -3.341154 5.800264 5.488514 -25.870852 -28.409492 12.584063 -26.958708 9.077738 -62.620371 -3.298247 0.686337 22.602700 -14.665901 7.130094 0.945664 -22.028495 8.785518 -8.987383 -9.820340 -0.332722 4.506837 -57.326717 -6.488362 21.372918 -1.902164 2.476483 365.743451 -416.004961 2.321851 -5.354473 -11.197040 -11.288952 -13.118319 -3.247599 2.921407 -4.269808 38.764519 -28.025761 6.131034 3.632362 -5.945139 21.021736 -18.365637 1.824164 -11.281225 16.931408 6.360478 13.895388 41.388197 20.131389 2.342840 19.844703 -4.296529 1.438395 54.599068 -42.265257 4.228843 15.310394 24.604765 16.236495 4.884359 -1.179356 17.597065 21.002841 -9.056378 4.003248 9.697772 -50.012688 -10.237221 -11.654542 52.995107 19.686512 -6.931120 -18.209363 -6.269005 3.815524 -14.758096 3.617859 2.594825 -9.154333 -1.235245 3.079816 -15.972479 5.307304 4.914844 -12.297855 -4.487640 13.064476 34.029406 -1.354824 -21.721128 -18.143421 -1.957055 5.513548 -21.863250 -1.141699
-0.020156 2.406327 0.352754 -6.142567 32.167212 -1.818028 -2.347841 27.417479 3.974305 -5.482898 -18.848647 2.090485 -11.538905 4.622354 20.825324 -3.561124 -0.847247 -3.269421 -0.921431 6.019718 6.006729 -27.972788 -30.342003 14.940148 -27.809451 11.038680 -62.373698 -0.988903 1.926244 22.453478 -14.027430 7.659599 -0.133997 -21.988964 7.802798 -10.075614 -9.134223 -0.094201 3.669176 -59.720142 -5.856691 22.326114 -2.868108 3.409446 365.744502 -423.151956 1.447025 2.148634 -15.287900 -7.343405 -13.587433 -3.779331 2.475509 -4.238407 37.842548 -29.502758 6.527245 4.408275 -5.112135 19.106292 -18.738622 1.118747 -10.630872 16.984441 6.289065 13.360419 42.820741 20.634448 2.189988 19.550496 -5.332537 1.167819 52.080518 -46.209420 4.047186 15.541772 25.372418 16.200495 4.782600 -1.625253 17.941510 21.906652 -10.139014 5.001088 9.740696 -47.741756 -11.478653 -12.427952 49.658839 20.276506 -5.930130 -18.395480 -6.121573 4.205345 -14.824393 4.060131 1.652290 -8.508317 0.288726 -1.296762 -12.147653 6.466001 5.230696 -12.435397 -4.233480 13.274498 31.436514 -0.894731 -23.966395 -15.487402 -3.415066 5.697645 -22.311754 -0.520733
-0.026127 2.458638 0.379596 -6.319553 32.739402 -1.330401 -2.523899 28.723996 4.653269 -5.285911 -19.770481 2.314324 -12.974629 5.316169 21.780614 -3.904506 0.692184 -1.680610 1.263338 5.464697 6.497437 -29.623742 -31.774129 17.886696 -28.899643 14.242402 -61.967933 1.663954 3.795039 21.550697 -13.415336 7.311890 -0.471223 -21.562172 6.344603 -10.829453 -8.106002 0.431994 3.156362 -59.961966 -5.373604 22.194720 -3.699618 3.846388 366.405413 -432.332023 -1.345248 11.222124 -17.993625 -2.749048 -13.267360 -3.952085 1.944783 -4.656835 36.896344 -30.703135 7.362978 5.180981 -4.104547 17.948594 -19.143421 0.669255 -11.386378 17.063682 6.074404 12.962060 45.313782 21.187380 1.547424 19.179936 -6.075736 1.204006 50.886898 -50.910343 5.061361 15.719877 26.463697 16.154693 4.308425 -1.930205 18.013759 22.308726 -10.983724 5.596781 9.675949 -45.297108 -11.859612 -12.630621 46.165803 19.669552 -4.624076 -18.710209 -5.568178 4.182966 -14.175934 4.153485 -0.053162 -7.865815 1.757640 -7.851398 -6.096829 8.168722 5.542451 -11.845609 -3.816262 12.913985 28.435422 0.093444 -25.784359 -12.671831 -4.839192 6.391067 -22.794886 0.042346
-0.034067 2.508940 0.396584 -5.772385 32.865555 -0.818564 -2.782316 29.773245 4.995222 -5.248607 -20.254345 2.318281 -13.728858 6.247305 22.641162 -3.598331 2.439617 0.450723 3.284440 4.820478 7.601719 -30.481782 -31.866163 20.817175 -29.945182 17.410074 -61.262653 3.606589 4.542018 20.139239 -12.896372 7.344385 -0.676346 -21.130806 5.961122 -10.710962 -7.077665 0.541708 3.590704 -58.378374 -5.033837 22.895723 -4.270614 4.200786 367.246702 -441.692936 -3.339044 23.889200 -18.811851 2.468436 -12.812442 -4.014285 1.532087 -5.538824 36.353602 -31.680230 8.909125 5.552372 -2.944368 16.826326 -19.389545 0.263011 -12.419618 17.219996 6.226398 12.312817 48.358098 22.038881 0.585402 18.992304 -6.487499 1.342452 51.049285 -54.092288 7.120679 15.737017 27.730717 15.731336 3.868084 -1.944539 17.382484 22.351640 -11.298865 6.095371 8.771673 -42.486647 -12.052661 -12.663209 42.457916 18.279195 -2.875438 -19.124349 -4.616033 4.043694 -12.948118 3.887089 -2.358258 -6.562154 2.569301 -13.519607 -0.324094 9.245914 5.364084 -10.427960 -3.482135 11.440252 24.637898 1.991046 -25.653433 -9.105992 -5.377488 7.057043 -22.532420 -0.096249
-0.042513 2.561261 0.408257 -4.951791 32.422102 -0.374282 -2.897763 30.615023 4.992145 -5.011705 -20.298759 2.465945 -14.118352 6.859850 23.893147 -3.085987 3.884992 2.656241 4.885503 4.117426 8.756149 -29.951004 -31.078746 24.086043 -31.811100 20.730675 -59.715776 5.093991 5.068675 18.380067 -13.207238 7.904765 -0.536636 -21.823590 6.515511 -9.577864 -6.773665 0.454942 4.249678 -55.358981 -4.095362 23.842150 -4.724328 4.284205 368.097393 -448.810048 -5.619763 33.018154 -17.052071 7.555633 -12.233055 -3.868535 1.210945 -6.393597 36.033620 -32.820389 11.395635 5.656509 -1.528906 16.244459 -19.769813 0.402176 -14.268666 17.877188 6.079891 10.930101 54.412074 21.775478 -1.256355 18.476583 -6.654080 0.900722 50.739058 -57.476263 8.318226 16.750933 28.926150 14.468590 3.606586 -1.182154 16.895701 22.046132 -11.540312 7.077010 7.718873 -39.316481 -11.724591 -12.954830 38.161023 16.833026 -0.847013 -19.760452 -3.658689 3.929717 -11.057173 3.313532 -4.038526 -5.730756 3.453867 -16.889066 3.764646 10.261283 5.052998 -8.375221 -3.293511 9.395627 20.906913 3.984457 -24.886023 -5.646494 -5.531336 8.670868 -20.950904 -0.288442
-0.052872 2.608695 0.427697 -3.878285 31.798689 -0.100984 -2.966315 31.130959 4.706833 -4.534794 -19.921436 2.726002 -13.801283 6.663807 24.343327 -2.689371 4.587682 4.421621 6.093424 3.121967 9.755979 -28.124807 -29.971196 27.168614 -33.829437 23.907284 -56.702010 6.197903 4.347251 16.452694 -14.293646 8.182217 -0.379195 -22.388605 7.247504 -8.742972 -6.510615 0.134693 4.907580 -54.240391 -3.276358 25.027872 -5.402749 4.355982 367.928906 -452.673085 -6.941261 34.746423 -12.874459 8.927346 -11.040947 -3.477068 0.682843 -6.739134 35.063877 -33.874072 13.589197 5.849488 -0.620238 16.236789 -20.007815 0.458830 -16.266870 18.236521 6.067536 9.502720 58.911034 21.628883 -2.681864 18.037198 -6.727706 0.550151 51.642977 -60.698373 11.276725 17.946317 30.022800 13.192251 3.268081 -0.048468 16.954528 22.152291 -12.505085 8.516869 6.885690 -36.007568 -10.745895 -13.219573 32.403869 15.136795 1.470257 -18.207578 -2.813036 3.620123 -9.481917 2.563199 -5.355587 -4.998934 3.915236 -17.616593 5.391593 10.535956 4.603159 -6.329212 -2.908972 6.561694 16.484768 6.623649 -22.341626 -1.384081 -5.203326 10.749170 -17.028160 -0.785616
-0.060101 2.653790 0.443620 -2.968141 30.670800 0.111020 -2.701248 31.986725 4.361635 -4.030394 -19.733048 2.784864 -12.909284 6.562526 24.073311 -2.302231 5.096311 5.474079 7.103257 2.313235 10.625246 -25.770452 -28.507476 29.690647 -35.913185 26.760447 -52.469925 6.950379 3.192184 14.159646 -17.032101 9.091652 -0.308895 -23.694066 8.496725 -8.352960 -6.995159 -0.018622 5.146592 -56.092294 -2.650116 25.876882 -6.941184 5.093875 366.956077 -458.222013 -6.782225 34.192812 -5.796779 4.510056 -8.136086 -2.807290 0.033229 -6.352737 34.244580 -35.122397 15.756521 5.742697 0.870238 16.935174 -20.322520 0.090080 -19.032774 18.217597 6.237161 7.951434 62.930484 22.202481 -4.734678 17.419483 -6.568754 0.440672 53.258425 -62.471955 14.204347 19.433814 31.597971 11.812222 2.940513 1.027761 17.129058 23.324790 -14.612201 10.509908 6.164575 -32.398537 -9.126988 -13.666961 26.696213 13.005244 3.731508 -16.757361 -2.146326 3.681908 -8.006365 1.709947 -6.001773 -4.592998 5.017578 -16.688397 6.150217 9.692594 4.659933 -3.065278 -2.933578 3.736213 11.605562 8.997060 -19.829877 2.904167 -4.396242 11.952542 -14.823701 -1.788571
-0.064978 2.692005 0.457933 -2.117831 29.345246 0.076578 -2.244595 32.133569 3.862822 -3.270264 -18.697815 2.953765 -11.364100 6.302175 23.381562 -1.526489 5.431907 6.019003 7.863985 1.410790 11.051797 -22.534561 -27.464568 32.574332 -37.648926 29.735739 -47.767806 6.950694 2.004863 12.129896 -20.690367 9.519184 0.160025 -26.328837 8.837078 -8.060186 -7.974034 -0.630431 5.052857 -60.399589 -3.584917 26.780347 -9.066974 6.002048 365.624670 -472.929133 0.610649 31.088569 1.699700 1.041628 -4.148824 -1.723866 -0.854826 -5.692381 32.996419 -36.192693 17.612273 5.292272 2.503908 17.677969 -20.584846 -0.533288 -21.701589 17.677867 6.186528 6.387896 65.173393 22.107362 -5.904816 17.219260 -6.531249 0.973555 54.108555 -62.893965 17.898901 21.117977 32.781353 11.263497 3.141243 0.417524 17.257778 23.008292 -17.360595 10.593787 5.444926 -28.753004 -7.010131 -13.581355 21.753912 10.338889 5.199251 -15.458489 -1.802104 3.651942 -6.520689 1.043867 -6.187824 -4.326083 5.548693 -16.070952 6.813294 8.232496 4.718567 -0.441710 -3.156725 1.321413 7.624834 10.803057 -17.483122 6.197460 -3.053511 13.060416 -12.615161 -3.334892
-0.067385 2.708169 0.462158 -1.270924 27.837459 -0.177312 -1.806906 31.990859 3.378186 -2.427655 -17.622465 3.054785 -9.335634 6.621814 21.778336 -0.570453 5.617451 6.265247 8.514408 0.482592 11.285246 -19.596178 -26.337878 35.580370 -37.365966 32.010409 -44.215856 5.629750 0.715115 10.472278 -23.574331 9.145376 -0.065048 -27.643789 9.973778 -8.007644 -8.580303 -0.551322 3.963805 -65.919818 -3.490816 25.342084 -10.068546 6.360899 363.709206 -492.384657 14.658760 30.608219 5.504731 1.232226 -0.850055 -0.714131 -1.605332 -5.235633 31.923241 -36.898756 19.963691 4.760332 4.396800 18.433523 -20.420953 -1.589820 -24.757254 16.230792 6.476841 4.622243 65.259630 22.773857 -7.770946 16.760805 -6.020232 1.729771 51.086464 -59.945503 18.418604 24.107294 33.363813 10.043388 4.191721 -1.334994 17.231421 21.373336 -18.576652 9.940065 4.888398 -25.550222 -5.469725 -13.725310 18.203839 8.344727 6.007808 -15.481306 -1.198568 3.446422 -4.949065 0.509980 -6.224270 -4.066679 6.052750 -15.377042 8.009249 5.983074 4.420132 1.269198 -3.646800 0.260896 5.413154 11.701558 -15.979285 7.612442 -1.933273 14.098679 -10.333735 -4.888301
-0.062607 2.714295 0.466155 -0.435549 26.452002 -0.801794 -1.530931 31.374547 3.087520 -1.604361 -16.488144 3.150275 -6.969797 7.037164 20.587516 1.051155 4.609126 6.340443 9.268239 -0.778330 11.580836 -15.458579 -25.274603 39.234066 -35.732652 32.871252 -43.353302 3.554266 0.919947 10.184749 -24.109349 7.888823 0.498734 -27.921928 8.997533 -6.182982 -8.305599 1.184247 2.562368 -72.206060 2.026912 20.956071 -9.342569 6.464679 361.688889 -506.901280 21.996814 31.782847 7.436487 3.637869 2.203481 0.257175 -2.227866 -4.908908 31.188615 -37.723664 23.023135 3.788396 6.462017 19.491963 -19.934717 -2.856566 -27.726417 14.594362 7.171858 2.620664 65.345321 22.243443 -10.652672 15.861226 -5.306127 2.371241 46.098831 -56.300479 17.690554 27.442307 33.255071 8.104509 5.527814 -2.288993 17.190537 19.059863 -18.918717 9.040910 4.493513 -22.709072 -3.553498 -13.374313 15.608064 6.166844 6.143102 -15.162692 -0.872030 3.395419 -3.736319 0.251051 -6.005702 -3.917596 6.132075 -14.258353 9.422924 3.337977 3.832031 2.244318 -4.112657 -0.282208 5.066750 12.199944 -14.038908 7.102448 -0.451742 14.464059 -9.145327 -6.799183
-0.056961 2.704235 0.467399 0.613229 25.011392 -1.810284 -1.443308 30.074820 2.785043 -0.878497 -15.021588 3.470108 -4.574230 7.550109 19.081754 2.145837 1.963274 6.108319 10.163994 -2.013597 12.072697 -10.295033 -24.628641 43.419753 -32.242043 31.958484 -44.928498 0.102982 2.784580 11.006481 -24.267351 8.226853 0.833039 -29.212268 6.826938 -4.799743 -6.241139 5.680759 0.966538 -75.684700 11.793706 13.262361 -5.810093 6.481801 359.627263 -523.287174 31.710186 35.785994 7.638341 8.386403 5.155831 0.915541 -2.626436 -4.626855 31.160456 -38.309031 26.425303 2.304451 8.379275 20.971757 -19.705061 -4.869216 -29.851745 13.127287 7.134158 1.384976 67.611398 19.132282 -12.839076 14.552844 -4.116252 2.337099 40.890001 -54.101176 15.217952 28.436409 33.241963 6.356065 6.191809 -1.770694 17.516559 17.277721 -18.141773 8.507315 4.161590 -19.806736 -1.815527 -12.724477 13.378094 3.914693 5.509817 -14.809798 -0.418137 3.282738 -2.584146 0.025108 -5.116009 -3.671943 5.622287 -12.120247 9.409698 1.071751 2.621267 2.769805 -4.796046 -0.410782 7.669010 12.276379 -11.763988 3.646868 0.059503 13.813323 -7.959979 -7.449116
-0.050296 2.684787 0.471425 1.727842 23.625880 -2.798416 -0.942869 27.646811 2.094016 -0.627819 -12.630482 4.009362 -2.528747 7.746660 17.237978 3.105806 -1.734086 5.462710 11.347390 -3.319925 12.998986 -4.751472 -25.010916 48.115882 -27.059769 29.099030 -49.486106 -6.146196 5.615974 12.881374 -25.851883 9.241630 0.791221 -30.343545 5.206675 -3.971905 -3.800302 9.240730 -1.041543 -72.059875 15.402179 1.252465 -0.096043 5.026578 357.988764 -541.074564 47.645613 39.370810 7.697856 13.056540 7.412486 1.190539 -2.887984 -4.253257 31.136978 -38.239956 29.099309 0.699629 10.147394 22.918645 -19.652540 -9.095573 -32.302961 11.381845 6.093422 1.117334 69.839212 14.945720 -12.952983 13.308382 -1.967619 1.297021 36.634310 -50.893387 12.210045 29.744233 33.595488 3.593600 6.560425 0.186517 17.488923 15.518359 -18.509376 7.990712 3.798776 -16.780751 0.056719 -12.085780 9.763524 1.311803 4.472674 -13.190926 0.479304 3.209704 -1.899381 -0.330002 -4.224558 -3.233626 4.724951 -9.538455 7.943624 -0.518536 0.750146 3.247835 -5.041627 0.461279 12.168765 11.949440 -9.150092 -2.149989 0.166305 12.092249 -7.521090 -6.973566
-0.039867 2.658559 0.477747 3.004467 22.310391 -3.924517 -0.110632 24.561152 1.078952 -0.545227 -10.360500 5.041019 -1.158584 7.526307 15.085900 2.990936 -5.331201 4.575140 12.607902 -4.511865 13.902871 1.715821 -26.528778 52.310257 -22.122409 26.547531 -54.822247 -13.337756 6.743542 16.004376 -28.126592 10.847870 0.031408 -30.864705 4.538350 -3.134260 -0.886265 11.769570 -2.568203 -70.256897 19.034453 -5.554975 5.316504 3.311636 358.251240 -561.568366 50.956579 43.463811 7.039019 18.229405 8.296604 1.040899 -3.155157 -3.598426 29.014211 -35.987591 27.032473 -1.290558 11.873661 25.616789 -18.912995 -8.012276 -37.173886 10.424872 5.163429 0.388266 69.834954 16.365364 -12.724391 13.172999 -2.595948 2.073347 33.573470 -46.694574 9.219326 30.168772 33.947189 5.257830 7.601333 0.540698 17.557798 14.250537 -18.196747 6.790557 3.031771 -13.633824 1.830876 -11.235629 6.533004 -0.894508 3.503481 -12.193285 0.872866 3.176519 -1.102344 -0.370738 -3.133193 -2.853587 3.509658 -6.444687 5.278288 -1.369616 -1.442042 4.062080 -5.154691 1.645618 17.425581 11.443430 -7.967745 -7.479000 0.202189 10.807303 -8.074026 -5.639023
-0.029505 2.637835 0.475331 4.332582 20.966731 -5.023576 0.714955 21.587583 0.166749 -0.539677 -8.812637 5.987855 -0.279007 7.297947 12.628849 2.814656 -7.753686 3.954435 13.684518 -5.646827 14.564442 8.864037 -28.075634 55.374439 -19.184928 26.741857 -58.338116 -18.353612 5.073502 18.583585 -30.595724 11.070220 -0.547610 -29.646161 4.140409 -2.026424 2.284657 12.099506 -3.976860 -71.641760 22.690709 -6.365477 10.094915 2.797122 360.143715 -577.427554 44.252290 45.776037 6.205925 22.799057 8.278632 0.887597 -3.650890 -2.568088 26.449960 -33.006549 23.983085 -2.908848 13.476825 28.745792 -19.136214 -6.208170 -43.050645 8.183681 3.968913 0.093352 69.005928 18.084187 -11.769661 13.589162 -3.300965 2.676401 32.265960 -41.594363 6.536501 31.943099 35.755842 5.376417 9.176564 1.116869 15.694522 11.999732 -18.245302 4.556950 1.862651 -11.082614 2.852913 -10.199179 4.518816 -1.844553 2.331515 -11.259394 0.859463 3.198769 -0.876409 -0.423919 -2.947283 -2.536405 2.784086 -4.127847 3.830392 -2.144257 -3.588092 5.073305 -5.265931 3.072373 22.294484 10.351285 -8.967437 -11.125816 0.395840 10.575489 -8.760777 -3.891063
-0.018049 2.628929 0.477607 5.516934 19.600414 -6.173189 1.698082 18.167578 -0.895627 -0.587560 -7.024207 7.011885 -0.135961 6.868422 10.243198 2.768970 -9.136730 3.777167 14.474639 -6.999487 14.828399 15.399101 -28.061806 55.361565 -19.113093 27.810193 -59.385259 -20.805646 2.608005 20.249228 -32.485185 10.160960 0.486111 -27.668370 3.869287 -0.278661 5.666200 11.462575 -4.903640 -74.556026 23.467298 -6.268005 13.754536 4.115840 362.522286 -596.163376 40.949225 48.469824 5.462474 29.006854 7.187812 0.423950 -4.057805 -1.219969 24.631549 -31.336557 23.498089 -3.531769 14.549384 30.359803 -19.383016 -5.168351 -46.275958 6.688885 5.134243 -0.923972 66.374832 18.649246 -11.313637 14.616679 -1.925159 2.871402 34.579591 -36.535158 5.522003 33.238413 35.712809 3.733146 10.609549 1.884650 14.379655 9.200704 -17.659810 4.135003 0.299460 -8.404745 3.781260 -9.333652 2.985296 -2.357669 1.766743 -11.818097 0.791066 3.090325 -0.207226 -0.325993 -3.035306 -2.287360 2.494532 -1.793676 2.435485 -2.615510 -6.150721 7.369631 -5.070047 4.487899 24.692869 9.452797 -9.770894 -13.319651 1.349343 9.053297 -10.214017 -2.935823
-0.006563 2.608989 0.474223 6.619204 18.189326 -7.108216 2.815450 15.039812 -1.949789 -0.634523 -5.759404 8.042241 -0.516736 5.933118 7.779001 2.664550 -10.146748 3.538903 14.911268 -8.933309 14.020280 19.602961 -27.291260 53.143942 -20.179026 28.340330 -61.636630 -21.811554 -0.950289 22.842000 -32.505798 7.595801 1.313884 -24.833285 4.374548 2.872285 8.187264 9.641407 -4.836956 -76.608644 25.199317 -7.463301 16.213047 4.618354 366.435115 -622.359261 39.080690 50.369287 4.373569 34.603388 7.219458 -0.442884 -4.280552 0.147458 24.525587 -30.560862 25.444827 -5.970277 15.911089 33.127921 -18.102458 -5.305818 -47.565855 7.196017 5.350128 0.132115 63.711423 16.328201 -6.942751 15.555656 -0.527168 2.968071 40.617696 -32.595674 4.622469 29.382045 32.239044 4.992375 10.615067 2.727625 14.139528 5.826661 -17.453653 6.635325 -1.249447 -6.350555 4.183324 -8.705276 2.617909 -2.433027 1.853550 -13.009475 0.462121 2.727946 0.687571 0.182412 -3.220995 -2.336882 2.290817 0.316505 1.753902 -2.826241 -8.667319 9.761847 -5.018599 6.521259 25.552499 7.747961 -10.651419 -15.848065 2.525141 8.022741 -10.472619 -1.887548
0.007026 2.587245 0.477013 7.592783 17.019727 -7.732067 3.913781 12.485659 -3.011281 -0.628526 -5.251887 8.788122 -1.454872 2.682257 5.036792 2.607464 -11.070443 3.082249 14.027438 -11.024735 12.315116 21.089257 -27.290534 50.885205 -19.755773 33.094643 -63.766136 -19.091891 -8.002176 24.498417 -31.871221 4.634193 1.946444 -22.541585 5.421682 6.841419 7.456517 8.527965 -3.661468 -73.019690 22.095989 -8.201331 14.473864 3.661307 369.600018 -459.317288 -2.915925 130.705564 3.015867 36.609258 8.672685 -0.816259 -4.824048 1.614392 25.870560 -28.994579 27.166234 -9.720642 17.707105 36.473739 -17.045628 -7.306662 -48.218934 8.390655 6.173239 1.216509 61.706801 17.416069 -3.017737 15.424945 1.087916 3.598422 49.213979 -28.401502 5.674345 22.498005 25.805712 8.568091 11.073711 5.435349 13.627027 1.742130 -17.229334 9.263193 -2.785409 -4.588872 4.517801 -7.888911 2.432875 -2.293788 1.736665 -14.545733 0.300237 2.355080 1.589489 0.330137 -3.667648 -2.464424 2.127177 1.644874 1.493265 -2.821762 -10.921085 12.451216 -4.796412 8.042470 23.965908 7.355129 -10.906415 -16.599270 2.527246 7.897935 -9.751349 -0.969889
0.016002 2.553981 0.478368 8.663298 16.132983 -8.036924 4.642730 10.611166 -4.125113 -0.521426 -5.240621 9.191451 -3.013419 -3.606027 2.024067 2.171542 -13.755606 2.301401 11.716939 -12.589599 9.821409 19.975924 -27.948302 50.009682 -16.266437 40.112470 -67.522455 -13.406086 -15.962493 24.205153 -33.212895 5.563235 -0.337802 -20.941636 7.628690 4.764195 4.726797 7.476233 -1.642040 -66.023118 18.255513 -9.356285 10.957169 0.750412 374.389535 -457.268622 -10.898717 130.876755 1.376338 31.741095 11.945063 -0.587064 -5.624238 2.819514 27.684790 -26.383627 27.135707 -14.529210 18.903796 40.196786 -15.794349 -10.308914 -48.379290 7.858436 6.218500 1.181542 57.873067 17.349240 -3.007297 14.895077 2.582286 5.369166 53.517786 -25.655898 8.709530 15.510696 18.467652 10.956700 7.481395 6.979480 14.917559 -2.086209 -17.737142 11.676533 -4.316602 -3.362372 4.601031 -7.190905 2.386109 -2.023853 1.680801 -16.059171 0.125771 1.796540 2.946823 0.650002 -4.178833 -2.965236 1.699416 3.163359 0.941612 -2.430568 -12.753826 14.182890 -4.983516 8.612009 25.676152 6.604193 -11.402261 -19.627224 2.058871 8.054336 -8.985506 0.049239
0.024943 2.509850 0.480396 9.573832 15.729226 -8.031565 5.325741 9.488168 -5.186796 -0.667807 -6.040820 9.279217 -4.415793 -10.357056 -0.855340 1.574329 -14.843913 2.723831 8.693934 -13.625609 7.233976 14.631059 -28.586383 51.944294 -5.853414 46.849646 -77.033855 -6.229232 -24.021259 21.577254 -34.519202 10.871003 -7.290569 -23.237444 14.607247 -5.254373 1.431388 4.644243 0.831205 -57.841333 12.170413 -13.466219 6.469412 -2.339635 378.605473 -487.325695 7.902026 12.881586 2.348814 20.354700 14.803023 0.414372 -5.721903 3.776550 28.834852 -22.933655 25.051620 -18.362760 19.816050 43.627609 -14.136598 -12.424240 -49.800668 5.312379 5.405077 0.583062 52.021366 17.847665 -4.650071 14.311190 2.010848 8.607828 54.901178 -26.025815 12.002165 11.519943 15.908552 13.431868 5.760867 8.398194 15.836193 -3.113170 -15.180525 14.646565 -5.615827 -2.501702 4.590200 -6.775910 2.737136 -1.716944 1.903577 -17.937686 -0.140835 1.167774 4.332199 1.021181 -4.749695 -3.475117 1.255242 4.127398 0.595225 -2.035627 -14.236574 15.339990 -5.291942 9.341139 32.098146 4.597535 -13.452080 -26.335999 0.968196 8.712194 -4.909676 1.081608
0.029843 2.467917 0.480523 10.562762 15.727421 -7.846708 5.648118 9.049442 -5.943061 -0.875978 -7.005469 9.230198 -5.268067 -16.169764 -3.993048 1.316713 -14.888107 3.979251 5.940893 -14.320393 5.357033 0.320024 -30.038489 55.202875 12.920506 45.475825 -89.197555 1.152438 -27.134956 22.884159 -30.263139 9.916760 -2.331487 -21.707976 15.136407 -0.536825 -0.478322 1.726934 0.667988 -54.169864 -2.379794 -20.518894 7.089858 1.677863 375.104604 -469.265666 8.047872 -2.849281 1.724669 11.716661 15.319694 1.898035 -5.355741 4.240251 28.840513 -19.775379 22.945826 -20.309692 19.381638 46.296971 -11.295258 -12.328378 -51.059646 -0.311740 7.064451 -1.417991 34.513429 21.115395 -7.589526 13.148323 0.642182 11.737428 56.010883 -28.295330 15.428111 7.640276 14.979460 16.303271 5.245185 9.052893 17.117262 -2.883745 -9.843772 20.257848 -7.052097 -1.763827 4.467697 -6.364040 3.181865 -1.695840 2.308430 -19.892806 -0.460880 1.079732 5.518716 0.929132 -5.510503 -4.467866 0.607788 4.123213 1.035803 -1.499617 -15.854604 16.502502 -5.394192 9.993529 38.377864 2.742687 -14.705059 -33.666584 -0.743889 8.796780 -2.652663 2.044888
0.028479 2.429888 0.481731 11.751863 15.864425 -7.556340 5.651873 8.849978 -6.531524 -1.034193 -7.640154 9.102604 -5.580172 -20.553934 -7.385164 1.503376 -14.071677 5.574820 4.099236 -14.431511 4.522860 -8.356673 -30.143881 56.241868 20.838033 42.550633 -91.433821 5.540184 -25.929140 24.269326 -25.159241 8.540483 0.370052 -23.247064 17.784925 2.195640 -2.654276 -0.009803 -0.369357 -63.875303 -17.335186 -36.906868 10.302065 6.392630 369.853769 -453.394970 8.139495 -10.446472 1.055423 15.406211 16.328947 3.251740 -4.800155 4.709680 29.028274 -18.237141 21.594595 -22.255138 18.237876 49.506727 -12.034813 -12.951567 -54.093594 4.524112 0.851810 0.229268 45.007305 17.180653 -4.363909 15.238533 -1.349653 12.710500 59.183679 -29.769293 18.362151 7.410928 15.721238 18.232105 6.119465 12.378896 19.282385 -4.254998 -3.714105 25.687427 -8.507828 -0.897830 4.347645 -6.223642 3.727695 -1.816675 2.667894 -21.952733 -0.639031 0.427717 6.155769 0.968276 -6.515467 -5.343594 -0.071981 4.094546 1.518079 -1.060851 -17.782252 17.774163 -5.707815 11.038228 43.543603 0.588217 -14.201841 -39.634821 -0.912803 9.105892 -2.687652 3.051469
0.019924 2.394822 0.491689 12.925722 15.945017 -7.392290 5.625516 9.217151 -6.861357 -1.369392 -7.992283 8.715022 -4.935998 -24.574098 -11.287062 2.214993 -11.335888 7.402887 3.002507 -13.448897 4.325410 -9.736123 -29.966031 57.099841 19.907436 40.978791 -88.031315 6.824590 -22.924434 25.695531 -21.955888 6.425536 0.405880 -26.461349 20.248108 4.356916 -2.813532 -0.727141 -2.595034 -79.976183 -19.583731 -52.908614 11.571860 9.628570 364.734707 -432.781749 8.629465 -7.493687 -2.020651 28.790244 20.665838 3.848064 -4.609586 5.159063 27.871481 -18.438415 20.044225 -24.077647 16.093462 50.982679 -10.888148 -12.897548 -55.368855 3.556760 0.286826 -1.201267 43.082765 15.594231 -6.276025 16.233560 -1.839536 12.263434 62.780305 -29.275529 19.921062 9.427114 14.577070 16.892110 9.450282 14.231340 16.958186 -6.028042 3.160176 30.182530 -9.524502 0.048297 4.396839 -6.372582 4.590945 -2.044151 2.774471 -23.945140 -1.069210 0.029859 6.852579 1.100476 -7.273315 -6.250741 -0.656723 4.092150 1.719247 -0.825560 -19.719429 19.191105 -5.780192 13.420393 49.508635 -2.526447 -14.422030 -46.483660 -1.066244 9.782201 -3.882029 3.789727
0.007010 2.359163 0.510764 14.040527 16.274803 -7.373056 5.475793 10.041694 -7.053332 -1.807610 -8.253559 8.226126 -3.133524 -26.424395 -13.670412 3.400090 -6.319887 7.885325 2.036327 -11.812347 4.619394 -5.869158 -30.308994 60.441681 15.298463 38.538046 -85.049309 7.440628 -18.367933 29.439944 -19.493939 3.979938 -1.994676 -31.006484 24.171324 5.123850 -0.566002 -1.024859 -7.647900 -102.181736 -22.743130 -67.372390 15.406077 16.417285 359.440440 -422.740591 4.546009 13.810778 -4.956731 32.880487 24.927139 3.545040 -4.852609 5.142883 24.798643 -19.135812 17.353580 -23.777850 12.989599 50.103693 -11.358785 -13.677679 -53.781247 2.930630 0.691821 -2.539126 38.571381 15.100773 -3.564899 17.147726 -1.236694 11.800623 66.349034 -29.557707 19.241136 11.098921 15.061513 15.505686 11.110173 13.607633 14.675913 -6.631628 8.433555 30.441710 -10.187323 0.929253 4.683730 -6.704255 4.308681 -2.727639 2.835686 -25.251051 -1.345436 -0.432260 7.875455 1.110070 -7.852372 -7.252673 -1.229071 4.491817 1.233599 -0.785929 -21.386982 20.985531 -5.840949 14.891364 53.141716 -4.161677 -17.090338 -51.530461 -3.194879 10.466666 -1.130291 4.674559
-0.010547 2.327460 0.535958 14.676297 16.977282 -7.743237 5.472679 11.301661 -7.216028 -2.173504 -8.440796 7.831261 -0.559512 -27.154159 -14.432242 4.868062 -0.872662 7.784083 0.684119 -10.001920 5.501397 -3.453417 -32.089116 60.646567 12.409508 37.948736 -85.586833 9.112586 -15.134714 33.144359 -20.030103 5.551980 -4.374300 -33.104514 26.607194 5.202983 0.797954 -0.807219 -9.800080 -117.655081 -26.027530 -79.978344 15.675694 19.701959 357.373497 -425.441601 3.116846 13.271735 -6.423013 34.269298 26.574897 2.987256 -5.562070 4.723205 21.715283 -19.508315 14.388386 -22.592227 9.344799 49.819579 -12.604667 -14.045159 -52.587315 2.816032 1.084904 -3.256938 30.354413 13.064733 2.951146 17.427925 -0.422090 10.865342 68.056039 -30.291857 16.804274 12.968509 15.925192 14.657127 11.460772 12.701804 13.876884 -5.489355 12.111520 27.525466 -10.142687 1.855341 5.403373 -6.853350 4.130773 -3.585437 2.446382 -26.591762 -1.644653 -0.741825 8.348736 1.163671 -7.802603 -8.574967 -1.511676 4.505556 0.929086 -0.604250 -22.035402 22.497997 -5.746685 12.959831 56.496236 -3.072053 -19.972267 -56.789850 -6.976214 10.367037 3.364992 4.917983
-0.033121 2.302261 0.558194 14.934261 17.914209 -7.915263 5.236014 12.443554 -7.153652 -2.222987 -8.692455 7.267693 1.854253 -28.136132 -14.562474 5.068391 2.777742 8.103265 -1.455684 -8.437630 6.953620 -0.016652 -33.480355 59.690243 10.932043 37.837588 -86.995287 8.915196 -12.139251 35.986202 -21.570861 9.544406 -4.616765 -30.877511 25.708675 3.280393 1.732514 -0.946172 -10.191287 -138.654631 -23.614268 -100.249390 17.726271 24.432595 355.903114 -430.765425 4.194833 8.610177 -5.571507 33.318853 24.605094 2.711125 -6.236305 3.998370 17.972613 -19.636615 11.685931 -20.813957 5.929560 49.642509 -13.671003 -14.526349 -51.292539 1.861098 1.226019 -3.825948 21.182654 8.507142 11.528997 17.256270 0.067304 10.072773 67.329637 -32.052176 14.495334 15.005599 16.594397 14.487429 11.269338 11.172599 13.601736 -2.823870 11.107903 21.080448 -9.570543 2.516064 6.144620 -6.971031 3.737704 -4.658125 1.711181 -27.527369 -2.013162 -1.002371 9.338497 1.077168 -7.407793 -10.116395 -1.771006 4.339200 0.831262 -0.739191 -22.073781 22.548536 -5.552924 10.520580 58.852293 -2.148681 -17.796417 -62.167615 -5.706577 9.139985 7.152662 3.692409
-0.047362 2.285334 0.577384 14.706441 18.417332 -7.763290 5.000697 13.403137 -6.888807 -2.085193 -8.964668 6.917997 3.170208 -28.694663 -14.456993 5.114406 4.797201 8.107977 -3.464112 -7.369575 8.596389 2.982260 -32.959667 58.573785 7.425298 35.671647 -85.360801 6.593237 -10.586091 34.834821 -23.086518 11.519433 -3.838366 -29.589777 24.414849 2.783882 2.095464 0.156770 -9.475575 -142.138463 -25.790151 -104.628005 18.278820 24.997631 355.732000 -432.753148 4.209899 6.728340 -3.698498 31.606654 21.776416 2.354621 -6.736148 2.914872 15.468018 -19.783322 9.908408 -19.787722 4.142923 49.808941 -14.159085 -14.569397 -50.396232 1.187424 2.050398 -4.811486 18.169234 6.445339 14.901450 17.266043 0.530513 9.273478 65.551542 -32.588965 12.413566 16.457887 17.235404 14.988864 10.984023 10.684985 15.369075 1.019325 5.872911 10.418181 -8.987445 3.224423 6.465668 -6.762674 4.292480 -5.375194 1.032183 -28.909659 -2.546536 -1.461039 10.835633 1.397053 -7.031971 -11.467996 -2.106464 4.135444 -0.000981 -0.970860 -21.260109 21.365012 -4.931205 10.254471 56.512947 -2.394486 -12.131749 -61.099144 -0.828271 7.851363 9.372242 2.686272
-0.058230 2.279115 0.584437 14.298275 18.770629 -7.609374 4.535239 14.239619 -6.251754 -1.640201 -9.015335 6.427138 3.733646 -29.169465 -14.304893 5.269470 5.815926 7.663979 -5.002087 -6.739548 10.210818 6.209956 -31.548469 58.266132 2.830789 33.009358 -83.431607 3.034466 -8.253764 31.801687 -23.428171 11.047095 -2.855084 -29.692311 21.885050 2.906686 1.860369 1.477992 -8.462958 -132.461730 -28.264388 -100.645258 16.938973 23.532541 355.857938 -431.725968 1.847506 4.122446 -2.174988 31.664556 18.931603 1.931670 -6.989049 2.056803 13.748626 -20.432747 8.645855 -19.005495 2.925959 49.540303 -14.277388 -14.367659 -48.940876 0.548147 3.292893 -6.227149 15.998470 5.448615 16.322990 16.589890 0.303822 9.031150 63.334891 -33.930155 11.712087 17.130190 18.704623 15.313949 9.637299 11.659128 19.689564 2.251712 3.264781 5.234167 -8.292437 3.763056 6.269973 -6.582309 5.711439 -5.980243 0.703438 -30.266642 -2.717356 -2.073371 10.736673 1.266210 -6.627032 -12.726857 -2.388781 3.702001 -0.950657 -1.425072 -20.258653 18.957249 -4.729041 10.394437 48.336467 -1.443275 -8.948179 -54.255383 1.776477 7.548056 10.371959 1.655256
-0.069697 2.266332 0.589218 13.397224 19.126932 -7.328371 4.210035 15.307373 -5.635362 -1.102280 -9.311541 5.937270 4.352156 -29.741474 -13.643679 5.361642 6.714474 7.206052 -5.766651 -6.545984 11.563160 10.639654 -29.609287 59.257389 -2.373832 31.701203 -82.335930 0.208577 -6.293904 29.568408 -22.547989 10.991053 -2.274964 -27.649102 21.769227 4.816827 1.435582 2.501033 -7.841326 -123.275544 -26.778099 -95.195621 15.565316 21.708357 355.867776 -430.254750 -0.110185 2.761937 -0.983975 32.713807 16.914949 1.737402 -7.041738 1.260518 12.503492 -20.265399 7.397305 -18.080615 1.957666 49.241312 -15.042028 -14.951364 -48.421043 -0.252954 4.719425 -7.760661 13.595666 4.480343 16.450419 16.615154 0.541450 8.578592 61.311117 -35.445157 11.319973 19.046090 20.550944 14.755198 11.630355 15.824588 29.808458 2.987462 2.040531 2.318898 -7.475718 4.227914 5.881419 -5.680785 8.089761 -6.139174 0.680070 -31.415410 -1.998120 -2.282022 8.627554 1.344332 -6.189422 -13.833633 -2.587026 3.113544 -2.539854 -2.236737 -18.853860 16.094678 -4.224260 10.323983 44.598409 -1.486237 -5.579691 -52.213896 4.416201 6.886493 8.751654 0.523758
-0.080384 2.247790 0.594046 12.276528 19.560891 -6.882549 3.773933 16.379546 -5.099119 -0.132285 -9.763760 5.521408 4.667197 -30.343854 -12.739607 5.388929 6.804181 6.829743 -5.842962 -6.563707 12.471228 15.560317 -27.709234 60.890117 -7.138734 31.670131 -81.509891 -1.723737 -4.700266 28.276183 -21.455989 10.957858 -2.497086 -26.828120 21.947224 6.357885 1.055019 3.061679 -7.733207 -119.161759 -24.019666 -90.920846 14.894158 21.047318 355.987780 -429.155217 -1.526905 3.094472 -0.337509 33.086065 15.352664 1.581718 -6.720909 0.411563 11.424560 -20.082982 5.873112 -16.922352 1.002561 48.448845 -15.731140 -14.474516 -45.686378 0.458844 5.696776 -8.068191 11.818353 2.936836 15.568421 16.580823 0.043551 7.430595 59.841978 -37.337049 10.998225 11.459106 16.441046 16.866394 4.668687 17.485580 26.012846 3.729968 2.040332 0.830955 -6.255574 3.228377 5.312590 -5.326369 12.574384 -5.624970 1.212935 -30.615231 -1.544311 -2.185816 3.503479 1.311251 -5.601909 -14.577178 -2.751512 2.675782 -2.929278 -2.491314 -16.898449 11.611437 -3.591789 10.334057 45.984431 -2.527525 -4.291873 -55.259228 4.307495 5.966909 8.173398 -0.117064
-0.090537 2.235240 0.598644 10.897844 20.240006 -6.305623 3.402212 17.321685 -4.623051 0.758788 -10.352184 5.294652 4.610431 -31.106310 -11.656647 5.476576 6.083966 6.749633 -5.406528 -6.741353 13.114796 18.703987 -26.439424 61.796427 -10.974664 31.396824 -80.513773 -3.326141 -4.057222 27.241009 -20.482610 11.740057 -2.599991 -26.194344 22.685028 7.352043 0.476425 3.557511 -7.777742 -112.630591 -22.228469 -86.117557 13.938177 20.356158 356.316857 -429.384146 -3.691490 3.971064 -0.735985 34.032393 14.141165 1.595368 -6.211307 -0.535199 10.278264 -18.983010 3.691533 -14.605388 0.752868 47.614537 -16.418076 -14.453291 -43.699313 0.638214 5.869491 -6.593572 10.418039 2.026931 14.876262 16.190128 -0.565682 6.763498 58.852552 -39.381370 11.078502 7.687972 14.211755 18.711194 2.616546 17.933750 26.870122 4.244657 2.103070 -0.275056 -4.799812 2.453896 4.865691 -4.918666 16.893863 -4.961720 1.913227 -28.880145 -1.523089 -1.982471 -3.555819 1.112857 -4.872887 -15.446779 -2.731499 2.174203 -3.928616 -2.810812 -14.793883 6.913842 -2.879065 10.884107 46.202139 -3.232685 -2.808164 -58.099728 4.294347 4.209357 9.438072 -1.226055
-0.099189 2.218698 0.599129 9.450851 20.895410 -5.812905 2.984065 18.152657 -4.070621 1.518185 -10.662551 4.939320 4.101746 -32.011850 -10.064068 5.472136 4.153195 6.737640 -4.758230 -7.019444 13.794904 21.119500 -26.088022 62.923016 -13.632336 32.136777 -80.320960 -3.996120 -4.153834 26.594939 -19.902552 12.790364 -3.275491 -24.878352 24.566756 7.362743 0.033950 3.874778 -7.680709 -105.206775 -20.316648 -81.369980 13.291095 19.981888 357.036746 -428.891026 -6.033537 4.374385 -0.816890 34.474267 13.019241 1.567047 -5.936251 -1.209876 9.766895 -17.743070 1.904192 -11.429917 1.450442 44.634152 -15.900045 -14.059237 -40.240810 0.341290 6.047859 -4.158937 9.101120 1.458552 14.437780 16.057634 -0.736675 7.205294 59.963079 -38.823184 14.203385 9.118255 17.212706 18.667617 4.984910 14.112397 24.453593 4.233081 2.037668 -0.472927 -3.496305 1.807887 4.489256 -4.419503 20.899778 -4.693511 2.492838 -25.228740 -1.589225 -1.382820 -12.206878 0.772244 -3.924947 -16.120535 -2.844070 2.008635 -4.392591 -2.747590 -12.802646 1.950935 -2.131696 11.093807 45.588511 -3.055480 -2.275461 -60.810521 3.270698 2.075000 11.189935 -2.500257
-0.102801 2.198923 0.600714 8.202060 21.450633 -5.203376 2.517583 18.842716 -3.721578 1.948238 -10.469440 4.574849 3.608083 -32.733171 -8.435351 5.322795 2.167338 6.525682 -3.811016 -7.659160 14.046814 22.605494 -26.511099 63.804503 -15.232102 32.933809 -80.185284 -4.235592 -4.839496 26.237146 -19.089715 13.888447 -4.585145 -21.654057 29.849223 5.754066 -0.379018 4.168614 -7.606003 -100.144610 -20.084265 -77.255268 12.414988 18.782123 357.608761 -428.072657 -8.031150 4.789499 0.534723 34.091556 11.529207 1.200729 -6.032411 -1.768082 9.739924 -16.937502 0.993770 -7.970072 2.424624 40.500491 -14.465714 -12.738812 -36.899607 0.179979 5.395261 -2.941029 8.588199 1.078975 12.625916 16.145293 -0.752547 7.947625 62.960626 -34.067029 18.643352 11.700117 19.740462 17.776457 6.769067 7.602473 20.231858 3.742948 2.020549 0.015106 -2.503270 1.580920 4.252051 -3.743531 24.568619 -4.617067 2.412588 -24.403236 -1.681062 -0.492650 -16.436672 -0.044405 -3.221311 -16.915810 -2.871088 2.076735 -5.382859 -2.701065 -10.986119 -2.448460 -1.473938 12.044421 45.059299 -3.742473 -3.255432 -61.856971 1.586040 0.026793 11.409367 -3.531163
-0.102468 2.175781 0.600182 7.303035 21.880846 -4.773244 2.246510 19.512207 -3.588231 1.877818 -10.185159 4.294108 3.074485 -33.292585 -6.910529 4.986444 -0.043924 6.089196 -2.679252 -8.202416 14.141933 23.195792 -27.611481 64.400061 -16.349914 33.833338 -80.183839 -4.168542 -5.243095 26.039911 -18.569214 15.248432 -5.405184 -17.757124 35.168734 4.332484 -0.786281 4.450726 -7.005944 -96.165064 -20.389565 -73.940800 11.664852 17.445608 358.132132 -427.213596 -9.170170 5.053359 3.046068 33.387903 9.809655 0.629157 -6.087875 -2.146023 10.274472 -16.548672 0.892387 -4.771652 2.757454 36.397190 -14.385180 -12.211661 -33.617906 0.074904 5.068688 -2.046913 8.296686 0.709013 11.721924 15.901738 -0.170393 8.328790 63.968618 -29.994297 20.409032 12.478163 21.310282 17.427245 7.356517 5.628983 18.919548 2.937757 2.282995 0.128723 -1.599567 1.333020 3.990604 -3.868767 28.208011 -4.185063 2.256287 -25.756404 -1.908020 -0.040063 -17.751494 -0.775395 -2.719337 -17.445807 -3.100078 2.124461 -5.879303 -2.673597 -9.683489 -5.756085 -1.002166 13.095765 45.250974 -4.449298 -5.250222 -61.690137 -0.484531 -0.907645 10.392783 -4.024792
-0.099814 2.147256 0.590920 6.233834 22.426824 -4.256255 2.109856 20.185681 -3.365740 1.628603 -9.901641 3.810809 2.687091 -33.579030 -5.117275 4.632304 -1.745757 5.063472 -1.156322 -8.784831 14.197637 24.280852 -28.684607 65.260006 -17.895686 34.731388 -79.466646 -4.060567 -5.519552 25.773479 -17.785501 16.013857 -5.586804 -14.897604 39.033153 3.783665 -1.089322 4.550674 -6.451304 -93.300779 -21.171795 -71.155462 10.994258 16.414867 358.623399 -426.994767 -10.947752 5.682357 4.713138 31.704777 8.111230 -0.139221 -5.967350 -2.501582 11.384563 -16.005320 1.972388 -2.769576 2.581617 32.478175 -14.199887 -12.165559 -30.826376 0.392642 4.377408 -1.317992 8.021281 0.369099 11.098911 15.459296 -0.040359 7.920131 63.436855 -27.195382 18.879944 12.266230 21.577515 17.699313 7.582928 5.132334 20.119854 -1.460374 2.554453 0.527192 -0.563348 0.747288 3.526178 -4.270884 31.415712 -3.477070 1.718108 -25.987741 -2.126778 0.323118 -18.454742 -1.473113 -1.764858 -17.621827 -3.038808 2.502559 -6.508615 -2.279172 -8.425985 -9.375326 -0.942669 14.551682 45.686237 -5.431962 -7.314853 -60.275201 -2.036913 -1.211494 8.474822 -4.335573
-0.094146 2.116100 0.578808 5.347300 22.885360 -3.977859 2.180187 20.940155 -3.013686 1.029098 -9.805009 3.382179 2.364692 -33.767179 -3.676746 3.895409 -3.558555 3.982006 0.204937 -9.035036 13.897122 23.549206 -30.542611 65.300659 -18.473526 34.650617 -78.954329 -3.686040 -5.561550 25.162851 -16.495234 16.798056 -5.170434 -12.670975 43.235928 3.991200 -1.242312 4.471398 -5.216929 -87.149280 -22.478478 -66.439426 10.699785 15.931294 359.408721 -428.242432 -12.997344 6.055424 5.973202 30.011391 6.258475 -0.426612 -5.777574 -2.886811 12.339777 -15.833733 2.902431 -1.284943 1.664897 30.387673 -14.128496 -12.276278 -29.476489 0.647327 4.000461 -0.626627 7.837291 0.123694 10.972832 14.993660 0.047052 7.551454 62.559960 -25.070733 16.566673 12.114041 21.251699 17.448098 7.385793 2.976666 19.334117 -6.015275 1.490071 0.780498 0.339181 0.306965 2.970194 -5.107343 34.633737 -2.393692 1.588187 -26.096208 -2.521568 0.750507 -19.095418 -1.975075 -0.944364 -17.659945 -2.676532 3.051566 -6.882895 -2.105740 -7.223180 -12.650045 -0.840802 16.247296 46.554084 -6.754133 -9.201437 -59.097984 -2.897974 -1.315020 6.582499 -4.457938
-0.090754 2.078804 0.567740 4.369765 23.200411 -3.540718 2.244514 21.641304 -2.509631 0.542920 -9.710362 2.783062 1.623455 -33.748028 -2.279181 2.532914 -5.443296 2.937019 0.933058 -8.952912 13.498072 20.116813 -32.058284 62.821529 -19.220699 32.510825 -77.783094 -2.291603 -4.260075 25.024837 -15.936870 17.161931 -4.045992 -12.776579 46.920763 5.402344 -2.008819 5.275779 -3.830357 -77.416854 -25.266951 -56.069193 11.389549 15.769967 359.756363 -431.373111 -13.849081 4.750243 6.160104 28.278642 4.526145 -0.349986 -5.202413 -3.217408 13.745820 -15.874836 3.940331 -0.748500 0.692772 29.362590 -14.161254 -12.036352 -28.842309 1.002005 3.334642 0.124984 7.659114 -0.267691 10.509213 14.779888 0.102827 7.522811 61.500592 -24.343460 15.401488 12.134941 20.401994 16.421512 7.846281 0.206318 17.553853 -15.824480 -0.373462 1.078675 1.271154 -0.554479 2.396828 -6.055424 37.824136 -1.040673 1.287566 -26.822281 -3.133628 1.385217 -18.627030 -2.405016 -0.003328 -17.347072 -2.010953 3.952184 -7.191888 -1.257591 -5.804389 -16.299798 -0.741975 18.266634 48.649611 -8.402300 -10.783399 -59.040799 -3.418047 -1.619160 5.834484 -4.223916
-0.088330 2.042704 0.547932 3.278147 23.226146 -3.112927 2.561141 22.354722 -1.996441 0.121884 -9.782421 2.264763 0.810004 -33.575053 -1.313250 1.306519 -6.518470 1.717475 1.187633 -8.602137 13.016510 14.708970 -34.138017 58.000618 -19.381576 29.505984 -76.361493 -0.331368 -2.141767 24.958827 -15.415330 18.672536 -2.158392 -14.428977 48.781798 7.717757 -2.803478 6.426412 -1.679996 -67.318808 -25.883089 -38.993367 11.627392 15.381670 360.684299 -433.270873 -15.621041 5.272538 7.068042 25.087320 2.456850 0.054893 -4.285966 -3.251737 15.246966 -16.485926 4.837956 -0.664618 -0.064380 29.494051 -14.392049 -11.860886 -29.121755 1.143605 3.181699 0.966786 7.530289 -0.527811 10.486100 14.377503 0.017306 7.716564 60.304754 -22.811716 13.558596 11.932530 18.304698 15.422623 8.781726 -2.431622 16.825674 -21.645026 -1.401136 0.499142 2.130504 -1.223034 1.809859 -6.929257 40.714822 0.204624 0.376935 -26.741068 -4.094633 2.789011 -19.186031 -2.692923 0.815476 -16.698277 -1.576854 4.672602 -7.558533 -0.762567 -4.312759 -19.460949 -0.716361 21.016428 50.961590 -10.504599 -13.060293 -58.591027 -3.985272 -1.850329 4.789069 -4.535052
-0.084624 2.016971 0.531362 2.306927 22.381886 -2.583172 2.717491 23.478602 -1.724643 -0.166151 -9.626937 1.894210 0.497608 -33.698492 -1.009702 0.524697 -7.123389 1.177086 1.073743 -8.290227 12.207397 7.232578 -37.201287 50.176387 -19.351235 25.286536 -73.165625 2.077812 0.780122 24.534316 -15.074632 18.910303 -0.452033 -15.211168 49.138969 7.720750 -2.795891 6.857861 0.809751 -59.784851 -27.220551 -24.863385 11.590358 14.845170 361.578542 -434.429320 -15.442043 6.479094 7.930954 21.857529 0.241582 0.451788 -3.429821 -3.120863 17.722705 -17.269816 6.126056 -1.242840 -0.286036 30.450786 -14.770667 -11.293350 -29.857474 0.807289 2.994653 2.149543 7.408787 -0.726149 10.312493 14.009527 -0.101925 8.200237 58.730741 -21.324417 12.381856 11.353533 15.755919 15.146755 9.608712 -4.537115 17.183268 -25.401265 -2.539794 -0.867090 2.819062 -1.143593 1.110465 -7.835846 43.112170 1.311310 -0.537257 -26.587297 -4.633789 4.034876 -18.212776 -3.268082 1.561452 -15.419439 -1.153764 5.395978 -7.793408 -0.543764 -2.960382 -20.911591 -0.618755 20.928196 52.373846 -11.087112 -14.030215 -57.513825 -4.841016 -1.631348 3.992181 -4.147513
-0.081945 1.997139 0.512079 1.305342 21.385159 -2.005596 2.882482 24.198759 -1.366784 -0.303163 -9.541847 1.468524 0.012803 -33.375558 -0.693500 0.172158 -7.563013 0.395375 0.683186 -7.918231 10.779337 -0.309066 -39.203252 41.760052 -20.975725 21.156795 -69.423596 5.493693 4.509671 22.366147 -15.178495 19.109949 1.487526 -16.453837 47.168327 6.809789 -0.974633 1.359096 -0.268822 -44.909286 -35.995046 -44.909257 10.850103 13.166245 362.957743 -435.142564 -12.450831 9.603255 7.491140 21.156941 0.040461 0.810036 -2.602106 -2.948372 20.443945 -17.647618 7.373632 -2.029717 -0.428696 31.958268 -14.746029 -11.017037 -30.502801 0.828196 2.822989 3.932348 7.107312 -0.461273 10.187888 13.634401 -0.974491 9.753479 58.380214 -21.386436 14.295848 10.511417 12.494803 15.029067 10.270271 -6.333602 18.508049 -28.146340 -3.634747 -3.020776 3.395005 -1.063071 0.309753 -9.179671 45.683953 2.877908 -0.614928 -27.402816 -4.597785 4.609315 -17.355387 -3.913578 2.088747 -14.053530 -0.495364 5.840859 -8.092484 -0.581378 -1.539181 -21.560946 -0.394832 22.215789 53.640802 -12.664353 -16.120650 -55.299844 -5.842073 -0.992474 1.709950 -4.437691
-0.075057 1.981741 0.499716 0.616281 19.931191 -1.667685 2.907187 24.943438 -1.230330 -0.532467 -9.260343 1.047195 0.022299 -32.984681 -0.317266 0.323827 -7.769221 -0.135783 -0.068796 -7.631158 9.369222 -7.886779 -40.505086 32.927292 -23.632942 17.888350 -64.552777 9.444753 10.075492 19.696095 -15.334146 18.108801 2.210319 -17.030842 42.554641 5.471559 -0.825139 0.202718 0.137157 -41.028332 -34.519204 -42.213716 11.224269 11.367093 363.385176 -436.333236 -8.745271 10.764418 6.819192 21.315099 1.129916 1.575783 -2.236334 -2.768501 24.918189 -17.461587 9.359498 -3.591452 -0.425458 34.342015 -15.015088 -10.164368 -31.386192 0.885241 3.037315 6.176286 8.197533 0.114932 10.350977 13.155849 -1.607913 11.420462 57.625996 -22.799197 15.326203 8.912665 9.045982 15.738591 10.532465 -7.588071 19.371763 -29.247632 -4.840220 -4.250578 3.598245 -0.314829 -0.512536 -10.384687 47.125270 4.282156 -1.219670 -26.998363 -4.243664 5.657607 -16.764906 -4.833014 2.324484 -12.675683 0.149191 5.880492 -7.761418 -0.688723 -0.334194 -21.072946 0.077327 24.300081 54.735533 -14.667819 -18.865628 -53.496287 -6.775468 -0.741484 -0.075988 -4.536193
-0.069864 1.977129 0.490580 0.038362 18.692156 -1.608822 3.021931 25.268256 -1.077982 -0.562807 -8.963779 0.975331 -0.245405 -32.162258 -0.092335 0.630454 -7.923965 -0.570520 -0.780606 -7.415490 8.167168 -13.843367 -41.075966 25.599734 -26.580224 15.038647 -59.344023 13.140952 14.792133 16.474077 -14.916934 16.624920 2.178003 -16.515919 38.087156 4.926730 -0.195877 -0.376348 0.300229 -39.939566 -34.183053 -40.497116 11.528531 10.477354 363.574630 -438.547086 -6.734999 9.824410 6.632758 19.730139 2.181201 2.249827 -2.140925 -2.828738 29.241980 -16.652860 11.188880 -4.829074 -0.336869 37.583324 -15.938158 -8.675000 -32.887703 0.881470 3.145363 7.683717 8.718291 0.811294 10.698643 13.171097 -1.810375 12.634867 56.872682 -23.722879 15.248499 7.426190 7.307624 15.861627 9.447404 -7.433973 19.723033 -28.694432 -6.251540 -3.926850 3.649912 0.152748 -1.208828 -11.565588 48.550243 5.693014 -1.975493 -26.665802 -3.744436 6.718200 -16.877016 -5.512360 2.549741 -11.548397 1.061400 5.691108 -7.038756 -1.044594 0.500258 -20.002616 0.700208 27.103546 54.841514 -17.131192 -20.509821 -52.275612 -6.453123 -0.732174 -1.464538 -4.704718
-0.068045 1.972186 0.478816 -0.474239 17.459655 -1.551735 3.198313 25.471680 -1.037981 -0.472094 -8.681886 0.909787 -0.241792 -31.519495 0.212762 1.105078 -8.065004 -0.733007 -1.259185 -7.348695 7.328373 -17.797121 -41.167327 20.641034 -31.981856 12.000968 -54.114078 17.539362 20.669342 11.966447 -14.295142 14.237192 1.469477 -16.185889 34.120203 5.001222 0.078564 -0.873510 0.584918 -41.178540 -35.767469 -39.635758 11.320084 10.072365 363.911510 -440.647333 -5.606011 7.099810 7.222853 17.055072 2.806651 3.252739 -2.518899 -2.880114 33.303507 -14.982918 12.323247 -5.361894 -0.627105 41.193981 -16.998527 -6.783031 -33.688259 0.099066 3.198065 8.780072 8.969994 1.372897 10.386143 12.925740 -1.728967 13.883290 56.286892 -23.601719 15.078986 5.322564 5.628999 16.503293 8.341556 -5.934854 19.393824 -27.123513 -8.202215 -2.197209 3.982041 0.900321 -1.900672 -12.757672 49.192264 7.367831 -3.104463 -25.997599 -3.745668 7.714558 -17.485762 -6.389313 2.701003 -10.620270 1.722224 6.056684 -7.015961 -1.159393 1.140505 -19.063947 1.085543 26.763920 53.835248 -17.080639 -20.109407 -50.394498 -5.617326 -0.438006 -2.361019 -4.693711
-0.063845 1.975256 0.471820 -0.999720 16.396362 -1.421813 3.314406 25.181459 -0.915338 -0.432155 -8.178624 0.897173 -0.222718 -30.501112 0.302680 1.664747 -8.308734 -0.964599 -1.836761 -7.195893 6.566234 -20.492306 -40.688578 16.960911 -34.458606 8.815313 -50.641500 19.702269 24.411628 9.115184 -13.415129 12.722703 0.668308 -14.079786 30.717093 4.431100 0.671602 -0.831989 0.558696 -42.433578 -38.602543 -40.731692 11.640219 10.647832 363.920957 -442.729275 -3.868220 5.518962 7.376506 14.811463 2.588803 4.440315 -2.790071 -2.982699 36.568137 -13.779312 13.624164 -6.099113 -0.317846 42.789925 -16.893132 -5.112217 -33.484142 -0.604365 2.967856 9.102892 9.206143 1.677375 9.958979 13.696225 -1.391565 14.799661 56.059138 -23.671071 15.692246 4.862637 5.433087 16.569343 9.587081 -2.822443 19.461842 -25.070857 -9.246897 -0.100300 4.299091 1.389847 -2.473594 -13.766227 49.621193 8.713215 -3.189301 -25.492313 -3.461400 7.489822 -16.927918 -7.660917 2.761485 -10.012250 2.447240 5.710238 -6.029634 -1.595138 1.591749 -18.179242 1.367003 25.068328 51.861615 -15.387310 -19.007461 -47.777278 -4.838718 -0.141877 -2.645383 -4.891513
-0.062879 1.979266 0.465629 -1.273328 15.394211 -1.113573 3.247144 24.727490 -1.013732 -0.361628 -7.643632 0.980601 -0.192451 -29.578990 0.191615 2.070144 -8.271730 -1.142040 -2.390200 -6.929270 6.016284 -22.297528 -40.638981 14.614776 -36.331857 6.985797 -47.961704 21.990668 27.202738 6.396945 -12.526460 11.564830 0.139369 -12.006122 27.148788 4.132407 1.319551 -0.595345 0.634890 -42.651584 -41.717560 -41.084045 12.093115 11.619465 364.020754 -444.300834 -1.942535 5.824818 7.069369 10.575427 2.017005 5.516126 -3.202320 -3.253916 37.690609 -13.376691 14.877316 -5.738641 0.607433 43.090886 -15.917022 -4.166752 -33.260187 -0.492243 2.893205 9.579457 9.836670 2.342108 9.338948 14.458454 -0.965707 15.207167 56.055687 -22.772526 16.730243 4.097647 5.212965 16.599005 10.321081 -1.727226 19.594747 -23.544869 -12.120231 1.458604 4.521082 2.175378 -3.040920 -14.341260 49.238601 9.355009 -2.521800 -25.068421 -3.624202 6.573800 -16.247510 -8.484965 2.554384 -9.373802 2.891406 5.703933 -5.709082 -1.969627 2.077023 -17.770953 1.574597 21.566678 48.464249 -12.274937 -17.016171 -43.110692 -3.855860 0.212616 -3.127544 -5.214452
-0.062068 1.989060 0.461193 -1.544533 14.579249 -0.658916 3.356410 23.906262 -1.284799 -0.252954 -6.901765 1.041803 -0.342291 -28.621625 0.035574 1.985531 -7.876720 -1.435645 -3.055756 -6.793245 5.662725 -23.591866 -40.638304 13.080727 -39.690254 4.112605 -45.410169 24.462477 31.198443 2.853565 -11.894513 10.817070 0.063420 -9.519309 22.304171 3.745656 2.057179 -0.462333 0.474088 -41.963325 -45.222651 -40.508965 12.607190 12.602325 363.983676 -444.321194 0.029139 7.355389 6.701933 8.246654 2.745653 6.505339 -3.598256 -3.429570 38.666858 -13.274302 16.121783 -5.391792 1.605762 42.636256 -14.545784 -3.251657 -32.556581 -0.082389 2.950680 9.956564 11.305458 3.422127 9.039152 15.116772 -0.347950 14.792889 56.155178 -21.781963 17.184341 3.119450 5.691624 16.142047 10.643777 -1.043678 20.059683 -19.464894 -18.132361 4.265844 4.685000 2.504111 -3.346882 -14.015110 48.950379 9.289944 -2.164070 -23.697667 -3.962832 5.946616 -14.472885 -9.306450 2.317436 -9.004568 3.240854 5.725327 -5.679264 -2.606799 2.362098 -16.912452 1.787709 20.175701 45.191754 -10.364580 -16.745636 -39.123626 -3.694685 0.500142 -4.274875 -5.538494
-0.064438 2.004207 0.455143 -1.706300 13.959012 -0.214094 3.177104 22.920630 -1.341768 -0.076233 -6.342774 1.020114 -0.423024 -27.419439 -0.173443 1.311965 -6.210131 -1.544396 -3.695233 -6.512140 5.082092 -25.057915 -40.240424 11.787455 -41.245060 2.147372 -44.069359 26.203785 33.059314 0.356365 -11.064281 8.388073 -0.755295 -7.795142 18.663316 4.256095 2.059696 -1.345062 0.020551 -41.064763 -46.722690 -38.734817 12.962415 12.720944 364.266629 -442.734939 1.069795 8.550123 5.794006 6.111374 3.938913 7.344603 -4.055744 -3.791630 39.928552 -13.806202 17.983373 -4.834723 3.196790 41.338002 -13.724501 -1.629349 -32.001844 0.696707 3.234295 10.379103 14.291382 4.400231 8.475011 16.584473 0.547372 14.085828 55.566041 -20.281935 17.126477 2.649380 6.346122 15.547141 11.047647 -0.601515 20.741600 -8.854308 -27.235409 9.350642 4.735298 3.068952 -3.202190 -13.632616 48.646220 8.830325 -0.495789 -24.048329 -3.729172 3.861336 -14.983598 -9.691559 1.946780 -8.962057 3.350988 5.728897 -5.414908 -3.286812 2.757342 -16.119248 2.156986 18.528148 41.060571 -8.199489 -16.705503 -35.167768 -4.298818 0.102059 -3.962648 -5.659313
-0.068263 2.023314 0.448720 -1.757500 13.577981 0.074791 2.776557 21.976984 -1.099228 0.070675 -6.156699 0.886242 -0.602302 -26.379590 -0.431215 0.384829 -3.925663 -1.449452 -4.251205 -6.050707 4.521814 -26.868543 -40.059857 10.290026 -42.086584 0.669842 -42.699721 27.554105 34.296607 -1.767082 -10.735395 5.860097 -1.339616 -5.656877 14.499746 4.145473 2.485977 -2.283907 -0.361509 -39.295198 -47.198925 -36.435036 13.515263 12.735280 364.520464 -440.921942 1.067810 9.645491 4.413711 1.856815 5.654250 8.228245 -4.436699 -4.184114 41.543464 -14.105920 19.597175 -5.141719 4.962496 40.234765 -13.062369 -0.711396 -31.791523 1.331598 3.426122 10.921609 19.254189 5.979008 8.727522 18.264558 1.292115 13.450991 55.772448 -19.540436 17.589193 2.072108 7.130152 14.673733 10.762724 -0.726111 20.726953 4.443849 -34.705366 14.924126 4.694008 3.314419 -2.880923 -13.034024 47.820112 8.165649 1.385629 -23.475680 -3.445474 2.200376 -15.105018 -10.148788 1.626960 -9.027220 3.233070 5.849907 -5.448512 -3.755826 3.009073 -15.518875 2.362089 17.485793 36.907403 -6.670488 -16.425873 -31.016823 -4.241198 0.110543 -3.906765 -5.860716
-0.074690 2.039850 0.442133 -1.844942 13.198323 0.478771 2.404376 21.078606 -1.105583 0.260367 -5.989483 0.843751 -0.634421 -25.394108 -0.569100 -0.796658 -1.659385 -0.922683 -4.706157 -5.566705 4.125637 -28.284552 -39.738020 8.783523 -42.751677 -0.666490 -41.883840 28.328820 35.054776 -2.879481 -10.586533 2.252839 -2.404933 -3.826409 10.361602 3.051849 2.542806 -3.499122 -0.679212 -37.631097 -47.715405 -34.110645 14.006497 13.122912 364.733995 -438.525077 0.046405 10.233175 3.656657 -1.487824 6.306098 8.820048 -4.712172 -4.672731 43.802184 -14.670492 21.648584 -5.166913 6.988194 38.983384 -12.697802 0.199466 -31.379123 2.383992 3.181632 11.609604 22.800021 6.290011 9.253598 19.428191 1.671886 13.154446 55.020429 -18.511906 17.437657 1.657642 8.037905 14.416716 11.133838 -0.969432 20.799197 10.299812 -38.122815 17.129240 4.577528 4.206400 -2.416213 -12.145872 46.693858 7.619472 3.259871 -23.216786 -3.484361 0.655093 -15.249567 -10.533758 1.317806 -9.114517 2.919276 5.643733 -6.266075 -4.522376 3.098877 -14.957388 2.421731 16.759209 33.829352 -5.803653 -15.921092 -27.860216 -3.896254 0.128795 -3.863562 -5.956781
-0.081063 2.050087 0.431518 -1.846925 12.918429 0.623254 1.994677 20.443992 -0.883075 0.338805 -6.126857 0.716198 -0.639433 -24.695274 -0.476752 -1.732647 -0.491565 -0.160595 -5.075184 -5.074536 3.962553 -29.105698 -38.908111 7.389783 -43.113657 -1.856435 -41.403081 28.756394 34.679644 -3.643922 -10.155048 -1.190054 -3.860694 -0.601351 6.634367 0.009214 2.657907 -4.075564 -0.902492 -36.079210 -48.212436 -32.365204 14.423700 13.342833 365.150584 -436.902180 -3.106906 9.427235 3.874558 -3.637774 6.262323 9.233541 -4.553590 -4.843258 45.129382 -14.659782 22.753616 -4.506282 8.291658 37.820609 -12.180013 0.605402 -30.869219 4.487281 3.068677 12.788968 32.591346 6.818898 10.691837 19.426550 1.599208 13.300437 54.175208 -18.062500 17.974032 0.830243 9.211864 13.964229 9.789476 0.640522 20.608913 13.389750 -37.904787 17.714098 4.443635 5.040386 -1.995989 -11.443867 45.767828 7.368655 4.077148 -23.653914 -3.865553 -0.307868 -14.652179 -11.017176 0.965487 -9.388535 2.287504 5.015734 -8.259796 -5.391367 3.233490 -14.440989 2.586426 15.949977 30.879441 -4.572277 -15.771965 -24.702492 -3.709599 0.278505 -3.910030 -5.818165
-0.083924 2.067514 0.420837 -1.717717 12.711138 0.565657 1.474451 19.633262 -0.580023 0.369627 -6.108055 0.744521 -0.552986 -24.134692 -0.521246 -2.318719 0.141676 0.386355 -5.367063 -4.450007 3.634712 -29.988639 -38.051207 5.458319 -42.463804 -2.940548 -40.978714 28.869801 34.435682 -3.654262 -9.675095 -2.147276 -4.683868 0.922411 7.010677 -1.047070 2.976189 -3.906781 -0.994683 -35.502480 -48.776801 -32.058928 14.864241 12.550424 365.904585 -435.760560 -7.347010 7.438334 3.839266 -5.481361 5.715443 9.608009 -4.344422 -5.012950 46.282565 -14.444883 23.810007 -4.518800 9.334775 36.777160 -11.131289 0.854544 -30.632056 7.688004 3.203149 13.642577 43.719075 4.671573 13.964263 19.969364 1.492701 12.897854 52.881349 -17.855077 18.529902 0.011674 9.948965 12.721928 10.674951 -1.229336 19.538667 14.222387 -35.186309 17.684121 4.067979 5.621270 -1.526279 -10.771161 44.667302 7.126342 5.285800 -23.203957 -3.905243 -0.844111 -14.523439 -11.281882 0.613719 -9.597467 1.672564 4.134062 -10.951727 -6.087845 3.242972 -14.196094 2.857845 15.083809 28.781604 -3.520354 -15.781637 -22.658090 -3.026876 1.536596 -2.898863 -6.067553
-0.086701 2.081656 0.410007 -1.664857 12.668901 0.521044 1.171128 18.814544 -0.558478 0.287052 -5.965692 0.979298 -0.615513 -23.864045 -0.628310 -2.387482 0.256833 0.704599 -5.781896 -3.991036 3.159325 -30.765045 -37.580462 3.193245 -41.715483 -4.727706 -40.622748 29.370305 34.293383 -4.718141 -9.145580 -2.563909 -5.044717 1.064765 8.542854 -1.288953 2.864178 -3.581634 -1.121382 -33.682908 -47.293692 -30.139848 15.213907 10.012673 366.153839 -436.558874 -7.162105 1.128768 3.312120 -8.261144 3.707557 9.883284 -4.133950 -5.149311 47.217926 -14.256567 24.708603 -3.807544 9.664220 36.324733 -10.960492 1.190158 -30.445394 10.183977 3.481407 13.636649 53.602666 1.472306 16.747093 22.712342 1.356419 13.129773 50.368441 -17.534048 17.974028 -0.683068 11.210865 11.774835 10.629028 -1.023289 19.188000 14.294629 -32.958346 17.537193 3.700501 6.288402 -1.243499 -9.602681 43.314245 6.985992 5.330891 -23.463885 -3.579556 -0.957688 -13.693328 -10.879901 0.132025 -9.766122 0.940548 3.258562 -13.557261 -6.550174 3.286162 -14.210248 3.118518 14.499810 27.692706 -2.791167 -15.951537 -21.840592 -2.568432 1.646374 -3.073886 -6.489920
-0.086112 2.097821 0.391243 -1.462742 12.609416 0.222607 0.718600 17.847249 -0.291825 0.146903 -5.764174 1.038433 -0.623316 -23.586398 -0.771140 -2.354357 0.168536 0.730100 -6.228334 -3.732611 2.559002 -30.839702 -36.751047 1.587517 -40.638915 -6.347511 -39.976587 29.739110 33.396066 -5.609487 -8.763310 -3.160761 -5.461664 0.945781 8.852651 -1.133536 2.781983 -3.382888 -1.548123 -33.381891 -44.991834 -30.317334 15.670032 7.047447 366.609736 -438.139895 -6.878422 -6.163682 1.487403 -11.544587 -0.542683 10.201838 -3.804235 -5.091912 47.265070 -13.811350 24.757927 -2.919638 9.523084 36.306830 -11.286048 2.061914 -30.581363 12.119367 3.902697 13.922385 60.626485 -0.235607 18.712775 24.649132 1.776324 12.394321 48.866103 -17.421519 17.679075 -0.833905 11.923114 11.200780 10.073004 -1.026122 18.702485 14.693393 -31.350596 17.403662 3.161951 6.647032 -0.942952 -8.806827 41.897418 7.327704 5.479943 -23.445671 -2.979392 -0.729424 -13.143755 -9.264493 -0.369824 -10.095859 0.061542 1.764289 -17.764434 -7.489450 3.132736 -14.146705 3.151716 13.869769 26.313251 -2.233540 -16.033452 -20.424963 -1.722725 2.035631 -3.314541 -7.016210
-0.086426 2.114558 0.376345 -1.247573 12.403757 -0.092857 0.397337 16.966241 -0.096374 0.118297 -5.524291 1.216446 -0.662687 -23.247982 -1.051514 -2.151432 -0.222778 0.680134 -6.643570 -3.212948 2.118110 -30.135025 -35.868073 0.824063 -40.457683 -7.570143 -39.623997 29.563865 32.744977 -5.742701 -8.060854 -3.949454 -5.543307 0.866612 8.340949 -1.009644 2.860789 -3.247391 -1.957947 -33.008840 -41.976201 -30.550308 16.002333 5.292052 367.325164 -439.821586 -8.528239 -7.900314 0.661928 -13.095899 -3.505009 10.509302 -3.408090 -4.884173 46.885126 -13.081981 24.461662 -1.515782 8.872379 35.996081 -12.261711 3.036312 -30.399785 13.277211 4.071059 13.992766 66.467161 -1.635691 19.598110 24.982353 1.362554 12.069831 47.985898 -17.558428 17.085314 -0.825922 12.708461 10.672431 9.932129 -0.844247 18.520184 14.884428 -29.359834 17.141787 2.653935 7.407661 -0.603531 -7.848436 40.366803 7.207637 5.940027 -23.334603 -2.299762 -1.057072 -11.430008 -8.007333 -0.937161 -10.568883 -1.021609 -0.652091 -21.796804 -8.897973 3.087883 -14.097836 3.140332 13.315196 25.491653 -1.607403 -16.577756 -19.604200 -0.527698 2.640478 -3.245308 -8.175778
-0.085091 2.130837 0.366314 -0.953678 12.325577 -0.519801 0.076950 15.892731 0.108337 -0.007851 -5.171920 1.316327 -0.585278 -22.852413 -1.161916 -2.098783 -0.303434 0.706803 -6.879638 -3.102903 1.907864 -29.301316 -34.927127 0.654175 -39.957282 -8.502261 -39.501516 29.099334 32.373011 -5.573217 -7.851508 -4.666842 -5.462769 1.055900 7.214450 -0.792300 2.604151 -2.908649 -2.202917 -30.914732 -41.110901 -30.227374 16.474581 4.382455 367.873671 -440.569845 -10.306141 -8.147188 -0.282607 -13.937794 -6.335962 10.653156 -3.062352 -4.505674 46.300516 -12.813007 24.137284 -0.004282 8.377785 35.778661 -12.429697 4.591310 -29.897929 14.575137 4.471598 14.552412 66.816952 -1.800449 20.621538 26.466418 1.752435 12.017449 46.809194 -17.650995 17.482874 -0.805660 13.351521 10.298674 9.500688 -1.084359 18.254607 15.542380 -27.073583 17.097704 2.045964 8.307731 -0.291684 -6.798038 38.362903 7.198069 5.877650 -22.892813 -2.226752 -1.864041 -9.580005 -7.174075 -1.431283 -11.039777 -1.985598 -1.986436 -25.056396 -9.665822 2.974870 -14.050653 3.027826 12.675699 24.907795 -1.082500 -16.638409 -18.992573 0.503438 3.041153 -3.475816 -8.917276
-0.080845 2.143195 0.348368 -0.826423 11.987165 -0.552981 -0.002630 15.041322 -0.094779 -0.215319 -4.963917 1.374862 -0.540372 -22.455600 -1.230635 -2.300063 -0.356258 0.670484 -7.077085 -3.029170 1.929085 -28.675314 -33.628803 0.197687 -39.435589 -9.245408 -38.962714 28.655088 31.946921 -5.098134 -7.543122 -4.976364 -5.326023 1.086820 7.110017 -0.729010 2.419228 -2.764621 -2.259606 -31.661446 -41.743056 -30.818778 16.430088 3.502739 368.363153 -440.197284 -10.951348 -7.582264 -0.945345 -13.490294 -8.244546 10.816394 -2.647676 -4.117717 45.851831 -12.488090 23.571447 2.263056 7.643826 35.363192 -13.347922 6.218408 -29.449705 14.706089 4.429116 14.755094 67.223622 -1.195449 20.652340 26.664038 1.615865 12.047520 45.689027 -18.036167 17.852913 -0.754042 14.037514 9.929749 8.697131 0.529137 17.629765 16.035271 -24.875729 16.620276 1.728689 9.124489 -0.285446 -5.978726 37.054690 6.832543 6.526077 -22.605690 -1.679051 -2.353722 -5.221537 -6.206536 -1.666080 -11.629313 -3.008290 -2.171767 -25.796345 -9.776767 2.812482 -13.680428 2.786863 12.301184 24.514739 -0.658338 -17.244464 -18.922335 2.172907 3.622163 -3.450105 -10.541893
-0.076287 2.151130 0.332627 -0.623024 11.854128 -0.586560 -0.125618 14.442131 -0.268947 -0.365818 -4.903083 1.331796 -0.593613 -21.902105 -1.317411 -2.420551 -0.154719 0.654348 -7.108840 -2.927339 2.021923 -27.863995 -32.443359 0.168634 -38.839868 -9.862296 -38.572236 27.599504 31.865252 -4.121412 -7.499044 -4.609050 -5.074335 0.824822 6.666530 0.082345 2.204558 -2.080636 -2.162649 -31.413702 -42.039486 -30.839451 16.327784 3.002005 368.556806 -440.018211 -10.773060 -7.011292 -1.570552 -12.040314 -9.289704 10.826657 -2.269044 -3.558584 45.741386 -12.733123 23.482577 4.597697 6.683496 34.476456 -13.905641 8.184913 -28.879261 14.875487 4.520916 14.883183 68.291292 -1.929001 19.675279 27.409672 2.262531 12.208174 45.092382 -17.563691 17.837078 -1.338059 14.354391 9.498666 8.378153 -1.494850 16.490321 16.526720 -22.542710 16.078945 1.616944 9.557076 -0.410428 -5.665935 36.114068 6.797909 6.434379 -22.408461 -1.448851 -2.980465 -2.999121 -5.395705 -1.895148 -12.249952 -3.972319 -2.645079 -26.285372 -9.869391 2.605335 -13.664584 2.155723 11.998688 24.122534 -0.022886 -17.641295 -18.536171 3.559148 4.013696 -3.402363 -11.588852
-0.073658 2.160047 0.317395 -0.400194 11.728964 -0.466313 -0.259497 13.769297 -0.547014 -0.465617 -4.696519 1.297922 -0.505222 -21.438641 -1.215103 -2.702708 0.421044 0.529439 -6.911579 -2.880710 1.997983 -27.476302 -31.849594 0.083019 -38.079645 -10.299719 -38.167118 26.295478 31.876734 -2.890841 -7.571175 -3.790218 -4.581956 0.307616 6.760627 0.601616 2.179674 -1.443200 -2.070319 -31.188529 -42.372961 -31.601934 15.877269 2.818604 369.185293 -437.445516 -9.318071 -4.368950 -2.082127 -11.446557 -8.937117 10.826732 -1.917218 -3.205871 45.570241 -12.883931 23.469545 6.275566 5.847576 34.000431 -14.658215 9.630839 -28.454839 15.254744 4.845406 14.726277 69.385391 -2.714822 19.097095 28.632257 3.388789 11.912193 44.381795 -17.318750 17.067044 -1.365821 13.896617 9.250172 7.722097 -2.325791 16.353339 16.866711 -20.724821 15.489200 1.531628 9.498667 -0.486081 -5.336363 35.380441 6.771276 6.108603 -21.710220 -1.513152 -3.306345 -0.934872 -4.679090 -2.100173 -12.543313 -4.397336 -2.729731 -26.852021 -10.167970 2.348676 -13.322425 1.425368 11.838697 24.106946 0.311783 -18.701590 -18.843701 5.312489 4.918290 -3.575855 -13.295166
-0.072725 2.167730 0.305041 -0.236837 11.545703 -0.335256 -0.227459 13.433531 -0.799998 -0.508358 -4.652674 1.388351 -0.708113 -20.994385 -1.467934 -2.653413 1.249346 0.618662 -6.617371 -2.750385 1.752025 -26.995832 -31.384515 0.187714 -37.892229 -10.746527 -37.543044 25.801784 32.462478 -2.151949 -7.732241 -2.943397 -4.326130 -0.256084 7.344566 0.822870 2.258602 -0.889577 -2.185877 -30.562851 -41.549518 -32.165550 15.564323 3.240607 369.259853 -434.109212 -6.910052 -1.662443 -2.447287 -10.594204 -7.166728 10.599464 -1.790613 -3.183790 45.760171 -13.066554 23.507342 7.384086 5.241592 33.412568 -15.304865 10.899822 -27.949365 15.932098 4.853215 15.163655 68.898861 -3.024721 18.170443 29.029905 3.790959 11.926571 44.118977 -17.165940 15.791198 -1.438220 13.846755 9.258725 7.280927 -2.492044 16.264993 17.146510 -19.423665 15.109232 1.554350 9.391634 -0.572994 -4.905752 34.720104 6.471888 6.073285 -21.119913 -1.399120 -3.668055 0.064522 -4.368258 -2.207319 -12.674196 -4.998595 -3.001875 -26.916287 -10.630628 2.149626 -12.968193 0.355637 11.650053 24.068885 0.679463 -19.369486 -19.059780 6.989054 5.578962 -3.752643 -14.537004
-0.071178 2.170187 0.292227 -0.069246 11.389729 -0.077743 -0.244787 13.317241 -1.069188 -0.464479 -4.746153 1.471380 -0.790504 -20.481511 -1.596500 -2.385383 2.616062 0.935622 -6.392643 -2.561078 1.412903 -26.692279 -31.104066 0.468698 -38.241290 -11.547599 -37.673544 25.780637 33.456327 -1.697424 -8.171071 -2.154283 -3.820287 -0.770955 8.014704 1.112221 2.288423 -0.421451 -2.064477 -30.237180 -40.848382 -32.980797 14.895525 3.581336 369.544691 -428.747260 -4.489574 3.568626 -3.643560 -10.005655 -6.115208 10.442873 -1.785958 -3.225754 45.353764 -13.110019 23.323825 8.449428 4.770002 32.919690 -16.128265 11.400790 -27.425361 16.354759 5.076828 15.141218 68.235926 -3.003002 17.184198 29.795829 4.545158 12.143065 41.996147 -16.376848 13.863538 -1.392399 14.227538 9.207935 7.525600 -2.490875 16.319238 18.008027 -18.580520 15.511003 1.691909 9.153714 -0.752765 -4.817875 34.278457 6.086212 6.083230 -21.340653 -1.661182 -3.999679 1.356435 -3.622984 -2.186206 -12.767296 -5.205563 -2.979770 -26.625507 -10.577177 1.928306 -12.710360 -0.682222 11.425631 23.747437 0.761768 -19.377874 -19.011540 7.914572 5.733019 -3.898529 -14.722612
-0.069024 2.173241 0.281869 0.086282 11.343266 0.213859 -0.214320 13.304091 -1.347162 -0.551790 -4.998522 1.480767 -0.721649 -19.878631 -1.625429 -2.109143 4.128345 1.318152 -6.307334 -2.294004 1.371972 -26.661320 -30.809029 0.499348 -38.323856 -12.176337 -38.249763 25.569852 34.395180 -1.424738 -8.160306 -2.017319 -3.666382 -1.192790 8.451926 1.441627 2.536417 -0.218219 -1.918015 -30.238098 -41.413071 -33.202399 13.986309 4.194823 369.896967 -424.967616 -2.887298 6.766380 -4.389173 -9.028980 -4.239313 10.540188 -1.689426 -3.258552 45.462817 -13.306322 23.422739 8.474628 4.670000 32.578975 -16.184022 11.945397 -27.253423 16.753216 5.116632 15.798346 66.185556 -3.083789 17.420717 29.839737 4.980020 12.695831 40.767494 -15.044115 13.309058 -1.497587 14.438563 9.288674 7.777052 -1.877589 16.340568 18.009755 -17.748154 15.739775 1.847846 9.108084 -0.902504 -4.420226 33.401277 5.226980 5.922563 -21.031255 -1.882882 -4.270395 1.935424 -3.088313 -2.217443 -12.748582 -5.456335 -3.281171 -26.378286 -11.070830 1.608184 -12.505485 -1.725259 11.293126 23.280207 0.911503 -19.601248 -18.701934 8.998300 5.951527 -4.052991 -15.072050
-0.064221 2.173359 0.265948 0.262393 11.519386 0.318904 -0.301665 13.043418 -1.572524 -0.645405 -5.190080 1.462861 -0.332530 -19.648218 -1.604976 -1.766427 5.504746 1.915538 -6.200742 -2.171798 1.345904 -26.700229 -30.678414 1.053414 -38.121010 -11.695968 -38.826030 25.804121 34.676493 -1.002685 -8.343085 -1.630305 -3.447249 -1.691837 8.762514 2.004993 2.808986 -0.125830 -1.733668 -30.700481 -41.527914 -33.564308 13.571773 4.853740 370.022800 -424.753614 -2.242852 6.797082 -4.626542 -8.350906 -2.730364 10.701014 -1.821455 -3.066356 44.788338 -13.359025 23.201018 8.357154 4.692352 32.492767 -16.423582 12.139824 -27.027679 17.371613 5.038919 15.992235 65.083612 -3.132386 17.264568 30.244084 5.235393 12.943127 39.699956 -14.185515 12.885067 -0.812323 14.653165 9.343949 8.085538 -1.513746 16.740728 17.704486 -17.266734 15.837114 1.886307 9.023315 -0.858026 -3.961883 32.582136 4.374113 5.680331 -21.154657 -2.372446 -4.357933 2.692706 -2.751287 -2.104017 -12.495098 -5.344939 -3.121439 -25.447026 -10.952709 1.206478 -12.202673 -2.541077 11.179286 23.042746 0.860374 -19.689199 -19.072802 9.985645 6.168601 -4.386463 -15.567257
