HIERARCHY
ROOT Bip01_Pelvis_02
{
  OFFSET 0.000000 0.000000 0.000000
  CHANNELS 6 Xposition Yposition Zposition Zrotation Xrotation Yrotation
  JOINT BN_Tail_01_03
  {
    OFFSET -0.000022 -0.278651 -20.917729
    CHANNELS 3 Zrotation Xrotation Yrotation
    JOINT BN_Tail_02_04
    {
      OFFSET -0.000017 -39.546124 -24.990952
      CHANNELS 3 Zrotation Xrotation Yrotation
      JOINT BN_Tail_03_05
      {
        OFFSET -0.000000 -29.934245 -26.364087
        CHANNELS 3 Zrotation Xrotation Yrotation
        JOINT BN_Tail_04_06
        {
          OFFSET 0.000002 -26.364110 -33.778946
          CHANNELS 3 Zrotation Xrotation Yrotation
          End Site
          {
            OFFSET 0.000001 -6.591028 -8.444736
          }
        }
      }
    }
  }
  JOINT Bip01_Spine_07
  {
    OFFSET 0.000136 13.419725 22.315748
    CHANNELS 3 Zrotation Xrotation Yrotation
    JOINT Bip01_R_Thigh_08
    {
      OFFSET -26.080326 -13.419729 -22.315689
      CHANNELS 3 Zrotation Xrotation Yrotation
      JOINT Bip01_R_Calf_09
      {
        OFFSET -1.774809 -64.991066 14.149503
        CHANNELS 3 Zrotation Xrotation Yrotation
        JOINT Bip01_R_HorseLink_010
        {
          OFFSET 8.360018 -25.676045 -22.829595
          CHANNELS 3 Zrotation Xrotation Yrotation
          JOINT Bip01_R_Foot_011
          {
            OFFSET -2.301712 -27.115015 10.800018
            CHANNELS 3 Zrotation Xrotation Yrotation
            End Site
            {
              OFFSET -0.575428 -6.778754 2.700005
            }
          }
        }
      }
    }
    JOINT Bip01_L_Thigh_013
    {
      OFFSET 26.080072 -13.419773 -22.315689
      CHANNELS 3 Zrotation Xrotation Yrotation
      JOINT Bip01_L_Calf_00
      {
        OFFSET 1.774685 -64.991038 14.149503
        CHANNELS 3 Zrotation Xrotation Yrotation
        JOINT Bip01_L_HorseLink_014
        {
          OFFSET -8.360022 -25.676037 -22.829603
          CHANNELS 3 Zrotation Xrotation Yrotation
          JOINT Bip01_L_Foot_015
          {
            OFFSET 2.301650 -27.115023 10.800047
            CHANNELS 3 Zrotation Xrotation Yrotation
            End Site
            {
              OFFSET 0.575412 -6.778756 2.700012
            }
          }
        }
      }
    }
    JOINT Bip01_Spine1_017
    {
      OFFSET -0.000003 -5.385775 30.473392
      CHANNELS 3 Zrotation Xrotation Yrotation
      JOINT Bip01_Spine2_018
      {
        OFFSET -0.000005 -5.811864 32.875161
        CHANNELS 3 Zrotation Xrotation Yrotation
        JOINT Bip01_Neck_019
        {
          OFFSET -0.000098 -20.022768 27.523400
          CHANNELS 3 Zrotation Xrotation Yrotation
          JOINT Bip01_Head_020
          {
            OFFSET -0.000003 -5.629553 25.881833
            CHANNELS 3 Zrotation Xrotation Yrotation
            JOINT BN_Eye_R_021
            {
              OFFSET -11.852654 -19.446126 38.786587
              CHANNELS 3 Zrotation Xrotation Yrotation
              End Site
              {
                OFFSET -2.963164 -4.861532 9.696647
              }
            }
            JOINT BN_Eye_L_022
            {
              OFFSET 11.851853 -19.446107 38.786616
              CHANNELS 3 Zrotation Xrotation Yrotation
              End Site
              {
                OFFSET 2.962963 -4.861527 9.696654
              }
            }
            JOINT BN_Mouth_023
            {
              OFFSET -0.000276 -23.255266 4.081531
              CHANNELS 3 Zrotation Xrotation Yrotation
              End Site
              {
                OFFSET -0.000069 -5.813817 1.020383
              }
            }
          }
          JOINT Bip01_R_Clavicle_024
          {
            OFFSET -20.109530 17.415963 -12.954077
            CHANNELS 3 Zrotation Xrotation Yrotation
            JOINT Bip01_R_UpperArm_025
            {
              OFFSET -16.500977 -23.789879 11.639808
              CHANNELS 3 Zrotation Xrotation Yrotation
              JOINT Bip01_R_Forearm_026
              {
                OFFSET 6.839596 -48.640950 -10.440288
                CHANNELS 3 Zrotation Xrotation Yrotation
                JOINT Bip01_R_Hand_027
                {
                  OFFSET 5.821478 -39.043533 12.537106
                  CHANNELS 3 Zrotation Xrotation Yrotation
                  End Site
                  {
                    OFFSET 1.455370 -9.760883 3.134277
                  }
                }
              }
            }
          }
          JOINT Bip01_L_Clavicle_028
          {
            OFFSET 20.109720 17.415946 -12.954066
            CHANNELS 3 Zrotation Xrotation Yrotation
            JOINT Bip01_L_UpperArm_029
            {
              OFFSET 16.500944 -23.789909 11.639757
              CHANNELS 3 Zrotation Xrotation Yrotation
              JOINT Bip01_L_Forearm_030
              {
                OFFSET -6.839754 -48.640961 -10.440246
                CHANNELS 3 Zrotation Xrotation Yrotation
                JOINT Bip01_L_Hand_031
                {
                  OFFSET -5.821571 -39.043543 12.537097
                  CHANNELS 3 Zrotation Xrotation Yrotation
                  End Site
                  {
                    OFFSET -1.455393 -9.760886 3.134274
                  }
                }
              }
            }
          }
        }
      }
    }
  }
}
MOTION
Frames: 130
Frame Time: 0.03333333
-1.414961 114.509621 5.066342 1.501174 -12.960622 6.255189 -1.430178 4.850455 0.211586 7.078690 -7.278965 4.799014 0.892126 12.745708 4.794452 0.113047 2.501663 7.035211 -0.669535 3.817452 -2.686528 -6.014495 6.948034 -4.372896 9.921848 39.200509 -3.390949 -4.482210 -16.415258 -1.302993 2.322325 2.631183 -2.736289 -1.241369 -0.961408 -0.419130 -3.104645 28.600634 7.163759 0.986553 -21.445198 -3.841123 1.815147 -1.856091 -2.058008 -2.570122 3.470265 -5.387826 0.683646 3.097769 6.689342 1.355962 -2.399146 -3.183779 -0.219982 5.581265 4.334051 0.404855 -3.550496 0.246009 -1.231161 2.067620 2.098851 -3.201750 -2.964350 -3.030478 -7.871742 8.733907 0.520108 2.664336 5.998068 4.504642 -1.828933 -20.779061 -4.810932 4.608070 7.996316 -2.625723 3.932874 5.637289 1.397567 1.981744 14.921196 -11.820786 5.545830 -37.631688 -1.689755 -4.700569 12.529236 8.249720
-1.368832 114.339592 4.166038 1.730201 -13.676567 6.401924 -1.416023 4.649160 -0.082767 7.434512 -7.387467 4.453666 1.492969 13.659905 3.789388 -0.443477 3.411196 6.676192 -0.789551 3.809094 -2.688776 -5.980736 7.043024 -3.971395 9.507371 39.772865 -2.723718 -4.252618 -19.121503 -1.423925 2.867824 0.131382 -3.195108 -1.462643 0.367416 -0.706785 -2.976273 26.722284 6.710196 1.411544 -19.787704 -3.335100 1.712422 -2.751172 -1.853575 -2.436917 3.950022 -5.695412 0.585671 3.657645 6.976639 1.212997 -3.054922 -3.018208 -0.368306 5.840839 4.489876 0.592186 -3.624048 -0.010607 -1.318424 2.703412 2.091615 -3.240712 -2.857922 -3.315543 -7.750214 9.575418 0.138710 2.057142 4.737968 5.084310 -1.900115 -20.461669 -5.130083 4.810970 8.311379 -2.602656 3.951094 6.439088 1.375574 1.842834 14.551723 -12.063431 5.701782 -37.613848 -0.917226 -4.329354 11.965443 7.953563
-1.228817 114.416725 2.585746 1.794987 -13.973701 6.421152 -1.371504 3.434691 -0.482094 7.770227 -7.536130 3.917522 2.274433 15.591134 2.464888 -0.779566 3.937916 6.111234 -0.696328 3.853635 -2.743985 -5.801414 6.554829 -3.348164 8.562474 39.276716 -2.086842 -3.480139 -22.018250 -1.091802 3.674509 -1.776196 -3.263338 -1.628482 0.945240 -0.927497 -2.985465 24.382460 6.378506 1.959470 -16.650343 -2.881381 1.451641 -4.073492 -1.671840 -2.281122 4.199772 -5.956880 0.463791 4.296732 7.225043 0.858102 -4.207336 -2.863204 -0.565067 6.149816 4.344122 0.959289 -3.730470 0.030449 -1.224865 3.140215 2.230925 -2.981411 -2.744348 -3.504900 -7.387093 10.675903 -0.222636 1.219195 2.892462 5.532060 -1.805148 -19.667526 -5.133150 5.154793 8.226379 -2.677797 4.083269 7.135097 1.232726 1.494298 14.173111 -11.833804 5.286730 -37.212332 -0.670457 -3.732637 11.074928 7.731651
-1.166044 114.754730 0.897517 1.844466 -14.287864 6.601553 -1.181014 2.491502 -1.092479 8.176335 -8.697676 3.655697 3.235334 17.723224 0.714751 -0.843259 4.170085 5.348571 -0.488644 4.022691 -2.702122 -5.895974 6.216532 -3.266780 7.860710 37.420423 -1.526714 -2.536715 -24.343884 -0.398585 4.834541 -1.245708 -3.183593 -1.621181 1.365287 -1.283413 -2.646203 21.564602 5.982895 2.072526 -12.234964 -2.450891 1.038885 -5.516682 -1.606036 -2.241324 4.476011 -6.295082 0.258766 4.455319 7.344217 0.810466 -5.409372 -2.834971 -0.883400 6.474295 4.071520 1.209922 -3.771931 0.262922 -1.323770 3.556395 2.410245 -2.815928 -2.614193 -3.790002 -7.108760 11.732507 -0.388931 0.429859 1.404018 5.855489 -1.782279 -18.821304 -5.038805 5.429097 8.065557 -2.903913 3.965799 8.011196 1.186765 1.226793 13.786680 -11.638413 4.773263 -36.885748 -0.825011 -2.987042 10.280403 7.357720
-1.115845 115.293205 -0.972737 1.826338 -14.675905 6.686788 -0.819655 1.285175 -2.015660 8.437201 -8.775124 3.151200 4.239466 18.604412 -1.273105 -0.715926 4.265592 4.367539 -0.141429 4.294080 -2.521671 -6.229903 6.185694 -3.331661 7.268750 34.235777 -1.323906 -1.418084 -26.233694 0.924020 6.888974 0.013989 -3.159744 -1.495828 1.645591 -1.747178 -2.422267 19.001337 5.741591 2.310641 -7.258754 -1.920523 0.510804 -7.266510 -1.485599 -2.282903 4.915593 -6.389558 -0.007840 4.254325 7.517978 0.773413 -6.397801 -2.996327 -1.243887 6.795689 3.711555 1.592931 -3.759841 0.350320 -1.434269 3.979466 2.513510 -2.418603 -2.648249 -4.065120 -6.701268 12.501801 -0.294387 -0.247432 0.383441 5.598284 -1.638031 -17.939213 -4.958087 5.698275 7.908093 -2.842505 3.837605 8.924952 1.050437 1.025841 13.790951 -11.400953 4.616634 -37.340384 -0.915427 -2.267899 9.523455 6.913825
-1.211286 116.277382 -2.863300 1.697603 -14.872624 6.542066 -0.382816 0.234775 -2.846848 9.351600 -8.690531 2.275293 5.203921 18.687085 -3.125785 -0.980920 3.803930 3.448457 0.296000 4.566336 -2.171707 -6.992093 5.929803 -3.773462 6.903667 30.627209 -0.951941 -0.373602 -28.839310 2.552948 7.906483 2.129786 -3.188549 -1.283689 1.875501 -2.199270 -1.856416 16.457540 5.326809 2.344102 -3.105696 -1.267380 0.028727 -7.242539 -1.620448 -2.266355 5.192355 -6.136496 -0.299634 3.687958 7.484548 0.759086 -6.840471 -3.040524 -1.453925 7.206349 3.327275 1.790267 -3.762590 0.460062 -1.635617 4.080438 2.489072 -2.349136 -2.793405 -4.516809 -6.192875 12.971404 -0.603850 -0.813009 -0.490823 5.546207 -1.602718 -16.973167 -5.108762 5.916172 7.755324 -2.824187 3.836923 9.514997 0.958209 0.630670 13.478558 -11.348929 4.465958 -37.847706 -1.038773 -2.062153 9.008346 6.436420
-1.291875 117.392120 -4.655018 1.705045 -14.769357 6.183769 0.029459 -0.927187 -3.743751 10.763541 -8.292181 0.914002 6.545246 18.376732 -5.336956 -0.695284 2.570333 3.120954 0.534643 4.840260 -1.729453 -8.014037 5.215319 -4.204520 6.522428 27.954864 -0.200874 0.683842 -28.618315 3.639986 8.481858 2.138552 -2.941193 -1.108796 1.814520 -2.610916 -1.596170 14.619158 5.099671 1.751059 -1.906196 -0.944291 -0.180871 -6.289925 -1.478375 -2.297910 5.193071 -5.361434 -0.629569 3.168459 7.203719 0.835724 -7.010364 -3.103608 -1.675589 7.660159 3.129686 2.013550 -3.553127 0.460597 -1.732445 4.037580 2.450200 -2.175675 -2.922833 -4.677642 -5.722220 13.018200 -0.896475 -1.117566 -1.167774 5.262259 -1.476083 -16.186933 -4.928749 6.141082 7.584806 -2.978224 3.868486 9.757541 1.081140 0.467383 13.001757 -11.145486 3.971080 -38.481646 -1.460343 -1.729444 8.425419 5.643627
-1.217707 118.657196 -6.422547 1.879396 -14.065654 5.564369 0.382449 -2.637435 -4.876545 12.833552 -6.383622 -2.050494 7.519283 16.875078 -6.053572 -2.845964 2.704588 3.940728 0.450849 4.684920 -1.026520 -9.181223 4.206673 -5.108368 6.070386 26.057674 0.695494 1.651633 -27.301844 4.604570 8.358958 2.129781 -2.839552 -0.583204 1.466301 -3.218559 -1.448778 12.585083 5.125320 0.952152 -0.949068 -0.707423 -0.485530 -5.130186 -1.178687 -2.159690 5.059607 -4.371396 -0.972167 2.433657 6.770846 0.853968 -6.653090 -3.211786 -1.682845 7.927941 3.085613 2.252115 -3.047024 0.592542 -1.788257 4.014695 2.575789 -1.992492 -3.068766 -4.645461 -5.243831 12.590271 -1.320216 -1.316188 -1.372429 5.168361 -1.405444 -15.369146 -4.850854 6.300174 7.252762 -3.035089 3.940026 9.717231 1.442855 0.270269 12.012559 -11.116278 3.612632 -39.123115 -1.781567 -1.594233 8.001369 5.123035
-1.171800 119.690407 -8.145773 2.157296 -13.221597 5.131096 0.117688 -4.019383 -5.381291 13.776423 -4.962138 -3.517249 9.015707 15.641012 -7.551224 -4.156034 1.951216 3.760565 0.211239 4.409099 -0.579120 -10.488290 2.653445 -6.342735 5.979699 26.077908 1.483449 2.371182 -25.739674 5.484623 8.269055 1.697049 -2.753899 -0.028234 0.819264 -3.617094 -1.548437 11.652221 5.114177 0.409600 -0.679377 -0.648320 -0.797879 -4.020722 -0.746031 -1.974037 4.817788 -3.330406 -1.392742 1.781916 6.366858 0.963977 -6.221249 -3.333840 -1.569450 8.118017 3.473058 2.418402 -2.512786 0.459651 -1.749950 3.776176 2.457376 -1.813666 -3.080429 -4.597996 -4.914283 11.917701 -1.765672 -1.551342 -1.431436 5.272780 -1.160502 -14.584096 -4.928443 6.322384 7.110490 -3.004137 3.909062 9.564608 2.000416 0.089037 10.394626 -10.865773 2.920335 -39.396331 -2.387716 -1.347846 7.895565 4.600628
-1.084830 120.707870 -9.778719 2.373931 -11.910540 4.767473 -0.404759 -5.214649 -5.187916 13.392516 -3.624302 -3.974394 9.238712 14.127398 -7.355832 -4.879225 1.879094 3.337678 -0.093343 3.927444 -0.312807 -11.729649 0.797975 -7.581810 5.713052 26.994945 2.310650 3.307310 -24.457218 6.074278 8.241618 1.621134 -2.603640 0.684311 -0.187654 -3.762205 -1.696801 10.816030 5.274871 -0.165021 -0.790771 -0.661994 -1.226790 -2.363938 -0.340533 -1.717960 4.373963 -2.215679 -1.807975 1.185038 6.032539 1.029675 -5.944401 -3.556127 -1.122708 8.457953 4.106344 2.351558 -1.827138 0.293007 -1.730802 3.432287 2.203809 -1.794715 -2.754919 -4.488606 -4.609653 11.349369 -2.251465 -1.605736 -1.482956 5.355974 -1.026417 -13.937999 -5.053807 6.244927 6.770076 -2.837651 3.764999 9.547762 2.756203 -0.102932 8.088001 -10.586127 2.175796 -39.691678 -2.629077 -1.457818 8.197919 3.928310
-1.042465 121.594406 -11.244622 2.590168 -10.687558 4.430212 -1.045105 -5.812338 -4.675646 12.882161 -2.895771 -3.788789 9.345750 12.127097 -6.941558 -5.372356 1.803190 3.190746 -0.405686 3.474146 0.005000 -12.712125 -0.570058 -8.878669 5.303573 27.027170 2.898504 4.264161 -22.794491 6.800937 8.328642 0.931133 -2.296693 1.488506 -0.907443 -4.069561 -1.702062 10.142976 5.510628 -1.007493 -1.516846 -0.892973 -1.944247 -0.561457 0.199366 -1.430359 3.868020 -1.151618 -2.257714 0.825823 5.783626 1.158294 -5.917914 -3.722311 -0.759989 9.047837 4.566914 2.334848 -1.338137 0.204539 -1.750285 2.913033 2.104177 -1.469168 -2.450747 -4.339840 -4.293776 10.723821 -3.059545 -1.713400 -1.213380 5.687824 -1.089034 -13.320957 -5.116406 6.258446 6.461913 -2.780072 3.683794 9.857179 3.593054 -0.552848 5.649553 -10.514342 1.368369 -40.072627 -2.980299 -1.518793 8.863147 3.337680
-1.146955 122.510559 -12.532088 2.596338 -9.477306 4.204022 -1.806667 -5.675280 -3.810520 12.178451 -2.596050 -3.269102 9.485273 9.458657 -6.302996 -5.557398 2.112241 3.412238 -0.660461 3.147423 0.180211 -13.560473 -1.754672 -10.334254 4.933636 27.025561 3.319063 5.292788 -20.891114 7.732647 8.067030 0.054256 -1.694919 2.301655 -1.870478 -4.169925 -1.412609 10.072323 5.865520 -1.932513 -2.940594 -1.231659 -2.589001 1.309636 0.711786 -1.063522 3.361843 -0.181804 -2.659686 0.291139 5.782112 1.130535 -5.848814 -4.006649 -0.347096 9.742901 4.775994 2.356436 -1.227227 -0.047444 -1.807138 2.374270 1.843010 -1.052355 -1.344616 -4.296582 -3.972917 10.237940 -3.820191 -1.756354 -1.109341 5.894294 -1.170190 -12.810078 -5.206526 6.196529 6.276454 -2.865594 3.776711 10.351311 4.448130 -1.062871 2.465093 -10.687412 0.373220 -39.648804 -3.535603 -1.851616 9.370643 3.053602
-1.296343 123.329010 -13.501507 2.536160 -8.589586 4.224315 -2.616773 -5.539566 -2.976296 11.068240 -1.915277 -2.539415 9.152313 6.744890 -5.627990 -5.930047 2.505280 3.929479 -0.900133 2.936667 0.416581 -14.043704 -2.868086 -11.660343 5.063971 27.350994 3.488125 5.667337 -18.413013 8.253927 7.651339 -1.635859 -1.306073 3.264951 -2.715530 -4.460027 -1.225607 10.492329 6.314297 -2.873889 -4.642863 -1.716816 -3.134836 2.777372 1.017259 -0.606528 2.769605 0.894808 -2.992010 -0.292508 5.722940 1.130314 -5.751841 -4.430574 0.000583 10.939134 4.517361 2.183555 -1.034752 -0.327920 -1.932243 1.911615 1.656847 -0.304941 0.328678 -4.677506 -3.694095 9.802230 -4.401154 -1.849443 -0.519873 6.045353 -1.304025 -12.252876 -5.477493 6.102355 5.792802 -3.004759 3.893330 11.201701 5.737351 -2.169620 -0.412757 -11.842352 -0.235165 -39.880190 -3.634641 -2.153739 10.343857 2.923414
-1.385863 123.748619 -14.025696 2.302303 -7.678805 4.377364 -3.579473 -4.783694 -2.065132 9.644735 -0.866178 -1.505004 8.677801 4.023003 -5.304783 -5.506182 1.561742 3.848685 -1.239204 2.703142 0.501845 -14.269727 -4.057728 -12.960652 5.321790 28.221391 3.411484 5.650333 -14.462983 7.939715 7.358311 -4.526999 -0.072614 4.292560 -3.621751 -4.636086 -1.025709 10.954874 6.560265 -3.700483 -5.410673 -2.102082 -3.434877 3.394600 1.172765 0.087344 2.188351 2.109646 -3.289050 -0.834678 5.530566 0.999963 -5.774475 -5.004090 0.415891 11.903386 3.854416 2.112163 -1.156002 -0.513632 -1.854095 1.651406 1.567344 0.242359 2.085216 -5.276163 -3.563585 9.713509 -4.839789 -1.772271 0.107114 6.220696 -1.341404 -11.868799 -5.811199 6.065816 5.513837 -3.085196 4.067032 11.955196 6.632399 -3.241100 -2.580830 -12.902243 -0.912090 -40.069954 -4.342283 -2.181006 10.984394 3.294919
-1.368443 123.958755 -14.033747 1.685271 -6.786752 4.506753 -4.415077 -2.986081 -0.863898 8.311834 -0.980595 -0.714331 7.963126 1.083497 -4.867062 -4.655370 0.035421 3.282523 -1.380024 2.196205 0.542241 -14.231046 -4.710889 -13.802178 5.703456 29.128042 3.299572 5.903521 -10.637860 7.238135 6.958188 -6.529602 0.991938 5.195690 -4.217876 -4.813575 -0.890363 11.909885 6.821523 -4.007209 -6.611766 -2.465307 -3.780596 3.816002 1.378723 0.824380 1.756230 3.137068 -3.333326 -1.072959 5.116376 0.884001 -6.000484 -5.426709 0.739893 12.797200 3.158312 2.147780 -1.513518 -0.731062 -1.926213 1.287999 1.433308 0.507546 3.192789 -5.558233 -3.433943 9.748394 -5.285701 -1.874069 0.743403 6.488828 -1.390340 -11.756848 -6.272629 6.004937 5.197264 -2.746227 4.092767 12.280677 7.061891 -4.105860 -3.420255 -13.777807 -0.849163 -40.719880 -4.515225 -2.285497 11.691539 3.654055
-1.185523 124.015907 -13.655169 0.978030 -6.030684 4.479375 -4.997943 -1.798774 0.290221 6.562292 -0.365992 -0.000172 6.266702 -0.870678 -4.178051 -3.375600 -2.595855 1.838304 -1.476775 1.678314 0.543107 -13.979840 -4.889833 -14.164606 6.145059 29.419828 3.013015 6.236853 -7.776869 6.912423 6.868551 -7.064001 1.374816 5.943065 -4.584000 -4.922763 -0.723952 12.898607 7.027785 -4.196046 -7.176432 -2.772761 -3.990629 3.656351 1.407131 1.480612 1.474496 3.984572 -3.121614 -1.135201 4.466162 0.722665 -6.205856 -5.352108 1.056747 13.197490 2.357624 2.293662 -1.902492 -0.755286 -1.942603 1.108679 1.342353 0.531648 3.855007 -5.817449 -3.277826 9.933107 -5.688053 -1.840575 1.401189 6.622000 -1.443444 -11.640009 -6.437991 6.044110 4.842229 -2.602204 4.142375 12.276601 7.035058 -4.698743 -3.785222 -14.356290 -0.715880 -40.815223 -4.550457 -2.331608 11.951993 4.320933
-0.935516 123.743614 -12.765256 0.164316 -5.297274 4.306043 -5.550374 -0.221780 1.683568 4.950085 -0.527787 0.433364 4.816511 -1.763651 -3.366467 -2.306589 -4.759720 -0.329055 -1.400479 1.034687 0.461493 -13.381175 -4.806631 -14.171773 6.360325 29.659060 2.973403 5.879298 -6.436420 6.531762 6.871410 -7.552154 1.516088 6.397370 -4.699933 -4.752768 -0.787074 14.064382 7.075913 -3.908612 -7.369624 -2.928293 -4.000578 2.737142 1.366185 2.081058 1.201753 4.640310 -2.746561 -1.040833 3.946394 0.453843 -6.589000 -5.030315 1.226093 13.492697 1.737542 2.401224 -2.353327 -0.754015 -1.837918 0.910326 1.257206 0.474920 4.005380 -5.956098 -3.231949 10.500211 -5.952758 -1.924211 2.070321 6.709769 -1.464352 -11.697029 -6.537776 6.008209 4.856262 -2.525897 4.315643 12.332953 7.000113 -5.434123 -3.917848 -14.836802 -0.241874 -41.049823 -4.552241 -2.476336 12.266335 4.949853
-0.608458 123.436241 -11.565737 -0.684446 -4.597461 3.948850 -5.603353 0.428800 2.606172 3.960058 -0.455727 0.967974 3.688217 -1.778964 -2.239384 -2.105924 -5.118637 -1.931365 -1.236658 0.523532 0.297266 -12.340773 -4.452024 -13.614015 6.315177 29.347620 3.031468 5.669028 -5.880732 5.884328 6.929268 -7.623446 1.664594 6.768506 -4.714163 -4.238340 -0.890492 15.223914 6.846404 -3.589798 -7.371914 -3.181573 -3.862488 1.400580 1.399735 2.446342 0.817680 5.034789 -2.218077 -0.936278 3.495520 0.124444 -7.029172 -4.407861 1.191989 13.351641 1.549537 2.513769 -2.637881 -0.823638 -1.642249 0.912724 1.181805 0.132273 3.362127 -6.035555 -3.038596 11.208803 -6.159778 -1.883832 2.877259 6.821530 -1.419842 -11.987800 -6.434691 5.872268 4.615970 -2.634231 4.777743 12.512425 7.031898 -6.051598 -3.882894 -15.174920 0.002190 -40.998671 -4.422458 -2.361041 12.021971 5.507365
-0.446059 123.115746 -10.460268 -1.339497 -4.102635 3.711958 -5.718693 0.747369 3.644045 3.166755 -0.360424 1.398889 2.968606 -1.272929 -1.312542 -2.240027 -4.004202 -2.706854 -0.961180 0.381895 -0.028610 -11.341771 -3.910255 -12.944794 6.205878 28.566027 3.034182 5.341456 -5.160417 5.310869 7.839461 -10.077089 2.290478 6.649304 -4.961232 -3.555098 -1.170850 17.126669 6.469218 -2.750888 -7.838556 -3.271155 -3.746835 -0.212012 1.358531 2.520242 0.288853 5.147978 -1.580048 -0.960667 3.245374 -0.437431 -7.572250 -3.645636 0.670203 12.656953 2.147338 2.627547 -2.722951 -0.894759 -1.460303 1.076835 0.984780 -0.366708 1.298221 -5.652178 -2.778699 12.109384 -6.136784 -1.622854 3.864936 6.757286 -1.587737 -12.112481 -6.418122 5.842451 4.293582 -2.780578 5.585141 12.746446 6.743741 -6.413854 -3.728379 -15.435871 0.305944 -40.487040 -4.436829 -2.398059 12.286816 5.976499
-0.234029 122.979317 -9.154816 -1.887279 -3.502205 3.318564 -5.342516 0.714902 4.125795 2.601548 0.240060 1.777373 2.690772 -0.643185 -0.162825 -2.538302 -2.010436 -2.823119 -0.703833 0.426673 -0.384089 -10.347762 -3.656390 -11.809024 6.316848 27.398415 2.847799 5.233573 -4.522697 4.665777 8.528997 -11.277378 2.334475 6.425396 -5.495568 -2.748850 -1.345993 19.350729 6.029508 -2.027390 -7.812279 -3.509593 -3.322924 -2.650139 1.033105 2.528562 -0.326926 5.052435 -0.942701 -1.101665 3.075974 -0.895842 -8.323389 -2.691214 0.010588 11.439582 2.992392 2.794421 -2.437051 -0.711366 -1.366010 1.624539 0.998570 -1.161231 -1.736836 -4.597013 -2.518709 13.102822 -5.994726 -1.336984 5.157704 6.598629 -1.860397 -12.410349 -6.363919 5.767097 4.053389 -2.855436 6.136712 13.139674 6.390489 -6.193248 -3.628132 -15.480846 0.256312 -39.406629 -4.538951 -2.423240 12.144558 6.441813
-0.069892 122.897491 -7.754198 -2.128585 -2.862642 3.004042 -4.884962 0.263030 4.468194 2.510329 1.261834 2.293923 2.719243 -0.035477 1.055165 -2.293010 0.139784 -2.631956 -0.460213 0.766772 -0.675562 -9.572162 -3.591895 -10.668772 6.075737 26.000055 2.848804 5.219270 -3.681313 4.021723 9.164695 -12.433454 2.510003 5.829604 -6.413729 -1.826438 -1.670742 22.409225 5.549599 -0.938370 -8.597200 -3.563921 -2.930289 -5.586415 0.662690 2.345190 -1.018464 4.815892 -0.321546 -1.349127 2.843633 -1.344509 -8.916962 -1.842598 -0.551765 10.143186 4.182849 2.716790 -2.800372 -0.680260 -1.238144 1.537348 0.833371 -1.930864 -4.902776 -3.897362 -2.295050 14.022957 -5.632514 -0.919717 6.805240 6.290698 -2.251638 -13.015073 -6.255476 5.538310 4.012874 -3.026663 6.394989 13.511067 5.846540 -5.568264 -3.508926 -15.339276 0.079668 -38.514088 -4.790625 -2.529228 12.177390 6.989971
0.091640 122.983315 -6.436825 -2.273648 -2.188859 2.678537 -4.380543 -0.525826 4.605230 2.530002 2.455812 2.757193 3.176816 0.873402 1.921384 -1.530333 0.666367 -1.790973 -0.313824 1.210334 -0.812264 -9.076115 -4.021932 -9.803768 5.827306 25.308417 2.713283 5.554554 -3.561082 3.673936 9.158842 -11.794036 1.824397 5.191734 -7.183019 -1.280987 -1.766945 25.431837 5.156489 -0.096602 -9.445328 -3.406473 -2.732250 -8.263859 0.508241 2.241430 -1.607977 4.397033 0.196012 -1.659237 2.489084 -1.845648 -8.908265 -0.981017 -0.838442 8.977570 5.205732 2.271994 -3.411064 -0.662114 -1.194548 1.501403 0.472475 -2.614597 -5.564327 -3.882313 -2.106170 14.397631 -5.048820 -0.296180 8.507329 5.785470 -2.593332 -13.794917 -6.139710 5.244667 3.743087 -2.965287 6.368133 13.312285 5.100381 -4.378066 -3.253908 -14.943915 -0.047052 -37.593102 -5.187312 -2.679557 12.285640 7.365557
0.113607 123.076157 -5.334102 -2.193160 -1.556433 2.421829 -3.365459 -1.320355 4.293530 2.612732 3.751544 3.354952 3.607101 1.625880 3.121830 -0.580536 -0.885856 0.307149 -0.179155 1.657062 -0.861482 -9.025520 -4.798687 -9.245446 5.420825 25.588979 2.605007 5.404096 -3.749577 3.238645 10.138855 -13.157721 2.284203 4.401708 -7.805966 -0.930829 -1.818738 27.893031 4.893610 0.550081 -10.637098 -3.201567 -2.699455 -9.970557 0.303520 2.036830 -1.796052 3.820295 0.624473 -2.038219 2.038310 -2.408592 -8.664163 -0.329463 -1.010652 8.407351 5.895546 1.909510 -3.957065 -0.470813 -0.831799 1.457624 0.109645 -2.953857 -4.996042 -4.453633 -2.235454 14.825561 -4.288744 0.666386 10.218348 5.465493 -3.185594 -15.036904 -6.095342 4.820161 4.052099 -2.853203 6.333179 12.807049 4.230742 -3.059199 -3.025479 -14.775602 0.146313 -36.833411 -5.166311 -2.812602 12.534832 7.743324
0.184308 123.061363 -4.397211 -1.943177 -1.074927 2.158687 -2.560686 -2.765431 3.602091 3.035409 4.660510 3.373878 3.917491 2.317856 4.401438 -0.035704 -2.621100 2.591084 -0.059079 2.283638 -0.724513 -8.955344 -5.862570 -8.542388 5.065682 25.584276 2.122790 5.289340 -3.609081 2.906684 10.774777 -13.427920 2.366868 3.570674 -8.186746 -0.867639 -1.558694 29.569105 4.596976 0.794674 -11.139318 -3.024064 -2.630026 -11.128695 0.015386 1.896604 -1.593526 3.043168 0.758204 -2.543790 1.543961 -2.880886 -8.208421 0.027568 -0.854831 8.198716 6.293902 1.530405 -4.469623 -0.182301 -0.646497 1.212212 -0.076348 -2.978742 -4.445885 -5.152319 -2.810732 15.222500 -3.399341 1.864172 11.581212 4.906235 -3.594289 -16.812597 -5.949944 4.264280 4.525990 -2.604363 6.669446 11.554398 3.564372 -2.486425 -2.317029 -14.693418 0.326830 -35.880230 -5.517320 -2.885899 12.986356 8.039320
0.134494 122.735825 -3.794362 -1.537815 -0.618760 1.968480 -1.632051 -4.480950 2.651202 3.525390 4.999742 2.689940 4.199138 2.989902 5.929793 0.060961 -4.226422 4.337997 0.105180 3.082472 -0.530475 -8.802681 -7.314545 -7.771538 4.550875 25.882222 1.433539 5.258747 -4.100053 2.782566 11.165383 -13.863821 2.627759 2.576325 -8.527249 -1.065553 -1.367585 30.377143 4.740996 0.564197 -11.247378 -3.185289 -2.541499 -13.496150 -0.053793 1.790747 -1.328982 2.197381 0.725553 -3.331765 1.139312 -3.399357 -7.840203 0.214834 -0.560682 8.366886 6.438632 1.327804 -4.629055 0.174370 -0.498285 1.092447 -0.140959 -2.557442 -4.281161 -5.462270 -3.539871 15.942034 -2.762075 2.996451 12.764771 4.726438 -3.774454 -18.621305 -5.732532 3.776751 4.840436 -2.317151 7.166224 9.918598 2.699252 -2.041279 -0.889349 -14.499982 0.360832 -35.331979 -5.846568 -3.235404 13.687117 8.460683
0.126237 122.066765 -3.550107 -1.200441 -0.309727 1.763776 -0.794173 -5.985848 1.596062 4.458962 4.820512 1.890630 4.523461 3.142368 7.230946 0.230641 -5.288113 5.744752 0.210334 3.558945 -0.354498 -8.540997 -8.582032 -7.154480 3.930915 26.411657 0.782255 5.082573 -4.903567 2.872363 11.260671 -13.555851 2.765296 1.807805 -7.133185 -1.593998 -0.906864 30.556618 4.432128 0.340662 -12.389754 -2.553775 -2.512938 -14.922896 -0.635084 1.601037 -1.129100 1.582220 0.729674 -3.629657 0.708498 -3.798825 -7.646492 0.476457 -0.193665 8.914975 6.558421 1.097813 -4.134347 0.451425 -0.304109 1.353954 -0.135811 -2.078533 -4.479367 -5.478495 -4.293524 16.716758 -2.649954 4.080017 13.716949 4.810905 -3.916732 -20.653972 -5.648340 3.515357 5.575093 -1.854376 8.005269 8.102446 1.553480 -2.134702 0.901353 -14.613331 0.772793 -35.024787 -5.768808 -3.325146 14.506497 8.521490
-0.005468 121.253471 -3.532077 -0.856643 0.174904 1.510639 -0.055615 -7.630138 0.908134 5.666295 4.430095 0.644790 5.306542 3.427285 8.122573 0.662285 -6.986351 7.708421 0.244752 3.960231 -0.277188 -8.052706 -10.153678 -6.676736 2.981785 27.100013 0.365675 5.249507 -6.470133 3.257506 10.919735 -12.485099 2.448895 1.355845 -5.825076 -1.801151 -0.744263 31.094325 4.185660 0.157322 -13.095527 -1.767884 -2.474977 -17.069176 -1.271533 1.258533 -1.051402 1.149305 0.555144 -4.055550 0.504206 -4.003452 -7.648205 0.681795 0.372908 9.745852 6.567331 0.952894 -3.667692 0.793981 -0.244209 1.561974 -0.221708 -1.574628 -4.641394 -5.206829 -4.922414 17.989250 -3.078830 5.002412 14.347029 5.613740 -3.911354 -22.766739 -5.460499 3.417294 6.624014 -1.740962 8.585901 6.513861 0.618736 -2.078010 2.577922 -14.411897 1.279983 -35.027116 -5.551736 -3.609984 15.412272 8.575877
-0.139623 120.090012 -3.654727 -0.702696 0.543611 1.191590 0.832163 -8.978121 0.568375 6.843375 4.376257 -0.374178 7.468386 2.969770 8.402830 2.160546 -9.923759 11.625862 0.372290 4.266758 -0.303309 -7.216422 -11.477576 -5.924766 2.207699 27.594655 -0.350938 5.099937 -8.097565 3.901041 10.285107 -11.615554 1.878151 1.071738 -5.700603 -1.419848 -1.149723 33.945089 4.232344 0.309573 -14.245942 -1.313875 -2.485808 -19.377734 -1.787329 0.748032 -1.079821 0.783219 0.366194 -4.058130 0.181982 -4.086124 -7.620331 0.995085 0.975149 10.035913 6.622020 0.846770 -3.566780 0.825108 0.049298 1.783798 -0.324734 -1.116097 -4.510167 -4.665851 -5.458344 19.068313 -3.828734 5.964320 14.619567 6.620102 -3.619058 -25.166661 -4.937648 3.295666 8.206233 -1.710447 8.921629 4.690869 -0.127002 -1.660655 4.278829 -14.060895 1.848027 -34.822699 -5.188823 -3.759282 16.191912 8.572922
-0.315048 118.993538 -3.645990 -0.374421 0.756503 0.852107 1.716721 -10.601524 0.372460 8.676188 4.341797 -1.772615 10.275144 3.455363 7.688237 5.249864 -13.282184 16.858737 0.273550 4.771273 -0.272624 -6.089165 -11.960492 -5.268650 1.248573 27.154459 -0.992558 4.963650 -10.262368 4.614643 9.617580 -9.968108 1.384271 1.213807 -6.025193 -0.832600 -2.258440 37.582486 4.795450 0.572195 -15.235769 -1.202755 -2.557719 -22.344095 -2.519144 0.058020 -1.447604 0.333168 0.182251 -3.769275 -0.431119 -3.838952 -6.977112 1.682657 1.537713 9.492048 6.516586 0.697094 -3.555416 0.916963 0.034348 2.000542 -0.175850 -0.872873 -4.605995 -4.175370 -5.649502 19.565085 -5.058311 6.754090 14.201092 8.066632 -3.238108 -27.681760 -4.324632 3.235485 10.164441 -1.732089 9.061181 2.821947 -0.440027 -1.178520 5.165545 -13.200085 2.133158 -34.764001 -4.689116 -3.787311 16.655011 8.438043
-0.746720 118.025421 -3.461253 -0.157159 0.910835 0.555372 2.355329 -11.796181 0.034446 10.317159 4.004425 -2.945157 13.307337 5.101745 5.937575 8.252558 -15.089852 21.091291 0.198782 5.352159 -0.262107 -4.980846 -11.438989 -4.315160 0.682593 26.239863 -1.523414 5.008364 -12.424920 4.973409 9.401699 -9.005078 0.835709 1.573377 -6.530950 0.122837 -3.578550 41.052857 5.325153 0.989512 -16.477152 -1.287116 -2.521043 -24.792699 -2.919305 -0.621459 -2.041511 -0.112537 0.009962 -3.210472 -1.100566 -3.427038 -5.907538 2.391995 2.032671 8.411210 6.306064 0.402761 -3.516566 1.207386 -0.090333 2.232875 0.081175 -0.875183 -4.820137 -3.691715 -5.638921 19.701774 -6.654537 7.190520 13.316985 10.208978 -2.700136 -30.325702 -3.586819 3.139938 13.336437 -2.159408 9.149906 1.069320 -0.436938 -0.766020 5.515472 -12.548490 2.648647 -34.411379 -3.884617 -4.043435 17.483759 8.211345
-1.156501 117.320084 -2.941763 0.018476 0.920161 0.535901 2.832727 -12.490422 -0.615691 11.853759 3.493066 -3.938468 16.841278 6.693378 4.157058 9.441917 -16.125953 24.456893 0.141574 5.959784 -0.355970 -3.807153 -10.743603 -3.440604 0.450520 24.870954 -2.056678 4.698391 -13.676397 4.988691 8.976449 -8.295707 0.356913 2.126671 -6.481644 0.943613 -5.280042 43.440273 6.615987 1.538466 -17.742925 -1.767704 -2.439702 -26.920786 -3.363700 -0.904138 -2.679249 -0.505118 -0.115246 -2.794101 -1.597352 -3.148111 -5.073794 2.772973 2.165714 7.939813 6.268727 0.026646 -3.429651 1.523372 -0.363802 2.561158 0.177510 -1.121288 -5.256245 -3.559988 -5.571890 19.891971 -8.064423 7.380907 12.617926 12.322229 -1.970821 -33.752557 -2.574792 3.187874 17.757103 -2.925215 9.000171 0.124341 -0.415164 -0.206284 5.794081 -12.388803 3.095467 -33.944972 -2.606850 -4.436333 18.307135 8.225411
-1.508682 116.996788 -2.349457 0.173349 0.798948 0.535905 3.081732 -12.438990 -1.260483 12.918317 2.596617 -4.748890 20.471160 7.475062 3.035064 10.926998 -16.971101 26.633844 0.140059 6.333955 -0.448148 -2.733567 -9.913439 -2.626550 0.532381 23.572785 -2.391500 4.350810 -15.030760 4.824784 8.040497 -7.609258 -0.166069 2.507741 -6.004820 1.385125 -6.176061 44.457541 7.311043 1.820863 -18.756401 -2.022046 -2.353892 -28.048370 -3.604204 -1.014118 -3.020844 -0.686193 -0.147538 -2.504118 -2.006697 -2.906827 -4.171844 2.863800 1.900150 7.688918 6.457283 -0.078072 -3.199642 1.507142 -0.558670 3.029101 0.178374 -1.250083 -5.768973 -3.682321 -5.496679 20.086524 -9.191134 7.198981 11.923010 14.059921 -0.265426 -38.639645 -0.786617 3.099824 24.260737 -4.164657 8.720904 -0.428178 -0.217134 0.440222 5.883839 -12.251166 3.201711 -32.873084 -1.134164 -4.817064 19.531047 8.079729
-1.944357 117.054001 -2.123375 0.488021 0.631167 0.463730 3.342680 -12.468365 -2.050800 14.549210 1.659011 -5.775116 24.107805 7.399304 1.639104 12.656502 -17.127253 28.921593 -0.062520 6.353485 -0.406058 -1.650794 -8.677456 -1.922016 1.101102 21.840679 -2.586231 3.373088 -15.914179 4.185847 6.957701 -7.082840 -0.659329 2.809937 -5.513086 1.451180 -6.729655 44.414791 7.661971 2.056047 -19.681054 -2.097353 -2.196407 -27.717918 -3.615124 -0.944020 -3.053125 -0.871933 -0.195419 -2.383768 -2.198209 -2.613815 -3.007006 2.779659 1.444596 7.804824 6.594170 -0.312806 -3.032039 1.553833 -1.023319 3.362656 0.422447 -1.547820 -6.430970 -3.902696 -5.453258 20.028400 -10.330658 7.001623 10.936816 15.883294 2.260173 -45.071318 1.934890 3.057416 32.030053 -5.875056 8.419850 -0.759366 0.009041 1.297467 5.602193 -12.601468 2.713316 -31.305326 0.326036 -5.980956 21.397281 8.474581
-2.383679 117.093674 -2.036320 0.779418 0.317627 0.165500 3.485421 -11.812915 -2.541541 15.779272 0.740714 -6.434361 27.163112 7.265180 0.488989 14.609469 -16.601325 31.251404 -0.191225 6.282758 -0.144778 -0.888268 -7.626451 -1.464823 2.290206 20.081225 -2.927024 2.109786 -16.132694 3.660206 5.485480 -6.316123 -1.174252 2.765233 -5.298286 1.414498 -6.814676 44.029934 7.649071 2.683406 -20.421475 -1.789147 -1.971398 -25.610478 -3.593922 -0.956939 -3.043113 -0.963539 -0.234771 -2.152799 -2.317009 -2.168930 -1.775110 2.500854 0.626181 8.011204 6.801332 -0.344586 -2.199281 1.769482 -1.161651 3.784525 0.547044 -1.671735 -6.938223 -4.064996 -5.381306 19.820068 -11.390172 6.578418 10.042079 17.825766 5.003215 -52.238483 5.034023 3.178294 39.800615 -7.788026 8.013444 -0.858599 0.300141 2.123451 5.234714 -13.245736 2.506665 -30.966612 1.675167 -6.456189 22.937146 8.454640
-3.011772 117.518852 -1.770994 1.200184 0.065542 -0.306464 3.615906 -11.578356 -2.683467 16.643346 0.621684 -7.225804 28.893242 7.090566 -1.189196 15.730698 -15.955325 34.125392 -0.459563 5.901162 0.275449 -0.066522 -6.309641 -1.252752 3.315752 17.687434 -3.066084 0.944330 -15.793749 3.203004 3.917691 -5.170903 -1.713249 2.439058 -5.259285 0.956506 -7.107612 43.344107 7.501383 2.965541 -21.167058 -1.596539 -1.826856 -24.175086 -2.881838 -0.965232 -2.758158 -1.010976 -0.143842 -1.875881 -2.184167 -1.794743 -0.945572 2.088400 -0.243173 8.508562 6.955363 -0.348430 -1.309346 1.836712 -1.365834 4.129793 0.617457 -1.789558 -7.490504 -4.077249 -5.424003 19.755418 -12.324827 6.420725 8.567369 19.434839 7.365342 -56.773259 7.731092 3.779746 47.086598 -9.365966 7.839221 -0.923930 0.535815 2.940346 4.717233 -14.466273 2.255333 -31.230310 1.530304 -7.031742 23.936585 9.234863
-3.700561 117.820908 -1.747141 1.680246 -0.279065 -0.769068 3.545610 -10.977655 -2.524309 17.051187 0.505649 -7.795706 29.605559 6.260873 -3.380988 16.069903 -14.859189 34.788707 -0.675491 5.553091 0.623352 0.561278 -4.909659 -0.833443 3.898507 15.565276 -3.275898 0.097946 -14.980660 2.847143 2.457241 -4.552257 -1.987542 2.065268 -5.017324 0.714403 -7.227810 41.647050 7.083119 3.332193 -22.385198 -1.186981 -1.568065 -20.866539 -2.633921 -1.183008 -2.381464 -0.966561 -0.116182 -1.788947 -1.912173 -1.323174 -0.309772 1.675088 -0.890804 9.375460 6.902787 -0.364190 -0.011291 1.783051 -1.559370 4.462589 0.671072 -1.786804 -8.069934 -4.056180 -5.466754 19.767664 -12.962466 6.538083 7.562140 20.711870 10.046477 -60.116250 10.917035 5.091795 54.051253 -11.528881 7.457496 -0.838426 0.717442 3.467382 4.349517 -15.229342 2.148173 -31.899922 1.638032 -7.330366 24.782553 9.248322
-4.165209 118.249313 -1.565887 2.142708 -0.362910 -1.253794 3.236704 -10.140497 -2.214978 17.077612 0.177424 -8.246736 29.550379 3.944818 -6.120303 14.137737 -13.443762 31.159845 -1.051307 5.045381 0.921232 1.166557 -3.763105 -0.476399 4.494182 13.408254 -3.240819 -0.881967 -13.851777 2.285459 0.928766 -3.603118 -1.863990 1.851817 -4.714944 0.452121 -7.610920 39.646557 7.063295 3.591186 -23.726406 -0.987103 -1.376566 -17.728711 -2.371366 -1.246167 -2.091489 -0.897072 -0.189094 -1.816300 -1.507499 -1.033269 0.036355 1.284818 -1.343211 10.443001 6.883491 -0.479537 1.265139 1.694304 -1.763880 4.994223 0.522680 -1.787557 -8.418861 -4.154789 -5.478958 20.289972 -13.768663 6.696154 6.184606 22.033039 10.885172 -60.701390 12.048983 5.962900 56.142907 -12.354812 7.188386 -0.385755 0.887786 3.607924 4.059244 -15.743426 2.003387 -32.778669 1.165890 -7.486888 25.323310 9.662592
-4.528237 118.538376 -1.228288 2.455838 -0.206118 -1.787272 2.705278 -8.509382 -1.956259 17.133404 -0.841807 -8.426061 28.735536 1.291862 -9.121076 11.133429 -13.039008 24.218618 -1.342972 4.460122 1.217152 1.506908 -3.154043 0.025155 4.536817 12.140005 -3.452897 -1.324353 -12.431610 2.040350 -0.776583 -2.355075 -2.153912 1.563218 -4.343310 0.104767 -7.690736 37.496844 6.714584 3.685312 -26.418971 -0.923734 -1.051917 -13.855023 -1.900497 -1.429989 -2.053846 -0.790109 -0.174224 -1.699245 -1.164599 -0.774821 -0.089856 1.107248 -1.579579 11.521945 6.908258 -0.474059 2.443143 1.847646 -1.778863 5.274623 0.256131 -1.765820 -8.390068 -4.227120 -5.440184 21.117602 -14.432174 7.067451 4.874667 23.147566 10.768973 -60.312464 12.305526 6.236054 55.493009 -13.086887 6.700760 0.370038 1.102527 3.875866 3.715544 -16.242338 2.090509 -33.895127 0.406848 -7.006713 25.114030 9.692990
-4.794274 118.742836 -1.086424 2.551535 -0.015676 -2.099344 2.103787 -6.895208 -1.659680 16.869145 -1.371112 -8.584620 27.171324 -0.972142 -11.906683 8.129333 -12.982873 17.802465 -1.446060 4.102379 1.294170 1.670261 -2.682085 0.359385 4.431009 11.285856 -3.420791 -1.562181 -11.821375 1.789409 -0.767062 -3.060102 -2.004126 1.365341 -3.908366 -0.137625 -7.664349 35.493763 6.459343 3.342339 -29.067815 -1.078274 -0.744769 -10.276817 -1.681914 -1.502099 -2.120103 -0.803582 -0.186231 -1.732287 -0.694168 -0.585345 -0.853640 1.012666 -1.762871 12.772730 7.045996 -0.330964 3.698879 1.976879 -1.694942 5.743297 0.089092 -1.444232 -8.196968 -4.201467 -5.560576 22.490358 -14.746375 7.344389 3.972515 23.698139 9.949094 -59.098169 11.489080 5.777755 51.513139 -13.256575 6.120134 1.638705 1.275638 3.949649 3.430913 -16.282921 2.383855 -34.593612 -0.482294 -6.858279 24.472769 9.687851
-4.990941 118.847458 -0.890573 2.486710 0.300473 -2.383037 1.099869 -4.594746 -1.246621 16.575252 -2.111094 -8.601838 25.811779 -2.854880 -13.751748 5.280465 -12.596118 13.167419 -1.474177 3.684213 1.180115 1.770494 -2.420795 0.589753 4.275755 11.197424 -3.479896 -1.612873 -11.889987 1.661385 -0.851011 -3.485322 -1.804769 1.260189 -3.579479 -0.333779 -7.252130 33.554476 5.895819 2.927530 -30.639591 -1.021350 -0.441279 -7.638930 -1.268810 -1.413070 -2.122260 -0.842052 -0.111285 -1.777023 -0.183706 -0.541206 -1.860222 1.141474 -1.962429 13.757091 7.334467 -0.244684 4.715138 2.256685 -1.682157 6.107846 0.015047 -1.060168 -8.265929 -4.139163 -5.608174 23.845723 -14.888675 7.734653 3.213700 23.676858 8.780834 -56.533142 10.168306 4.780280 45.054650 -12.997576 5.530448 2.929931 1.514154 3.542475 2.979828 -15.982317 3.200377 -34.913429 -1.185652 -6.329764 23.251077 9.477284
-5.152161 118.628273 -0.918489 2.554182 0.548132 -2.402118 0.239475 -3.083317 -0.812321 16.041932 -2.451445 -8.510066 24.088791 -3.885497 -15.176974 3.266248 -11.433126 9.391770 -1.436042 3.271831 0.910522 1.619643 -2.294283 0.980384 4.219993 11.460237 -3.733632 -1.611006 -11.993001 1.433523 -0.407820 -3.728345 -1.624783 1.095053 -3.173777 -0.316126 -6.641620 32.163556 5.703779 2.320519 -32.009661 -1.319712 -0.396578 -5.577342 -1.093632 -1.439085 -2.183020 -0.928004 -0.122835 -1.659278 0.293301 -0.402118 -3.153994 1.294029 -2.133312 14.554017 7.723764 -0.114317 5.529632 2.389393 -1.691877 6.259172 -0.123875 -0.707635 -8.474052 -3.823610 -5.740117 24.958828 -14.652352 7.841295 2.567863 23.407773 7.298209 -53.327239 8.079558 4.049160 39.848653 -12.357266 4.778259 4.133103 1.718677 2.729682 2.551916 -15.029765 4.160054 -34.816920 -1.678879 -5.773278 22.291697 8.777098
-5.129676 118.252052 -1.038249 2.415528 0.743360 -2.283586 -0.833577 -1.500578 -0.536999 14.910947 -2.370030 -8.349397 23.011953 -4.859224 -16.108977 1.653670 -9.117290 5.736688 -1.276271 2.894287 0.491521 1.435058 -2.340147 1.095149 4.118304 12.254478 -3.789933 -1.492732 -12.265262 1.377158 0.022096 -3.732776 -1.761592 0.882317 -3.124088 -0.166372 -6.083740 31.595637 5.527630 1.824346 -33.287806 -1.595413 -0.371290 -3.864717 -0.816073 -1.410297 -2.349587 -0.869988 -0.078902 -1.586270 0.592901 -0.384584 -4.535791 1.546894 -2.453663 15.345783 8.221990 -0.018008 6.214133 2.529841 -1.633362 6.085818 -0.138271 -0.284452 -9.463576 -3.502370 -5.927806 26.200914 -14.245914 8.001555 2.039944 23.004523 6.026975 -49.629470 6.090399 3.311691 34.019544 -11.735308 4.001154 5.446985 2.047362 1.879215 1.586623 -14.281510 5.603589 -34.322466 -2.327253 -6.118424 22.677310 8.375595
-5.061644 117.744301 -1.390949 2.356241 0.813459 -2.034496 -1.497507 -0.743145 -0.318369 13.339674 -2.003709 -8.238822 21.555077 -5.286045 -16.301430 0.378590 -6.781375 2.817196 -1.028469 2.643404 0.091469 1.024376 -2.417583 1.261712 4.048127 13.489675 -3.982598 -1.196881 -13.026534 1.362168 0.355749 -3.393239 -1.591070 0.544601 -3.336417 0.185733 -5.588173 31.522425 5.298057 1.552047 -33.883505 -1.682074 -0.467056 -2.959907 -0.794549 -1.493362 -2.522785 -0.759672 0.069986 -1.552371 0.804631 -0.478996 -5.357318 1.660419 -2.631791 15.473033 8.671417 0.033445 7.040990 2.736338 -1.686271 6.055389 -0.135793 -0.089314 -11.069000 -3.364699 -6.183899 26.726514 -13.275784 7.817148 1.401479 22.432557 4.713852 -45.474582 4.123796 3.097685 29.357517 -11.199442 3.749276 6.341535 2.176010 1.407843 1.380838 -14.074311 6.258192 -34.246094 -2.708810 -6.695420 22.816957 8.591587
-4.747368 117.114090 -1.561499 2.249765 0.931761 -1.595275 -2.158969 0.134613 -0.166634 11.389394 -2.035988 -7.967208 20.009310 -5.414004 -16.389994 -1.140204 -3.512109 0.984753 -0.835718 2.303880 -0.229293 0.589546 -2.360112 1.012389 3.982589 14.855312 -4.239407 -0.827824 -13.678433 1.591329 1.002107 -3.897583 -1.635416 0.393583 -3.727628 0.722385 -5.423246 32.122380 5.214605 1.575585 -35.124234 -2.145887 -0.749883 -1.806306 -0.601421 -1.525249 -2.827755 -0.648600 0.133852 -1.666465 0.851419 -0.458116 -5.296163 1.557936 -2.605133 15.004723 8.665471 -0.093816 7.637744 3.029668 -1.832660 5.595231 -0.029981 -0.164146 -13.399118 -3.292664 -6.667698 26.323424 -11.954365 7.773670 1.306625 21.727414 3.885288 -42.159507 2.889264 2.931690 25.818227 -11.017218 3.828552 6.908005 2.501531 0.982369 1.224145 -14.257692 6.480758 -34.541962 -2.932526 -6.824916 22.510215 8.816320
-4.595611 116.610931 -1.664919 2.161499 0.921677 -1.127614 -2.598445 0.696506 -0.214097 8.565015 -1.749631 -7.141612 17.696999 -5.646245 -15.570985 -1.984066 -1.271834 -0.588121 -0.662460 2.086229 -0.479433 0.085280 -2.151158 0.894030 3.671215 16.357335 -4.492287 -0.074253 -14.826424 1.988444 1.741325 -4.172004 -1.645622 0.348771 -4.222980 1.252111 -5.431729 32.273685 5.232902 1.368896 -35.102253 -2.939311 -1.032448 -1.093906 -0.226397 -1.621206 -2.986625 -0.492066 0.161998 -1.827571 0.678509 -0.442429 -4.799199 1.422364 -2.368076 14.159493 8.292594 -0.195763 8.227739 3.398875 -2.030727 5.550887 0.228082 -0.152573 -15.941379 -3.421437 -7.059885 25.161673 -10.240153 7.314437 1.497349 20.736725 2.676504 -37.969826 1.419398 3.111582 21.872717 -10.568760 3.969074 6.949631 2.741762 0.787302 1.352420 -14.572378 6.183496 -34.684358 -3.386256 -6.701111 21.992152 9.039857
-4.357076 116.285828 -1.534422 2.067284 0.845892 -0.673680 -2.934992 1.020882 -0.264384 5.365403 -1.989402 -5.312782 14.964198 -5.365833 -14.425440 -1.849558 0.587641 -2.500149 -0.607795 1.785387 -0.671699 -0.344244 -1.471829 0.822615 3.793445 16.873094 -4.811725 0.289744 -15.416169 2.474006 2.067443 -4.505147 -1.748476 0.329721 -4.310533 1.446400 -5.332313 32.049838 5.303601 1.246732 -34.719884 -3.475483 -1.279809 -0.855821 0.384556 -1.628650 -2.908116 -0.287539 -0.023670 -2.001746 0.559773 -0.265262 -4.111986 1.005596 -1.907853 13.011028 7.651272 -0.071231 8.308175 3.618852 -2.142057 5.344606 0.598329 -0.217244 -17.520927 -3.481223 -7.389717 23.448117 -8.122726 6.804925 2.231052 18.779925 1.688813 -33.811828 0.125071 3.463460 18.244774 -9.882592 3.994246 6.737390 2.971083 0.730999 1.774305 -14.706638 5.940768 -34.988723 -3.857901 -6.562325 21.586105 9.208412
-4.110536 116.054741 -1.319535 2.120835 0.690204 -0.222971 -3.194193 1.260334 -0.558430 2.581540 -1.860764 -3.304595 11.588883 -4.814445 -12.852008 -1.876053 2.168043 -4.696514 -0.652746 1.428003 -0.857212 -0.705364 -0.602423 0.990242 3.897224 17.290485 -4.986615 0.350603 -15.627363 2.554143 2.442865 -4.801118 -1.681758 0.170985 -4.375627 1.590119 -5.011563 31.685644 5.396407 1.420281 -34.434314 -3.480378 -1.900822 -0.088199 0.348555 -1.646652 -2.670837 -0.082161 -0.258112 -2.067197 0.363214 -0.005287 -3.615398 0.738458 -1.410515 11.810858 6.572859 0.042361 7.806665 3.754079 -2.129226 5.012057 1.000295 -0.236862 -18.334139 -3.296436 -7.618381 21.844424 -6.442201 6.355533 2.888144 16.795245 1.266979 -30.455678 -0.668629 3.710319 15.510304 -9.118748 3.962439 6.533592 3.055492 0.798150 2.419489 -14.980010 5.755440 -35.422429 -4.148967 -6.573103 21.083127 9.469601
-3.879150 116.031525 -0.960697 2.152145 0.671375 0.225742 -3.265464 1.552312 -0.874931 0.759124 -1.907135 -1.600293 8.564101 -4.003748 -10.353218 -1.482163 2.560223 -6.514006 -0.683014 1.118138 -1.104547 -0.931392 0.229891 1.144923 3.862954 17.598984 -5.109427 0.452819 -15.781263 2.490427 2.750954 -4.885117 -1.615974 0.034377 -4.422266 1.651364 -4.706723 30.895144 5.376195 1.598515 -33.601487 -3.515770 -1.876139 -0.098655 0.613152 -1.666698 -2.529834 0.163408 -0.477303 -1.953567 0.145539 0.248132 -3.242425 0.579346 -0.930103 10.813650 5.562491 0.148610 6.968473 3.442064 -1.964889 4.605839 0.966841 -0.561718 -18.183840 -3.070285 -7.539373 20.158418 -5.142911 5.862093 3.671289 14.846090 0.947312 -27.674756 -1.396906 3.994143 13.660440 -8.335866 4.010524 6.259243 2.814242 0.849775 3.112611 -15.366197 5.851791 -35.767631 -4.188772 -6.561662 20.554646 9.902147
-3.648277 116.293327 -0.622426 2.089755 0.642538 0.814712 -3.140724 2.155601 -1.334924 -0.321715 -1.990947 -0.218738 6.634965 -3.239269 -7.732371 -1.202668 1.755063 -7.454002 -0.785838 0.900420 -1.380871 -1.136916 0.917238 1.316328 3.970149 18.057724 -5.341645 0.558920 -15.679181 2.650813 2.554544 -5.517079 -1.813058 -0.140671 -4.703760 1.641408 -3.945114 29.874802 4.842222 1.521815 -32.269891 -3.433603 -1.769962 -0.050728 0.755695 -1.569005 -2.285616 0.345088 -0.678061 -1.871898 -0.035837 0.461860 -2.904412 0.335418 -0.580232 9.540115 4.645381 0.158830 6.197838 3.124987 -1.995786 4.156700 1.008312 -0.769956 -17.920214 -2.753239 -7.570876 18.568392 -4.112508 5.429795 4.591508 13.042700 1.027052 -25.796733 -1.662508 4.174181 12.285659 -7.750133 4.185390 6.160045 2.470860 0.744924 3.391857 -15.636616 5.837682 -35.671315 -4.337118 -6.352675 19.457656 9.832611
-3.367380 116.424492 -0.061387 2.042020 0.697500 1.249669 -2.985363 2.941595 -1.728479 -0.680134 -2.354082 0.890123 5.211938 -2.622451 -5.203035 -1.658587 0.720452 -6.970497 -0.944355 0.708286 -1.598299 -1.147199 1.862671 1.407255 4.178024 17.817129 -5.468960 0.223972 -14.807359 2.547891 2.755260 -6.404260 -1.694350 -0.233900 -5.182820 1.549997 -3.329886 28.977706 4.421966 1.539546 -30.142007 -3.412494 -1.843700 -0.219273 0.857554 -1.570737 -1.959897 0.655776 -0.739428 -1.555390 -0.357113 0.719174 -2.944902 0.125473 -0.255551 8.034881 3.996919 0.024299 6.032673 2.987531 -1.740064 3.493924 1.010168 -0.877763 -17.849314 -2.550930 -7.495246 17.010047 -3.083211 4.948372 5.712054 11.245992 1.130718 -24.492783 -1.813635 4.271558 11.507512 -7.187085 4.414160 6.055678 2.368090 0.563169 3.612264 -16.068231 6.006678 -35.743096 -4.547692 -6.155112 19.023326 10.016109
-3.177192 116.650337 0.357507 1.905536 0.833388 1.602783 -2.665478 4.155347 -2.253566 -0.457810 -2.808101 2.194697 4.570731 -2.901449 -3.185743 -2.023443 0.198935 -5.216499 -1.081926 0.396840 -1.625604 -1.060843 2.886119 1.368121 4.403380 17.764606 -5.558219 -0.186906 -14.541735 2.398685 2.829058 -6.750506 -1.425066 -0.197474 -5.684089 1.265781 -2.795725 28.528766 4.111072 1.218216 -29.017935 -3.506643 -1.935837 -0.038938 1.155195 -1.447855 -1.498772 0.755744 -0.824768 -1.137473 -0.578141 1.021222 -2.990142 -0.129207 0.071218 6.498243 3.549430 -0.494665 5.995043 2.656098 -1.526954 2.558677 0.778152 -0.780277 -17.494143 -2.453568 -7.252548 15.416887 -2.355002 4.139652 6.953012 9.659738 1.272262 -23.596900 -1.768208 4.547818 11.086115 -6.899518 4.616587 5.862276 2.269229 0.416243 3.978421 -16.691031 6.167448 -35.815720 -4.777619 -6.157217 18.402591 10.102701
-3.004117 116.795662 0.647444 1.751352 0.921766 1.931994 -2.435298 4.951467 -2.516588 -0.126014 -2.681243 3.074515 4.367579 -2.666168 -1.428318 -2.508271 0.262468 -2.318126 -1.267683 0.127104 -1.647198 -0.801805 3.792188 1.214271 4.477149 17.419614 -5.467003 -0.518028 -13.961506 2.321249 2.729845 -7.377539 -1.448249 -0.074519 -6.331730 1.114355 -2.563689 28.797052 3.892675 1.249986 -28.068403 -3.539409 -1.930468 -0.169118 1.299742 -1.245271 -0.925967 0.935342 -1.009585 -0.611930 -0.718388 1.341704 -3.447784 -0.297345 0.192312 5.488732 3.332902 -0.885326 6.137722 2.637530 -1.223758 1.909397 0.621441 -0.588542 -16.984242 -2.452303 -7.122951 14.373808 -1.910699 3.461611 8.111777 8.375366 1.574321 -23.091595 -1.816494 4.750825 10.797511 -6.553741 4.802986 6.090672 2.130565 0.091660 3.745908 -17.397475 6.475630 -35.946165 -5.300023 -6.081528 17.598829 10.237244
-2.753255 116.951630 0.905248 1.650156 1.074493 2.319996 -2.253393 6.583680 -2.948698 0.660183 -3.409225 3.870370 4.860790 -2.241573 0.335584 -3.075423 1.317183 0.428010 -1.381531 0.009926 -1.683062 -0.718597 4.649091 1.109320 4.723862 17.622594 -5.548936 -0.724266 -13.716550 2.253857 2.889952 -7.515747 -1.217034 -0.136835 -7.528985 0.707305 -2.090477 29.566282 3.298116 1.222630 -26.946396 -3.348931 -1.670890 -0.468882 1.504749 -1.115696 -0.393534 1.033368 -1.164726 -0.248725 -0.778847 1.509114 -4.055986 -0.368334 0.434168 4.910728 3.279450 -1.356026 6.521535 2.690297 -1.037215 1.837936 0.573416 -0.435060 -16.075969 -2.656785 -6.833428 13.342655 -1.403659 2.890900 9.617466 7.211199 1.512638 -22.884766 -1.960287 5.120005 10.282940 -6.294733 5.282517 6.431309 2.190635 -0.135251 3.451865 -18.434468 6.699498 -36.155837 -5.527860 -6.093791 16.917120 10.157654
-2.515303 116.752945 1.368472 1.621679 1.331039 2.716145 -2.154039 7.409257 -3.261957 1.416125 -3.763394 4.584098 5.382096 -1.900805 1.170545 -3.343370 1.478798 1.425945 -1.553647 0.064633 -1.680153 -0.421272 5.081213 0.928422 4.481689 17.866937 -5.334259 -0.759273 -13.937200 2.031265 2.590963 -7.421369 -1.041489 -0.150828 -9.145842 0.365105 -1.941611 30.635951 2.844867 1.258838 -25.559173 -3.214252 -1.325045 -1.126997 1.421594 -1.000980 -0.010369 1.087958 -1.447442 -0.177169 -0.741891 1.642963 -4.675120 -0.555180 0.681235 4.602165 3.284206 -2.101825 5.723019 3.098158 -1.176451 1.889466 0.656447 -0.538537 -14.550552 -3.133620 -6.710635 12.990033 -1.141910 2.504048 11.347767 6.358550 1.483504 -23.198535 -2.120047 5.340404 9.923055 -6.019788 5.658815 7.186770 2.508051 -0.150019 2.735834 -19.604768 6.756306 -36.551391 -5.990610 -6.220958 16.703217 10.559318
-2.382264 116.121468 1.565486 1.540645 1.681455 2.854253 -2.153200 8.296051 -3.408399 2.050257 -4.519234 5.038681 5.712140 -1.875109 1.695064 -3.416140 1.036665 2.083863 -1.581876 0.299652 -1.642483 -0.150887 5.051782 0.842184 4.380800 18.560749 -5.145922 -0.971900 -14.545052 1.501639 2.828017 -7.580086 -0.522663 -0.316298 -11.456668 0.510780 -1.668083 32.372658 2.408075 1.534665 -25.173608 -3.154668 -0.890219 -1.074530 1.571507 -0.961533 0.345655 1.132802 -1.724151 -0.353537 -0.497509 1.698916 -5.245474 -0.801731 1.251495 4.571881 3.048607 -2.764287 4.897940 3.480193 -1.376066 1.902928 0.862901 -0.660046 -12.880753 -3.318022 -6.584155 12.820479 -1.081033 1.882061 13.545329 6.085537 1.359530 -24.233395 -2.254741 5.582006 9.132831 -5.765480 6.335641 8.212436 2.877815 -0.251742 2.188694 -20.794238 7.019412 -37.638406 -6.582150 -6.353246 16.731177 10.864688
-2.272820 115.410759 1.684651 1.452956 2.097770 2.859980 -2.054714 9.016654 -3.444870 2.609931 -5.049436 5.451908 6.201559 -2.005839 1.454545 -3.369865 0.469981 2.498155 -1.567726 0.505687 -1.514669 0.180739 5.023982 0.773179 4.237690 18.732617 -5.016941 -1.198598 -14.537585 1.291608 2.842616 -7.819853 -0.269151 -0.520045 -13.682345 0.643314 -1.313058 34.032244 1.843374 1.475000 -24.959502 -3.253613 -0.479149 -0.954129 1.804576 -0.973211 0.605843 1.107398 -1.950740 -0.749660 -0.241090 1.832697 -5.875699 -0.958334 1.644535 4.897376 2.750944 -3.334688 3.818547 3.960829 -1.550785 1.892304 1.267331 -0.591212 -12.063416 -3.582703 -6.387384 12.959740 -1.142090 0.915262 15.717835 6.344481 0.904063 -24.623522 -2.698365 6.374701 8.197217 -5.534447 6.997524 9.416027 3.244657 -0.418569 1.830629 -21.729653 7.033600 -38.921603 -7.274724 -6.497446 17.061747 10.966291
-2.235120 114.695625 1.708258 1.395399 2.336231 2.812246 -1.994862 9.601603 -3.488772 2.957217 -5.576717 5.247542 7.024026 -3.241865 0.049108 -3.677124 0.142163 2.344454 -1.535634 0.705535 -1.333878 0.346259 5.112832 0.662711 4.127215 18.613573 -4.712881 -1.135861 -14.576997 0.994856 2.897696 -8.111307 -0.385136 -0.813120 -15.719250 0.579248 -1.053000 36.104903 1.548554 1.711469 -25.432333 -3.187476 -0.297932 -0.639360 1.950692 -1.054640 0.951125 1.143935 -2.076154 -1.460209 -0.040934 1.805928 -6.200129 -1.136372 2.126860 5.366906 2.437522 -3.759484 2.959409 4.275077 -1.826309 1.832505 1.556743 -0.671193 -11.495646 -3.859805 -6.205935 13.249488 -1.096549 -0.101380 17.392433 6.815870 0.574816 -24.432131 -3.059884 7.155361 7.026573 -5.582374 7.860219 10.663104 3.957564 -0.858362 1.128144 -23.014334 7.250625 -39.772232 -7.753721 -6.779394 17.562580 10.980223
-2.209462 113.955383 1.803988 1.317632 2.389735 2.637442 -2.007091 9.939996 -3.448611 3.092543 -5.789270 4.306387 8.001418 -5.270831 -1.752476 -4.200360 0.412109 2.306996 -1.580678 0.874781 -1.204207 0.644545 5.178585 0.718742 3.967492 18.911257 -4.408426 -1.401020 -14.373657 0.567793 3.070035 -8.222074 -0.333965 -0.883564 -17.313738 0.993473 -0.804704 37.492070 1.214510 1.758245 -24.841512 -3.386993 -0.028628 -0.873450 2.162557 -1.073674 1.092337 1.248646 -1.985806 -2.255682 0.094373 1.768847 -6.371912 -1.003989 2.158455 5.963210 2.213429 -3.926273 2.438954 4.669535 -1.838819 1.917338 2.004000 -0.468206 -10.891997 -3.812950 -5.976859 13.597606 -1.237287 -1.295459 18.627292 7.491048 0.189215 -24.084773 -3.249036 8.049340 6.046207 -5.857213 8.956215 11.711552 4.385293 -1.372732 0.910119 -24.309929 7.278807 -40.895519 -8.334089 -6.790739 17.965788 10.916578
-2.110687 113.197495 1.863858 1.196690 2.173593 2.389137 -1.934905 10.373044 -3.474618 3.148381 -5.875714 2.762521 8.811990 -6.736944 -2.975924 -4.839892 0.525766 2.255273 -1.607006 0.951607 -0.977597 0.836312 5.482424 0.640458 3.957628 19.214866 -4.031495 -1.552172 -14.606841 0.095042 3.018984 -7.478996 -0.160590 -0.834386 -18.345836 1.247740 -0.677043 38.810474 0.938304 1.992534 -25.062252 -3.215096 0.091054 -0.975363 2.223867 -1.106180 0.801502 1.362815 -1.608462 -3.114411 0.212510 1.794405 -6.021916 -0.455788 1.404974 5.145264 2.812259 -3.633100 2.639900 4.674592 -1.487313 2.876402 1.875718 -0.102443 -9.464776 -4.229608 -5.818720 13.476819 -1.090896 -2.430571 19.669883 8.033421 -0.238730 -22.754568 -3.664291 9.229538 5.020308 -6.289390 9.956158 11.784789 4.033976 -2.368529 1.050551 -24.770691 6.851622 -41.059669 -9.940422 -6.661956 18.225406 10.538600
-2.172824 112.486710 1.826999 1.037606 1.936221 2.261767 -1.738558 10.699604 -3.395259 3.039343 -6.356503 0.670411 9.175209 -7.345614 -3.989384 -5.382325 1.042681 2.125609 -1.529796 1.053248 -0.938488 0.871112 5.630835 0.608569 3.955059 19.704198 -3.743531 -1.752075 -14.669730 -0.197047 3.012059 -6.670201 -0.153300 -0.814278 -19.515088 1.539715 -0.461894 40.231683 0.722603 2.006628 -24.897818 -3.245105 0.425466 -1.187850 2.158145 -1.197550 0.268137 1.345142 -1.085856 -3.868356 0.270328 1.799046 -5.558073 0.018703 0.732329 4.538160 3.624024 -3.572298 2.474362 5.119996 -1.495504 3.735212 1.787513 0.166941 -8.244340 -4.426481 -5.647413 13.209474 -0.771039 -3.676519 20.268730 8.386059 -0.713571 -21.199609 -4.025350 10.189834 4.062543 -6.567000 11.164572 11.638834 3.481877 -3.742121 1.788420 -24.863407 6.792936 -41.259965 -10.834107 -6.760193 18.511330 10.188989
-2.209781 111.805603 2.145332 1.024821 1.652012 2.029628 -1.643138 10.656943 -3.282203 3.435514 -6.788072 -1.661854 8.653135 -7.063366 -4.306099 -6.236498 1.946820 1.850663 -1.477441 1.414842 -1.078734 0.655305 5.516682 0.754106 3.910808 20.240494 -3.303327 -1.735136 -15.135123 -0.423581 2.891014 -5.861774 0.030708 -0.844262 -20.936574 2.078986 -0.113755 41.762095 0.470168 1.959809 -24.937744 -3.242199 0.476553 -1.087756 2.110542 -1.152721 -0.164471 1.037781 -0.658990 -3.784779 -0.025901 1.601484 -5.016004 0.605787 -0.202654 4.012941 5.451791 -3.514085 2.185493 6.180516 -1.090496 4.216502 1.776632 0.603729 -7.169864 -4.947403 -5.716330 12.688379 -0.692448 -4.166788 19.964230 8.974450 -1.440568 -19.809517 -3.515973 11.186865 3.506473 -6.985501 11.693235 9.720584 3.288723 -3.627334 5.210155 -24.141788 6.871195 -42.832043 -10.706028 -6.820970 18.400525 9.999750
-2.419454 111.299072 2.384055 1.071979 1.322708 1.716196 -1.527898 10.533575 -2.946252 4.177514 -7.355415 -4.475822 7.476274 -6.323579 -4.272137 -7.227490 2.853092 1.949576 -1.386029 1.750442 -1.333395 0.211164 5.011708 0.931112 3.845980 21.067997 -2.924375 -1.501245 -15.280232 -0.455075 2.749654 -5.253473 0.301727 -0.866318 -22.280937 2.712086 0.373166 43.034417 0.139074 1.864666 -24.215440 -3.207049 0.488717 -1.309999 2.047779 -1.189589 -0.617450 0.727674 -0.460417 -3.182559 -0.014560 1.465689 -4.107444 1.264354 -1.276153 3.881660 7.339095 -3.711094 1.563663 8.256200 -0.747910 4.643345 1.880443 1.021029 -5.857390 -5.628105 -5.660018 11.475902 -0.944222 -4.532501 19.516468 9.298779 -1.953279 -19.039407 -3.005892 11.527013 3.098340 -7.237018 12.182352 7.014689 2.974397 -3.584351 8.043650 -23.366327 7.494468 -43.784780 -9.802482 -7.094554 18.720870 9.757620
-2.588231 110.966484 2.492923 1.197784 0.963377 1.326721 -1.453222 9.982668 -2.356199 5.150356 -8.090123 -8.145388 6.161361 -5.371062 -4.151606 -8.083108 3.509354 1.784046 -1.299865 2.048150 -1.620927 -0.437935 4.392370 1.273754 3.624867 21.823712 -2.779523 -1.274182 -15.134471 -0.069293 2.146264 -4.463866 0.730860 -0.997950 -23.327584 3.379211 1.326697 43.792703 -0.420405 1.637139 -23.326204 -3.060300 0.287312 -1.741188 1.995239 -1.261490 -1.072859 0.401912 -0.506615 -2.588570 0.377927 1.352123 -3.287267 1.804423 -2.307515 4.493351 8.914071 -3.676949 0.847916 9.995447 -0.545312 4.818560 2.081989 1.423844 -4.143872 -6.191218 -5.520957 10.391385 -1.123685 -4.439592 19.315484 9.262709 -2.438768 -18.674073 -2.568241 11.782315 3.128750 -7.394746 12.415475 4.611079 2.667108 -3.440114 10.208152 -22.553077 7.825017 -44.345563 -8.877738 -7.002720 18.894588 9.145022
-2.780648 110.962494 2.689508 1.281721 0.711256 0.902184 -1.389187 9.217890 -1.646419 5.680062 -8.647631 -11.171090 4.746122 -4.740950 -4.822328 -8.114766 3.616637 1.479664 -1.177470 2.268143 -1.832087 -0.806567 3.616111 1.495885 3.112738 22.492176 -2.333565 -0.979040 -15.089231 0.163958 1.905003 -3.478611 1.001180 -0.967511 -23.861946 3.803395 1.658626 44.001190 -0.435535 1.350927 -22.780365 -2.951065 0.284765 -1.902140 1.989048 -1.374430 -1.486217 -0.001278 -0.666420 -2.199333 0.990370 1.328176 -2.397163 2.215965 -3.181332 4.844349 10.011466 -3.401777 0.300401 10.923600 -0.331896 4.889183 2.324639 1.540829 -1.796141 -6.980792 -5.199098 9.202145 -1.306646 -4.306379 19.166723 8.975346 -2.962363 -18.239412 -2.053507 11.968843 3.070766 -7.471397 12.558537 2.835234 2.502088 -3.450714 11.677733 -21.700486 8.404831 -44.666739 -7.211852 -6.945826 18.958700 8.492349
-2.965841 110.943604 2.798599 1.421100 0.412718 0.625036 -1.335805 8.665141 -0.909736 6.147451 -9.082990 -14.007200 3.447482 -4.544965 -5.916549 -7.446654 3.322378 0.057785 -1.123072 2.464581 -2.071352 -1.176287 2.930562 1.578533 2.742745 22.950940 -2.168547 -0.585190 -15.257990 0.640720 1.730756 -3.381542 1.058631 -1.065333 -24.058799 3.959498 2.040959 44.000417 -0.269818 0.936215 -22.045652 -3.109206 0.297505 -2.268643 1.944015 -1.389995 -1.795135 -0.396616 -0.737526 -1.917708 1.511351 1.081553 -1.622701 2.589409 -3.865371 4.732533 10.475057 -2.939685 -0.087468 11.216351 -0.296380 4.771299 2.496818 1.443299 1.010984 -7.426208 -4.862598 8.043511 -1.352532 -4.236168 19.261817 8.623627 -3.413767 -17.994659 -1.439729 12.023015 3.354291 -7.485066 12.476371 1.476343 2.329678 -3.500971 12.742249 -20.893461 9.257727 -45.326754 -5.835756 -6.879754 18.994810 7.652863
-3.172250 111.095627 3.071249 1.573545 0.134450 0.429261 -1.371447 8.027029 -0.282426 6.473875 -9.281179 -16.217229 2.319527 -4.415002 -7.163812 -6.852672 3.026106 -1.220520 -1.109207 2.766548 -2.312169 -1.590078 2.417319 1.664178 2.550537 22.810031 -1.951131 -0.180307 -15.223095 1.003383 1.655985 -3.563826 0.915902 -1.275193 -24.077322 3.845864 2.531522 43.943490 -0.489221 0.720238 -21.465612 -2.859708 0.062880 -2.524763 1.976452 -1.421053 -1.996341 -0.593172 -0.773636 -1.818164 1.785434 0.808938 -1.176271 2.923703 -4.352461 4.353583 10.659949 -2.426846 -0.707114 11.014841 -0.179112 4.175593 2.513990 0.879598 4.167721 -7.711032 -4.653349 7.027010 -1.242861 -4.086335 19.713548 8.334901 -3.584415 -18.383143 -0.915030 11.947611 4.266135 -7.528972 11.853005 0.554596 2.093755 -3.178603 13.722227 -19.716859 9.641343 -45.527159 -4.502517 -6.664189 19.210985 6.765206
-3.363118 111.422478 3.402101 1.684235 -0.102599 0.369825 -1.414000 7.359841 0.189435 6.708065 -8.986186 -17.932835 1.225582 -4.558803 -8.002367 -6.494304 2.843074 -1.610513 -1.140085 3.008985 -2.488646 -1.664631 1.928059 1.691636 2.077880 22.930129 -1.821852 0.322330 -15.266227 1.298438 1.660765 -3.514900 0.759943 -1.268422 -23.566456 3.497109 2.583103 43.135170 -0.416396 0.602317 -21.488134 -2.534628 -0.173339 -2.233247 2.007254 -1.325788 -1.984873 -0.602090 -0.679061 -2.145131 2.030595 0.466238 -0.701374 2.957476 -4.423531 3.780120 10.340120 -1.812106 -1.224613 10.614034 -0.042276 3.206841 2.397488 0.357080 6.148235 -7.599406 -4.518771 6.047709 -1.037073 -3.862861 20.004707 8.002226 -3.683595 -19.176823 -0.299099 11.660333 5.385790 -7.470564 11.224093 0.004536 1.958851 -2.874762 14.246694 -18.911862 9.895173 -45.752509 -3.218483 -6.502489 19.158653 6.238553
-3.702514 111.842682 3.746253 1.762972 -0.404794 0.346880 -1.404917 7.092769 0.688262 6.888688 -8.920249 -18.814431 0.718755 -4.839379 -8.788926 -6.296307 2.648837 -1.584494 -1.081826 3.238115 -2.569587 -1.839928 1.797953 1.695463 1.796797 22.751993 -1.763495 0.729456 -15.224426 1.664350 2.335938 -4.211268 0.107395 -1.260312 -22.841985 3.160134 2.315160 42.290899 -0.122825 0.697397 -20.989694 -2.344051 -0.538659 -2.327761 2.029971 -1.320104 -1.953271 -0.537894 -0.547495 -2.439491 2.133760 0.174356 -0.190044 2.990577 -4.350064 3.409309 9.868838 -1.252093 -1.796422 9.961740 -0.007724 2.010182 2.150112 -0.168786 7.780161 -7.211814 -4.514356 5.076197 -0.712271 -3.779332 20.621013 7.468789 -3.628504 -20.565587 -0.052879 11.271630 6.512638 -7.229828 10.477360 -0.636377 1.782062 -2.507623 14.663178 -18.152776 9.664364 -45.577675 -2.750890 -6.400743 19.188353 5.800168
-4.003530 112.243660 3.987993 1.877223 -0.753737 0.276579 -1.597507 6.735691 1.179203 6.680952 -8.552479 -18.904242 0.386461 -4.604616 -9.092483 -6.561977 2.691672 -1.921547 -1.062041 3.384608 -2.572584 -1.989006 1.695506 1.709241 1.597570 22.773135 -1.806117 1.089436 -15.330144 1.892393 2.693394 -4.319958 -0.316142 -1.235053 -21.844916 2.820990 2.121929 41.361112 0.066635 0.655762 -20.761442 -2.256287 -0.747576 -2.217145 2.144398 -1.293689 -1.954939 -0.507033 -0.477292 -2.551090 2.239684 -0.084700 0.239296 3.087008 -4.082716 3.050525 9.349133 -0.973193 -2.244552 9.650206 -0.027941 0.943254 2.064829 -0.531935 8.836423 -6.620872 -4.556481 4.267852 -0.466989 -3.403818 20.769109 6.914867 -3.668639 -22.237571 0.087128 10.775704 7.539733 -7.141639 10.120900 -1.226851 1.662082 -2.360761 15.244939 -17.551610 9.434865 -45.379264 -2.650265 -6.020059 18.680407 5.694891
-4.383768 112.560181 4.168722 1.946324 -1.138813 0.422015 -1.698114 6.402218 1.432110 6.530580 -8.040182 -18.669586 0.402298 -4.458978 -9.493744 -6.541961 2.548520 -2.018039 -1.012079 3.495134 -2.747400 -2.056848 1.608004 1.768730 1.591078 22.835348 -1.841792 1.303118 -15.707668 2.052739 3.009976 -4.091569 -0.827084 -1.035430 -20.742400 2.759687 2.117327 40.058450 0.067264 0.543156 -20.897061 -2.224799 -1.084247 -1.413261 2.179956 -1.334460 -1.926447 -0.335482 -0.231050 -2.647020 2.145190 -0.309230 0.535944 3.149099 -3.915608 2.761708 8.904547 -0.589148 -2.680905 8.783144 0.016797 -0.244040 1.755856 -0.605816 9.166080 -6.101505 -4.670491 3.896066 -0.307218 -2.981615 20.598531 6.293994 -3.429116 -24.398660 0.148943 9.902852 8.356766 -6.953363 9.439946 -1.309788 1.535038 -2.118768 15.280263 -16.950083 9.299530 -44.975684 -2.238190 -5.788973 18.173818 5.767209
-4.865684 112.961288 4.112866 2.022409 -1.498198 0.513295 -1.776641 5.862278 1.777782 6.082828 -7.293967 -17.993224 0.565128 -4.019688 -9.562869 -6.774384 2.407781 -2.440287 -0.954079 3.483511 -2.771827 -2.172546 1.675763 1.720753 1.451456 23.486639 -1.888400 1.655727 -16.333266 2.176749 3.399024 -4.304894 -1.108574 -0.799034 -19.783648 2.806614 2.061455 39.093557 0.061315 0.282356 -20.688401 -2.394869 -1.312036 -0.692576 2.165356 -1.389916 -1.982512 -0.308772 0.076138 -2.610111 1.877840 -0.471140 0.703115 3.340617 -3.626292 2.437439 8.230913 -0.136357 -2.941063 7.892493 -0.214586 -1.148369 1.601811 -0.773336 9.140190 -5.306570 -4.843509 3.791306 0.053463 -2.407610 20.123192 5.572749 -3.001064 -25.985863 0.072801 8.973295 8.927206 -6.590740 8.853433 -1.044913 1.388902 -1.936692 15.305608 -16.376847 9.009474 -44.379802 -1.960779 -5.517890 17.509167 5.886068
-5.352169 113.335480 4.223358 1.989365 -1.743390 0.485663 -1.771477 5.417381 2.038588 5.506947 -6.931878 -16.362041 0.906773 -3.245323 -9.180930 -6.854933 2.457645 -2.899171 -0.916877 3.449053 -2.643793 -2.143494 1.749946 1.653864 1.395536 23.751604 -1.994937 1.955563 -16.867457 2.457799 3.709607 -4.608772 -1.605900 -0.357218 -18.712261 2.831594 1.862121 38.014436 0.263689 0.031035 -20.901337 -2.762022 -1.414635 -0.274937 2.218170 -1.336368 -2.179134 -0.417376 0.490047 -2.618038 1.541285 -0.547011 0.616060 3.496994 -3.453521 2.163907 7.364740 0.251670 -2.937674 6.715612 -0.453743 -1.811409 1.619204 -0.814952 8.093569 -4.404637 -5.219662 4.111398 0.508395 -1.712427 19.243722 5.045457 -2.319070 -26.906746 0.300024 7.954582 9.152133 -6.472097 7.838654 -0.362577 1.241778 -1.626968 15.174999 -15.452760 8.615112 -43.646322 -2.039080 -5.338339 16.823733 6.273739
-5.835004 113.753265 4.302545 2.006313 -1.821414 0.426272 -1.656380 4.759218 2.519023 4.795079 -6.615131 -14.301888 1.671092 -2.490264 -8.819708 -6.741102 2.664587 -3.112736 -0.851920 3.362341 -2.569333 -2.273976 1.630358 1.457465 1.236068 24.359724 -2.043597 2.210715 -17.055823 2.761366 3.666185 -4.667277 -1.807648 0.088358 -17.967772 3.050940 1.657215 37.256927 0.262734 -0.114568 -21.008179 -2.991778 -1.751943 0.190920 2.144829 -1.409108 -2.594715 -0.576458 0.877761 -2.564942 1.011059 -0.514380 0.008154 3.589806 -3.351671 2.351592 6.694985 0.597067 -2.890190 5.563631 -0.827766 -2.431339 1.708272 -0.871526 6.008823 -3.656714 -5.547393 4.914387 1.334410 -1.109952 18.273646 4.500338 -1.575919 -27.353714 0.558609 7.010655 8.798373 -6.177511 6.729671 0.883112 1.196055 -1.132989 15.402030 -14.715377 8.690644 -43.046123 -1.887878 -5.204966 16.244521 6.519693
-6.410086 114.099030 4.412247 1.915858 -1.864216 0.440708 -1.583930 4.188561 2.677064 4.149402 -6.360043 -12.083002 2.390508 -1.453607 -8.010260 -6.707725 2.811730 -4.186219 -0.689009 3.159485 -2.473167 -2.301787 1.702959 1.143222 1.143844 24.202757 -2.056486 2.310864 -16.539907 2.950874 3.695353 -4.773567 -2.016502 0.451539 -16.997901 3.113772 1.460670 36.560692 0.359808 -0.276050 -21.304470 -3.252078 -2.080732 1.004922 2.189225 -1.418288 -2.943274 -0.773938 1.352213 -2.668813 0.373235 -0.480487 -0.631299 3.551578 -3.515711 2.929527 6.351561 0.871652 -2.773183 4.443224 -1.198368 -2.797248 1.722006 -0.977394 3.515502 -3.019468 -6.001890 5.855856 2.434409 -0.648358 17.289688 3.826701 -1.216015 -26.798835 0.703617 6.256820 8.415372 -5.874988 5.542165 2.188683 1.406333 -0.647792 15.646730 -13.842135 8.235939 -42.280083 -2.077675 -5.113732 15.549051 7.004095
-6.802654 114.573578 4.607188 1.813722 -1.813037 0.418407 -1.533495 3.882039 2.848270 3.375965 -7.240836 -8.680970 3.373875 0.092543 -7.166571 -6.137696 2.929606 -4.438478 -0.604908 2.995271 -2.349610 -2.216842 2.065365 0.828868 0.923540 23.667792 -1.828190 2.397180 -16.030475 2.921235 3.794928 -5.012460 -2.212432 0.895139 -16.149777 2.931497 1.145479 36.029801 0.407595 -0.406589 -21.591944 -3.387367 -2.299926 1.397930 2.018462 -1.221420 -3.222886 -0.964488 1.631373 -3.062154 -0.150265 -0.452939 -1.044251 3.574985 -3.785481 3.267623 6.065900 0.916602 -2.739827 3.585996 -1.565218 -3.132743 1.820001 -1.222646 1.503765 -2.546092 -6.427886 6.605205 3.282396 -0.248698 16.543064 3.363978 -0.947464 -26.336370 0.578325 5.816381 8.311323 -5.437771 4.578703 3.278125 1.639649 -0.309330 15.735221 -13.197633 7.830099 -41.641165 -2.370494 -4.671571 15.130303 7.339751
-7.168996 114.924934 4.624752 1.817002 -1.831335 0.492012 -1.504904 3.423201 2.899979 2.976820 -7.873099 -6.062480 3.875046 1.444639 -6.565247 -5.532513 2.953168 -4.314417 -0.611753 2.951278 -2.239939 -2.057556 2.214858 0.476327 0.595089 23.518392 -1.665021 2.419241 -15.804068 2.741617 3.769654 -4.979533 -2.088718 1.107480 -15.515113 2.771172 1.184747 35.159232 0.324478 -0.799222 -21.461708 -3.764950 -2.234813 1.448553 2.217055 -1.047790 -3.396274 -1.050480 1.792086 -3.245162 -0.718970 -0.369289 -1.469017 3.605706 -3.882903 3.435135 5.742284 0.904545 -2.676522 2.844548 -1.725201 -3.365715 1.749706 -1.152649 -0.059675 -2.103900 -6.734907 7.320910 3.913188 0.243835 15.474157 2.920617 -0.977072 -25.542985 0.556767 5.472844 8.117708 -5.068306 3.781691 4.088976 1.642550 -0.040058 16.303542 -12.423850 7.340982 -41.158048 -2.793545 -4.543327 14.845091 7.679691
-7.412203 115.130844 4.634666 1.788157 -1.877235 0.480590 -1.507450 3.365408 2.750120 2.724126 -8.485419 -3.728466 4.301778 2.424815 -5.756390 -4.924377 3.038653 -3.813170 -0.557501 3.009528 -2.078599 -1.921670 2.204096 0.421589 0.348349 23.423887 -1.598019 2.374111 -15.285286 2.496571 3.950937 -5.535931 -1.884803 1.251162 -14.979837 2.637527 1.236435 33.995768 0.449086 -1.195278 -21.282882 -4.067769 -2.342384 1.648909 2.300879 -1.009330 -3.691585 -0.961617 1.947633 -3.197695 -1.217976 -0.364644 -1.888404 3.624405 -3.716802 3.347231 5.413463 0.742483 -2.802925 2.120435 -1.793851 -3.558309 1.428398 -0.983453 -0.952230 -1.855056 -6.852660 7.994155 4.220106 0.562063 14.294166 2.501059 -1.009584 -24.808251 0.497080 5.274917 7.856449 -4.668668 3.179994 4.789866 1.475337 0.099030 16.276257 -11.840180 7.218592 -40.659856 -2.703184 -4.327715 14.329587 7.664840
-7.525639 115.186134 4.546043 1.782114 -1.921006 0.549008 -1.567473 3.313808 2.729004 2.505309 -9.216422 -1.866430 4.740067 3.662519 -4.846321 -4.105511 2.556130 -3.358182 -0.501020 3.073281 -2.041706 -1.809060 2.150106 0.400105 0.099371 23.774846 -1.586865 2.438823 -15.456967 2.280715 4.027608 -5.749737 -1.725878 1.196227 -14.420236 2.579853 1.147291 33.363459 0.607297 -1.274896 -21.316499 -4.261458 -2.362273 1.652062 2.369940 -1.062093 -4.190435 -0.777514 2.216135 -3.077863 -1.757934 -0.313519 -1.941811 3.620210 -3.622977 3.056669 4.928241 0.688672 -2.978191 1.567312 -1.692958 -3.619997 1.167730 -0.411919 -1.334822 -1.420213 -7.276945 8.760269 4.463388 0.762732 12.827202 2.268513 -1.098132 -24.201328 0.085504 5.209725 7.844101 -4.140806 2.707798 5.389164 1.402808 0.065219 16.333689 -11.266557 6.927214 -40.184091 -2.593433 -4.264622 13.865848 7.739220
-7.569391 115.399963 4.440069 1.748452 -2.142361 0.697928 -1.543947 3.462433 2.587842 2.441922 -9.757969 -0.031927 4.993787 4.903466 -3.266895 -2.871126 2.211004 -2.511852 -0.446900 3.237041 -2.047978 -1.649491 2.002316 0.343011 -0.149167 23.701343 -1.485454 2.605671 -15.777872 2.366596 4.127950 -6.165606 -2.053490 1.120054 -13.631530 2.474554 1.238413 31.974734 0.566138 -1.492827 -20.631607 -4.343543 -2.449154 1.452894 2.367113 -0.983673 -4.321643 -0.588241 2.354492 -3.149936 -2.185778 -0.234250 -1.856738 3.542290 -3.596002 2.593179 4.473323 0.435078 -3.213374 0.990126 -1.460401 -3.683926 0.772797 0.064617 -1.413974 -1.079434 -7.688764 9.365688 4.532112 0.934585 11.352804 2.053215 -1.409424 -23.439897 -0.175319 5.173837 8.041184 -3.782155 2.204939 5.874358 1.429774 0.014434 16.666492 -10.605352 6.746928 -40.471137 -2.292414 -4.043829 13.365728 7.614414
-7.622564 115.515480 4.449559 1.730581 -2.292635 0.899227 -1.645715 3.593949 2.380920 2.423561 -10.060206 1.403329 5.114183 5.705700 -2.245872 -1.787621 2.049995 -2.005764 -0.395474 3.347980 -2.180720 -1.320598 2.273274 0.420634 -0.423588 22.142039 -1.421548 2.375676 -15.027784 2.001112 4.008670 -6.014183 -2.017748 0.962784 -12.848499 2.513291 1.372974 30.754733 0.635531 -1.474990 -20.323911 -4.498131 -2.354679 1.341784 2.370549 -1.008514 -4.497297 -0.342060 2.757806 -3.293801 -2.582144 -0.270538 -1.403450 3.527455 -3.761694 2.089663 4.119609 0.339739 -3.218299 0.660871 -1.394752 -3.340585 0.582299 0.416580 -1.168305 -0.845535 -8.079752 9.594880 4.461610 1.016017 9.893471 1.925946 -1.624210 -22.950895 -0.418814 5.087631 8.134608 -3.451613 1.805444 6.040277 1.395904 -0.220316 16.968600 -10.060824 6.277651 -40.240898 -2.207759 -3.994079 13.135289 7.445935
-7.649263 115.808212 4.341245 1.780501 -2.469038 1.145637 -1.671503 3.728235 2.238535 2.722252 -10.517228 3.150905 5.260861 6.524001 -0.596100 -0.652146 1.855493 -0.981054 -0.357199 3.434536 -2.269270 -1.008572 2.567809 0.398053 -0.667232 20.245681 -1.412034 2.220593 -14.496676 2.092692 3.959731 -6.019475 -2.225006 0.877064 -12.332653 2.353779 1.511117 29.739252 0.553362 -1.782421 -19.719534 -4.579559 -2.055823 0.923034 2.535031 -0.907102 -4.446960 -0.216440 2.886022 -3.461212 -2.722021 -0.170184 -0.904588 3.400835 -4.091059 1.595320 3.898891 0.439523 -3.355215 0.423143 -1.279090 -3.120482 0.275019 0.742550 -0.943206 -0.694867 -8.486399 9.835616 4.207102 1.013568 8.474063 1.732403 -1.913173 -22.980738 -0.733512 4.966765 8.257371 -3.151383 1.334565 5.914304 1.595931 -0.226106 17.124903 -9.843382 5.748740 -40.188500 -2.056479 -3.992654 12.939371 7.298110
-7.776042 115.958694 4.308352 1.723170 -2.594872 1.620652 -1.648589 3.885394 1.790094 3.173990 -11.270660 4.959405 5.602050 7.634860 1.128217 0.302240 1.573229 -0.375223 -0.286875 3.488411 -2.586503 -0.797089 3.277834 0.456295 -0.782225 17.783735 -1.555876 1.981840 -13.810647 1.940117 3.807382 -5.797495 -2.345798 0.827380 -11.929239 2.262075 1.675470 28.635705 0.422940 -1.926565 -18.997950 -4.454083 -2.053207 0.807767 2.587026 -0.930464 -4.405039 -0.101540 3.063491 -3.595526 -2.765975 0.008698 -0.621333 3.197566 -4.290458 1.421071 3.927849 0.323434 -3.084441 0.408114 -1.239630 -2.734222 0.045782 0.989670 -0.596266 -0.418087 -8.808650 10.008323 3.973641 1.011968 7.717674 1.716570 -2.151279 -23.414301 -1.156237 4.899177 8.487255 -2.865655 1.082184 5.870028 1.798017 -0.217628 17.403063 -9.891580 5.221310 -40.505644 -1.881289 -3.896286 12.680704 7.162546
-7.853007 116.065819 4.224515 1.639663 -2.860951 2.196731 -1.620336 4.164177 1.321567 3.670996 -11.553331 6.279992 5.767773 8.387037 2.750033 1.409466 1.373898 0.892255 -0.168875 3.616064 -2.872538 -0.862213 3.831989 0.446588 -0.548878 16.504166 -1.841814 1.989290 -14.184404 1.776563 3.565437 -5.065246 -2.118804 0.770212 -11.834837 2.024281 1.747242 28.204781 0.383272 -1.980982 -18.670142 -4.449814 -2.044162 0.741149 2.640213 -0.978532 -4.381742 -0.125440 3.136333 -3.509485 -2.695627 0.187431 -0.289101 3.085084 -4.409481 1.365292 3.982128 0.482593 -2.793632 0.390255 -1.283951 -2.246526 -0.068112 1.373445 -0.655947 -0.264324 -9.005155 10.080873 3.743677 1.156195 6.850822 1.522666 -2.298984 -23.484984 -1.407735 4.824523 8.761022 -2.806642 1.022070 5.853152 2.094323 -0.232268 17.310778 -10.216092 4.950716 -41.096088 -1.518769 -3.865636 12.596054 6.707839
-7.868349 116.273964 4.202790 1.541622 -2.884662 2.653359 -1.567082 4.300267 0.994789 4.162807 -11.897375 7.457261 5.858856 9.189038 4.802670 2.617945 0.914533 2.273566 -0.151530 3.659723 -3.079571 -0.922182 4.304712 0.591786 -0.250931 15.236473 -2.194770 2.082359 -13.983200 1.768443 3.537804 -4.812554 -2.119851 0.858357 -12.085928 1.767036 1.768884 28.137197 0.152007 -1.814294 -18.468814 -4.220813 -2.043138 0.541053 2.524696 -1.077301 -4.165060 -0.230099 3.021094 -3.657200 -2.286219 0.506877 0.022756 2.801064 -4.395069 1.423296 4.087196 0.587051 -2.392477 0.439586 -1.211140 -1.805185 -0.172138 1.695569 -0.882699 -0.401050 -9.027403 10.276038 3.163054 1.332481 5.800104 1.462577 -2.392092 -23.168759 -1.611226 4.814033 8.734541 -2.474739 1.229350 6.010714 2.470717 -0.344583 16.828197 -10.618347 4.682773 -41.626426 -1.469081 -3.937473 12.636424 6.238394
-7.975178 116.522758 4.092646 1.435229 -3.061747 3.175971 -1.505350 4.475135 0.900880 4.818525 -12.373662 8.450708 5.894499 10.093812 6.460199 3.667535 0.386376 3.811150 -0.115210 3.735693 -3.242447 -1.003636 4.855605 0.643046 0.085486 14.450141 -2.629054 2.130804 -14.711491 1.874304 3.517073 -4.291093 -2.231810 0.933188 -12.340491 1.455399 1.839065 28.091892 -0.028079 -1.906969 -17.954810 -4.153860 -1.993963 0.353986 2.352480 -1.298909 -3.707896 -0.343953 2.759660 -3.595703 -1.907210 1.012422 0.158250 2.501410 -4.138726 1.841563 3.949950 0.724747 -2.067989 0.593936 -1.141581 -1.345243 -0.210707 1.939809 -1.208070 -0.720834 -8.929749 10.276536 2.572368 1.296656 4.965874 1.498424 -2.311718 -23.130022 -1.814812 4.760002 8.752532 -2.324310 1.517737 6.058263 2.876298 -0.389623 16.474683 -10.888875 4.432905 -42.298396 -1.185843 -3.939202 12.711772 5.890842
-8.047057 116.679497 4.066410 1.358244 -3.115893 3.705620 -1.546119 4.515368 0.932221 5.110266 -12.407162 8.804268 5.542351 10.646025 7.850427 4.059984 -0.063838 4.795671 -0.159809 3.698188 -3.358257 -1.065881 5.461278 0.773182 0.506082 13.569966 -3.196149 2.173616 -14.596125 1.994952 3.651756 -4.012026 -2.333068 0.996194 -12.615337 1.000161 1.793163 28.175586 -0.141208 -1.936644 -17.580480 -4.117683 -1.920239 -0.176773 2.180515 -1.605170 -3.205152 -0.535294 2.176009 -3.269996 -1.274257 1.799551 0.153602 1.896538 -3.541803 2.485767 3.629213 0.797976 -1.842366 0.861139 -1.342173 -0.714493 -0.106498 2.036896 -1.684030 -1.153023 -8.860164 10.251574 1.782445 1.304460 3.708817 1.766217 -2.216497 -22.698609 -2.062105 4.681646 8.694695 -2.055274 2.211330 6.152480 3.224815 -0.473935 16.318282 -11.075508 3.945555 -43.293390 -1.340037 -4.033777 12.856004 5.331456
-8.247274 116.751213 4.023667 1.189877 -3.156702 4.116788 -1.605136 4.545722 0.970867 5.687536 -12.678348 9.658500 4.854615 11.238764 9.449311 4.194533 -0.543753 5.597293 -0.201708 3.660286 -3.347577 -1.065824 5.979357 0.832103 1.061328 13.394379 -3.766837 2.169536 -15.115755 2.057649 3.685873 -3.564642 -2.430944 1.278962 -12.896773 0.747055 1.585469 28.581504 -0.226132 -1.748850 -17.578366 -4.383809 -1.795048 -0.249296 2.389072 -1.805843 -2.783804 -0.766506 1.473038 -2.720366 -0.592914 2.454688 0.170866 1.215239 -2.731769 3.444635 3.328903 0.848300 -1.440991 1.122365 -1.320070 -0.057391 -0.126082 2.007872 -2.279759 -1.926685 -8.572065 9.788172 1.144104 1.360656 3.094618 2.198411 -2.099088 -22.213860 -2.227814 4.705653 8.333342 -2.019036 2.794856 6.041455 3.583837 -0.479724 15.939211 -10.802206 3.472608 -43.796290 -1.522660 -4.096744 12.727887 4.993151
-8.260494 116.825600 3.994021 1.001058 -3.196912 4.626417 -1.646670 4.440615 0.956297 5.812249 -12.623088 10.045054 4.012455 11.622422 10.475059 3.915197 -0.731651 6.104819 -0.129382 3.645257 -3.449823 -1.176962 6.266264 0.819455 1.635870 13.032062 -4.282449 2.094004 -15.446411 2.136591 3.727669 -2.971732 -2.467757 1.581401 -13.251726 0.460075 1.287344 28.810774 -0.108790 -1.769681 -17.350361 -4.572917 -1.646498 -0.948823 2.030357 -2.039664 -2.410388 -0.909732 0.890697 -2.436695 -0.050500 2.866987 0.596318 0.632569 -1.819463 4.479734 3.053808 0.827352 -0.985227 1.305926 -1.484992 0.787521 -0.265435 2.052297 -3.200885 -2.593113 -8.185780 8.959787 0.697646 1.134097 2.814029 2.369792 -1.924671 -21.781230 -2.388566 4.760416 7.929216 -2.116598 3.600007 5.673239 3.873360 -0.584928 15.577399 -10.364845 2.681629 -44.435420 -1.806968 -4.415783 12.775281 4.491464
-8.213149 116.506874 3.873725 0.761254 -3.198777 5.049910 -1.635937 4.468134 0.992304 6.056439 -13.030432 10.771726 3.034966 12.443867 11.239561 3.402476 -0.657339 6.422413 0.012783 3.592624 -3.568815 -1.170311 6.419592 0.842647 2.054453 12.965452 -4.594326 1.989092 -16.007698 2.233927 3.818220 -2.923309 -2.587684 1.759357 -13.865932 0.315104 0.982787 30.039717 0.001530 -1.669098 -17.779164 -4.721797 -1.633212 -1.309564 1.894166 -2.198270 -2.076941 -1.001387 0.460281 -2.004361 0.202543 3.166265 0.928069 0.572267 -1.306517 5.609409 2.736965 0.878801 -0.460213 1.431035 -1.657235 1.822434 -0.533565 2.236140 -4.256189 -3.011804 -7.810104 8.083661 0.114266 0.848103 2.826882 2.856227 -1.820897 -21.842951 -2.653235 4.811495 7.788345 -2.407768 4.358608 5.463909 3.874412 -0.661318 15.165268 -10.040284 1.875652 -45.262793 -2.555029 -4.451174 12.870025 4.209487
-8.178156 116.077484 3.763094 0.482702 -3.221886 5.355667 -1.658727 4.377892 1.200256 5.917343 -12.906367 10.679882 1.988676 12.722506 12.318982 2.683060 -0.207901 6.185819 0.225233 3.767584 -3.610831 -1.171393 5.880404 0.978323 2.464273 13.969618 -5.119964 1.932173 -16.874951 2.427899 3.801266 -2.693292 -2.808008 1.745069 -14.500069 0.232492 1.004830 31.510217 -0.071914 -1.520627 -18.916697 -4.910209 -1.673367 -1.408821 1.945360 -2.348785 -1.903518 -1.006160 0.049575 -1.735334 0.426651 3.370327 1.241157 0.480140 -0.742944 7.081735 2.706213 0.784130 0.143904 1.373831 -1.744773 2.950579 -0.848165 2.348402 -5.661764 -3.308248 -7.451524 6.914815 -0.063482 0.538154 3.755607 3.108606 -1.611730 -22.363532 -2.994051 4.748651 7.546275 -2.675115 5.135742 5.150854 4.034457 -0.705184 14.933943 -9.899648 0.989532 -46.015504 -3.267515 -4.367756 13.261901 3.975604
-8.117343 115.633804 3.499057 0.390045 -3.242310 5.531700 -1.801083 4.167443 1.554241 5.992073 -12.904517 10.639509 1.588663 13.334437 12.760439 2.304646 0.133801 6.142357 0.265018 4.010049 -3.612604 -1.020460 5.240234 1.016168 2.538066 14.831472 -5.475876 2.052220 -17.597567 2.736971 3.579608 -2.525689 -3.095703 1.606914 -14.711660 0.150909 1.137725 32.355791 -0.072540 -1.383458 -19.478601 -4.783482 -1.685344 -2.106833 1.600468 -2.329142 -1.804440 -0.960291 -0.397224 -1.602229 0.584114 3.520002 1.729075 0.466742 -0.434359 8.740129 2.671877 0.587769 0.490346 1.343252 -1.837225 3.948965 -1.005526 2.313543 -7.002759 -3.083467 -7.234346 5.845799 -0.288248 0.284876 4.807955 3.411996 -1.525186 -22.957354 -3.395498 4.883631 7.430875 -2.814272 5.857927 4.875004 4.363174 -0.799801 14.763680 -9.775875 0.210334 -47.215165 -3.788095 -4.254477 13.684445 3.375349
-7.991866 115.249039 3.266792 0.460335 -3.133512 5.353022 -2.098784 4.017329 2.030047 5.848813 -12.859466 10.474071 1.087555 13.689366 13.164804 1.909649 0.349579 6.331149 0.337185 4.339083 -3.543673 -1.082608 4.223582 0.988486 2.292708 15.870939 -5.689480 2.306150 -18.019287 3.144197 3.606886 -2.035504 -3.368646 1.376800 -14.782057 0.474937 1.248142 32.815337 -0.066405 -1.336955 -20.348404 -4.769027 -1.889928 -2.479861 1.385025 -2.414941 -1.781419 -0.735714 -0.937459 -1.614475 0.839391 3.603501 2.310733 0.514911 -0.199841 10.416064 2.693248 0.154277 0.290368 1.404382 -2.010601 4.463732 -1.181075 2.041009 -8.541169 -2.819062 -7.220431 4.927509 -0.570978 0.196686 5.799176 3.718177 -1.238983 -23.837046 -3.548246 4.972287 7.515179 -3.142455 6.513042 4.444499 4.641859 -0.870667 14.591944 -9.597357 -0.630808 -48.576800 -4.591869 -4.057772 14.314892 3.034385
-7.865450 115.013107 3.132794 0.548666 -3.049758 5.097042 -2.282192 3.847703 2.535586 5.632500 -12.716694 10.416506 0.608829 13.920075 13.703594 1.596998 0.741659 6.587418 0.292454 4.608717 -3.387318 -1.044235 3.502136 0.958109 1.911115 16.925976 -5.818520 2.798944 -18.120325 3.528816 3.552822 -1.931541 -3.446292 1.222075 -14.596285 0.792950 1.394413 33.176384 -0.092198 -1.452026 -20.952548 -4.637627 -1.828428 -3.943732 0.854430 -2.379424 -1.694166 -0.608932 -1.382284 -1.550827 1.033916 3.583100 2.815425 0.655367 0.026977 11.390910 2.554574 -0.188787 -0.146194 1.535758 -2.225819 4.560725 -1.151678 1.889668 -9.711924 -2.379611 -7.099730 4.416212 -0.917455 0.093405 6.148546 3.771289 -0.755842 -24.430011 -3.479765 4.990990 7.670033 -3.439026 6.840465 3.981746 4.941333 -0.772020 14.458556 -9.521974 -1.198969 -50.088970 -5.034594 -3.820326 14.900011 2.612759
-7.653210 114.941139 2.854915 0.669283 -2.916349 4.586225 -2.318894 3.337725 3.005897 5.213983 -12.312956 10.467665 0.476343 14.018683 13.328896 1.512983 1.048917 6.864033 0.274351 4.733721 -3.120892 -1.247667 2.877219 0.619939 1.513242 17.378781 -5.447872 3.252896 -18.493384 3.718991 3.627324 -1.485331 -3.443352 0.826536 -13.687402 1.201825 1.308340 32.686593 0.423006 -0.999406 -22.280265 -4.751076 -1.429634 -2.974869 0.412150 -2.279113 -1.581136 -0.400578 -1.766930 -1.505974 1.157356 3.331252 3.310468 0.958728 0.337970 12.129344 2.358129 -0.615724 -0.815348 1.380611 -2.084354 4.431786 -0.973359 1.677020 -10.770154 -1.900196 -6.837281 3.688226 -1.197890 -0.041658 6.813230 3.691308 -0.278484 -24.942680 -3.334177 4.995938 7.733231 -3.701571 7.116446 3.488769 5.256408 -0.761061 14.182153 -9.440546 -1.287101 -51.443896 -5.086399 -3.653603 15.306628 2.155229
-7.510217 114.993202 2.846754 0.964293 -2.844122 4.127279 -2.609826 2.816889 3.319984 5.014055 -11.598562 10.571421 0.474398 13.894158 13.067574 1.383665 1.483838 6.837498 0.165159 4.760054 -2.909720 -1.641114 2.418123 0.128217 1.334133 17.638370 -5.128362 3.504877 -18.541775 3.961767 3.534884 -0.644741 -3.410767 0.348525 -12.590581 1.632387 1.709603 31.559136 0.599286 -0.989169 -23.028139 -4.713359 -1.255097 -2.575597 0.002310 -2.186842 -1.502085 -0.206424 -1.918132 -1.457881 1.093798 2.912672 3.879848 1.193418 0.361188 12.786594 2.700558 -1.026504 -1.660368 1.060360 -2.079804 4.010691 -0.997637 1.593368 -11.687783 -1.555286 -6.595736 3.128149 -1.347322 -0.371226 7.131055 3.611999 0.130625 -25.243710 -3.251014 5.043453 7.753388 -3.722938 7.016712 2.868598 5.688024 -0.677066 14.090651 -9.355299 -1.215213 -52.372966 -5.047053 -3.601817 15.690791 1.897309
-7.387011 115.150558 2.967039 1.148417 -2.666032 3.429407 -2.810736 2.389965 3.503677 4.733098 -11.159447 10.837095 0.528232 13.597161 12.364263 1.398024 1.584602 6.868247 0.029727 4.708598 -2.536050 -1.826678 2.201308 -0.434450 1.042103 17.836419 -4.566916 3.751353 -18.406855 4.130027 3.476981 0.108796 -3.362454 0.077738 -11.522693 2.015696 1.786979 30.237694 0.918476 -1.023678 -22.741297 -4.580714 -0.967248 -3.217158 -0.371991 -2.046139 -1.508045 -0.061099 -1.831887 -1.487393 0.946223 2.468318 4.358385 1.555570 0.311174 12.971660 3.090008 -1.268258 -2.569533 0.948967 -1.831252 3.535496 -1.033677 1.421855 -11.794900 -1.112220 -6.417788 2.579685 -1.356383 -0.733612 7.322337 3.528455 0.208620 -24.672211 -3.173038 5.391379 7.642348 -3.840779 6.704557 2.352546 5.998874 -0.387005 13.997753 -9.428824 -0.822794 -52.992408 -4.583234 -3.570099 15.864946 1.691273
-7.255697 115.369438 3.343760 1.323522 -2.439468 2.746903 -2.848561 2.071997 3.484398 4.346953 -10.421897 11.001543 0.456529 12.805357 11.959988 1.489889 1.686478 6.547813 -0.093985 4.555734 -2.177346 -1.917119 2.129997 -0.803959 0.737038 17.449353 -4.051237 3.697334 -18.178933 4.233329 3.248908 0.980585 -3.382312 -0.305816 -10.430795 2.237867 2.083138 29.203274 0.936171 -0.769863 -23.054896 -4.401037 -0.838736 -3.224209 -0.403933 -1.958890 -1.684437 -0.016251 -1.563023 -1.461042 0.752542 1.997625 4.706907 1.867225 0.380675 12.685434 3.519081 -1.513762 -3.321091 0.741860 -1.643006 3.209169 -1.113208 1.255503 -11.223909 -0.725457 -6.139580 2.157112 -1.214802 -0.965249 7.336749 3.412799 0.049912 -23.832353 -3.054212 5.579900 7.481786 -3.773881 6.277881 2.067460 6.224977 -0.048965 14.357419 -9.487282 -0.222103 -53.569704 -4.027607 -3.663655 16.252850 1.466075
-7.200389 115.574150 3.553557 1.527729 -2.229189 2.303112 -2.912153 1.594163 3.193989 3.849873 -9.619481 11.176203 0.553851 11.848837 11.050607 1.544720 1.924798 6.230213 -0.233249 4.491238 -1.935860 -2.156367 2.112579 -0.992451 0.534273 17.201229 -3.602616 3.486467 -18.242686 3.927186 3.280126 1.248677 -3.105144 -0.672841 -9.650370 2.566918 2.449516 27.685407 0.893585 -0.858904 -22.714413 -4.343026 -0.685147 -3.020165 -0.621721 -1.871848 -1.879929 -0.092162 -1.254114 -1.553712 0.614052 1.620802 4.913691 2.004896 0.456273 11.747016 3.856035 -1.409882 -4.009912 0.488716 -1.393882 3.012354 -1.221775 1.104838 -9.950676 -0.541831 -5.877234 1.709462 -0.955645 -1.476505 7.546994 3.446468 -0.340332 -22.874759 -2.943976 5.764046 7.043987 -3.848585 5.217686 1.659977 6.455588 0.743582 15.011231 -9.380443 0.248366 -53.884400 -3.862222 -3.835712 16.392122 1.432261
-7.140761 116.060341 3.727963 1.586922 -2.041258 1.793151 -2.894140 1.105161 2.772741 3.266301 -8.556439 11.056188 0.707153 10.495763 10.624407 1.599969 1.922478 6.411612 -0.355993 4.285278 -1.635380 -2.081001 2.266831 -1.079584 0.319716 16.675624 -3.262132 3.532550 -18.076821 4.051081 3.328813 1.411595 -3.322378 -1.097837 -8.485297 2.757148 2.775227 25.471147 0.899597 -1.045390 -22.068880 -4.400805 -0.447315 -2.661845 -0.905242 -1.810636 -2.160208 -0.103679 -0.921246 -1.637451 0.638038 1.460289 5.021938 1.949665 0.443610 10.721171 3.916864 -1.279052 -4.390413 0.473160 -1.170617 2.976506 -1.111440 1.043980 -8.531526 -0.416044 -5.688341 1.390106 -0.733408 -1.809759 7.608230 3.448012 -0.702441 -21.503412 -2.753765 5.977641 6.426861 -3.958468 4.137739 1.590297 6.614906 1.396787 15.342971 -9.185474 0.713422 -53.661799 -3.643483 -3.904219 16.102416 1.591759
-7.123855 116.264183 3.844863 1.603328 -2.001593 1.236311 -2.954184 0.782407 2.221599 2.917798 -7.514143 10.988314 0.788365 9.261273 10.249369 1.735402 1.733935 6.548225 -0.334510 4.117617 -1.223863 -2.052923 2.532896 -1.056155 0.211227 15.636893 -3.210071 3.502264 -17.377041 4.089209 3.589158 1.535313 -3.345643 -1.576585 -7.306765 2.936203 2.904740 23.324892 0.889816 -1.171762 -21.369600 -4.356633 -0.720518 -2.870917 -0.813162 -2.001610 -2.499452 -0.054744 -0.531880 -1.654837 0.666887 1.433818 4.814767 1.755611 0.080036 9.151423 3.995934 -0.893262 -4.480046 0.545729 -0.943970 3.131496 -0.990410 1.068290 -6.617691 -0.591786 -5.506330 1.527813 -0.435222 -2.060034 7.544678 3.402098 -1.025900 -20.369924 -2.773608 6.006476 6.124597 -3.738158 3.244983 1.809981 6.558578 1.765631 16.013544 -9.009484 1.387767 -52.931135 -3.185412 -4.160242 15.679808 1.772272
-7.006218 116.591522 3.760654 1.533915 -1.831182 0.710292 -2.937479 0.361597 1.771278 2.442689 -6.482958 10.374533 0.969037 7.433964 9.641285 1.880836 1.364102 6.651567 -0.326314 3.954155 -0.879956 -1.891836 2.502162 -0.982348 0.056986 14.846779 -2.988192 3.402079 -16.716516 3.937941 3.945050 0.362735 -3.209588 -1.851049 -6.367537 3.077010 2.990434 21.259562 0.564353 -1.013720 -20.456839 -3.985389 -0.637639 -2.933104 -1.123775 -2.108741 -2.861789 -0.001226 -0.176739 -1.702500 0.706340 1.403033 4.352122 1.726578 -0.473487 6.924727 4.013392 -0.537098 -3.843298 0.738834 -0.774772 3.371863 -0.714361 1.079704 -4.266315 -0.763398 -5.332566 1.723557 -0.109491 -2.165269 7.764785 3.168276 -1.430701 -19.506232 -2.790564 6.154708 5.815791 -3.666091 2.696420 2.230372 6.269948 1.847463 16.435557 -8.707789 1.863925 -51.643929 -2.508013 -4.608435 14.883050 2.251543
-6.853136 116.754097 3.589880 1.418650 -1.864339 0.187607 -2.725084 -0.158490 1.320085 2.026158 -5.599821 9.886021 1.322334 6.361438 9.150311 2.063238 0.839606 6.408247 -0.173044 3.932049 -0.559308 -1.844237 2.530761 -0.789649 0.164271 14.267993 -2.886028 3.426909 -16.139660 3.805727 3.968368 -0.823976 -2.850063 -2.136953 -5.870093 3.180030 3.078339 20.349954 0.350420 -0.970387 -20.162948 -3.936109 -0.454823 -2.797709 -1.007204 -2.206535 -2.993269 0.022342 0.175118 -1.812313 0.808135 1.295801 3.715230 1.677673 -0.871857 4.687349 3.973048 -0.181914 -3.217702 0.962631 -0.679889 2.669705 -0.172392 0.960092 -2.390582 -0.967383 -5.059977 1.857510 0.345956 -2.117127 8.295675 2.772723 -1.656649 -19.014691 -2.796422 5.919255 5.599962 -3.463401 2.378052 2.849926 5.807340 1.969758 17.292662 -8.448176 2.056175 -50.695332 -2.162149 -4.650797 14.088525 2.531818
-6.586225 116.655945 3.165364 1.325594 -1.902004 -0.359753 -2.718377 -0.463027 0.606774 1.759264 -5.313616 9.392859 1.664819 5.688315 8.998942 2.202214 0.838925 6.158672 -0.061837 3.831952 -0.303498 -1.760589 2.303789 -0.572346 0.354045 13.917554 -2.866916 3.676770 -15.906194 3.771580 3.467127 -0.699249 -3.043826 -2.288473 -5.521610 3.455482 3.137665 20.155989 0.067186 -0.873092 -20.307577 -3.762705 -0.270427 -2.997021 -0.943463 -2.218630 -3.041133 0.043334 0.450794 -1.907408 0.790575 1.165811 3.334297 1.684255 -1.108228 3.321069 3.982248 -0.025420 -3.072445 1.124689 -0.590037 1.334129 0.267183 0.612220 -1.324762 -1.205271 -4.687447 1.677968 0.684586 -2.315037 9.013976 2.670869 -1.856147 -18.538529 -2.690136 5.923476 5.341898 -3.387778 2.072574 3.185788 5.426246 2.080947 18.110220 -8.113466 2.594048 -49.584725 -1.469422 -4.741068 12.876270 2.838289
-6.488518 116.642906 2.775370 1.233011 -2.003791 -0.882015 -2.648863 -0.583613 0.478253 1.718023 -5.181374 8.468273 2.027809 4.963761 8.102856 2.081139 1.080218 5.572654 0.090790 3.774350 -0.070069 -1.880636 2.443733 -0.309472 0.625954 13.457071 -2.814676 3.442005 -16.411282 3.500801 3.120415 -0.121411 -2.698303 -2.379245 -5.315964 3.691126 3.135742 20.218843 -0.209388 -0.758310 -20.363700 -3.632050 -0.295562 -2.991833 -0.861885 -2.150573 -3.140773 -0.012951 0.717397 -1.927852 0.527466 1.037380 2.858956 1.862403 -1.404314 2.408232 3.777224 -0.103048 -3.028091 1.341677 -0.573881 0.063847 0.874517 0.208614 -0.497667 -1.072625 -4.168520 1.092143 1.319055 -2.710362 10.188964 2.344092 -2.160605 -18.020073 -2.606855 5.636763 5.112187 -3.219513 1.656381 3.508490 5.164292 2.292641 19.147225 -7.562156 2.596195 -48.715511 -1.027431 -4.805971 11.771372 2.974744
-6.208215 116.498329 2.377673 1.112097 -2.042145 -1.473063 -2.531000 -0.855329 0.166156 1.681862 -5.013729 7.668655 2.522566 4.787560 7.503192 1.730184 1.128912 5.208462 0.292646 3.627974 0.142114 -2.092624 2.661629 0.023842 0.601726 12.946539 -2.799269 3.548926 -16.410899 3.459204 3.078749 0.420795 -2.623228 -2.415788 -5.043529 3.849466 3.074379 20.485723 -0.195876 -0.938000 -20.892494 -3.858053 -0.017201 -2.846547 -0.371640 -2.049447 -3.168371 -0.021801 0.989210 -1.976959 -0.175841 0.958916 2.331975 2.062045 -1.976786 2.062743 3.938091 -0.000720 -3.291263 1.446853 -0.552814 -1.022182 1.280115 0.052281 0.090323 -1.038728 -3.623139 0.574396 2.080269 -3.212035 11.246458 2.180941 -2.401511 -17.942664 -2.436036 5.316107 5.212066 -3.211365 1.039039 4.023093 4.909798 2.479180 20.105659 -6.783371 2.687298 -47.915254 -0.508991 -4.812299 10.531025 3.135703
-5.893900 116.385551 2.159265 1.081688 -2.067872 -1.794839 -2.500092 -1.075328 -0.107110 1.604106 -5.102562 6.555251 2.777454 4.292926 6.407695 1.249080 1.068679 4.134645 0.315408 3.443543 0.205498 -2.266563 3.041193 0.245803 0.504067 12.382539 -2.873408 3.861257 -16.450723 3.471652 2.918693 0.626821 -2.314537 -2.370658 -4.804696 3.820088 3.026442 20.939610 -0.179197 -0.894291 -21.279947 -3.763202 -0.092741 -2.919112 -0.280371 -1.851811 -2.970132 -0.018455 1.145701 -1.967175 -0.846832 0.882434 1.865569 2.405573 -2.455623 1.805158 3.815412 0.008326 -3.610715 1.539431 -0.339862 -1.712100 1.659910 -0.054053 0.580746 -0.984965 -2.930212 -0.024868 2.754018 -3.387535 12.203780 1.655224 -2.527346 -18.015127 -2.227406 4.930234 5.016346 -2.958357 0.645927 4.330310 4.803201 2.726806 21.004706 -6.376741 2.557415 -47.659740 -0.163756 -4.578958 9.478640 3.247517
-5.607922 116.377762 1.862846 0.992599 -2.074372 -2.004796 -2.250928 -1.250605 -0.397383 1.520461 -5.294843 5.440097 3.029857 3.819014 5.088287 0.589734 1.036004 2.854982 0.395459 3.236429 0.241921 -2.541732 3.031259 0.581183 0.690470 12.193701 -3.069082 3.879890 -16.586184 3.665270 2.872392 0.727427 -2.502409 -2.353672 -4.650879 3.682694 3.048576 21.158152 -0.066567 -0.959450 -21.435987 -3.750406 -0.003052 -3.001324 -0.136468 -1.653505 -2.696494 0.004799 1.220666 -2.063427 -1.263178 0.869462 1.533253 2.454862 -2.910458 1.725996 3.825390 0.008107 -3.964444 1.304679 -0.194794 -2.039807 1.618109 -0.093378 0.989747 -1.099652 -2.020232 -0.752988 3.481499 -3.778379 13.366176 0.922469 -2.635903 -18.556949 -1.768703 4.430086 5.077484 -2.947830 0.247561 4.454491 4.665250 2.972251 22.180515 -5.897005 2.549426 -47.732747 0.162844 -4.551555 8.662983 3.289373
-5.278287 116.228172 1.695716 0.992117 -2.129410 -2.093919 -2.046409 -1.313842 -0.656452 1.351244 -5.327607 4.283526 3.311231 3.285975 3.911555 -0.247401 1.015943 1.958130 0.501180 3.126579 0.200469 -2.916648 2.874403 0.863191 0.826165 12.485354 -3.185924 4.046989 -16.767009 3.839167 2.626870 0.598034 -2.664528 -2.362042 -4.616614 3.494939 3.019688 21.720393 -0.021022 -1.045349 -22.152893 -3.812931 0.252641 -2.995143 0.198619 -1.543002 -2.372788 0.020816 1.336800 -2.241961 -1.587354 0.833958 1.246221 2.497615 -3.244033 1.682110 3.693313 0.140843 -4.539918 1.059168 -0.190343 -2.189799 1.575713 -0.133932 1.173871 -1.035873 -1.380895 -1.153685 4.120552 -4.185301 14.002994 0.280751 -2.698270 -19.017478 -1.503150 4.254652 5.191745 -2.891171 -0.186652 4.701803 4.739445 3.139897 22.857830 -5.840537 2.347041 -47.649122 0.220101 -4.377695 8.361173 3.393296
-5.002810 115.985741 1.613942 1.010525 -2.292387 -2.129313 -1.840296 -1.233466 -0.965539 1.377790 -5.411549 3.498657 3.512155 2.940143 3.266020 -0.777120 0.695849 1.539223 0.515831 3.106331 0.163631 -3.078990 2.679567 1.088579 0.977539 12.885585 -3.417290 3.966319 -16.979269 3.928220 2.625090 0.365432 -2.674889 -2.260397 -4.709407 3.359068 2.847894 22.634215 -0.015718 -1.135988 -22.498079 -3.973986 0.398418 -3.037007 0.541378 -1.354748 -2.145340 0.058471 1.261222 -2.435383 -1.700443 0.888330 1.132529 2.420280 -3.308665 1.627639 3.714465 0.021661 -5.004608 0.657747 -0.069182 -2.146483 1.393723 -0.202922 1.021720 -1.306487 -0.831603 -1.483827 4.651862 -4.420286 14.453510 -0.178730 -2.765269 -19.125484 -1.421840 3.893271 5.287180 -2.731578 -0.517792 4.773767 4.665701 3.185459 23.593569 -5.813336 2.248350 -47.711471 0.361846 -4.095401 8.062350 3.486727
-4.717877 115.906494 1.444320 1.049313 -2.240129 -2.094991 -1.771171 -1.007479 -1.085219 1.672321 -5.622745 2.639649 3.842649 1.946938 2.232476 -1.480528 0.550518 1.180338 0.546422 2.847718 0.184250 -3.242193 2.426061 1.283922 1.105587 13.878085 -3.560041 3.917717 -17.543433 3.839808 2.583666 0.180700 -2.570455 -2.182112 -4.734605 3.139827 2.745141 23.306532 0.027736 -0.970102 -22.678994 -3.850473 0.520159 -3.650515 0.762400 -1.077773 -1.930918 -0.005131 1.227534 -2.738221 -1.798116 0.823355 1.177807 2.483515 -3.321405 1.569024 3.617678 0.068493 -5.407104 0.454013 -0.075048 -1.975803 1.262447 -0.207069 0.692024 -1.448448 -0.320581 -1.687090 5.121239 -4.665350 14.654349 -0.779880 -2.708086 -19.917355 -1.345494 3.652716 5.587282 -2.647289 -0.632477 4.847047 4.526875 2.975351 24.720427 -5.880770 2.434757 -48.324573 0.687648 -4.061700 7.827435 3.351673
-4.432051 115.771561 1.243644 1.001545 -2.310018 -2.000557 -1.677872 -0.892696 -1.446522 1.918623 -5.873977 1.938528 3.859160 1.615029 1.503319 -1.933347 0.255683 0.799192 0.571179 2.686102 0.157094 -3.325684 2.540277 1.358029 1.260210 14.334156 -3.619478 3.819954 -17.892730 3.641036 2.700420 -0.151718 -2.448956 -2.047775 -4.809214 2.870646 2.733459 24.000383 0.018493 -1.034538 -22.783463 -3.850021 0.798202 -2.797740 0.423096 -0.782719 -1.799070 -0.080285 1.263070 -2.957916 -1.763762 0.720027 1.185811 2.527306 -3.345030 1.497093 3.537374 0.142717 -5.638049 0.480539 0.109893 -1.677394 0.971887 -0.182732 0.374834 -1.470980 -0.114114 -1.743972 5.471248 -4.732599 15.058781 -1.594224 -2.641360 -20.873184 -1.247956 3.358374 6.020992 -2.611190 -0.577371 4.930640 4.273970 2.704255 25.385799 -5.921799 2.519092 -48.649925 0.891565 -3.790384 7.683715 3.254358
-4.229272 115.446419 1.073199 0.871642 -2.532436 -1.803483 -1.626133 -0.325276 -1.848806 2.430828 -6.146443 1.827973 3.963595 0.961604 0.954547 -2.335247 0.096741 0.530270 0.609263 2.593741 0.081665 -3.127276 2.635614 1.441517 1.207088 14.948808 -3.553190 3.838928 -18.395574 3.403109 2.529834 -0.195639 -2.346359 -1.832599 -4.912060 2.753444 2.714588 24.948373 -0.084452 -1.148710 -23.427374 -4.029649 0.917349 -2.887624 0.454807 -0.442299 -1.685776 -0.155350 1.348288 -3.193021 -1.593923 0.521447 1.250133 2.492674 -3.337268 1.560641 3.464946 0.041212 -5.815873 0.534678 0.120162 -1.348864 0.803725 -0.220590 -0.059639 -1.633741 0.084207 -1.695983 5.793060 -4.603862 15.334419 -2.466514 -2.425576 -21.962718 -1.004670 3.037584 6.210250 -2.501613 -0.441606 4.984961 4.129717 2.445245 25.862458 -5.972558 2.270045 -48.631197 0.628197 -3.760975 7.744481 3.185262
-3.953231 115.235466 0.841851 0.668361 -2.771967 -1.618658 -1.367188 0.206206 -2.316667 2.652547 -6.410593 1.537832 3.996398 0.573538 0.420992 -2.610532 0.052651 0.343590 0.715012 2.537048 -0.022196 -2.839114 2.777142 1.263652 0.934056 14.655011 -3.468430 3.754644 -17.820589 3.269638 2.552846 -0.135232 -2.360917 -1.603721 -4.972109 2.604072 2.484159 26.152151 -0.107286 -1.298788 -24.549177 -4.119127 0.573017 -3.548259 0.929771 -0.215867 -1.487874 -0.107999 1.383841 -3.367052 -1.428978 0.383539 1.458171 2.458932 -3.451898 1.606534 3.475564 0.118808 -5.837059 0.719319 0.180264 -0.991760 0.643637 -0.199092 -0.372473 -1.866069 0.196113 -1.597933 5.959677 -4.683835 14.973895 -3.408320 -2.509731 -23.909103 -0.584552 3.130056 6.491682 -2.586153 -0.287621 4.827552 3.968268 2.279806 25.994683 -6.123361 2.291397 -48.630578 0.703209 -3.754702 7.683386 2.997799
-3.601007 115.084579 0.733924 0.421739 -3.021371 -1.146721 -1.097385 0.922479 -2.929464 2.959782 -6.726110 1.644197 4.039993 -0.262499 0.279975 -2.876597 -0.453822 0.458777 0.717471 2.517036 -0.097492 -2.363998 3.345327 0.966346 0.891529 13.583775 -3.220265 3.391314 -16.951797 2.780996 2.718387 -0.396510 -2.329721 -1.259519 -4.981308 2.243729 2.445409 26.564263 -0.057309 -1.368584 -24.455514 -3.987422 0.627860 -4.144054 0.768464 0.026544 -1.376161 -0.039047 1.507525 -3.566112 -1.419350 0.228590 1.673276 2.603893 -3.597786 1.808539 3.378521 0.181403 -5.269612 0.999622 0.007200 -0.339695 0.477850 -0.328249 -0.626965 -2.063473 0.271067 -1.388798 6.117931 -4.819508 14.683796 -4.369489 -2.463576 -25.990715 -0.567500 3.354688 7.002131 -2.836250 0.072948 4.729081 3.647845 2.060076 26.173839 -6.462116 2.161152 -49.008283 0.252140 -3.482803 7.790535 3.121909
-3.330708 115.015625 0.480134 0.172899 -3.347176 -0.711366 -0.928409 1.409280 -3.637272 3.335525 -6.881333 1.812573 4.266104 -0.953720 0.016930 -3.415418 -0.867654 0.753546 0.607629 2.418482 -0.069655 -1.834703 3.992443 0.664528 0.925778 12.940354 -3.102266 3.298499 -16.590936 2.484235 2.586906 -0.403506 -2.345094 -0.706434 -5.014014 1.914223 2.298145 27.321085 0.048711 -1.348984 -24.488114 -4.000033 0.642224 -3.007425 0.361893 0.227763 -1.054495 0.131099 1.555052 -3.546057 -1.295855 0.153487 1.643297 2.643406 -3.569589 2.231342 3.237607 0.257861 -4.355205 1.534360 -0.071500 0.176079 0.197438 -0.539509 -1.023142 -2.337797 0.314481 -1.040012 6.333192 -5.098168 14.282920 -5.318766 -2.536052 -29.061294 -0.213568 3.611680 7.507935 -3.425010 0.518441 4.724554 3.324845 1.946907 26.010606 -6.891129 2.089864 -49.241561 -0.319471 -3.417577 7.980839 3.301857
-3.227459 114.904526 0.204764 -0.164593 -3.781382 -0.208014 -0.685541 2.100177 -4.439737 3.698467 -7.067669 1.885483 4.494472 -1.442846 -0.087978 -3.683365 -1.324222 0.950625 0.511112 2.426377 -0.097842 -1.206541 4.739272 0.266320 0.706559 12.596522 -2.913426 3.370571 -16.310940 2.394093 2.589684 -0.734609 -2.560552 -0.161015 -4.915311 1.502553 2.094275 28.056258 0.297747 -1.468293 -25.187612 -4.195718 0.526045 -2.123917 0.593522 0.307985 -0.546945 0.269168 1.475375 -3.423651 -1.024676 0.237154 1.406844 2.539798 -3.245472 2.650694 3.185577 0.400703 -2.932190 2.198263 -0.226624 0.843184 0.110886 -1.017470 -1.381492 -2.628660 0.383706 -0.609251 6.565303 -5.537351 13.512308 -6.020230 -2.550942 -31.438760 -0.277654 3.975896 7.994270 -3.688437 1.127303 5.012140 3.310638 1.913140 25.328391 -7.395458 1.865985 -49.441846 -1.072092 -3.439365 7.981969 3.408262
-3.075078 114.744797 0.117265 -0.509585 -4.114193 0.156231 -0.379739 2.706125 -4.975690 3.971178 -7.360101 2.204031 4.908224 -2.163094 -0.263567 -4.083887 -1.442347 1.407777 0.506611 2.487095 -0.154583 -0.614832 5.529075 -0.116970 0.431156 11.653580 -2.777187 3.472315 -15.747093 2.430462 2.415203 -0.766609 -2.812766 0.274323 -4.950869 1.193180 1.907437 28.475583 0.573935 -1.597781 -25.384805 -4.161770 0.224829 -1.418196 0.571318 0.350522 -0.061193 0.369290 1.151354 -3.248053 -0.681279 0.712537 0.774234 2.220673 -2.935418 3.016711 3.286556 0.526851 -1.788398 2.576952 -0.455736 1.550793 0.077981 -1.312335 -1.569475 -2.921858 0.072266 0.063909 7.075540 -5.617961 12.777252 -6.638203 -2.678612 -34.383737 0.090759 4.354103 8.172907 -4.392024 1.363063 5.367633 3.658645 2.098214 24.815247 -8.027252 1.542638 -49.777441 -1.985702 -3.290263 8.169692 3.847322
-2.900820 114.611053 0.071322 -0.643190 -4.411497 0.490838 -0.233479 3.128664 -5.602313 4.100396 -7.649601 2.229705 5.224600 -2.301785 -0.544323 -4.257759 -1.405029 1.836179 0.426023 2.703443 -0.249882 -0.196972 5.871413 -0.386007 0.205101 11.452911 -2.748927 3.614482 -15.767083 2.601844 2.095915 -0.478310 -3.196666 0.586605 -5.190520 0.918347 1.718836 28.953128 0.841621 -1.590709 -25.535913 -4.166613 -0.017797 -0.762009 0.576289 0.160572 0.360506 0.552906 0.472508 -2.840126 -0.249859 1.482619 -0.289062 1.881840 -2.446691 3.400031 3.068065 0.668383 -0.797053 3.272619 -0.539447 2.010849 0.066740 -1.539336 -1.989531 -3.052996 -0.319620 0.859103 7.227564 -5.540498 11.875405 -7.059510 -2.707547 -36.681734 0.453348 4.656096 8.460105 -4.402604 1.666592 6.029063 3.957844 2.386453 24.021953 -8.599475 0.989312 -50.082529 -3.029190 -3.032717 8.267887 4.081301
-2.807100 114.387360 -0.165787 -0.816081 -4.663843 0.842895 -0.222221 3.509351 -5.997890 4.395659 -7.891685 2.344202 5.742888 -2.735341 -0.786982 -4.560695 -1.456804 2.210055 0.314672 2.820683 -0.344444 0.231526 6.231870 -0.659366 0.129803 11.409670 -2.513594 3.559470 -15.884932 2.342750 1.842520 -0.017369 -3.088151 0.868451 -5.343235 0.722718 1.593909 29.631229 1.174441 -1.681614 -26.163971 -4.465914 -0.033704 -0.328100 0.647658 -0.016741 0.942780 0.689272 -0.209490 -2.339821 0.036064 2.320894 -1.535296 1.740380 -1.981402 3.762894 2.729110 1.002479 -0.178611 3.507915 -0.650997 2.498584 0.085266 -1.771334 -2.385113 -3.360170 -0.999527 1.911933 7.237003 -5.098168 10.774200 -7.333953 -2.759014 -38.436302 0.600641 4.712361 7.981139 -5.211820 1.631971 6.693641 4.436616 2.896513 23.037260 -9.138160 0.750806 -50.408084 -3.769553 -2.774999 8.203013 4.309700
-2.764520 114.194153 -0.256542 -0.808132 -4.759881 1.002463 -0.235861 3.880310 -6.295337 4.586114 -8.422554 2.411985 6.413047 -3.257991 -1.163997 -4.888805 -1.696865 2.513222 0.183374 2.959261 -0.296074 0.550495 6.530562 -0.777875 0.271904 11.347722 -2.498358 3.413460 -16.327786 2.164935 1.833015 0.261024 -3.086662 0.990655 -5.515181 0.531617 1.665743 29.985980 1.324668 -1.765947 -26.433810 -4.541317 -0.156673 0.179088 0.633754 -0.200464 1.323365 0.758574 -0.626362 -2.173251 0.182343 2.682777 -2.467660 1.668186 -1.524894 4.161003 2.573931 1.012030 0.474368 3.566377 -0.772041 2.911969 0.314780 -2.018791 -3.087303 -3.543820 -1.533794 2.845731 7.301167 -4.710526 9.926592 -7.728751 -2.459571 -39.696122 0.963684 4.980870 8.304624 -5.671501 1.714785 7.337230 5.096287 3.375341 22.232614 -9.819297 0.405906 -50.619913 -4.844363 -2.587246 8.539436 4.563609
-2.639993 113.930344 -0.408982 -0.813935 -4.827271 1.080130 -0.286161 4.092718 -6.427152 4.595414 -8.593124 2.493142 6.820638 -3.543852 -1.395439 -4.963581 -1.814892 2.673435 0.110812 2.964352 -0.254577 0.875662 6.690634 -0.892945 0.164257 10.978124 -2.420127 3.227254 -16.271808 2.013231 1.818059 0.420177 -3.211282 1.058039 -5.343364 0.510623 1.675200 29.820842 1.329029 -1.691998 -26.415946 -4.534123 -0.326524 0.944614 0.575704 -0.246734 1.739963 0.702609 -0.935990 -1.959677 0.313496 2.923654 -3.208017 1.756369 -1.404369 4.400531 2.541929 1.115266 1.003335 3.702381 -0.821821 3.168297 0.499107 -2.191635 -4.079876 -3.704504 -2.231491 3.569510 7.101296 -4.021953 9.149550 -7.856019 -2.184715 -40.113325 1.207474 5.134893 8.432768 -5.613703 1.569203 7.680617 5.583159 3.628886 21.495001 -10.343403 0.284407 -50.444711 -6.039948 -2.391567 8.842849 5.186656
-2.680712 113.704353 -0.664165 -0.738851 -4.794551 1.103457 -0.436457 4.319679 -6.498096 4.754064 -8.982744 2.623270 7.013465 -3.898940 -1.886859 -5.124014 -1.963924 2.970455 0.030954 2.927341 -0.167268 1.038253 6.531679 -0.875815 0.411416 11.644635 -2.392964 3.001623 -16.785853 1.730317 1.648996 0.356653 -3.408194 0.964553 -5.392428 0.457779 1.458518 30.404463 1.720942 -1.335940 -27.051789 -4.714279 -0.428477 1.849096 0.758517 -0.403589 1.895616 0.706358 -1.034200 -1.689383 0.298559 3.078722 -3.836336 1.859706 -1.473843 4.544290 2.692570 1.310051 1.259155 3.841352 -0.779734 3.288967 0.595236 -2.469501 -5.428891 -3.885157 -2.715277 4.245242 6.756585 -3.849761 8.392990 -7.729721 -2.275175 -40.868467 1.292716 5.280449 8.753445 -5.697384 1.523279 7.847271 5.865210 3.642964 20.775938 -10.614177 -0.004127 -49.842793 -7.160144 -2.130851 9.114827 5.548137
-2.682968 113.578018 -0.741429 -0.599632 -4.645929 1.031670 -0.880159 4.295861 -6.556485 4.849298 -8.796790 2.768236 7.160674 -3.944709 -2.078591 -4.983533 -2.415642 3.020520 -0.091475 2.711003 0.003270 1.097858 6.354318 -0.679439 0.690141 11.908694 -2.482385 2.758467 -16.636787 1.528905 1.576018 -0.258229 -3.661406 0.762372 -5.142523 0.451392 1.633200 30.017035 1.971468 -1.153519 -26.903130 -4.644516 -0.668788 2.329707 0.628999 -0.421580 1.897117 0.814155 -1.324419 -1.390205 0.155462 3.294984 -4.227762 1.887201 -1.437964 4.610599 2.873438 1.260120 1.428747 3.894648 -0.976493 3.291580 0.684066 -2.872666 -6.952304 -4.025809 -3.384230 4.889191 6.480773 -3.452916 8.025442 -7.759990 -2.284908 -41.720491 1.424698 5.341721 8.851146 -5.686829 1.376064 7.626528 6.291296 3.786165 20.421265 -11.067685 -0.283261 -49.216046 -8.365583 -2.205640 9.500808 6.178626
-2.739679 113.312393 -0.988785 -0.472090 -4.649798 1.129928 -1.122971 4.487121 -6.516202 4.939700 -9.208968 2.818879 7.450802 -4.310836 -2.127528 -5.189009 -2.881650 3.139355 -0.152133 2.607107 0.029370 1.050260 6.268232 -0.416240 0.901227 12.665937 -2.697185 2.729140 -17.075607 1.409435 1.490232 -0.367132 -3.886145 0.611003 -4.903024 0.591712 1.543134 30.210836 2.171504 -0.817264 -27.610091 -4.605965 -0.918485 2.934362 0.382124 -0.464221 1.653974 0.899158 -1.589269 -0.950499 -0.017002 3.565030 -4.509635 1.741310 -1.611535 4.781931 3.242969 1.336979 1.476848 4.084246 -1.017133 3.195750 0.901693 -3.254260 -8.239899 -4.149464 -3.781354 5.099578 6.550574 -3.515757 7.954443 -7.948469 -2.202171 -42.679644 1.653853 5.386680 8.589360 -5.964700 1.140790 7.352122 6.909794 4.045487 20.193984 -11.459686 -0.647015 -48.759178 -9.429108 -2.157754 9.655733 6.555141
-2.679118 113.040710 -1.279518 -0.342298 -4.571899 1.027794 -1.389013 4.430023 -6.430654 4.733534 -9.047057 2.670213 7.664126 -4.319912 -2.119484 -4.953077 -3.672368 3.198228 -0.100820 2.547454 0.067636 0.826802 5.769985 0.042435 1.054374 13.953565 -2.761773 2.667621 -17.838998 1.003064 1.575822 -0.552392 -3.974520 0.367398 -4.955674 0.934845 1.520280 30.729968 2.367978 -0.786473 -28.189247 -4.806245 -0.971774 2.952464 0.125958 -0.502901 1.161975 1.059083 -1.980305 -0.465429 -0.145059 3.863055 -4.706234 1.496673 -1.774274 4.787098 3.797213 1.341987 1.526855 4.122942 -1.012155 3.078950 0.977633 -3.502759 -9.229976 -4.524949 -4.086366 5.150058 6.606942 -3.590422 8.278206 -8.101690 -2.518228 -43.156125 1.717000 5.238076 8.423424 -6.081456 0.785538 6.985012 7.641033 4.496064 20.428567 -11.962071 -0.532238 -48.586699 -10.172721 -2.292159 10.226102 6.996099
-2.750718 112.857864 -1.044864 -0.229356 -4.310075 0.978943 -1.399652 4.299272 -6.213838 4.442921 -9.161056 2.593217 7.567723 -4.137494 -2.259011 -4.563977 -4.174009 3.198619 -0.056997 2.611554 0.044834 0.536904 5.076303 0.346984 1.521854 15.419054 -3.072936 2.575169 -19.089161 0.765638 1.495434 -0.496336 -3.816127 0.064885 -5.092354 1.266788 1.585378 31.118733 2.423751 -0.730843 -28.882683 -5.015411 -1.039759 3.154653 0.122336 -0.529378 0.421887 1.154629 -2.346315 -0.180997 -0.160808 4.299560 -4.724361 1.286224 -2.032662 4.983908 4.144163 1.310503 1.477966 4.311019 -1.145775 3.017344 1.123894 -3.698592 -9.704634 -4.763457 -4.327336 5.122593 6.725325 -3.777304 8.810788 -8.514131 -2.922221 -44.500494 2.049791 5.107701 8.014032 -6.169501 0.389314 6.642192 8.185652 4.882315 20.718810 -12.448874 -0.507036 -48.832330 -11.006202 -2.342292 10.738378 7.576524
-2.862531 112.743690 -0.844655 -0.158431 -4.058628 1.036034 -1.560819 3.922503 -5.762475 4.119697 -8.843963 2.380432 7.440659 -4.132839 -2.293603 -4.293442 -4.193659 3.221638 0.102704 2.782018 -0.073718 0.238815 4.175348 0.592455 1.641835 16.658766 -3.344199 2.723179 -19.750961 0.886472 1.426512 -0.809155 -3.876649 -0.362732 -5.392143 1.501124 1.703484 31.918909 2.304284 -0.590404 -29.945489 -4.920786 -1.040638 2.928021 -0.138580 -0.621487 -0.232047 1.337405 -2.643325 -0.113205 -0.351272 4.558334 -4.800825 1.125266 -2.219422 5.095649 4.459254 1.206148 1.717528 4.713643 -1.264622 3.018898 1.182739 -3.643294 -9.809432 -4.931971 -4.548989 5.383389 6.815268 -3.776137 9.777675 -9.033897 -3.328082 -45.677983 2.338280 4.945376 7.771357 -6.248183 0.137015 6.418707 8.790128 5.282645 21.021334 -12.811819 -0.301509 -48.861520 -11.397848 -2.326543 10.819574 7.838794
-2.859290 112.583832 -0.706101 -0.112855 -3.822155 1.038529 -1.754936 3.871838 -5.357705 4.023023 -9.145316 2.145356 7.000553 -3.778756 -2.138847 -3.935114 -4.133044 2.907075 0.267414 2.992648 -0.054169 0.010999 3.331910 0.722805 1.596720 17.595396 -3.537463 3.055943 -20.386399 1.103428 1.413614 -0.918044 -4.325814 -0.693726 -5.913604 1.697029 1.690608 32.964103 2.307976 -0.623195 -30.952814 -5.104125 -0.993013 3.108412 -0.073028 -0.675137 -0.809437 1.301588 -2.945454 -0.158714 -0.441972 4.682914 -4.948211 1.055176 -2.123597 5.355858 4.718866 1.203070 1.821794 4.767400 -1.257591 2.901239 1.045857 -3.427453 -10.073354 -5.174616 -4.733692 5.802434 6.731465 -3.665741 10.671881 -9.559352 -3.333886 -46.424011 2.861708 5.073436 7.654209 -6.155005 0.141130 6.359861 8.938934 5.439360 21.335335 -12.991732 -0.294610 -48.841560 -11.638966 -2.568927 11.170094 8.267390
-2.847280 112.553413 -0.544516 -0.095289 -3.720085 1.096726 -1.923622 3.629109 -4.864281 3.877004 -9.001413 2.066474 6.806082 -3.565905 -2.193141 -3.526631 -4.357401 2.748297 0.388427 3.147793 -0.164606 -0.116190 2.759985 0.922479 1.757685 18.172900 -3.650996 2.850030 -20.696311 1.082319 1.516948 -1.073024 -4.322374 -0.955596 -5.876897 1.846690 1.513780 33.642283 2.339759 -0.534275 -32.056185 -5.290930 -1.046459 3.561320 0.025196 -0.671100 -0.989181 1.216060 -3.110020 -0.337140 -0.409446 4.791497 -5.022439 0.847083 -1.945587 5.652539 4.909218 1.139123 1.757522 4.972595 -1.324191 2.753282 1.276875 -3.302483 -10.523236 -5.186292 -5.014107 6.230514 6.780568 -3.666033 11.269981 -9.816673 -3.580114 -47.457406 3.095018 4.922193 6.824763 -6.033956 0.150080 6.354955 8.740011 5.329916 21.720773 -12.675630 0.049520 -48.937797 -11.494359 -2.603717 11.067217 8.513306
-2.836184 112.580765 -0.461660 -0.125719 -3.618940 1.175363 -2.004887 3.682999 -4.475748 3.706867 -9.110578 2.122340 6.768413 -3.234866 -2.184329 -2.976140 -4.597369 2.202743 0.526393 3.225657 -0.268110 -0.344641 2.419369 0.934014 1.978315 18.955025 -3.687364 2.898400 -21.515834 1.020171 1.739183 -1.086339 -4.297285 -1.175811 -5.832171 1.950771 1.546661 34.005802 2.278811 -0.392516 -32.780364 -5.418938 -1.014558 4.003311 -0.031650 -0.592395 -1.091630 1.075495 -3.185351 -0.423585 -0.261043 4.795496 -4.822557 0.579977 -1.883173 5.702865 5.125731 1.028923 1.835871 4.919254 -1.458050 2.884619 1.351888 -3.012161 -10.393501 -5.065310 -5.296408 6.373455 6.523801 -3.786710 11.300501 -9.780187 -3.577644 -46.638877 3.020831 5.005669 6.834511 -5.767962 0.276012 6.201545 8.284887 5.094844 21.847076 -12.479920 0.661940 -48.125662 -10.789106 -2.863225 11.265545 8.721761
