issues,split,source_dataset,annotation_source,text_status,filename,primary_caption,n_captions
EXTREME_LENGTH_GT_1000_CHARS;REPEATED_TOKEN_ARTIFACT,train,animo4d_L4_safe,animo4d_official_text,present,PZ_Wisent_Male_wisent_male__animationnotmotionextractedlocomotion_manisetd142891d__wisent_male_matingcourtship_457.npy,The male wisent approaches cautiously and then engages in a mating courtship display,3
PLACEHOLDER_ONE_TOKEN,train,animo4d_L4_safe,animo4d_official_text,present,PZ_Tamworth_Pig_Male_tamworth_pig_male__animationnotmotionextractedfighting_manisetdfc6f239__tamworth_pig_male_swimbasetoswimtreadwater_336.npy,The male Tamworth pig swims to a point and then treads water,7
SOURCE_OR_ACTION_ARTIFACT,val,animo4d_L4_safe,animo4d_official_text,present,PZ_Alpine_Goat_Female_alpine_goat_female__animationnotmotionextractedbehaviour_manisetd02b5790__alpine_goat_female_standgimmick01_70.npy,The female alpine goat stands still as a gimmick,3
SOURCE_OR_ACTION_ARTIFACT,val,animo4d_L4_safe,animo4d_official_text,present,PZ_Arctic_Wolf_Female_arctic_wolf_female__animationnotmotionextractedfighting_maniset2001d71b__arctic_wolf_female_standgimmick01_169.npy,The female arctic wolf stands still as a gimmick,3
SOURCE_OR_ACTION_ARTIFACT;LOW_SEMANTIC_TEMPLATE,val,animo4d_L4_safe,animo4d_official_text,present,PZ_Asian_Small_Clawed_Otter_Juvenile_asian_small_clawed_otter_juvenile__animationnotmotionextractedlocomotion_maniset3547edfb__asian_small_clawed_otter_juvenile_gimmick_252.npy,The juvenile clawed otter performs a playful gimmick by diving into the water and then emerging with a fish,3
SOURCE_OR_ACTION_ARTIFACT;LOW_SEMANTIC_TEMPLATE,val,animo4d_L4_safe,animo4d_official_text,present,PZ_Babirusa_Male_babirusa_male__animationnotmotionextractedfighting_manisetc0f1e1ee__babirusa_male_standgimmick01_148.npy,The male babirusa stands still as part of its playful gimmick,3
SOURCE_OR_ACTION_ARTIFACT,val,animo4d_L4_safe,animo4d_official_text,present,PZ_Bactrian_Camel_Female_bactrian_camel_female__animationnotmotionextractedfighting_maniset2b182a71__bactrian_camel_female_standgimmick01_169.npy,The female Bactrian camel stands still as a gimmick,3
SOURCE_OR_ACTION_ARTIFACT,val,animo4d_L4_safe,animo4d_official_text,present,PZ_Bactrian_Camel_Juvenile_bactrian_camel_juvenile__animationnotmotionextractedfighting_maniset6aa2e2c9__bactrian_camel_juvenile_standgimmick01_160.npy,The juvenile bactrian camel stands still as a gimmick,3
SOURCE_OR_ACTION_ARTIFACT;LOW_SEMANTIC_TEMPLATE,val,animo4d_L4_safe,animo4d_official_text,present,PZ_Bactrian_Camel_Male_bactrian_camel_male__animationnotmotionextractedlocomotion_manisetef04758c__bactrian_camel_male_standgimmick01_252.npy,The male bactrian camel stands still employing a clever gimmick,3
SOURCE_OR_ACTION_ARTIFACT;LOW_SEMANTIC_TEMPLATE,val,animo4d_L4_safe,animo4d_official_text,present,PZ_Black_Wildebeest_Female_black_wildebeest_female__animationnotmotionextractedbehaviour_maniset31aeadb9__black_wildebeest_female_standgimmick01_85.npy,The female black wildebeest stands still as a gimmick,3
SOURCE_OR_ACTION_ARTIFACT,val,animo4d_L4_safe,animo4d_official_text,present,PZ_Blue_Wildebeest_Juvenile_blue_wildebeest_juvenile__animationnotmotionextractedbehaviour_manisete1d7cafa__blue_wildebeest_juvenile_standgimmick01_87.npy,The juvenile blue wildebeest stands still as a gimmick,3
SOURCE_OR_ACTION_ARTIFACT,val,animo4d_L4_safe,animo4d_official_text,present,PZ_Capuchin_Monkey_Male_capuchin_monkey_male__animationnotmotionextractedbehaviour_maniset273ded7e__capuchin_monkey_male_gimmick_168.npy,The male capuchin monkey performs a playful gimmick by leaping and then somersaulting,3
SOURCE_OR_ACTION_ARTIFACT;LOW_SEMANTIC_TEMPLATE,val,animo4d_L4_safe,animo4d_official_text,present,PZ_Dingo_Female_dingo_female__animationmotionextractedfighting_manisetc6604663__dingo_female_standgimmick_5.npy,The female dingo stands still as part of her gimmick,3
SOURCE_OR_ACTION_ARTIFACT,val,animo4d_L4_safe,animo4d_official_text,present,PZ_Indian_Elephant_Female_indian_elephant_female__animationnotmotionextractedfighting_manisetce9752dd__indian_elephant_female_standgimmick01_128.npy,The female Indian elephant stands still as a gimmick,3
SOURCE_OR_ACTION_ARTIFACT;LOW_SEMANTIC_TEMPLATE,val,animo4d_L4_safe,animo4d_official_text,present,PZ_Meerkat_Juvenile_meerkat_juvenile__animationnotmotionextractedlocomotion_maniset9f3e78c0__meerkat_juvenile_gimmickloop02_161.npy,The juvenile meerkat performs a playful gimmick by scampering around and then pausing to look up inquisitively,3
SOURCE_OR_ACTION_ARTIFACT,val,animo4d_L4_safe,animo4d_official_text,present,PZ_Meerkat_Male_meerkat_male__animationmotionextractedbehaviour_maniset5f721adf__meerkat_male_burrowgimmick_1.npy,The male meerkat performs a burrow gimmick by darting in and out of the entrance,3
SOURCE_OR_ACTION_ARTIFACT,val,animo4d_L4_safe,animo4d_official_text,present,PZ_Meerkat_Male_meerkat_male__animationnotmotionextractedlocomotion_maniset8d623e1d__meerkat_male_standtogimmickloop_173.npy,The male meerkat stands still to gimmick,3
SOURCE_OR_ACTION_ARTIFACT,val,animo4d_L4_safe,animo4d_official_text,present,PZ_North_American_Beaver_Juvenile_north_american_beaver_juvenile__animationnotmotionextractedfighting_maniset89bc070d__north_american_beaver_juvenile_gimmick_158.npy,The juvenile American beaver swims in a playful gimmick,3
SOURCE_OR_ACTION_ARTIFACT;LOW_SEMANTIC_TEMPLATE,val,animo4d_L4_safe,animo4d_official_text,present,PZ_Prairie_Dog_Male_prairie_dog_male__animationnotmotionextractedbehaviour_maniseta0ee1e22__prairie_dog_male_standtogimmickloop_85.npy,The male prairie dog stands still to gimmick,3
SOURCE_OR_ACTION_ARTIFACT;LOW_SEMANTIC_TEMPLATE,val,animo4d_L4_safe,animo4d_official_text,present,PZ_Red_Fox_Juvenile_red_fox_juvenile__animationnotmotionextractedfighting_maniset3f9bb538__red_fox_juvenile_gimmick01_68.npy,The juvenile red fox performs a playful gimmick,3
SOURCE_OR_ACTION_ARTIFACT,val,animo4d_L4_safe,animo4d_official_text,present,PZ_Saiga_Female_saiga_female__animationnotmotionextractedbehaviour_manisetfe131869__saiga_female_gimmick_74.npy,The female saiga performs a unique gimmicklike movement,3
SOURCE_OR_ACTION_ARTIFACT;LOW_SEMANTIC_TEMPLATE,val,animo4d_L4_safe,animo4d_official_text,present,PZ_Scimitar_Horned_Oryx_Male_scimitar_horned_oryx_male__animationnotmotionextractedbehaviour_maniset617be95b__scimitar_horned_oryx_male_standgimmick01_59.npy,The male horned oryx stands still as a gimmick,3
SOURCE_OR_ACTION_ARTIFACT,val,animo4d_L4_safe,animo4d_official_text,present,PZ_Somali_Wild_Ass_Male_somali_wild_ass_male__animationnotmotionextractedfighting_maniset6fedd2c5__somali_wild_ass_male_gimmick_291.npy,The male wild ass performs a playful gimmick by trotting in circles,3
SOURCE_OR_ACTION_ARTIFACT,val,animo4d_L4_safe,animo4d_official_text,present,PZ_Standard_Donkey_Male_standard_donkey_male__animationmotionextractedlocomotion_maniset6569664c__standard_donkey_male_gimmick_99.npy,The male standard donkey performs a playful gimmick by trotting in circles,3
SOURCE_OR_ACTION_ARTIFACT;LOW_SEMANTIC_TEMPLATE,val,animo4d_L4_safe,animo4d_official_text,present,PZ_Takin_Male_takin_male__animationnotmotionextractedfighting_maniset4360f71__takin_male_standgimmick01_316.npy,The male takin stands still as a gimmick,3
SOURCE_OR_ACTION_ARTIFACT;LOW_SEMANTIC_TEMPLATE,val,animo4d_L4_safe,animo4d_official_text,present,PZ_Tasmanian_Devil_Female_tasmanian_devil_female__animationnotmotionextractedbehaviour_maniset2c94a132__tasmanian_devil_female_standgimmick_163.npy,The female Tasmanian devil stands still as a gimmick,3
SOURCE_OR_ACTION_ARTIFACT,val,animo4d_L4_safe,animo4d_official_text,present,PZ_Tasmanian_Devil_Female_tasmanian_devil_female__animationnotmotionextractedfighting_maniset3d18a08__tasmanian_devil_female_standgimmick_244.npy,The female Tasmanian devil stands still as a gimmick,3
SOURCE_OR_ACTION_ARTIFACT;LOW_SEMANTIC_TEMPLATE,train,truebones,codex_draft_from_contact_sheets_and_action_name,codex_draft,Centipede___Take_001_200.npy,A centipede performs a short take 001 movement.,6
SOURCE_OR_ACTION_ARTIFACT;LOW_SEMANTIC_TEMPLATE,train,truebones,codex_draft_from_contact_sheets_and_action_name,codex_draft,Elephant___Take_001_315.npy,An elephant performs a short take 001 movement.,6
SOURCE_OR_ACTION_ARTIFACT;LOW_SEMANTIC_TEMPLATE,train,truebones,codex_draft_from_contact_sheets_and_action_name,codex_draft,HermitCrab___Take_001_411.npy,A hermit crab performs a short take 001 movement.,6
SOURCE_OR_ACTION_ARTIFACT;LOW_SEMANTIC_TEMPLATE,train,animo4d_L4_safe,animo4d_official_text,present,PZ_Aardvark_Female_aardvark_female__animationnotmotionextractedbehaviour_maniset1b75d874__aardvark_female_standgimmick01_67.npy,The female aardvark stands still as part of her gimmick,3
SOURCE_OR_ACTION_ARTIFACT;LOW_SEMANTIC_TEMPLATE,train,animo4d_L4_safe,animo4d_official_text,present,PZ_Aardvark_Juvenile_aardvark_juvenile__animationnotmotionextractedbehaviour_maniset828910c__aardvark_juvenile_standgimmick01_63.npy,The juvenile aardvark stands still as a gimmick,3
SOURCE_OR_ACTION_ARTIFACT;LOW_SEMANTIC_TEMPLATE,train,animo4d_L4_safe,animo4d_official_text,present,PZ_Aardvark_Male_aardvark_male__animationnotmotionextractedbehaviour_maniset32599729__aardvark_male_standgimmick01_71.npy,The male aardvark stands still as part of its gimmick,3
SOURCE_OR_ACTION_ARTIFACT,train,animo4d_L4_safe,animo4d_official_text,present,PZ_Addax_Female_addax_female__animationnotmotionextractedbehaviour_maniset743be96__addax_female_standgimmick01_66.npy,The female addax stands still and then performs a small playful gimmick,3
SOURCE_OR_ACTION_ARTIFACT;LOW_SEMANTIC_TEMPLATE,train,animo4d_L4_safe,animo4d_official_text,present,PZ_Addax_Juvenile_addax_juvenile__animationnotmotionextractedbehaviour_maniset1f0887ae__addax_juvenile_standgimmick01_64.npy,The juvenile addax stands still as a gimmick,3
SOURCE_OR_ACTION_ARTIFACT;LOW_SEMANTIC_TEMPLATE,train,animo4d_L4_safe,animo4d_official_text,present,PZ_Addax_Male_addax_male__animationnotmotionextractedbehaviour_manisetd7d38ccb__addax_male_standgimmick01_67.npy,The male addax stands still and then performs a small playful gimmick,3
SOURCE_OR_ACTION_ARTIFACT;LOW_SEMANTIC_TEMPLATE,train,animo4d_L4_safe,animo4d_official_text,present,PZ_African_Buffalo_Female_african_buffalo_female__animationnotmotionextractedbehaviour_maniset43f7d795__african_buffalo_female_standgimmick01_71.npy,The female African buffalo stands still as a defensive gimmick,3
SOURCE_OR_ACTION_ARTIFACT;LOW_SEMANTIC_TEMPLATE,train,animo4d_L4_safe,animo4d_official_text,present,PZ_African_Buffalo_Juvenile_african_buffalo_juvenile__animationnotmotionextractedbehaviour_maniset5926dc6d__african_buffalo_juvenile_standgimmick01_63.npy,The juvenile African buffalo stands still as a gimmick,3
SOURCE_OR_ACTION_ARTIFACT;LOW_SEMANTIC_TEMPLATE,train,animo4d_L4_safe,animo4d_official_text,present,PZ_African_Buffalo_Male_african_buffalo_male__animationnotmotionextractedbehaviour_maniset425f5a0a__african_buffalo_male_standgimmick01_71.npy,The male African buffalo stands still as a defensive gimmick,3
SOURCE_OR_ACTION_ARTIFACT,train,animo4d_L4_safe,animo4d_official_text,present,PZ_African_Crested_Porcupine_Male_african_crested_porcupine_male__animationmotionextractedbehaviour_manisetd7be7d8f__african_crested_porcupine_male_gimmick_75.npy,The male crested porcupine performs a quirky gimmick,3
SOURCE_OR_ACTION_ARTIFACT;LOW_SEMANTIC_TEMPLATE,train,animo4d_L4_safe,animo4d_official_text,present,PZ_African_Crested_Porcupine_Male_african_crested_porcupine_male__animationnotmotionextractedbehaviour_manisetb71cfd1__african_crested_porcupine_male_gimmick_293.npy,The male crested porcupine performs a quirky gimmick,3
SOURCE_OR_ACTION_ARTIFACT,train,animo4d_L4_safe,animo4d_official_text,present,PZ_African_Elephant_Female_african_elephant_female__animationnotmotionextractedbehaviour_maniset5f542cc9__african_elephant_female_standgimmick01_56.npy,The female African elephant stands still as a gimmick,3
SOURCE_OR_ACTION_ARTIFACT;LOW_SEMANTIC_TEMPLATE,train,animo4d_L4_safe,animo4d_official_text,present,PZ_African_Elephant_Female_african_elephant_female__animationnotmotionextractedbehaviour_maniset5f542cc9__african_elephant_female_standgimmick02_57.npy,The female African elephant stands still as a gimmick,3
SOURCE_OR_ACTION_ARTIFACT,train,animo4d_L4_safe,animo4d_official_text,present,PZ_African_Elephant_Male_african_elephant_male__animationnotmotionextractedbehaviour_maniset607cd23e__african_elephant_male_standgimmick01_70.npy,The male African elephant stands still as a gimmick,3
SOURCE_OR_ACTION_ARTIFACT,train,animo4d_L4_safe,animo4d_official_text,present,PZ_African_Elephant_Male_african_elephant_male__animationnotmotionextractedbehaviour_maniset607cd23e__african_elephant_male_standgimmick02_71.npy,The male African elephant stands still as a gimmick,3
SOURCE_OR_ACTION_ARTIFACT,train,animo4d_L4_safe,animo4d_official_text,present,PZ_African_Wild_Dog_Female_african_wild_dog_female__animationnotmotionextractedbehaviour_maniset1f3d1162__african_wild_dog_female_standgimmick01_71.npy,The female wild dog stands still as a gimmick,3
SOURCE_OR_ACTION_ARTIFACT,train,animo4d_L4_safe,animo4d_official_text,present,PZ_African_Wild_Dog_Juvenile_african_wild_dog_juvenile__animationnotmotionextractedbehaviour_maniset1aa1bd7a__african_wild_dog_juvenile_standgimmick01_66.npy,The juvenile wild dog stands still as a gimmick,1
SOURCE_OR_ACTION_ARTIFACT,train,animo4d_L4_safe,animo4d_official_text,present,PZ_Alaskan_Moose_Female_alaskan_moose_female__animationnotmotionextractedbehaviour_manisetd6bb44c8__alaskan_moose_female_standgimmick01_57.npy,The female Alaskan moose stands still as a clever gimmick,3
SOURCE_OR_ACTION_ARTIFACT;LOW_SEMANTIC_TEMPLATE,train,animo4d_L4_safe,animo4d_official_text,present,PZ_Alaskan_Moose_Juvenile_alaskan_moose_juvenile__animationnotmotionextractedbehaviour_manisetaa7a6260__alaskan_moose_juvenile_standgimmick01_54.npy,The juvenile Alaskan moose stands still as a clever gimmick,3
SOURCE_OR_ACTION_ARTIFACT;LOW_SEMANTIC_TEMPLATE,train,animo4d_L4_safe,animo4d_official_text,present,PZ_Alpaca_Juvenile_alpaca_juvenile__animationnotmotionextractedbehaviour_maniseta03027e5__alpaca_juvenile_standgimmick01_67.npy,The juvenile alpaca stands still as part of its playful gimmick,3
SOURCE_OR_ACTION_ARTIFACT;LOW_SEMANTIC_TEMPLATE,train,animo4d_L4_safe,animo4d_official_text,present,PZ_Alpaca_Male_alpaca_male__animationmotionextractedbehaviour_maniset25b92680__alpaca_male_standgimmick01_34.npy,The male alpaca stands still as part of a gimmick,3
SOURCE_OR_ACTION_ARTIFACT;LOW_SEMANTIC_TEMPLATE,train,animo4d_L4_safe,animo4d_official_text,present,PZ_Alpaca_Male_alpaca_male__animationnotmotionextractedbehaviour_maniset1c5da982__alpaca_male_standgimmick01_160.npy,The male alpaca stands still as part of a gimmick,3
SOURCE_OR_ACTION_ARTIFACT;LOW_SEMANTIC_TEMPLATE,train,animo4d_L4_safe,animo4d_official_text,present,PZ_Alpine_Goat_Juvenile_alpine_goat_juvenile__animationnotmotionextractedbehaviour_manisetc03a4728__alpine_goat_juvenile_standgimmick01_70.npy,The juvenile alpine goat stands still as a gimmick,3
SOURCE_OR_ACTION_ARTIFACT;LOW_SEMANTIC_TEMPLATE,train,animo4d_L4_safe,animo4d_official_text,present,PZ_Alpine_Goat_Male_alpine_goat_male__animationnotmotionextractedbehaviour_maniseta62c9f45__alpine_goat_male_standgimmick01_69.npy,The male alpine goat stands still as part of its gimmick,3
SOURCE_OR_ACTION_ARTIFACT;LOW_SEMANTIC_TEMPLATE,train,animo4d_L4_safe,animo4d_official_text,present,PZ_Alpine_Ibex_Juvenile_alpine_ibex_juvenile__animationnotmotionextractedbehaviour_maniset7bb77492__alpine_ibex_juvenile_standgimmick01_63.npy,The juvenile alpine ibex stands still as a gimmick,3
SOURCE_OR_ACTION_ARTIFACT,train,animo4d_L4_safe,animo4d_official_text,present,PZ_American_Bison_Female_american_bison_female__animationnotmotionextractedbehaviour_maniset18ec28a5__american_bison_female_standgimmick01_62.npy,The female American bison stands still as a gimmick,3
SOURCE_OR_ACTION_ARTIFACT;LOW_SEMANTIC_TEMPLATE,train,animo4d_L4_safe,animo4d_official_text,present,PZ_American_Bison_Juvenile_american_bison_juvenile__animationnotmotionextractedbehaviour_maniset3c73b17d__american_bison_juvenile_standgimmick01_63.npy,The juvenile American bison stands still as part of a playful gimmick,3
SOURCE_OR_ACTION_ARTIFACT;LOW_SEMANTIC_TEMPLATE,train,animo4d_L4_safe,animo4d_official_text,present,PZ_American_Bison_Male_american_bison_male__animationnotmotionextractedbehaviour_maniset40ec271a__american_bison_male_standgimmick01_64.npy,The male American bison stands still as a protective gimmick,3
SOURCE_OR_ACTION_ARTIFACT,train,animo4d_L4_safe,animo4d_official_text,present,PZ_Arctic_Fox_Juvenile_arctic_fox_juvenile__animationnotmotionextractedbehaviour_maniset873b1f0d__arctic_fox_juvenile_gimmick01_47.npy,The juvenile arctic fox performs a playful gimmick by leaping and then rolling over,3
SOURCE_OR_ACTION_ARTIFACT,train,animo4d_L4_safe,animo4d_official_text,present,PZ_Arctic_Fox_Juvenile_arctic_fox_juvenile__animationnotmotionextractedlocomotion_manisetddd85f09__arctic_fox_juvenile_gimmick01_106.npy,The juvenile arctic fox performs a playful gimmick by leaping and then rolling over,3
SOURCE_OR_ACTION_ARTIFACT,train,animo4d_L4_safe,animo4d_official_text,present,PZ_Arctic_Wolf_Female_arctic_wolf_female__animationnotmotionextractedbehaviour_maniset160c7f05__arctic_wolf_female_standgimmick01_87.npy,The female arctic wolf stands still as a gimmick,3
SOURCE_OR_ACTION_ARTIFACT,train,animo4d_L4_safe,animo4d_official_text,present,PZ_Arctic_Wolf_Female_arctic_wolf_female__animationnotmotionextractedlocomotion_maniset66819d01__arctic_wolf_female_standgimmick01_258.npy,The female arctic wolf stands still as a gimmick,3
SOURCE_OR_ACTION_ARTIFACT;LOW_SEMANTIC_TEMPLATE,train,animo4d_L4_safe,animo4d_official_text,present,PZ_Arctic_Wolf_Male_arctic_wolf_male__animationnotmotionextractedbehaviour_maniset4b43657a__arctic_wolf_male_standgimmick01_91.npy,The male arctic wolf stands still as part of its hunting gimmick,3
SOURCE_OR_ACTION_ARTIFACT,train,animo4d_L4_safe,animo4d_official_text,present,PZ_Arctic_Wolf_Male_arctic_wolf_male__animationnotmotionextractedfighting_maniset15f29c50__arctic_wolf_male_standgimmick01_172.npy,The male arctic wolf stands still as a hunting gimmick,3
SOURCE_OR_ACTION_ARTIFACT,train,animo4d_L4_safe,animo4d_official_text,present,PZ_Arctic_Wolf_Male_arctic_wolf_male__animationnotmotionextractedlocomotion_manisetc50bf4b6__arctic_wolf_male_standgimmick01_260.npy,The male arctic wolf stands still as a hunting gimmick,3
SOURCE_OR_ACTION_ARTIFACT,train,animo4d_L4_safe,animo4d_official_text,present,PZ_Asian_Small_Clawed_Otter_Juvenile_asian_small_clawed_otter_juvenile__animationnotmotionextractedbehaviour_manisetf336497f__asian_small_clawed_otter_juvenile_gimmick_80.npy,The juvenile clawed otter performs a playful gimmick by flipping into the water,3
SOURCE_OR_ACTION_ARTIFACT,train,animo4d_L4_safe,animo4d_official_text,present,PZ_Asian_Small_Clawed_Otter_Juvenile_asian_small_clawed_otter_juvenile__animationnotmotionextractedfighting_maniset2162bb15__asian_small_clawed_otter_juvenile_gimmick_166.npy,The juvenile clawed otter performs a playful gimmick by flipping over and then swimming away,3
SOURCE_OR_ACTION_ARTIFACT,train,animo4d_L4_safe,animo4d_official_text,present,PZ_Asian_Small_Clawed_Otter_Male_asian_small_clawed_otter_male__animationnotmotionextractedbehaviour_manisetb26f0e1c__asian_small_clawed_otter_male_gimmick_67.npy,The male clawed otter performs a playful gimmick by flipping over in the water,3
SOURCE_OR_ACTION_ARTIFACT,train,animo4d_L4_safe,animo4d_official_text,present,PZ_Asian_Small_Clawed_Otter_Male_asian_small_clawed_otter_male__animationnotmotionextractedfighting_maniset777b472__asian_small_clawed_otter_male_gimmick_140.npy,The male clawed otter performs a playful gimmick by flipping and splashing in the water,3
SOURCE_OR_ACTION_ARTIFACT,train,animo4d_L4_safe,animo4d_official_text,present,PZ_Asian_Small_Clawed_Otter_Male_asian_small_clawed_otter_male__animationnotmotionextractedlocomotion_maniseta5c44dd8__asian_small_clawed_otter_male_gimmick_214.npy,The male clawed otter performs a playful gimmick by flipping and splashing in the water,3
SOURCE_OR_ACTION_ARTIFACT;LOW_SEMANTIC_TEMPLATE,train,animo4d_L4_safe,animo4d_official_text,present,PZ_Babirusa_Female_babirusa_female__animationnotmotionextractedbehaviour_maniset145163a3__babirusa_female_standgimmick01_71.npy,The female babirusa stands still and then performs a playful gimmick,3
SOURCE_OR_ACTION_ARTIFACT;LOW_SEMANTIC_TEMPLATE,train,animo4d_L4_safe,animo4d_official_text,present,PZ_Babirusa_Female_babirusa_female__animationnotmotionextractedfighting_maniset87e8fc39__babirusa_female_standgimmick01_150.npy,The female babirusa stands still as part of her gimmick,3
SOURCE_OR_ACTION_ARTIFACT,train,animo4d_L4_safe,animo4d_official_text,present,PZ_Babirusa_Female_babirusa_female__animationnotmotionextractedlocomotion_maniset992211f__babirusa_female_standgimmick01_235.npy,The female babirusa stands still and then performs a playful gimmick,3
SOURCE_OR_ACTION_ARTIFACT,train,animo4d_L4_safe,animo4d_official_text,present,PZ_Babirusa_Juvenile_babirusa_juvenile__animationnotmotionextractedbehaviour_maniseta613a3fb__babirusa_juvenile_standgimmick01_75.npy,The juvenile babirusa stands still as a gimmick,3
SOURCE_OR_ACTION_ARTIFACT,train,animo4d_L4_safe,animo4d_official_text,present,PZ_Babirusa_Juvenile_babirusa_juvenile__animationnotmotionextractedfighting_maniset3eef4691__babirusa_juvenile_standgimmick01_159.npy,The juvenile babirusa stands still as a gimmick,3
SOURCE_OR_ACTION_ARTIFACT,train,animo4d_L4_safe,animo4d_official_text,present,PZ_Babirusa_Juvenile_babirusa_juvenile__animationnotmotionextractedlocomotion_maniset14e5d777__babirusa_juvenile_standgimmick01_249.npy,The juvenile babirusa stands still as a gimmick,3
SOURCE_OR_ACTION_ARTIFACT,train,animo4d_L4_safe,animo4d_official_text,present,PZ_Babirusa_Male_babirusa_male__animationnotmotionextractedbehaviour_manisetb32a8a98__babirusa_male_standgimmick01_71.npy,The male babirusa stands still and then performs a playful gimmick,3
SOURCE_OR_ACTION_ARTIFACT,train,animo4d_L4_safe,animo4d_official_text,present,PZ_Babirusa_Male_babirusa_male__animationnotmotionextractedlocomotion_manisetc350d954__babirusa_male_standgimmick01_231.npy,The male babirusa stands still and then performs a gimmick,3
SOURCE_OR_ACTION_ARTIFACT;LOW_SEMANTIC_TEMPLATE,train,animo4d_L4_safe,animo4d_official_text,present,PZ_Bactrian_Camel_Female_bactrian_camel_female__animationnotmotionextractedbehaviour_maniset4004ffdb__bactrian_camel_female_standgimmick01_86.npy,The female bactrian camel stands still as a gimmick,3
SOURCE_OR_ACTION_ARTIFACT,train,animo4d_L4_safe,animo4d_official_text,present,PZ_Bactrian_Camel_Female_bactrian_camel_female__animationnotmotionextractedlocomotion_manisetf09dab57__bactrian_camel_female_standgimmick01_258.npy,The female Bactrian camel stands still as a gimmick,3
SOURCE_OR_ACTION_ARTIFACT;LOW_SEMANTIC_TEMPLATE,train,animo4d_L4_safe,animo4d_official_text,present,PZ_Bactrian_Camel_Juvenile_bactrian_camel_juvenile__animationnotmotionextractedbehaviour_maniset8d1f2e33__bactrian_camel_juvenile_standgimmick01_82.npy,The juvenile bactrian camel stands still as part of its gimmick,3
SOURCE_OR_ACTION_ARTIFACT;LOW_SEMANTIC_TEMPLATE,train,animo4d_L4_safe,animo4d_official_text,present,PZ_Bactrian_Camel_Juvenile_bactrian_camel_juvenile__animationnotmotionextractedlocomotion_manisetecfccfaf__bactrian_camel_juvenile_standgimmick01_244.npy,The juvenile bactrian camel stands still as a gimmick,3
SOURCE_OR_ACTION_ARTIFACT,train,animo4d_L4_safe,animo4d_official_text,present,PZ_Bactrian_Camel_Male_bactrian_camel_male__animationnotmotionextractedbehaviour_maniset5659b8d0__bactrian_camel_male_standgimmick01_84.npy,The male bactrian camel stands still as a gimmick,3
SOURCE_OR_ACTION_ARTIFACT;LOW_SEMANTIC_TEMPLATE,train,animo4d_L4_safe,animo4d_official_text,present,PZ_Bactrian_Camel_Male_bactrian_camel_male__animationnotmotionextractedfighting_maniset43902226__bactrian_camel_male_standgimmick01_165.npy,The male bactrian camel stands still as part of a gimmick,3
SOURCE_OR_ACTION_ARTIFACT;LOW_SEMANTIC_TEMPLATE,train,animo4d_L4_safe,animo4d_official_text,present,PZ_Bairds_Tapir_Female_bairds_tapir_female__animationnotmotionextractedbehaviour_manisetf2420a74__bairds_tapir_female_standgimmick01_70.npy,The female Bairds tapir stands still as a gimmick,3
SOURCE_OR_ACTION_ARTIFACT,train,animo4d_L4_safe,animo4d_official_text,present,PZ_Bairds_Tapir_Female_bairds_tapir_female__animationnotmotionextractedfighting_manisetf92fbaca__bairds_tapir_female_standgimmick01_147.npy,The female Bairds tapir stands still as a gimmick,3
SOURCE_OR_ACTION_ARTIFACT;LOW_SEMANTIC_TEMPLATE,train,animo4d_L4_safe,animo4d_official_text,present,PZ_Bairds_Tapir_Female_bairds_tapir_female__animationnotmotionextractedlocomotion_maniset2647c030__bairds_tapir_female_standgimmick01_229.npy,The female Bairds tapir stands still as a clever gimmick,3
SOURCE_OR_ACTION_ARTIFACT,train,animo4d_L4_safe,animo4d_official_text,present,PZ_Bairds_Tapir_Juvenile_bairds_tapir_juvenile__animationnotmotionextractedbehaviour_manisetc2c9430c__bairds_tapir_juvenile_standgimmick01_61.npy,The juvenile Bairds tapir stands still as a gimmick,3
SOURCE_OR_ACTION_ARTIFACT,train,animo4d_L4_safe,animo4d_official_text,present,PZ_Bairds_Tapir_Juvenile_bairds_tapir_juvenile__animationnotmotionextractedfighting_maniset1cdfed62__bairds_tapir_juvenile_standgimmick01_132.npy,The juvenile Bairds tapir stands still as a gimmick,3
SOURCE_OR_ACTION_ARTIFACT;LOW_SEMANTIC_TEMPLATE,train,animo4d_L4_safe,animo4d_official_text,present,PZ_Bairds_Tapir_Juvenile_bairds_tapir_juvenile__animationnotmotionextractedlocomotion_maniset357f7ec8__bairds_tapir_juvenile_standgimmick01_207.npy,The juvenile Bairds tapir stands still as a gimmick,3
SOURCE_OR_ACTION_ARTIFACT;LOW_SEMANTIC_TEMPLATE,train,animo4d_L4_safe,animo4d_official_text,present,PZ_Binturong_Female_binturong_female__animationnotmotionextractedbehaviour_maniset432cf056__binturong_female_standgimmick01_125.npy,The female binturong stands still and then performs a playful gimmick,3
SOURCE_OR_ACTION_ARTIFACT,train,animo4d_L4_safe,animo4d_official_text,present,PZ_Binturong_Female_binturong_female__animationnotmotionextractedfighting_maniset503c02c__binturong_female_standgimmick01_225.npy,The female binturong stands still and then performs a playful gimmick,3
SOURCE_OR_ACTION_ARTIFACT;LOW_SEMANTIC_TEMPLATE,train,animo4d_L4_safe,animo4d_official_text,present,PZ_Binturong_Female_binturong_female__animationnotmotionextractedlocomotion_maniset5d83a692__binturong_female_standgimmick01_348.npy,The female binturong stands still and then performs a playful gimmick,3
SOURCE_OR_ACTION_ARTIFACT;LOW_SEMANTIC_TEMPLATE,train,animo4d_L4_safe,animo4d_official_text,present,PZ_Binturong_Juvenile_binturong_juvenile__animationnotmotionextractedbehaviour_manisetfa05296e__binturong_juvenile_standgimmick01_136.npy,The juvenile binturong stands still and then performs a gimmick,3
SOURCE_OR_ACTION_ARTIFACT;LOW_SEMANTIC_TEMPLATE,train,animo4d_L4_safe,animo4d_official_text,present,PZ_Binturong_Juvenile_binturong_juvenile__animationnotmotionextractedfighting_maniset6dcad344__binturong_juvenile_standgimmick01_246.npy,The juvenile binturong stands still and then performs a playful gimmick,3
SOURCE_OR_ACTION_ARTIFACT;LOW_SEMANTIC_TEMPLATE,train,animo4d_L4_safe,animo4d_official_text,present,PZ_Binturong_Juvenile_binturong_juvenile__animationnotmotionextractedlocomotion_maniset2b4e85aa__binturong_juvenile_standgimmick01_379.npy,The juvenile binturong stands still and then performs a gimmick,3
SOURCE_OR_ACTION_ARTIFACT;LOW_SEMANTIC_TEMPLATE,train,animo4d_L4_safe,animo4d_official_text,present,PZ_Binturong_Male_binturong_male__animationnotmotionextractedbehaviour_maniset30454e8b__binturong_male_standgimmick01_128.npy,The male binturong stands still and then performs a playful gimmick,3
SOURCE_OR_ACTION_ARTIFACT;LOW_SEMANTIC_TEMPLATE,train,animo4d_L4_safe,animo4d_official_text,present,PZ_Binturong_Male_binturong_male__animationnotmotionextractedfighting_manisetc8950d21__binturong_male_standgimmick01_230.npy,The male binturong stands still and then performs a playful gimmick,3
SOURCE_OR_ACTION_ARTIFACT,train,animo4d_L4_safe,animo4d_official_text,present,PZ_Binturong_Male_binturong_male__animationnotmotionextractedlocomotion_manisetf22c6607__binturong_male_standgimmick01_353.npy,The male binturong stands still as a gimmick,3
SOURCE_OR_ACTION_ARTIFACT;LOW_SEMANTIC_TEMPLATE,train,animo4d_L4_safe,animo4d_official_text,present,PZ_Black_Wildebeest_Female_black_wildebeest_female__animationnotmotionextractedfighting_manisetb820c8cf__black_wildebeest_female_standgimmick01_163.npy,The female black wildebeest stands still as a gimmick,3
SOURCE_OR_ACTION_ARTIFACT,train,animo4d_L4_safe,animo4d_official_text,present,PZ_Black_Wildebeest_Female_black_wildebeest_female__animationnotmotionextractedlocomotion_manisetf36a48b5__black_wildebeest_female_standgimmick01_246.npy,The female black wildebeest stands still as a gimmick,3
SOURCE_OR_ACTION_ARTIFACT,train,animo4d_L4_safe,animo4d_official_text,present,PZ_Black_Wildebeest_Juvenile_black_wildebeest_juvenile__animationnotmotionextractedbehaviour_maniset8febcb91__black_wildebeest_juvenile_standgimmick01_71.npy,The juvenile black wildebeest stands still as a gimmick,3
SOURCE_OR_ACTION_ARTIFACT;LOW_SEMANTIC_TEMPLATE,train,animo4d_L4_safe,animo4d_official_text,present,PZ_Black_Wildebeest_Juvenile_black_wildebeest_juvenile__animationnotmotionextractedfighting_maniset5c4c90a7__black_wildebeest_juvenile_standgimmick01_143.npy,The juvenile black wildebeest stands still as part of its gimmick,3
SOURCE_OR_ACTION_ARTIFACT;LOW_SEMANTIC_TEMPLATE,train,animo4d_L4_safe,animo4d_official_text,present,PZ_Black_Wildebeest_Juvenile_black_wildebeest_juvenile__animationnotmotionextractedlocomotion_manisetd5663c8d__black_wildebeest_juvenile_standgimmick01_221.npy,The juvenile black wildebeest stands still as a gimmick,3
SOURCE_OR_ACTION_ARTIFACT,train,animo4d_L4_safe,animo4d_official_text,present,PZ_Blue_Wildebeest_Female_blue_wildebeest_female__animationnotmotionextractedbehaviour_manisetbe91bee2__blue_wildebeest_female_standgimmick01_79.npy,The female blue wildebeest stands still as a gimmick,3
SOURCE_OR_ACTION_ARTIFACT;LOW_SEMANTIC_TEMPLATE,train,animo4d_L4_safe,animo4d_official_text,present,PZ_Blue_Wildebeest_Female_blue_wildebeest_female__animationnotmotionextractedfighting_manisetbf8b7bb8__blue_wildebeest_female_standgimmick01_155.npy,The female blue wildebeest stands still as a gimmick,3
SOURCE_OR_ACTION_ARTIFACT,train,animo4d_L4_safe,animo4d_official_text,present,PZ_Blue_Wildebeest_Female_blue_wildebeest_female__animationnotmotionextractedlocomotion_maniset4556481e__blue_wildebeest_female_standgimmick01_236.npy,The female blue wildebeest stands still as a gimmick,3
SOURCE_OR_ACTION_ARTIFACT,train,animo4d_L4_safe,animo4d_official_text,present,PZ_Blue_Wildebeest_Juvenile_blue_wildebeest_juvenile__animationnotmotionextractedfighting_manisete92fa1d0__blue_wildebeest_juvenile_standgimmick01_165.npy,The juvenile blue wildebeest stands still as a gimmick,3
SOURCE_OR_ACTION_ARTIFACT,train,animo4d_L4_safe,animo4d_official_text,present,PZ_Blue_Wildebeest_Juvenile_blue_wildebeest_juvenile__animationnotmotionextractedlocomotion_maniset524fba36__blue_wildebeest_juvenile_standgimmick01_249.npy,The juvenile blue wildebeest stands still as a gimmick,3
SOURCE_OR_ACTION_ARTIFACT;LOW_SEMANTIC_TEMPLATE,train,animo4d_L4_safe,animo4d_official_text,present,PZ_Blue_Wildebeest_Male_blue_wildebeest_male__animationnotmotionextractedbehaviour_maniseteacd0a17__blue_wildebeest_male_standgimmick01_90.npy,The male blue wildebeest stands still as a gimmick,3
SOURCE_OR_ACTION_ARTIFACT,train,animo4d_L4_safe,animo4d_official_text,present,PZ_Blue_Wildebeest_Male_blue_wildebeest_male__animationnotmotionextractedfighting_manisetd2a075ad__blue_wildebeest_male_standgimmick01_170.npy,The male blue wildebeest stands still as a gimmick,3
SOURCE_OR_ACTION_ARTIFACT,train,animo4d_L4_safe,animo4d_official_text,present,PZ_Blue_Wildebeest_Male_blue_wildebeest_male__animationnotmotionextractedlocomotion_maniset6d913493__blue_wildebeest_male_standgimmick01_255.npy,The male blue wildebeest stands still as a gimmick,3
SOURCE_OR_ACTION_ARTIFACT;LOW_SEMANTIC_TEMPLATE,train,animo4d_L4_safe,animo4d_official_text,present,PZ_Bongo_Female_bongo_female__animationnotmotionextractedbehaviour_manisetb4c57a27__bongo_female_standgimmick01_78.npy,The female bongo stands still as a gimmick,3
SOURCE_OR_ACTION_ARTIFACT;LOW_SEMANTIC_TEMPLATE,train,animo4d_L4_safe,animo4d_official_text,present,PZ_Bongo_Female_bongo_female__animationnotmotionextractedfighting_maniset289da1bd__bongo_female_standgimmick01_158.npy,The female bongo stands still as part of her gimmick,3
SOURCE_OR_ACTION_ARTIFACT;LOW_SEMANTIC_TEMPLATE,train,animo4d_L4_safe,animo4d_official_text,present,PZ_Bongo_Female_bongo_female__animationnotmotionextractedlocomotion_maniset9765e8a3__bongo_female_standgimmick01_243.npy,The female bongo stands still as part of her gimmick,3
SOURCE_OR_ACTION_ARTIFACT,train,animo4d_L4_safe,animo4d_official_text,present,PZ_Bongo_Juvenile_bongo_juvenile__animationnotmotionextractedbehaviour_maniset33e76b7f__bongo_juvenile_standgimmick01_62.npy,The juvenile bongo stands still as a gimmick,3
SOURCE_OR_ACTION_ARTIFACT;LOW_SEMANTIC_TEMPLATE,train,animo4d_L4_safe,animo4d_official_text,present,PZ_Bongo_Juvenile_bongo_juvenile__animationnotmotionextractedfighting_manisetdf635d15__bongo_juvenile_standgimmick01_135.npy,The juvenile bongo stands still as part of its gimmick,3
SOURCE_OR_ACTION_ARTIFACT;LOW_SEMANTIC_TEMPLATE,train,animo4d_L4_safe,animo4d_official_text,present,PZ_Bongo_Juvenile_bongo_juvenile__animationnotmotionextractedlocomotion_maniset66c98ffb__bongo_juvenile_standgimmick01_210.npy,The juvenile bongo stands still as part of its gimmick,3
SOURCE_OR_ACTION_ARTIFACT;LOW_SEMANTIC_TEMPLATE,train,animo4d_L4_safe,animo4d_official_text,present,PZ_Bongo_Male_bongo_male__animationnotmotionextractedbehaviour_maniset53df301c__bongo_male_standgimmick01_78.npy,The male bongo stands still as part of its gimmick,3
SOURCE_OR_ACTION_ARTIFACT,train,animo4d_L4_safe,animo4d_official_text,present,PZ_Bongo_Male_bongo_male__animationnotmotionextractedfighting_manisetea775672__bongo_male_standgimmick01_158.npy,The male bongo stands still as a gimmick,1
SOURCE_OR_ACTION_ARTIFACT;LOW_SEMANTIC_TEMPLATE,train,animo4d_L4_safe,animo4d_official_text,present,PZ_Bongo_Male_bongo_male__animationnotmotionextractedlocomotion_maniset63c4efd8__bongo_male_standgimmick01_244.npy,The male bongo stands still as part of its gimmick,3
SOURCE_OR_ACTION_ARTIFACT,train,animo4d_L4_safe,animo4d_official_text,present,PZ_Capuchin_Monkey_Female_capuchin_monkey_female__animationnotmotionextractedbehaviour_manisetdac91809__capuchin_monkey_female_gimmick_115.npy,The female capuchin monkey performs a clever gimmick,3
SOURCE_OR_ACTION_ARTIFACT,train,animo4d_L4_safe,animo4d_official_text,present,PZ_Capuchin_Monkey_Female_capuchin_monkey_female__animationnotmotionextractedfighting_manisetfbfc5f1f__capuchin_monkey_female_gimmick_209.npy,The female capuchin monkey performs a playful gimmick,3
SOURCE_OR_ACTION_ARTIFACT,train,animo4d_L4_safe,animo4d_official_text,present,PZ_Capuchin_Monkey_Female_capuchin_monkey_female__animationnotmotionextractedlocomotion_maniset4cc88705__capuchin_monkey_female_gimmick_320.npy,The female capuchin monkey performs a clever gimmick,3
SOURCE_OR_ACTION_ARTIFACT;LOW_SEMANTIC_TEMPLATE,train,animo4d_L4_safe,animo4d_official_text,present,PZ_Capuchin_Monkey_Juvenile_capuchin_monkey_juvenile__animationnotmotionextractedbehaviour_manisete94a09e1__capuchin_monkey_juvenile_gimmick_105.npy,The juvenile capuchin monkey performs a playful gimmick by jumping and then somersaulting,3
SOURCE_OR_ACTION_ARTIFACT;LOW_SEMANTIC_TEMPLATE,train,animo4d_L4_safe,animo4d_official_text,present,PZ_Capuchin_Monkey_Juvenile_capuchin_monkey_juvenile__animationnotmotionextractedfighting_maniset566faf7__capuchin_monkey_juvenile_gimmick_200.npy,The juvenile capuchin monkey performs a playful gimmick by jumping and then somersaulting,3
SOURCE_OR_ACTION_ARTIFACT,train,animo4d_L4_safe,animo4d_official_text,present,PZ_Capuchin_Monkey_Juvenile_capuchin_monkey_juvenile__animationnotmotionextractedlocomotion_manisetff4d4edd__capuchin_monkey_juvenile_gimmick_318.npy,The juvenile capuchin monkey performs a playful gimmick,3
SOURCE_OR_ACTION_ARTIFACT,train,animo4d_L4_safe,animo4d_official_text,present,PZ_Capuchin_Monkey_Male_capuchin_monkey_male__animationnotmotionextractedfighting_manisetf2e35354__capuchin_monkey_male_gimmick_260.npy,The male capuchin monkey performs a playful gimmick,3
SOURCE_OR_ACTION_ARTIFACT,train,animo4d_L4_safe,animo4d_official_text,present,PZ_Capuchin_Monkey_Male_capuchin_monkey_male__animationnotmotionextractedlocomotion_maniset89c88dba__capuchin_monkey_male_gimmick_368.npy,The male capuchin monkey performs a clever gimmick,3
SOURCE_OR_ACTION_ARTIFACT;LOW_SEMANTIC_TEMPLATE,train,animo4d_L4_safe,animo4d_official_text,present,PZ_Chinese_Pangolin_Female_chinese_pangolin_female__animationnotmotionextractedbehaviour_maniset56739708__chinese_pangolin_female_standgimmick01_62.npy,The female Chinese pangolin stands still as a protective gimmick,3
SOURCE_OR_ACTION_ARTIFACT,train,animo4d_L4_safe,animo4d_official_text,present,PZ_Chinese_Pangolin_Female_chinese_pangolin_female__animationnotmotionextractedlocomotion_maniset5d0ec1c4__chinese_pangolin_female_standgimmick01_130.npy,The female Chinese pangolin stands still as a protective gimmick,3
SOURCE_OR_ACTION_ARTIFACT,train,animo4d_L4_safe,animo4d_official_text,present,PZ_Common_Warthog_Female_common_warthog_female__animationnotmotionextractedbehaviour_maniset31dd1454__common_warthog_female_standgimmick01_74.npy,The female common warthog stands still as a gimmick,3
SOURCE_OR_ACTION_ARTIFACT;LOW_SEMANTIC_TEMPLATE,train,animo4d_L4_safe,animo4d_official_text,present,PZ_Common_Warthog_Female_common_warthog_female__animationnotmotionextractedfighting_maniset18beccaa__common_warthog_female_standgimmick01_156.npy,The female common warthog stands still as a gimmick,3
SOURCE_OR_ACTION_ARTIFACT;LOW_SEMANTIC_TEMPLATE,train,animo4d_L4_safe,animo4d_official_text,present,PZ_Common_Warthog_Female_common_warthog_female__animationnotmotionextractedlocomotion_manisetb8ccc210__common_warthog_female_standgimmick01_243.npy,The female common warthog stands still and then performs a playful gimmick,3
SOURCE_OR_ACTION_ARTIFACT,train,animo4d_L4_safe,animo4d_official_text,present,PZ_Common_Warthog_Juvenile_common_warthog_juvenile__animationnotmotionextractedbehaviour_maniset554e44ec__common_warthog_juvenile_standgimmick01_77.npy,The juvenile common warthog stands still and then performs a playful gimmick,3
SOURCE_OR_ACTION_ARTIFACT,train,animo4d_L4_safe,animo4d_official_text,present,PZ_Common_Warthog_Juvenile_common_warthog_juvenile__animationnotmotionextractedfighting_maniset5c7af742__common_warthog_juvenile_standgimmick01_157.npy,The juvenile common warthog stands still and then performs a playful gimmick,3
SOURCE_OR_ACTION_ARTIFACT,train,animo4d_L4_safe,animo4d_official_text,present,PZ_Common_Warthog_Juvenile_common_warthog_juvenile__animationnotmotionextractedlocomotion_maniset7d4c78a8__common_warthog_juvenile_standgimmick01_242.npy,The juvenile common warthog stands still and then performs a playful gimmick,3
SOURCE_OR_ACTION_ARTIFACT;LOW_SEMANTIC_TEMPLATE,train,animo4d_L4_safe,animo4d_official_text,present,PZ_Common_Warthog_Male_common_warthog_male__animationnotmotionextractedbehaviour_maniset44005b09__common_warthog_male_standgimmick01_64.npy,The male common warthog stands still as a gimmick,3
SOURCE_OR_ACTION_ARTIFACT,train,animo4d_L4_safe,animo4d_official_text,present,PZ_Common_Warthog_Male_common_warthog_male__animationnotmotionextractedfighting_maniset1886e21f__common_warthog_male_standgimmick01_135.npy,The male common warthog stands still as a gimmick,3
SOURCE_OR_ACTION_ARTIFACT,train,animo4d_L4_safe,animo4d_official_text,present,PZ_Common_Warthog_Male_common_warthog_male__animationnotmotionextractedlocomotion_manisete0dc8a05__common_warthog_male_standgimmick01_211.npy,The male common warthog stands still as a gimmick,3
SOURCE_OR_ACTION_ARTIFACT;LOW_SEMANTIC_TEMPLATE,train,animo4d_L4_safe,animo4d_official_text,present,PZ_Dall_Sheep_Female_dall_sheep_female__animationnotmotionextractedbehaviour_manisetdbd9e2c0__dall_sheep_female_standgimmick01_82.npy,The female Dall sheep stands still as part of a playful gimmick,3
SOURCE_OR_ACTION_ARTIFACT,train,animo4d_L4_safe,animo4d_official_text,present,PZ_Dall_Sheep_Female_dall_sheep_female__animationnotmotionextractedfighting_manisetf21d1016__dall_sheep_female_standgimmick01_161.npy,The female Dall sheep stands still as a gimmick,3
SOURCE_OR_ACTION_ARTIFACT;LOW_SEMANTIC_TEMPLATE,train,animo4d_L4_safe,animo4d_official_text,present,PZ_Dall_Sheep_Female_dall_sheep_female__animationnotmotionextractedlocomotion_manisetd536db7c__dall_sheep_female_standgimmick01_245.npy,The female Dall sheep stands still as a gimmick,3
SOURCE_OR_ACTION_ARTIFACT,train,animo4d_L4_safe,animo4d_official_text,present,PZ_Dall_Sheep_Juvenile_dall_sheep_juvenile__animationnotmotionextractedbehaviour_maniset71b85e58__dall_sheep_juvenile_standgimmick01_87.npy,The juvenile Dall sheep stands still as a gimmick,3
SOURCE_OR_ACTION_ARTIFACT;LOW_SEMANTIC_TEMPLATE,train,animo4d_L4_safe,animo4d_official_text,present,PZ_Dall_Sheep_Juvenile_dall_sheep_juvenile__animationnotmotionextractedfighting_maniset677c5ae__dall_sheep_juvenile_standgimmick01_167.npy,The juvenile Dall sheep stands still and then performs a playful gimmick,3
SOURCE_OR_ACTION_ARTIFACT,train,animo4d_L4_safe,animo4d_official_text,present,PZ_Dall_Sheep_Juvenile_dall_sheep_juvenile__animationnotmotionextractedlocomotion_maniset5ca29d14__dall_sheep_juvenile_standgimmick01_252.npy,The juvenile Dall sheep stands still as a gimmick,3
SOURCE_OR_ACTION_ARTIFACT;LOW_SEMANTIC_TEMPLATE,train,animo4d_L4_safe,animo4d_official_text,present,PZ_Dall_Sheep_Male_dall_sheep_male__animationnotmotionextractedbehaviour_maniset1d5e9e75__dall_sheep_male_standgimmick01_82.npy,The male Dall sheep stands still as a gimmick,3
SOURCE_OR_ACTION_ARTIFACT,train,animo4d_L4_safe,animo4d_official_text,present,PZ_Dall_Sheep_Male_dall_sheep_male__animationnotmotionextractedfighting_maniset80655a8b__dall_sheep_male_standgimmick01_159.npy,The male Dall sheep stands still as a gimmick,3
SOURCE_OR_ACTION_ARTIFACT;LOW_SEMANTIC_TEMPLATE,train,animo4d_L4_safe,animo4d_official_text,present,PZ_Dall_Sheep_Male_dall_sheep_male__animationnotmotionextractedlocomotion_maniset8ad95871__dall_sheep_male_standgimmick01_240.npy,The male Dall sheep stands still as part of its survival gimmick,3
SOURCE_OR_ACTION_ARTIFACT;LOW_SEMANTIC_TEMPLATE,train,animo4d_L4_safe,animo4d_official_text,present,PZ_Dama_Gazelle_Female_dama_gazelle_female__animationnotmotionextractedbehaviour_manisetfbf731be__dama_gazelle_female_standgimmick01_76.npy,The female dama gazelle stands still as a clever gimmick,3
SOURCE_OR_ACTION_ARTIFACT,train,animo4d_L4_safe,animo4d_official_text,present,PZ_Dama_Gazelle_Female_dama_gazelle_female__animationnotmotionextractedfighting_maniset13fe8794__dama_gazelle_female_standgimmick01_155.npy,The female dama gazelle stands still as a gimmick,3
SOURCE_OR_ACTION_ARTIFACT;LOW_SEMANTIC_TEMPLATE,train,animo4d_L4_safe,animo4d_official_text,present,PZ_Dama_Gazelle_Female_dama_gazelle_female__animationnotmotionextractedlocomotion_maniset71e3e1fa__dama_gazelle_female_standgimmick01_240.npy,The female dama gazelle stands still as a gimmick,3
SOURCE_OR_ACTION_ARTIFACT;LOW_SEMANTIC_TEMPLATE,train,animo4d_L4_safe,animo4d_official_text,present,PZ_Dama_Gazelle_Juvenile_dama_gazelle_juvenile__animationnotmotionextractedbehaviour_manisete6564d6__dama_gazelle_juvenile_standgimmick01_75.npy,The juvenile dama gazelle stands still as a gimmick,3
SOURCE_OR_ACTION_ARTIFACT;LOW_SEMANTIC_TEMPLATE,train,animo4d_L4_safe,animo4d_official_text,present,PZ_Dama_Gazelle_Juvenile_dama_gazelle_juvenile__animationnotmotionextractedfighting_maniset269514ac__dama_gazelle_juvenile_standgimmick01_151.npy,The juvenile dama gazelle stands still as a gimmick,3
SOURCE_OR_ACTION_ARTIFACT;LOW_SEMANTIC_TEMPLATE,train,animo4d_L4_safe,animo4d_official_text,present,PZ_Dama_Gazelle_Juvenile_dama_gazelle_juvenile__animationnotmotionextractedlocomotion_manisetd8ab3b12__dama_gazelle_juvenile_standgimmick01_232.npy,The juvenile dama gazelle stands still as a gimmick,3
SOURCE_OR_ACTION_ARTIFACT;LOW_SEMANTIC_TEMPLATE,train,animo4d_L4_safe,animo4d_official_text,present,PZ_Dama_Gazelle_Male_dama_gazelle_male__animationnotmotionextractedbehaviour_maniset3f4015f3__dama_gazelle_male_standgimmick01_77.npy,The male dama gazelle stands still as a gimmick,3
SOURCE_OR_ACTION_ARTIFACT;LOW_SEMANTIC_TEMPLATE,train,animo4d_L4_safe,animo4d_official_text,present,PZ_Dama_Gazelle_Male_dama_gazelle_male__animationnotmotionextractedfighting_manisetbbe6da89__dama_gazelle_male_standgimmick01_158.npy,The male dama gazelle stands still as a gimmick,3
SOURCE_OR_ACTION_ARTIFACT;LOW_SEMANTIC_TEMPLATE,train,animo4d_L4_safe,animo4d_official_text,present,PZ_Dama_Gazelle_Male_dama_gazelle_male__animationnotmotionextractedlocomotion_manisetaaf6a76f__dama_gazelle_male_standgimmick01_245.npy,The male dama gazelle stands still as a gimmick,3
SOURCE_OR_ACTION_ARTIFACT;LOW_SEMANTIC_TEMPLATE,train,animo4d_L4_safe,animo4d_official_text,present,PZ_Dhole_Female_dhole_female__animationmotionextractedbehaviour_maniset47dd3505__dhole_female_standgimmick_1.npy,The female dhole stands still as part of her gimmick,3
SOURCE_OR_ACTION_ARTIFACT;LOW_SEMANTIC_TEMPLATE,train,animo4d_L4_safe,animo4d_official_text,present,PZ_Dhole_Female_dhole_female__animationmotionextractedfighting_manisetc8b3eadb__dhole_female_standgimmick_9.npy,The female dhole stands still and then performs a playful gimmick,3
SOURCE_OR_ACTION_ARTIFACT,train,animo4d_L4_safe,animo4d_official_text,present,PZ_Dhole_Female_dhole_female__animationmotionextractedlocomotion_manisetca6f5e1__dhole_female_standgimmick_24.npy,The female dhole stands still as a gimmick,3
SOURCE_OR_ACTION_ARTIFACT;LOW_SEMANTIC_TEMPLATE,train,animo4d_L4_safe,animo4d_official_text,present,PZ_Dhole_Female_dhole_female__animationnotmotionextractedbehaviour_manisetf6d5c7c7__dhole_female_standgimmick_92.npy,The female dhole stands still and then performs a playful gimmick,3
SOURCE_OR_ACTION_ARTIFACT;LOW_SEMANTIC_TEMPLATE,train,animo4d_L4_safe,animo4d_official_text,present,PZ_Dhole_Female_dhole_female__animationnotmotionextractedfighting_manisetd0fe075d__dhole_female_standgimmick_169.npy,The female dhole stands still and then performs a playful gimmick,3
SOURCE_OR_ACTION_ARTIFACT;LOW_SEMANTIC_TEMPLATE,train,animo4d_L4_safe,animo4d_official_text,present,PZ_Dhole_Female_dhole_female__animationnotmotionextractedlocomotion_maniset9ec01e43__dhole_female_standgimmick_253.npy,The female dhole stands still and then performs a playful gimmick,3
SOURCE_OR_ACTION_ARTIFACT;LOW_SEMANTIC_TEMPLATE,train,animo4d_L4_safe,animo4d_official_text,present,PZ_Dhole_Male_dhole_male__animationmotionextractedbehaviour_maniset8014ef3a__dhole_male_standgimmick_1.npy,The male dhole stands still as part of his gimmick,3
SOURCE_OR_ACTION_ARTIFACT;LOW_SEMANTIC_TEMPLATE,train,animo4d_L4_safe,animo4d_official_text,present,PZ_Dhole_Male_dhole_male__animationmotionextractedlocomotion_maniset31b61156__dhole_male_standgimmick_13.npy,The male dhole stands still as part of its hunting gimmick,3
SOURCE_OR_ACTION_ARTIFACT;LOW_SEMANTIC_TEMPLATE,train,animo4d_L4_safe,animo4d_official_text,present,PZ_Dhole_Male_dhole_male__animationnotmotionextractedbehaviour_manisetfc3f95bc__dhole_male_standgimmick_54.npy,The male dhole stands still as a gimmick,3
SOURCE_OR_ACTION_ARTIFACT;LOW_SEMANTIC_TEMPLATE,train,animo4d_L4_safe,animo4d_official_text,present,PZ_Dhole_Male_dhole_male__animationnotmotionextractedfighting_maniset7641d412__dhole_male_standgimmick_84.npy,The male dhole stands still as part of its hunting gimmick,3
SOURCE_OR_ACTION_ARTIFACT;LOW_SEMANTIC_TEMPLATE,train,animo4d_L4_safe,animo4d_official_text,present,PZ_Dhole_Male_dhole_male__animationnotmotionextractedlocomotion_maniseta5d53d78__dhole_male_standgimmick_112.npy,The male dhole stands still as a gimmick,3
SOURCE_OR_ACTION_ARTIFACT,train,animo4d_L4_safe,animo4d_official_text,present,PZ_Dingo_Female_dingo_female__animationnotmotionextractedbehaviour_manisetfec92b4f__dingo_female_standgimmick_35.npy,The female dingo stands still as a gimmick,3
SOURCE_OR_ACTION_ARTIFACT;LOW_SEMANTIC_TEMPLATE,train,animo4d_L4_safe,animo4d_official_text,present,PZ_Dingo_Male_dingo_male__animationmotionextractedbehaviour_maniset7dc14ac2__dingo_male_standgimmick_1.npy,The male dingo stands still as part of its gimmick,3
SOURCE_OR_ACTION_ARTIFACT;LOW_SEMANTIC_TEMPLATE,train,animo4d_L4_safe,animo4d_official_text,present,PZ_Dingo_Male_dingo_male__animationmotionextractedfighting_manisetba2d6d58__dingo_male_standgimmick_5.npy,The male dingo stands still as part of its gimmick,3
SOURCE_OR_ACTION_ARTIFACT;LOW_SEMANTIC_TEMPLATE,train,animo4d_L4_safe,animo4d_official_text,present,PZ_Dingo_Male_dingo_male__animationnotmotionextractedfighting_manisete240b39a__dingo_male_standgimmick_101.npy,The male dingo stands still as part of its playful gimmick,3
SOURCE_OR_ACTION_ARTIFACT;LOW_SEMANTIC_TEMPLATE,train,animo4d_L4_safe,animo4d_official_text,present,PZ_Dingo_Male_dingo_male__animationnotmotionextractedlocomotion_manisetadc8a100__dingo_male_standgimmick_147.npy,The male dingo stands still as part of a playful gimmick,3
SOURCE_OR_ACTION_ARTIFACT,train,animo4d_L4_safe,animo4d_official_text,present,PZ_Dromedary_Camel_Female_dromedary_camel_female__animationnotmotionextractedbehaviour_maniset7d2ba7d6__dromedary_camel_female_standgimmick01_59.npy,The female dromedary camel stands still as a gimmick,3
SOURCE_OR_ACTION_ARTIFACT,train,animo4d_L4_safe,animo4d_official_text,present,PZ_Dromedary_Camel_Female_dromedary_camel_female__animationnotmotionextractedfighting_maniset98ee97ac__dromedary_camel_female_standgimmick01_114.npy,The female dromedary camel stands still as a gimmick,3
SOURCE_OR_ACTION_ARTIFACT,train,animo4d_L4_safe,animo4d_official_text,present,PZ_Dromedary_Camel_Female_dromedary_camel_female__animationnotmotionextractedlocomotion_maniset120e3e12__dromedary_camel_female_standgimmick01_171.npy,The female dromedary camel stands still as a gimmick,3
SOURCE_OR_ACTION_ARTIFACT,train,animo4d_L4_safe,animo4d_official_text,present,PZ_Dromedary_Camel_Juvenile_dromedary_camel_juvenile__animationnotmotionextractedbehaviour_manisetae8fc0ee__dromedary_camel_juvenile_standgimmick01_38.npy,The juvenile dromedary camel stands still as a playful gimmick,3
SOURCE_OR_ACTION_ARTIFACT,train,animo4d_L4_safe,animo4d_official_text,present,PZ_Dromedary_Camel_Male_dromedary_camel_male__animationnotmotionextractedbehaviour_manisetc430260b__dromedary_camel_male_standgimmick01_92.npy,The male dromedary camel stands still as a gimmick,3
SOURCE_OR_ACTION_ARTIFACT,train,animo4d_L4_safe,animo4d_official_text,present,PZ_Dromedary_Camel_Male_dromedary_camel_male__animationnotmotionextractedfighting_manisetce404a1__dromedary_camel_male_standgimmick01_164.npy,The male dromedary camel stands still and then performs a playful gimmick,3
SOURCE_OR_ACTION_ARTIFACT,train,animo4d_L4_safe,animo4d_official_text,present,PZ_Dromedary_Camel_Male_dromedary_camel_male__animationnotmotionextractedlocomotion_maniset2c2b1d87__dromedary_camel_male_standgimmick01_229.npy,The male dromedary camel stands still as a gimmick,3
SOURCE_OR_ACTION_ARTIFACT,train,animo4d_L4_safe,animo4d_official_text,present,PZ_European_Badger_Male_european_badger_male__animationnotmotionextractedfighting_maniset3a01bbfb__european_badger_male_gimmick_160.npy,The male European badger performs a playful gimmick by rolling around in the grass,3
SOURCE_OR_ACTION_ARTIFACT,train,animo4d_L4_safe,animo4d_official_text,present,PZ_European_Fallow_Deer_Female_european_fallow_deer_female__animationnotmotionextractedbehaviour_maniset7f7f2c09__european_fallow_deer_female_standgimmick01_81.npy,The female fallow deer stands still as a gimmick,3
SOURCE_OR_ACTION_ARTIFACT,train,animo4d_L4_safe,animo4d_official_text,present,PZ_European_Fallow_Deer_Female_european_fallow_deer_female__animationnotmotionextractedfighting_maniset141d731f__european_fallow_deer_female_standgimmick01_158.npy,The female fallow deer stands still as a gimmick,1
SOURCE_OR_ACTION_ARTIFACT;LOW_SEMANTIC_TEMPLATE,train,animo4d_L4_safe,animo4d_official_text,present,PZ_European_Fallow_Deer_Juvenile_european_fallow_deer_juvenile__animationnotmotionextractedbehaviour_maniset93d51de1__european_fallow_deer_juvenile_standgimmick01_85.npy,The juvenile fallow deer stands still as a gimmick,3
SOURCE_OR_ACTION_ARTIFACT,train,animo4d_L4_safe,animo4d_official_text,present,PZ_European_Fallow_Deer_Juvenile_european_fallow_deer_juvenile__animationnotmotionextractedfighting_manisetaa1d0ef7__european_fallow_deer_juvenile_standgimmick01_163.npy,The juvenile fallow deer stands still as a gimmick,3
SOURCE_OR_ACTION_ARTIFACT,train,animo4d_L4_safe,animo4d_official_text,present,PZ_European_Fallow_Deer_Juvenile_european_fallow_deer_juvenile__animationnotmotionextractedlocomotion_maniset78ed62dd__european_fallow_deer_juvenile_standgimmick01_249.npy,The juvenile fallow deer stands still as a gimmick,3
SOURCE_OR_ACTION_ARTIFACT,train,animo4d_L4_safe,animo4d_official_text,present,PZ_European_Fallow_Deer_Male_european_fallow_deer_male__animationnotmotionextractedfighting_maniseta7af6754__european_fallow_deer_male_standgimmick01_99.npy,The male fallow deer stands still as a gimmick,3
SOURCE_OR_ACTION_ARTIFACT;LOW_SEMANTIC_TEMPLATE,train,animo4d_L4_safe,animo4d_official_text,present,PZ_Fennec_Fox_Juvenile_fennec_fox_juvenile__animationmotionextractedbehaviour_manisetaf81891c__fennec_fox_juvenile_gimmick01_1.npy,The juvenile fennec fox jumps and then rolls around playfully,3
SOURCE_OR_ACTION_ARTIFACT;LOW_SEMANTIC_TEMPLATE,train,animo4d_L4_safe,animo4d_official_text,present,PZ_Fennec_Fox_Juvenile_fennec_fox_juvenile__animationmotionextractedlocomotion_maniseteeb0abb8__fennec_fox_juvenile_gimmick01_3.npy,The juvenile fennec fox performs a playful gimmick by leaping and then rolling over,3
SOURCE_OR_ACTION_ARTIFACT;LOW_SEMANTIC_TEMPLATE,train,animo4d_L4_safe,animo4d_official_text,present,PZ_Fennec_Fox_Juvenile_fennec_fox_juvenile__animationnotmotionextractedbehaviour_maniset8fe4911e__fennec_fox_juvenile_gimmick01_33.npy,The juvenile fennec fox performs a playful gimmick by hopping and then rolling over,3
SOURCE_OR_ACTION_ARTIFACT;LOW_SEMANTIC_TEMPLATE,train,animo4d_L4_safe,animo4d_official_text,present,PZ_Fennec_Fox_Juvenile_fennec_fox_juvenile__animationnotmotionextractedlocomotion_manisetb6a6995a__fennec_fox_juvenile_gimmick01_76.npy,The juvenile fennec fox performs a playful gimmick by leaping and then rolling over,3
SOURCE_OR_ACTION_ARTIFACT,train,animo4d_L4_safe,animo4d_official_text,present,PZ_Fossa_Juvenile_fossa_juvenile__animationnotmotionextractedbehaviour_maniset1a47fc65__fossa_juvenile_gimmick_180.npy,The juvenile fossa performs a playful gimmick by leaping and twisting in midair,3
SOURCE_OR_ACTION_ARTIFACT;LOW_SEMANTIC_TEMPLATE,train,animo4d_L4_safe,animo4d_official_text,present,PZ_Fossa_Juvenile_fossa_juvenile__animationnotmotionextractedfighting_maniset927e7c7b__fossa_juvenile_gimmick_326.npy,The juvenile fossa performs a playful gimmick by leaping and twisting in midair,3
SOURCE_OR_ACTION_ARTIFACT,train,animo4d_L4_safe,animo4d_official_text,present,PZ_Fossa_Male_fossa_male__animationmotionextractedfighting_manisetc4b45616__fossa_male_gimmick_133.npy,The male fossa performs a playful gimmick,3
SOURCE_OR_ACTION_ARTIFACT,train,animo4d_L4_safe,animo4d_official_text,present,PZ_Fossa_Male_fossa_male__animationmotionextractedlocomotion_maniset9d10869c__fossa_male_gimmick_234.npy,The male fossa performs a playful gimmick by leaping and twisting in the air,3
SOURCE_OR_ACTION_ARTIFACT,train,animo4d_L4_safe,animo4d_official_text,present,PZ_Fossa_Male_fossa_male__animationnotmotionextractedbehaviour_manisetcebf3e02__fossa_male_gimmick_469.npy,The male fossa performs a playful gimmick by leaping and twisting in midair,3
SOURCE_OR_ACTION_ARTIFACT,train,animo4d_L4_safe,animo4d_official_text,present,PZ_Fossa_Male_fossa_male__animationnotmotionextractedfighting_maniset220eb2d8__fossa_male_gimmick_717.npy,The male fossa performs a playful gimmick by leaping and twisting in midair,3
SOURCE_OR_ACTION_ARTIFACT,train,animo4d_L4_safe,animo4d_official_text,present,PZ_Fossa_Male_fossa_male__animationnotmotionextractedlocomotion_maniset16e00f3e__fossa_male_gimmick_860.npy,The male fossa performs a playful gimmick,3
SOURCE_OR_ACTION_ARTIFACT;LOW_SEMANTIC_TEMPLATE,train,animo4d_L4_safe,animo4d_official_text,present,PZ_Gemsbok_Female_gemsbok_female__animationnotmotionextractedbehaviour_maniset72231e8d__gemsbok_female_standgimmick01_40.npy,The female gemsbok stands still as a gimmick,3
SOURCE_OR_ACTION_ARTIFACT,train,animo4d_L4_safe,animo4d_official_text,present,PZ_Gemsbok_Female_gemsbok_female__animationnotmotionextractedfighting_manisetc15af4a3__gemsbok_female_standgimmick01_85.npy,The female gemsbok stands still as a clever gimmick,3
SOURCE_OR_ACTION_ARTIFACT,train,animo4d_L4_safe,animo4d_official_text,present,PZ_Gemsbok_Female_gemsbok_female__animationnotmotionextractedlocomotion_maniset22be3e89__gemsbok_female_standgimmick01_122.npy,The female gemsbok stands still as a clever gimmick,3
SOURCE_OR_ACTION_ARTIFACT,train,animo4d_L4_safe,animo4d_official_text,present,PZ_Gemsbok_Male_gemsbok_male__animationnotmotionextractedbehaviour_manisetec9c8302__gemsbok_male_standgimmick01_43.npy,The male gemsbok stands still as a gimmick,3
SOURCE_OR_ACTION_ARTIFACT,train,animo4d_L4_safe,animo4d_official_text,present,PZ_Gemsbok_Male_gemsbok_male__animationnotmotionextractedfighting_maniset2dd6b7d8__gemsbok_male_standgimmick01_98.npy,The male gemsbok stands still as a clever gimmick,3
SOURCE_OR_ACTION_ARTIFACT,train,animo4d_L4_safe,animo4d_official_text,present,PZ_Gemsbok_Male_gemsbok_male__animationnotmotionextractedlocomotion_maniset2122943e__gemsbok_male_standgimmick01_146.npy,The male gemsbok stands still as a gimmick,3
SOURCE_OR_ACTION_ARTIFACT;LOW_SEMANTIC_TEMPLATE,train,animo4d_L4_safe,animo4d_official_text,present,PZ_Giant_Anteater_Female_giant_anteater_female__animationnotmotionextractedbehaviour_maniset496f8e6a__giant_anteater_female_standgimmick01_53.npy,The female giant anteater stands still as part of her gimmick,3
SOURCE_OR_ACTION_ARTIFACT,train,animo4d_L4_safe,animo4d_official_text,present,PZ_Giant_Anteater_Female_giant_anteater_female__animationnotmotionextractedfighting_manisetd41fc940__giant_anteater_female_standgimmick01_128.npy,The female giant anteater stands still as a gimmick,3
SOURCE_OR_ACTION_ARTIFACT;LOW_SEMANTIC_TEMPLATE,train,animo4d_L4_safe,animo4d_official_text,present,PZ_Giant_Anteater_Female_giant_anteater_female__animationnotmotionextractedlocomotion_manisetfee619a6__giant_anteater_female_standgimmick01_212.npy,The female giant anteater stands still as part of her gimmick,3
SOURCE_OR_ACTION_ARTIFACT;LOW_SEMANTIC_TEMPLATE,train,animo4d_L4_safe,animo4d_official_text,present,PZ_Giant_Anteater_Juvenile_giant_anteater_juvenile__animationnotmotionextractedfighting_maniset740d7158__giant_anteater_juvenile_standgimmick01_119.npy,The juvenile giant anteater stands still as part of its gimmick,3
SOURCE_OR_ACTION_ARTIFACT,train,animo4d_L4_safe,animo4d_official_text,present,PZ_Giant_Anteater_Juvenile_giant_anteater_juvenile__animationnotmotionextractedlocomotion_manisetaf1a0dbe__giant_anteater_juvenile_standgimmick01_183.npy,The juvenile giant anteater stands still as a gimmick,3
SOURCE_OR_ACTION_ARTIFACT;LOW_SEMANTIC_TEMPLATE,train,animo4d_L4_safe,animo4d_official_text,present,PZ_Giant_Anteater_Male_giant_anteater_male__animationnotmotionextractedbehaviour_manisetff61579f__giant_anteater_male_standgimmick01_26.npy,The male giant anteater stands still as part of its gimmick,3
SOURCE_OR_ACTION_ARTIFACT;LOW_SEMANTIC_TEMPLATE,train,animo4d_L4_safe,animo4d_official_text,present,PZ_Giant_Anteater_Male_giant_anteater_male__animationnotmotionextractedfighting_manisetf533c135__giant_anteater_male_standgimmick01_57.npy,The male giant anteater stands still as part of its gimmick,3
SOURCE_OR_ACTION_ARTIFACT,train,animo4d_L4_safe,animo4d_official_text,present,PZ_Giant_Otter_Female_giant_otter_female__animationnotmotionextractedbehaviour_manisetbe373322__giant_otter_female_gimmick_53.npy,The female giant otter performs a playful gimmick by diving into the water and then emerging with a fish,3
SOURCE_OR_ACTION_ARTIFACT,train,animo4d_L4_safe,animo4d_official_text,present,PZ_Giant_Otter_Juvenile_giant_otter_juvenile__animationnotmotionextractedlocomotion_manisetd4154e76__giant_otter_juvenile_gimmick_103.npy,The juvenile giant otter performs a playful gimmick by diving and then surfacing with a splash,3
SOURCE_OR_ACTION_ARTIFACT,train,animo4d_L4_safe,animo4d_official_text,present,PZ_Giant_Otter_Male_giant_otter_male__animationnotmotionextractedbehaviour_maniset2e086e57__giant_otter_male_gimmick_38.npy,The male giant otter performs a playful gimmick by flipping and splashing in the water,3
SOURCE_OR_ACTION_ARTIFACT;LOW_SEMANTIC_TEMPLATE,train,animo4d_L4_safe,animo4d_official_text,present,PZ_Giant_Panda_Juvenile_giant_panda_juvenile__animationnotmotionextractedlocomotion_manisetefd9d5b4__giant_panda_juvenile_standgimmick01_208.npy,The juvenile giant panda stands still as part of its playful gimmick,3
SOURCE_OR_ACTION_ARTIFACT,train,animo4d_L4_safe,animo4d_official_text,present,PZ_Gray_Wolf_Female_gray_wolf_female__animationnotmotionextractedbehaviour_maniset1597513e__gray_wolf_female_standgimmick01_71.npy,The female gray wolf stands still as a gimmick,3
SOURCE_OR_ACTION_ARTIFACT,train,animo4d_L4_safe,animo4d_official_text,present,PZ_Gray_Wolf_Female_gray_wolf_female__animationnotmotionextractedfighting_manisete010c714__gray_wolf_female_standgimmick01_133.npy,The female gray wolf stands still as a gimmick,3
SOURCE_OR_ACTION_ARTIFACT;LOW_SEMANTIC_TEMPLATE,train,animo4d_L4_safe,animo4d_official_text,present,PZ_Gray_Wolf_Male_gray_wolf_male__animationnotmotionextractedbehaviour_manisetb525573__gray_wolf_male_standgimmick01_59.npy,The male gray wolf stands still as part of a gimmick,3
SOURCE_OR_ACTION_ARTIFACT,train,animo4d_L4_safe,animo4d_official_text,present,PZ_Gray_Wolf_Male_gray_wolf_male__animationnotmotionextractedfighting_manisetb7633a09__gray_wolf_male_standgimmick01_117.npy,The male gray wolf stands still as a gimmick,3
SOURCE_OR_ACTION_ARTIFACT,train,animo4d_L4_safe,animo4d_official_text,present,PZ_Highland_Cattle_Female_highland_cattle_female__animationnotmotionextractedfighting_manisetb462268a__highland_cattle_female_standgimmick01_114.npy,The female highland cattle stands still as a gimmick,3
SOURCE_OR_ACTION_ARTIFACT;LOW_SEMANTIC_TEMPLATE,train,animo4d_L4_safe,animo4d_official_text,present,PZ_Highland_Cattle_Female_highland_cattle_female__animationnotmotionextractedlocomotion_manisetc84a0bf0__highland_cattle_female_standgimmick01_144.npy,The female highland cattle stands still as part of her gimmick,3
SOURCE_OR_ACTION_ARTIFACT,train,animo4d_L4_safe,animo4d_official_text,present,PZ_Highland_Cattle_Juvenile_highland_cattle_juvenile__animationnotmotionextractedbehaviour_maniset64cb8ecc__highland_cattle_juvenile_standgimmick01_21.npy,The juvenile highland cattle stands still as a gimmick,3
SOURCE_OR_ACTION_ARTIFACT,train,animo4d_L4_safe,animo4d_official_text,present,PZ_Highland_Cattle_Juvenile_highland_cattle_juvenile__animationnotmotionextractedlocomotion_maniset6143ba88__highland_cattle_juvenile_standgimmick01_94.npy,The juvenile highland cattle stands still as a gimmick,3
SOURCE_OR_ACTION_ARTIFACT;LOW_SEMANTIC_TEMPLATE,train,animo4d_L4_safe,animo4d_official_text,present,PZ_Highland_Cattle_Male_highland_cattle_male__animationnotmotionextractedbehaviour_manisetdfa3b4e9__highland_cattle_male_standgimmick01_77.npy,The male highland cattle stands still as part of its gimmick,3
SOURCE_OR_ACTION_ARTIFACT,train,animo4d_L4_safe,animo4d_official_text,present,PZ_Highland_Cattle_Male_highland_cattle_male__animationnotmotionextractedfighting_maniset55ca43ff__highland_cattle_male_standgimmick01_137.npy,The male highland cattle stands still as a gimmick,3
SOURCE_OR_ACTION_ARTIFACT;LOW_SEMANTIC_TEMPLATE,train,animo4d_L4_safe,animo4d_official_text,present,PZ_Highland_Cattle_Male_highland_cattle_male__animationnotmotionextractedlocomotion_manisetf2bddbe5__highland_cattle_male_standgimmick01_210.npy,The male highland cattle stands still as a gimmick,3
SOURCE_OR_ACTION_ARTIFACT;LOW_SEMANTIC_TEMPLATE,train,animo4d_L4_safe,animo4d_official_text,present,PZ_Hill_Radnor_Sheep_Juvenile_hill_radnor_sheep_juvenile__animationnotmotionextractedbehaviour_manisetb11247e6__hill_radnor_sheep_juvenile_standgimmick01_86.npy,The juvenile Radnor sheep stands still as part of its gimmick,3
SOURCE_OR_ACTION_ARTIFACT,train,animo4d_L4_safe,animo4d_official_text,present,PZ_Hill_Radnor_Sheep_Juvenile_hill_radnor_sheep_juvenile__animationnotmotionextractedfighting_maniseta78df3bc__hill_radnor_sheep_juvenile_standgimmick01_143.npy,The juvenile Radnor sheep stands still as a gimmick,3
SOURCE_OR_ACTION_ARTIFACT;LOW_SEMANTIC_TEMPLATE,train,animo4d_L4_safe,animo4d_official_text,present,PZ_Hippopotamus_Female_hippopotamus_female__animationnotmotionextractedfighting_maniset6e349986__hippopotamus_female_standgimmick01_158.npy,The female hippopotamus stands still as a playful gimmick,3
SOURCE_OR_ACTION_ARTIFACT;LOW_SEMANTIC_TEMPLATE,train,animo4d_L4_safe,animo4d_official_text,present,PZ_Hippopotamus_Female_hippopotamus_female__animationnotmotionextractedlocomotion_maniset3bd59cec__hippopotamus_female_standgimmick01_227.npy,The female hippopotamus stands still as a playful gimmick,3
SOURCE_OR_ACTION_ARTIFACT;LOW_SEMANTIC_TEMPLATE,train,animo4d_L4_safe,animo4d_official_text,present,PZ_Hippopotamus_Male_hippopotamus_male__animationnotmotionextractedbehaviour_maniset997627e5__hippopotamus_male_standgimmick01_136.npy,The male hippopotamus stands still as part of a gimmick,3
SOURCE_OR_ACTION_ARTIFACT,train,animo4d_L4_safe,animo4d_official_text,present,PZ_Hippopotamus_Male_hippopotamus_male__animationnotmotionextractedfighting_manisetb12bc7fb__hippopotamus_male_standgimmick01_200.npy,The male hippopotamus stands still as a playful gimmick,3
SOURCE_OR_ACTION_ARTIFACT,train,animo4d_L4_safe,animo4d_official_text,present,PZ_Indian_Elephant_Female_indian_elephant_female__animationnotmotionextractedbehaviour_manisetbfeff347__indian_elephant_female_standgimmick02_64.npy,The female Indian elephant stands still as a playful gimmick,3
SOURCE_OR_ACTION_ARTIFACT;LOW_SEMANTIC_TEMPLATE,train,animo4d_L4_safe,animo4d_official_text,present,PZ_Indian_Elephant_Female_indian_elephant_female__animationnotmotionextractedlocomotion_maniset171329c3__indian_elephant_female_standgimmick01_196.npy,The female Indian elephant stands still and then performs a playful gimmick,3
SOURCE_OR_ACTION_ARTIFACT;LOW_SEMANTIC_TEMPLATE,train,animo4d_L4_safe,animo4d_official_text,present,PZ_Indian_Elephant_Juvenile_indian_elephant_juvenile__animationnotmotionextractedbehaviour_manisetb394ac9f__indian_elephant_juvenile_standgimmick01_67.npy,The juvenile Indian elephant stands still as a playful gimmick,3
SOURCE_OR_ACTION_ARTIFACT;LOW_SEMANTIC_TEMPLATE,train,animo4d_L4_safe,animo4d_official_text,present,PZ_Indian_Elephant_Juvenile_indian_elephant_juvenile__animationnotmotionextractedbehaviour_manisetb394ac9f__indian_elephant_juvenile_standgimmick02_68.npy,The juvenile Indian elephant stands still as a playful gimmick,3
SOURCE_OR_ACTION_ARTIFACT,train,animo4d_L4_safe,animo4d_official_text,present,PZ_Indian_Elephant_Juvenile_indian_elephant_juvenile__animationnotmotionextractedlocomotion_maniset86cb991b__indian_elephant_juvenile_standgimmick01_140.npy,The juvenile Indian elephant stands still as a gimmick,3
SOURCE_OR_ACTION_ARTIFACT,train,animo4d_L4_safe,animo4d_official_text,present,PZ_Indian_Elephant_Male_indian_elephant_male__animationnotmotionextractedbehaviour_manisetf9d8e13c__indian_elephant_male_standgimmick02_62.npy,The male Indian elephant stands still as a gimmick,3
SOURCE_OR_ACTION_ARTIFACT;LOW_SEMANTIC_TEMPLATE,train,animo4d_L4_safe,animo4d_official_text,present,PZ_Indian_Elephant_Male_indian_elephant_male__animationnotmotionextractedfighting_maniset3e123f92__indian_elephant_male_standgimmick01_125.npy,The male Indian elephant stands still as a gimmick,3
SOURCE_OR_ACTION_ARTIFACT;LOW_SEMANTIC_TEMPLATE,train,animo4d_L4_safe,animo4d_official_text,present,PZ_Indian_Elephant_Male_indian_elephant_male__animationnotmotionextractedlocomotion_maniset6eef68f8__indian_elephant_male_standgimmick01_186.npy,The male Indian elephant stands still as a gimmick,3
SOURCE_OR_ACTION_ARTIFACT,train,animo4d_L4_safe,animo4d_official_text,present,PZ_Indian_Rhinoceros_Female_indian_rhinoceros_female__animationnotmotionextractedbehaviour_maniset86ea484c__indian_rhinoceros_female_standgimmick01_44.npy,The female Indian rhinoceros stands still as a protective gimmick,3
SOURCE_OR_ACTION_ARTIFACT,train,animo4d_L4_safe,animo4d_official_text,present,PZ_Indian_Rhinoceros_Juvenile_indian_rhinoceros_juvenile__animationnotmotionextractedbehaviour_maniset227856e4__indian_rhinoceros_juvenile_standgimmick01_65.npy,The juvenile Indian rhinoceros stands still as a gimmick,3
SOURCE_OR_ACTION_ARTIFACT,train,animo4d_L4_safe,animo4d_official_text,present,PZ_Indian_Rhinoceros_Juvenile_indian_rhinoceros_juvenile__animationnotmotionextractedlocomotion_maniset3d42e8a0__indian_rhinoceros_juvenile_standgimmick01_129.npy,The juvenile Indian rhinoceros stands still as a gimmick,3
SOURCE_OR_ACTION_ARTIFACT;LOW_SEMANTIC_TEMPLATE,train,animo4d_L4_safe,animo4d_official_text,present,PZ_Japanese_Macaque_Female_japanese_macaque_female__animationnotmotionextractedbehaviour_maniset171d3fec__japanese_macaque_female_standgimmick01_53.npy,The female Japanese macaque stands still as a gimmick,3
SOURCE_OR_ACTION_ARTIFACT;LOW_SEMANTIC_TEMPLATE,train,animo4d_L4_safe,animo4d_official_text,present,PZ_Japanese_Macaque_Female_japanese_macaque_female__animationnotmotionextractedfighting_manisetd84f3242__japanese_macaque_female_standgimmick01_107.npy,The female Japanese macaque stands still as a gimmick,3
SOURCE_OR_ACTION_ARTIFACT;LOW_SEMANTIC_TEMPLATE,train,animo4d_L4_safe,animo4d_official_text,present,PZ_Japanese_Macaque_Female_japanese_macaque_female__animationnotmotionextractedlocomotion_maniseteec633a8__japanese_macaque_female_standgimmick01_165.npy,The female Japanese macaque stands still as a gimmick,3
SOURCE_OR_ACTION_ARTIFACT,train,animo4d_L4_safe,animo4d_official_text,present,PZ_Llama_Female_llama_female__animationnotmotionextractedbehaviour_maniset621f8841__llama_female_standgimmick01_60.npy,The female llama stands still and performs a quirky gimmick,3
SOURCE_OR_ACTION_ARTIFACT,train,animo4d_L4_safe,animo4d_official_text,present,PZ_Llama_Female_llama_female__animationnotmotionextractedfighting_maniset4c096157__llama_female_standgimmick01_123.npy,The female llama stands still performing a playful gimmick,3
SOURCE_OR_ACTION_ARTIFACT;LOW_SEMANTIC_TEMPLATE,train,animo4d_L4_safe,animo4d_official_text,present,PZ_Llama_Female_llama_female__animationnotmotionextractedlocomotion_maniset37be53d__llama_female_standgimmick01_191.npy,The female llama stands still as part of her gimmick,3
SOURCE_OR_ACTION_ARTIFACT;LOW_SEMANTIC_TEMPLATE,train,animo4d_L4_safe,animo4d_official_text,present,PZ_Llama_Juvenile_llama_juvenile__animationnotmotionextractedbehaviour_maniset9ffd6819__llama_juvenile_standgimmick01_43.npy,The juvenile llama stands still as part of its playful gimmick,3
SOURCE_OR_ACTION_ARTIFACT;LOW_SEMANTIC_TEMPLATE,train,animo4d_L4_safe,animo4d_official_text,present,PZ_Llama_Juvenile_llama_juvenile__animationnotmotionextractedfighting_maniset8cbd6b2f__llama_juvenile_standgimmick01_84.npy,The juvenile llama stands still as part of its playful gimmick,3
SOURCE_OR_ACTION_ARTIFACT;LOW_SEMANTIC_TEMPLATE,train,animo4d_L4_safe,animo4d_official_text,present,PZ_Llama_Juvenile_llama_juvenile__animationnotmotionextractedlocomotion_maniset30511b15__llama_juvenile_standgimmick01_135.npy,The juvenile llama stands still as part of its playful gimmick,3
SOURCE_OR_ACTION_ARTIFACT;LOW_SEMANTIC_TEMPLATE,train,animo4d_L4_safe,animo4d_official_text,present,PZ_Llama_Male_llama_male__animationnotmotionextractedfighting_manisete8da678c__llama_male_standgimmick01_106.npy,The male llama stands still as part of its gimmick,3
SOURCE_OR_ACTION_ARTIFACT;LOW_SEMANTIC_TEMPLATE,train,animo4d_L4_safe,animo4d_official_text,present,PZ_Llama_Male_llama_male__animationnotmotionextractedlocomotion_maniset111efdf2__llama_male_standgimmick01_141.npy,The male llama stands still as part of its gimmick,3
SOURCE_OR_ACTION_ARTIFACT,train,animo4d_L4_safe,animo4d_official_text,present,PZ_Malayan_Tapir_Juvenile_malayan_tapir_juvenile__animationnotmotionextractedfighting_manisetb8dd39e3__malayan_tapir_juvenile_standgimmick01_87.npy,The juvenile Malayan tapir stands still as a gimmick,3
SOURCE_OR_ACTION_ARTIFACT,train,animo4d_L4_safe,animo4d_official_text,present,PZ_Malayan_Tapir_Juvenile_malayan_tapir_juvenile__animationnotmotionextractedlocomotion_manisetf06123c9__malayan_tapir_juvenile_standgimmick01_136.npy,The juvenile Malayan tapir stands still as a gimmick,3
SOURCE_OR_ACTION_ARTIFACT;LOW_SEMANTIC_TEMPLATE,train,animo4d_L4_safe,animo4d_official_text,present,PZ_Mandrill_Female_mandrill_female__animationnotmotionextractedbehaviour_maniset9d40d30c__mandrill_female_standgimmick01_132.npy,The female mandrill stands still as part of her gimmick,3
SOURCE_OR_ACTION_ARTIFACT;LOW_SEMANTIC_TEMPLATE,train,animo4d_L4_safe,animo4d_official_text,present,PZ_Mandrill_Female_mandrill_female__animationnotmotionextractedfighting_manisetd4337d62__mandrill_female_standgimmick01_201.npy,The female mandrill stands still as part of her gimmick,3
SOURCE_OR_ACTION_ARTIFACT,train,animo4d_L4_safe,animo4d_official_text,present,PZ_Mandrill_Female_mandrill_female__animationnotmotionextractedlocomotion_maniset8c1b0ec8__mandrill_female_standgimmick01_286.npy,The female mandrill stands still as a gimmick,3
SOURCE_OR_ACTION_ARTIFACT,train,animo4d_L4_safe,animo4d_official_text,present,PZ_Maned_Wolf_Male_maned_wolf_male__animationmotionextractedbehaviour_maniset2c5ffb68__maned_wolf_male_standgimmick01_21.npy,The male maned wolf stands still as a clever gimmick,3
SOURCE_OR_ACTION_ARTIFACT;LOW_SEMANTIC_TEMPLATE,train,animo4d_L4_safe,animo4d_official_text,present,PZ_Maned_Wolf_Male_maned_wolf_male__animationmotionextractedfighting_manisetbbfbbc7e__maned_wolf_male_standgimmick01_75.npy,The male maned wolf stands still as part of its gimmick,3
SOURCE_OR_ACTION_ARTIFACT;LOW_SEMANTIC_TEMPLATE,train,animo4d_L4_safe,animo4d_official_text,present,PZ_Maned_Wolf_Male_maned_wolf_male__animationnotmotionextractedbehaviour_maniset49a8c6a__maned_wolf_male_standgimmick01_192.npy,The male maned wolf stands still as part of its gimmick,3
SOURCE_OR_ACTION_ARTIFACT;LOW_SEMANTIC_TEMPLATE,train,animo4d_L4_safe,animo4d_official_text,present,PZ_Maned_Wolf_Male_maned_wolf_male__animationnotmotionextractedfighting_maniset2c734740__maned_wolf_male_standgimmick01_270.npy,The male maned wolf stands still as a gimmick,3
SOURCE_OR_ACTION_ARTIFACT,train,animo4d_L4_safe,animo4d_official_text,present,PZ_Maned_Wolf_Male_maned_wolf_male__animationnotmotionextractedlocomotion_maniset30c897a6__maned_wolf_male_standgimmick01_347.npy,The male maned wolf stands still as a gimmick,1
SOURCE_OR_ACTION_ARTIFACT;LOW_SEMANTIC_TEMPLATE,train,animo4d_L4_safe,animo4d_official_text,present,PZ_Meerkat_Juvenile_meerkat_juvenile__animationmotionextractedbehaviour_maniset89bb6282__meerkat_juvenile_gimmicklooptostand_3.npy,The juvenile meerkat uses a gimmick to stand still,3
SOURCE_OR_ACTION_ARTIFACT;LOW_SEMANTIC_TEMPLATE,train,animo4d_L4_safe,animo4d_official_text,present,PZ_Meerkat_Juvenile_meerkat_juvenile__animationmotionextractedbehaviour_maniset89bb6282__meerkat_juvenile_standtogimmickloop_6.npy,The juvenile meerkat stands still to gimmick,3
SOURCE_OR_ACTION_ARTIFACT;LOW_SEMANTIC_TEMPLATE,train,animo4d_L4_safe,animo4d_official_text,present,PZ_Meerkat_Juvenile_meerkat_juvenile__animationmotionextractedfighting_manisetbd3e9518__meerkat_juvenile_gimmicklooptostand_12.npy,The juvenile meerkat uses a gimmick to stand still,3
SOURCE_OR_ACTION_ARTIFACT;LOW_SEMANTIC_TEMPLATE,train,animo4d_L4_safe,animo4d_official_text,present,PZ_Meerkat_Juvenile_meerkat_juvenile__animationmotionextractedlocomotion_maniset3ec6769e__meerkat_juvenile_gimmicklooptostand_21.npy,The juvenile meerkat uses a gimmick to stand still,3
SOURCE_OR_ACTION_ARTIFACT,train,animo4d_L4_safe,animo4d_official_text,present,PZ_Meerkat_Juvenile_meerkat_juvenile__animationmotionextractedlocomotion_maniset3ec6769e__meerkat_juvenile_standtogimmickloop_29.npy,The juvenile meerkat stands still to gimmick,3
SOURCE_OR_ACTION_ARTIFACT,train,animo4d_L4_safe,animo4d_official_text,present,PZ_Meerkat_Juvenile_meerkat_juvenile__animationnotmotionextractedbehaviour_maniset3a115f04__meerkat_juvenile_diggimmick_45.npy,The juvenile meerkat digs a gimmick into the ground,3
SOURCE_OR_ACTION_ARTIFACT,train,animo4d_L4_safe,animo4d_official_text,present,PZ_Meerkat_Juvenile_meerkat_juvenile__animationnotmotionextractedbehaviour_maniset3a115f04__meerkat_juvenile_gimmickloop01_55.npy,The juvenile meerkat performs a playful gimmick by scampering around and then suddenly stopping,3
SOURCE_OR_ACTION_ARTIFACT;LOW_SEMANTIC_TEMPLATE,train,animo4d_L4_safe,animo4d_official_text,present,PZ_Meerkat_Juvenile_meerkat_juvenile__animationnotmotionextractedbehaviour_maniset3a115f04__meerkat_juvenile_gimmicklooptostand_56.npy,The juvenile meerkat uses a gimmick to stand still,1
SOURCE_OR_ACTION_ARTIFACT;LOW_SEMANTIC_TEMPLATE,train,animo4d_L4_safe,animo4d_official_text,present,PZ_Meerkat_Juvenile_meerkat_juvenile__animationnotmotionextractedbehaviour_maniset3a115f04__meerkat_juvenile_standtogimmickloop_73.npy,The juvenile meerkat stands still and then performs a gimmick,3
SOURCE_OR_ACTION_ARTIFACT,train,animo4d_L4_safe,animo4d_official_text,present,PZ_Meerkat_Juvenile_meerkat_juvenile__animationnotmotionextractedfighting_maniset900ab5a__meerkat_juvenile_diggimmick_92.npy,The juvenile meerkat digs a gimmick hole,3
SOURCE_OR_ACTION_ARTIFACT,train,animo4d_L4_safe,animo4d_official_text,present,PZ_Meerkat_Juvenile_meerkat_juvenile__animationnotmotionextractedfighting_maniset900ab5a__meerkat_juvenile_gimmickloop01_106.npy,The juvenile meerkat performs a playful gimmick by scampering around and then suddenly stopping,3
SOURCE_OR_ACTION_ARTIFACT,train,animo4d_L4_safe,animo4d_official_text,present,PZ_Meerkat_Juvenile_meerkat_juvenile__animationnotmotionextractedfighting_maniset900ab5a__meerkat_juvenile_gimmickloop02_107.npy,The juvenile meerkat performs a playful gimmick by scampering around,3
SOURCE_OR_ACTION_ARTIFACT;LOW_SEMANTIC_TEMPLATE,train,animo4d_L4_safe,animo4d_official_text,present,PZ_Meerkat_Juvenile_meerkat_juvenile__animationnotmotionextractedfighting_maniset900ab5a__meerkat_juvenile_gimmicklooptostand_108.npy,The juvenile meerkat uses a gimmick to stand still,1
SOURCE_OR_ACTION_ARTIFACT,train,animo4d_L4_safe,animo4d_official_text,present,PZ_Meerkat_Juvenile_meerkat_juvenile__animationnotmotionextractedfighting_maniset900ab5a__meerkat_juvenile_standtogimmickloop_126.npy,The juvenile meerkat stands still to gimmick,3
SOURCE_OR_ACTION_ARTIFACT,train,animo4d_L4_safe,animo4d_official_text,present,PZ_Meerkat_Juvenile_meerkat_juvenile__animationnotmotionextractedlocomotion_maniset9f3e78c0__meerkat_juvenile_diggimmick_145.npy,The juvenile meerkat digs a small hole as a playful gimmick,3
SOURCE_OR_ACTION_ARTIFACT,train,animo4d_L4_safe,animo4d_official_text,present,PZ_Meerkat_Juvenile_meerkat_juvenile__animationnotmotionextractedlocomotion_maniset9f3e78c0__meerkat_juvenile_gimmickloop01_160.npy,The juvenile meerkat performs a playful gimmick by scampering around and then suddenly stopping,3
SOURCE_OR_ACTION_ARTIFACT;LOW_SEMANTIC_TEMPLATE,train,animo4d_L4_safe,animo4d_official_text,present,PZ_Meerkat_Juvenile_meerkat_juvenile__animationnotmotionextractedlocomotion_maniset9f3e78c0__meerkat_juvenile_gimmicklooptostand_162.npy,The juvenile meerkat uses a gimmick to stand still,1
SOURCE_OR_ACTION_ARTIFACT;LOW_SEMANTIC_TEMPLATE,train,animo4d_L4_safe,animo4d_official_text,present,PZ_Meerkat_Juvenile_meerkat_juvenile__animationnotmotionextractedlocomotion_maniset9f3e78c0__meerkat_juvenile_standtogimmickloop_180.npy,The juvenile meerkat stands still to gimmick,3
SOURCE_OR_ACTION_ARTIFACT;LOW_SEMANTIC_TEMPLATE,train,animo4d_L4_safe,animo4d_official_text,present,PZ_Meerkat_Male_meerkat_male__animationmotionextractedbehaviour_maniset5f721adf__meerkat_male_gimmicklooptostand_6.npy,The male meerkat uses a gimmick to stand still,3
SOURCE_OR_ACTION_ARTIFACT;LOW_SEMANTIC_TEMPLATE,train,animo4d_L4_safe,animo4d_official_text,present,PZ_Meerkat_Male_meerkat_male__animationmotionextractedbehaviour_maniset5f721adf__meerkat_male_standtogimmickloop_8.npy,The male meerkat stands still to gimmick,3
SOURCE_OR_ACTION_ARTIFACT,train,animo4d_L4_safe,animo4d_official_text,present,PZ_Meerkat_Male_meerkat_male__animationmotionextractedfighting_maniset46419235__meerkat_male_burrowgimmick_9.npy,The male meerkat performs a burrow gimmick by darting in and out of the entrance,3
SOURCE_OR_ACTION_ARTIFACT;LOW_SEMANTIC_TEMPLATE,train,animo4d_L4_safe,animo4d_official_text,present,PZ_Meerkat_Male_meerkat_male__animationmotionextractedfighting_maniset46419235__meerkat_male_gimmicklooptostand_16.npy,The male meerkat uses a gimmick to stand still,1
SOURCE_OR_ACTION_ARTIFACT;LOW_SEMANTIC_TEMPLATE,train,animo4d_L4_safe,animo4d_official_text,present,PZ_Meerkat_Male_meerkat_male__animationmotionextractedfighting_maniset46419235__meerkat_male_standtogimmickloop_19.npy,The male meerkat stands still to gimmick,3
SOURCE_OR_ACTION_ARTIFACT,train,animo4d_L4_safe,animo4d_official_text,present,PZ_Meerkat_Male_meerkat_male__animationmotionextractedlocomotion_maniset5d0cba3b__meerkat_male_burrowgimmick_20.npy,The male meerkat performs a burrow gimmick by darting in and out of the entrance,3
SOURCE_OR_ACTION_ARTIFACT,train,animo4d_L4_safe,animo4d_official_text,present,PZ_Meerkat_Male_meerkat_male__animationmotionextractedlocomotion_maniset5d0cba3b__meerkat_male_standtogimmickloop_30.npy,The male meerkat stands still to gimmick,3
SOURCE_OR_ACTION_ARTIFACT,train,animo4d_L4_safe,animo4d_official_text,present,PZ_Meerkat_Male_meerkat_male__animationnotmotionextractedbehaviour_manisetd2da2921__meerkat_male_burrowgimmick_46.npy,The male meerkat performs a burrow gimmick,3
SOURCE_OR_ACTION_ARTIFACT,train,animo4d_L4_safe,animo4d_official_text,present,PZ_Meerkat_Male_meerkat_male__animationnotmotionextractedbehaviour_manisetd2da2921__meerkat_male_gimmickloop01_58.npy,The male meerkat performs a playful gimmick by hopping around,3
SOURCE_OR_ACTION_ARTIFACT;LOW_SEMANTIC_TEMPLATE,train,animo4d_L4_safe,animo4d_official_text,present,PZ_Meerkat_Male_meerkat_male__animationnotmotionextractedbehaviour_manisetd2da2921__meerkat_male_gimmicklooptostand_59.npy,The male meerkat uses a gimmick to stand still,1
SOURCE_OR_ACTION_ARTIFACT;LOW_SEMANTIC_TEMPLATE,train,animo4d_L4_safe,animo4d_official_text,present,PZ_Meerkat_Male_meerkat_male__animationnotmotionextractedbehaviour_manisetd2da2921__meerkat_male_standtogimmickloop_70.npy,The male meerkat stands still to gimmick,3
SOURCE_OR_ACTION_ARTIFACT,train,animo4d_L4_safe,animo4d_official_text,present,PZ_Meerkat_Male_meerkat_male__animationnotmotionextractedfighting_manisetd1e64a37__meerkat_male_burrowgimmick_90.npy,The male meerkat performs a burrow gimmick by darting in and out of the entrance,3
SOURCE_OR_ACTION_ARTIFACT,train,animo4d_L4_safe,animo4d_official_text,present,PZ_Meerkat_Male_meerkat_male__animationnotmotionextractedfighting_manisetd1e64a37__meerkat_male_gimmickloop01_105.npy,The male meerkat performs a playful gimmick by hopping around,3
SOURCE_OR_ACTION_ARTIFACT;LOW_SEMANTIC_TEMPLATE,train,animo4d_L4_safe,animo4d_official_text,present,PZ_Meerkat_Male_meerkat_male__animationnotmotionextractedfighting_manisetd1e64a37__meerkat_male_gimmicklooptostand_106.npy,The male meerkat uses a gimmick to stand still,3
SOURCE_OR_ACTION_ARTIFACT;LOW_SEMANTIC_TEMPLATE,train,animo4d_L4_safe,animo4d_official_text,present,PZ_Meerkat_Male_meerkat_male__animationnotmotionextractedfighting_manisetd1e64a37__meerkat_male_standtogimmickloop_121.npy,The male meerkat stands still to gimmick,3
SOURCE_OR_ACTION_ARTIFACT,train,animo4d_L4_safe,animo4d_official_text,present,PZ_Meerkat_Male_meerkat_male__animationnotmotionextractedlocomotion_maniset8d623e1d__meerkat_male_diggimmick_140.npy,The male meerkat digs a hole and then hides in the gimmick,3
SOURCE_OR_ACTION_ARTIFACT,train,animo4d_L4_safe,animo4d_official_text,present,PZ_Meerkat_Male_meerkat_male__animationnotmotionextractedlocomotion_maniset8d623e1d__meerkat_male_gimmickloop02_157.npy,The male meerkat performs a playful gimmick by hopping and spinning around,3
SOURCE_OR_ACTION_ARTIFACT;LOW_SEMANTIC_TEMPLATE,train,animo4d_L4_safe,animo4d_official_text,present,PZ_Meerkat_Male_meerkat_male__animationnotmotionextractedlocomotion_maniset8d623e1d__meerkat_male_gimmicklooptostand_158.npy,The male meerkat uses a gimmick to stand still,3
SOURCE_OR_ACTION_ARTIFACT;LOW_SEMANTIC_TEMPLATE,train,animo4d_L4_safe,animo4d_official_text,present,PZ_Nile_Lechwe_Female_nile_lechwe_female__animationnotmotionextractedlocomotion_maniset218b6490__nile_lechwe_female_standgimmick01_178.npy,The female Nile lechwe stands still and then performs a playful gimmick,3
SOURCE_OR_ACTION_ARTIFACT,train,animo4d_L4_safe,animo4d_official_text,present,PZ_Nile_Lechwe_Male_nile_lechwe_male__animationnotmotionextractedfighting_maniset699da49f__nile_lechwe_male_standgimmick01_131.npy,The male Nile lechwe stands still and then performs a gimmick,3
SOURCE_OR_ACTION_ARTIFACT;LOW_SEMANTIC_TEMPLATE,train,animo4d_L4_safe,animo4d_official_text,present,PZ_Nine_Banded_Armadillo_Juvenile_nine_banded_armadillo_juvenile__animationnotmotionextractedbehaviour_maniset748b6333__nine_banded_armadillo_juvenile_standgimmick01_93.npy,The juvenile banded armadillo stands still as a gimmick,3
SOURCE_OR_ACTION_ARTIFACT;LOW_SEMANTIC_TEMPLATE,train,animo4d_L4_safe,animo4d_official_text,present,PZ_Nine_Banded_Armadillo_Juvenile_nine_banded_armadillo_juvenile__animationnotmotionextractedfighting_manisetaf7dd7c9__nine_banded_armadillo_juvenile_standgimmick01_151.npy,The juvenile banded armadillo stands still as a gimmick,3
SOURCE_OR_ACTION_ARTIFACT;LOW_SEMANTIC_TEMPLATE,train,animo4d_L4_safe,animo4d_official_text,present,PZ_Nine_Banded_Armadillo_Juvenile_nine_banded_armadillo_juvenile__animationnotmotionextractedlocomotion_maniset604a44af__nine_banded_armadillo_juvenile_standgimmick01_201.npy,The juvenile banded armadillo stands still as part of its defensive gimmick,3
SOURCE_OR_ACTION_ARTIFACT;LOW_SEMANTIC_TEMPLATE,train,animo4d_L4_safe,animo4d_official_text,present,PZ_Nine_Banded_Armadillo_Male_nine_banded_armadillo_male__animationmotionextractedbehaviour_maniset291d484e__nine_banded_armadillo_male_standgimmick01_10.npy,The male banded armadillo stands still as a protective gimmick,3
SOURCE_OR_ACTION_ARTIFACT,train,animo4d_L4_safe,animo4d_official_text,present,PZ_Nine_Banded_Armadillo_Male_nine_banded_armadillo_male__animationmotionextractedfighting_maniset8f1497e4__nine_banded_armadillo_male_standgimmick01_48.npy,The male banded armadillo stands still as a defensive gimmick,3
SOURCE_OR_ACTION_ARTIFACT;LOW_SEMANTIC_TEMPLATE,train,animo4d_L4_safe,animo4d_official_text,present,PZ_Nine_Banded_Armadillo_Male_nine_banded_armadillo_male__animationnotmotionextractedbehaviour_maniset4df36dd0__nine_banded_armadillo_male_standgimmick01_181.npy,The male banded armadillo stands still as part of its defensive gimmick,3
SOURCE_OR_ACTION_ARTIFACT;LOW_SEMANTIC_TEMPLATE,train,animo4d_L4_safe,animo4d_official_text,present,PZ_Nine_Banded_Armadillo_Male_nine_banded_armadillo_male__animationnotmotionextractedfighting_manisetaf389726__nine_banded_armadillo_male_standgimmick01_252.npy,The male banded armadillo stands still as part of its defensive gimmick,3
SOURCE_OR_ACTION_ARTIFACT;LOW_SEMANTIC_TEMPLATE,train,animo4d_L4_safe,animo4d_official_text,present,PZ_North_American_Beaver_Juvenile_north_american_beaver_juvenile__animationmotionextractedbehaviour_maniseta5aedcb5__north_american_beaver_juvenile_gimmicklooptostand_5.npy,The juvenile American beaver uses a gimmick to stand still,3
SOURCE_OR_ACTION_ARTIFACT;LOW_SEMANTIC_TEMPLATE,train,animo4d_L4_safe,animo4d_official_text,present,PZ_North_American_Beaver_Juvenile_north_american_beaver_juvenile__animationmotionextractedfighting_maniset5d97e68b__north_american_beaver_juvenile_gimmicklooptostand_16.npy,The juvenile American beaver uses a gimmick to stand still,3
SOURCE_OR_ACTION_ARTIFACT;LOW_SEMANTIC_TEMPLATE,train,animo4d_L4_safe,animo4d_official_text,present,PZ_North_American_Beaver_Juvenile_north_american_beaver_juvenile__animationmotionextractedlocomotion_maniset25814991__north_american_beaver_juvenile_gimmicklooptostand_33.npy,The juvenile American beaver uses a gimmick to stand still,3
SOURCE_OR_ACTION_ARTIFACT;LOW_SEMANTIC_TEMPLATE,train,animo4d_L4_safe,animo4d_official_text,present,PZ_North_American_Beaver_Juvenile_north_american_beaver_juvenile__animationnotmotionextractedbehaviour_manisetd7127377__north_american_beaver_juvenile_gimmick_101.npy,The juvenile American beaver performs a playful gimmick by swimming in circles,3
SOURCE_OR_ACTION_ARTIFACT;LOW_SEMANTIC_TEMPLATE,train,animo4d_L4_safe,animo4d_official_text,present,PZ_North_American_Beaver_Juvenile_north_american_beaver_juvenile__animationnotmotionextractedbehaviour_manisetd7127377__north_american_beaver_juvenile_gimmickloop01_102.npy,The juvenile American beaver performs a playful gimmick by swimming in circles,3
SOURCE_OR_ACTION_ARTIFACT;LOW_SEMANTIC_TEMPLATE,train,animo4d_L4_safe,animo4d_official_text,present,PZ_North_American_Beaver_Juvenile_north_american_beaver_juvenile__animationnotmotionextractedbehaviour_manisetd7127377__north_american_beaver_juvenile_gimmickloop02_103.npy,The juvenile American beaver performs a playful gimmick by swimming in circles underwater,3
SOURCE_OR_ACTION_ARTIFACT;LOW_SEMANTIC_TEMPLATE,train,animo4d_L4_safe,animo4d_official_text,present,PZ_North_American_Beaver_Juvenile_north_american_beaver_juvenile__animationnotmotionextractedbehaviour_manisetd7127377__north_american_beaver_juvenile_gimmicklooptostand_104.npy,The juvenile American beaver uses a gimmick to stand still,3
SOURCE_OR_ACTION_ARTIFACT,train,animo4d_L4_safe,animo4d_official_text,present,PZ_North_American_Beaver_Juvenile_north_american_beaver_juvenile__animationnotmotionextractedfighting_maniset89bc070d__north_american_beaver_juvenile_gimmickloop01_159.npy,The juvenile American beaver swims in a circular gimmick,3
SOURCE_OR_ACTION_ARTIFACT;LOW_SEMANTIC_TEMPLATE,train,animo4d_L4_safe,animo4d_official_text,present,PZ_North_American_Beaver_Juvenile_north_american_beaver_juvenile__animationnotmotionextractedfighting_maniset89bc070d__north_american_beaver_juvenile_gimmicklooptostand_160.npy,The juvenile American beaver uses a gimmick to stand still,3
SOURCE_OR_ACTION_ARTIFACT,train,animo4d_L4_safe,animo4d_official_text,present,PZ_North_American_Beaver_Juvenile_north_american_beaver_juvenile__animationnotmotionextractedfighting_maniset89bc070d__north_american_beaver_juvenile_standtogimmickloop_169.npy,The juvenile American beaver stands still to gimmick,3
SOURCE_OR_ACTION_ARTIFACT;LOW_SEMANTIC_TEMPLATE,train,animo4d_L4_safe,animo4d_official_text,present,PZ_North_American_Beaver_Juvenile_north_american_beaver_juvenile__animationnotmotionextractedlocomotion_maniset80d675f3__north_american_beaver_juvenile_gimmickloop02_218.npy,The juvenile American beaver performs a playful gimmick by diving into the water and then resurfacing with a splash,3
SOURCE_OR_ACTION_ARTIFACT;LOW_SEMANTIC_TEMPLATE,train,animo4d_L4_safe,animo4d_official_text,present,PZ_North_American_Beaver_Juvenile_north_american_beaver_juvenile__animationnotmotionextractedlocomotion_maniset80d675f3__north_american_beaver_juvenile_gimmicklooptostand_219.npy,The juvenile American beaver uses a gimmick to stand still,3
SOURCE_OR_ACTION_ARTIFACT,train,animo4d_L4_safe,animo4d_official_text,present,PZ_North_American_Beaver_Juvenile_north_american_beaver_juvenile__animationnotmotionextractedlocomotion_maniset80d675f3__north_american_beaver_juvenile_standtogimmickloop_232.npy,The juvenile American beaver stands still to gimmick,3
SOURCE_OR_ACTION_ARTIFACT,train,animo4d_L4_safe,animo4d_official_text,present,PZ_North_American_Beaver_Male_north_american_beaver_male__animationnotmotionextractedbehaviour_manisetb994fc14__north_american_beaver_male_gimmick_53.npy,The male American beaver swims to a tree gnaws it down and then drags it to his dam,3
SOURCE_OR_ACTION_ARTIFACT,train,animo4d_L4_safe,animo4d_official_text,present,PZ_North_American_Beaver_Male_north_american_beaver_male__animationnotmotionextractedlocomotion_manisete1d99d0__north_american_beaver_male_gimmick_105.npy,The male American beaver swims to a tree gnaws it down and then drags it to his lodge,3
SOURCE_OR_ACTION_ARTIFACT,train,animo4d_L4_safe,animo4d_official_text,present,PZ_Nyala_Juvenile_nyala_juvenile__animationnotmotionextractedbehaviour_manisetadffc1bf__nyala_juvenile_standgimmick01_50.npy,The juvenile nyala stands still as a gimmick,1
SOURCE_OR_ACTION_ARTIFACT,train,animo4d_L4_safe,animo4d_official_text,present,PZ_Nyala_Juvenile_nyala_juvenile__animationnotmotionextractedlocomotion_manisetc850763b__nyala_juvenile_standgimmick01_154.npy,The juvenile nyala stands still as a gimmick,3
SOURCE_OR_ACTION_ARTIFACT,train,animo4d_L4_safe,animo4d_official_text,present,PZ_Okapi_Female_okapi_female__animationnotmotionextractedbehaviour_maniset6d7dab59__okapi_female_standgimmick01_61.npy,The female okapi stands still and then performs a small playful gimmick,3
SOURCE_OR_ACTION_ARTIFACT;LOW_SEMANTIC_TEMPLATE,train,animo4d_L4_safe,animo4d_official_text,present,PZ_Okapi_Female_okapi_female__animationnotmotionextractedfighting_maniset7ad3de6f__okapi_female_standgimmick01_119.npy,The female okapi stands still and then performs a playful gimmick,3
SOURCE_OR_ACTION_ARTIFACT;LOW_SEMANTIC_TEMPLATE,train,animo4d_L4_safe,animo4d_official_text,present,PZ_Okapi_Female_okapi_female__animationnotmotionextractedlocomotion_maniset5eef2e55__okapi_female_standgimmick01_188.npy,The female okapi stands still as part of a playful gimmick,3
SOURCE_OR_ACTION_ARTIFACT,train,animo4d_L4_safe,animo4d_official_text,present,PZ_Okapi_Juvenile_okapi_juvenile__animationnotmotionextractedbehaviour_manisetfb70b131__okapi_juvenile_standgimmick01_43.npy,The juvenile okapi stands still and then performs a playful gimmick,3
SOURCE_OR_ACTION_ARTIFACT;LOW_SEMANTIC_TEMPLATE,train,animo4d_L4_safe,animo4d_official_text,present,PZ_Okapi_Juvenile_okapi_juvenile__animationnotmotionextractedfighting_maniset981b8e47__okapi_juvenile_standgimmick01_76.npy,The juvenile okapi stands still as part of its playful gimmick,3
SOURCE_OR_ACTION_ARTIFACT;LOW_SEMANTIC_TEMPLATE,train,animo4d_L4_safe,animo4d_official_text,present,PZ_Okapi_Juvenile_okapi_juvenile__animationnotmotionextractedlocomotion_maniset35bb0a2d__okapi_juvenile_standgimmick01_117.npy,The juvenile okapi stands still as part of its playful gimmick,3
SOURCE_OR_ACTION_ARTIFACT;LOW_SEMANTIC_TEMPLATE,train,animo4d_L4_safe,animo4d_official_text,present,PZ_Okapi_Male_okapi_male__animationnotmotionextractedbehaviour_maniseta6156cce__okapi_male_standgimmick01_81.npy,The male okapi stands still as part of its playful gimmick,3
SOURCE_OR_ACTION_ARTIFACT;LOW_SEMANTIC_TEMPLATE,train,animo4d_L4_safe,animo4d_official_text,present,PZ_Okapi_Male_okapi_male__animationnotmotionextractedlocomotion_maniset1c7d210a__okapi_male_standgimmick01_203.npy,The male okapi stands still and then performs a small playful gimmick,3
SOURCE_OR_ACTION_ARTIFACT,train,animo4d_L4_safe,animo4d_official_text,present,PZ_Plains_Zebra_Female_plains_zebra_female__animationnotmotionextractedbehaviour_maniseteedaada5__plains_zebra_female_standgimmick01_63.npy,The female plains zebra stands still as a gimmick,3
SOURCE_OR_ACTION_ARTIFACT;LOW_SEMANTIC_TEMPLATE,train,animo4d_L4_safe,animo4d_official_text,present,PZ_Plains_Zebra_Female_plains_zebra_female__animationnotmotionextractedfighting_maniset2433ddbb__plains_zebra_female_standgimmick01_122.npy,The female plains zebra stands still as part of her gimmick,3
SOURCE_OR_ACTION_ARTIFACT;LOW_SEMANTIC_TEMPLATE,train,animo4d_L4_safe,animo4d_official_text,present,PZ_Plains_Zebra_Female_plains_zebra_female__animationnotmotionextractedlocomotion_manisetab95f3a1__plains_zebra_female_standgimmick01_189.npy,The female plains zebra stands still as a gimmick,3
SOURCE_OR_ACTION_ARTIFACT,train,animo4d_L4_safe,animo4d_official_text,present,PZ_Plains_Zebra_Juvenile_plains_zebra_juvenile__animationnotmotionextractedbehaviour_maniset4817767d__plains_zebra_juvenile_standgimmick01_64.npy,The juvenile plains zebra stands still as a gimmick,3
SOURCE_OR_ACTION_ARTIFACT,train,animo4d_L4_safe,animo4d_official_text,present,PZ_Plains_Zebra_Juvenile_plains_zebra_juvenile__animationnotmotionextractedfighting_maniset19789093__plains_zebra_juvenile_standgimmick01_125.npy,The juvenile plains zebra stands still as a gimmick,3
SOURCE_OR_ACTION_ARTIFACT,train,animo4d_L4_safe,animo4d_official_text,present,PZ_Plains_Zebra_Juvenile_plains_zebra_juvenile__animationnotmotionextractedlocomotion_maniset47285279__plains_zebra_juvenile_standgimmick01_187.npy,The juvenile plains zebra stands still as a gimmick,3
SOURCE_OR_ACTION_ARTIFACT;LOW_SEMANTIC_TEMPLATE,train,animo4d_L4_safe,animo4d_official_text,present,PZ_Plains_Zebra_Male_plains_zebra_male__animationnotmotionextractedbehaviour_maniset4f756c1a__plains_zebra_male_standgimmick01_46.npy,The male plains zebra stands still employing a deceptive gimmick,3
SOURCE_OR_ACTION_ARTIFACT;LOW_SEMANTIC_TEMPLATE,train,animo4d_L4_safe,animo4d_official_text,present,PZ_Plains_Zebra_Male_plains_zebra_male__animationnotmotionextractedlocomotion_maniset9dda2356__plains_zebra_male_standgimmick01_141.npy,The male plains zebra stands still as a gimmick,3
SOURCE_OR_ACTION_ARTIFACT;LOW_SEMANTIC_TEMPLATE,train,animo4d_L4_safe,animo4d_official_text,present,PZ_Prairie_Dog_Juvenile_prairie_dog_juvenile__animationmotionextractedbehaviour_maniset1c9c2343__prairie_dog_juvenile_gimmicklooptostand_7.npy,The juvenile prairie dog uses a gimmick to stand still,3
SOURCE_OR_ACTION_ARTIFACT;LOW_SEMANTIC_TEMPLATE,train,animo4d_L4_safe,animo4d_official_text,present,PZ_Prairie_Dog_Juvenile_prairie_dog_juvenile__animationmotionextractedfighting_maniset8fc63199__prairie_dog_juvenile_gimmicklooptostand_24.npy,The juvenile prairie dog uses a gimmick to stand still,3
SOURCE_OR_ACTION_ARTIFACT;LOW_SEMANTIC_TEMPLATE,train,animo4d_L4_safe,animo4d_official_text,present,PZ_Prairie_Dog_Juvenile_prairie_dog_juvenile__animationmotionextractedlocomotion_manisetcda6b9f__prairie_dog_juvenile_gimmicklooptostand_39.npy,The juvenile prairie dog uses a gimmick to stand still,1
SOURCE_OR_ACTION_ARTIFACT,train,animo4d_L4_safe,animo4d_official_text,present,PZ_Prairie_Dog_Juvenile_prairie_dog_juvenile__animationnotmotionextractedbehaviour_maniset2b29ec85__prairie_dog_juvenile_gimmick_75.npy,The juvenile prairie dog performs a playful gimmick by hopping around and then suddenly stopping,3
SOURCE_OR_ACTION_ARTIFACT,train,animo4d_L4_safe,animo4d_official_text,present,PZ_Prairie_Dog_Juvenile_prairie_dog_juvenile__animationnotmotionextractedbehaviour_maniset2b29ec85__prairie_dog_juvenile_gimmickloop02_76.npy,The juvenile prairie dog performs a playful gimmick by hopping around and then suddenly stopping,3
SOURCE_OR_ACTION_ARTIFACT;LOW_SEMANTIC_TEMPLATE,train,animo4d_L4_safe,animo4d_official_text,present,PZ_Prairie_Dog_Juvenile_prairie_dog_juvenile__animationnotmotionextractedbehaviour_maniset2b29ec85__prairie_dog_juvenile_standtogimmickloop_90.npy,The juvenile prairie dog stands still to gimmick,3
SOURCE_OR_ACTION_ARTIFACT,train,animo4d_L4_safe,animo4d_official_text,present,PZ_Prairie_Dog_Juvenile_prairie_dog_juvenile__animationnotmotionextractedfighting_manisetabe5e49b__prairie_dog_juvenile_gimmick_119.npy,The juvenile prairie dog performs a playful gimmick by hopping around and then suddenly stopping,3
SOURCE_OR_ACTION_ARTIFACT;LOW_SEMANTIC_TEMPLATE,train,animo4d_L4_safe,animo4d_official_text,present,PZ_Prairie_Dog_Juvenile_prairie_dog_juvenile__animationnotmotionextractedfighting_manisetabe5e49b__prairie_dog_juvenile_gimmickloop02_120.npy,The juvenile prairie dog performs a playful gimmick by hopping around,3
SOURCE_OR_ACTION_ARTIFACT;LOW_SEMANTIC_TEMPLATE,train,animo4d_L4_safe,animo4d_official_text,present,PZ_Prairie_Dog_Juvenile_prairie_dog_juvenile__animationnotmotionextractedlocomotion_maniset38b06a81__prairie_dog_juvenile_gimmicklooptostand_148.npy,The juvenile prairie dog uses a gimmick to stand still,3
SOURCE_OR_ACTION_ARTIFACT,train,animo4d_L4_safe,animo4d_official_text,present,PZ_Prairie_Dog_Juvenile_prairie_dog_juvenile__animationnotmotionextractedlocomotion_maniset38b06a81__prairie_dog_juvenile_standtogimmickloop_156.npy,The juvenile prairie dog stands still to gimmick,3
SOURCE_OR_ACTION_ARTIFACT,train,animo4d_L4_safe,animo4d_official_text,present,PZ_Prairie_Dog_Male_prairie_dog_male__animationmotionextractedfighting_manisetd2951636__prairie_dog_male_burrowgimmick_8.npy,The male prairie dog uses a burrow gimmick to escape into his underground tunnel,3
SOURCE_OR_ACTION_ARTIFACT,train,animo4d_L4_safe,animo4d_official_text,present,PZ_Prairie_Dog_Male_prairie_dog_male__animationnotmotionextractedbehaviour_maniseta0ee1e22__prairie_dog_male_diggimmick_53.npy,The male prairie dog digs a hole and then hides in the gimmick,3
SOURCE_OR_ACTION_ARTIFACT,train,animo4d_L4_safe,animo4d_official_text,present,PZ_Prairie_Dog_Male_prairie_dog_male__animationnotmotionextractedbehaviour_maniseta0ee1e22__prairie_dog_male_gimmick_68.npy,The male prairie dog performs a playful gimmick by hopping around and then suddenly stopping,3
SOURCE_OR_ACTION_ARTIFACT,train,animo4d_L4_safe,animo4d_official_text,present,PZ_Prairie_Dog_Male_prairie_dog_male__animationnotmotionextractedbehaviour_maniseta0ee1e22__prairie_dog_male_gimmickloop02_69.npy,The male prairie dog performs a playful gimmick by hopping around in a circle,3
SOURCE_OR_ACTION_ARTIFACT,train,animo4d_L4_safe,animo4d_official_text,present,PZ_Prairie_Dog_Male_prairie_dog_male__animationnotmotionextractedfighting_maniset64c70af8__prairie_dog_male_diggimmick_104.npy,The male prairie dog digs a hole and then plays a gimmick,3
SOURCE_OR_ACTION_ARTIFACT,train,animo4d_L4_safe,animo4d_official_text,present,PZ_Prairie_Dog_Male_prairie_dog_male__animationnotmotionextractedfighting_maniset64c70af8__prairie_dog_male_gimmick_120.npy,The male prairie dog performs a playful gimmick,3
SOURCE_OR_ACTION_ARTIFACT,train,animo4d_L4_safe,animo4d_official_text,present,PZ_Prairie_Dog_Male_prairie_dog_male__animationnotmotionextractedfighting_maniset64c70af8__prairie_dog_male_gimmickloop02_121.npy,The male prairie dog performs a playful gimmick by hopping around in a circle,3
SOURCE_OR_ACTION_ARTIFACT,train,animo4d_L4_safe,animo4d_official_text,present,PZ_Prairie_Dog_Male_prairie_dog_male__animationnotmotionextractedfighting_maniset64c70af8__prairie_dog_male_standtogimmickloop_138.npy,The male prairie dog stands still to gimmick,3
SOURCE_OR_ACTION_ARTIFACT,train,animo4d_L4_safe,animo4d_official_text,present,PZ_Prairie_Dog_Male_prairie_dog_male__animationnotmotionextractedlocomotion_maniset3047775e__prairie_dog_male_burrowgimmick_156.npy,The male prairie dog uses a burrow gimmick to escape,3
SOURCE_OR_ACTION_ARTIFACT;LOW_SEMANTIC_TEMPLATE,train,animo4d_L4_safe,animo4d_official_text,present,PZ_Prairie_Dog_Male_prairie_dog_male__animationnotmotionextractedlocomotion_maniset3047775e__prairie_dog_male_diggimmick_157.npy,The male prairie dog digs a hole and then hides in the gimmick,3
SOURCE_OR_ACTION_ARTIFACT,train,animo4d_L4_safe,animo4d_official_text,present,PZ_Prairie_Dog_Male_prairie_dog_male__animationnotmotionextractedlocomotion_maniset3047775e__prairie_dog_male_gimmickloop02_174.npy,The male prairie dog performs a playful gimmick by hopping around in a circle,3
SOURCE_OR_ACTION_ARTIFACT;LOW_SEMANTIC_TEMPLATE,train,animo4d_L4_safe,animo4d_official_text,present,PZ_Prairie_Dog_Male_prairie_dog_male__animationnotmotionextractedlocomotion_maniset3047775e__prairie_dog_male_standtogimmickloop_190.npy,The male prairie dog stands still to gimmick,3
SOURCE_OR_ACTION_ARTIFACT;LOW_SEMANTIC_TEMPLATE,train,animo4d_L4_safe,animo4d_official_text,present,PZ_Proboscis_Monkey_Female_proboscis_monkey_female__animationnotmotionextractedlocomotion_maniset80e18f13__proboscis_monkey_female_gimmick_222.npy,The female proboscis monkey performs a playful gimmick by swinging from branch to branch,3
SOURCE_OR_ACTION_ARTIFACT;LOW_SEMANTIC_TEMPLATE,train,animo4d_L4_safe,animo4d_official_text,present,PZ_Proboscis_Monkey_Juvenile_proboscis_monkey_juvenile__animationnotmotionextractedfighting_manisetabe2a785__proboscis_monkey_juvenile_gimmick_131.npy,The juvenile proboscis monkey performs a playful gimmick by leaping from branch to branch,3
SOURCE_OR_ACTION_ARTIFACT;LOW_SEMANTIC_TEMPLATE,train,animo4d_L4_safe,animo4d_official_text,present,PZ_Pronghorn_Antelope_Male_pronghorn_antelope_male__animationnotmotionextractedbehaviour_maniset312ef25a__pronghorn_antelope_male_standgimmick01_59.npy,The male pronghorn antelope stands still as a clever gimmick,3
SOURCE_OR_ACTION_ARTIFACT;LOW_SEMANTIC_TEMPLATE,train,animo4d_L4_safe,animo4d_official_text,present,PZ_Pronghorn_Antelope_Male_pronghorn_antelope_male__animationnotmotionextractedfighting_manisetf7d57130__pronghorn_antelope_male_standgimmick01_115.npy,The male pronghorn antelope stands still as a gimmick,3
SOURCE_OR_ACTION_ARTIFACT;LOW_SEMANTIC_TEMPLATE,train,animo4d_L4_safe,animo4d_official_text,present,PZ_Pronghorn_Antelope_Male_pronghorn_antelope_male__animationnotmotionextractedlocomotion_manisetd40e3996__pronghorn_antelope_male_standgimmick01_176.npy,The male pronghorn antelope stands still as a gimmick,3
SOURCE_OR_ACTION_ARTIFACT,train,animo4d_L4_safe,animo4d_official_text,present,PZ_Przewalskis_Horse_Female_przewalskis_horse_female__animationmotionextractedbehaviour_maniset987d8fbe__przewalskis_horse_female_gimmick_1.npy,The female Przewalskis horse performs a playful gimmick by trotting in circles,3
SOURCE_OR_ACTION_ARTIFACT,train,animo4d_L4_safe,animo4d_official_text,present,PZ_Przewalskis_Horse_Female_przewalskis_horse_female__animationmotionextractedlocomotion_maniset6c8e2da__przewalskis_horse_female_gimmick_4.npy,The female Przewalskis horse performs a playful gimmick by trotting in circles,4
SOURCE_OR_ACTION_ARTIFACT,train,animo4d_L4_safe,animo4d_official_text,present,PZ_Przewalskis_Horse_Female_przewalskis_horse_female__animationnotmotionextractedfighting_manisetdb4f1696__przewalskis_horse_female_gimmick_54.npy,The female Przewalskis horse performs a playful gimmick by trotting in circles,3
SOURCE_OR_ACTION_ARTIFACT,train,animo4d_L4_safe,animo4d_official_text,present,PZ_Przewalskis_Horse_Juvenile_przewalskis_horse_juvenile__animationmotionextractedbehaviour_maniset2838d956__przewalskis_horse_juvenile_gimmick_1.npy,The juvenile Przewalskis horse performs a playful gimmick by trotting in circles,3
SOURCE_OR_ACTION_ARTIFACT,train,animo4d_L4_safe,animo4d_official_text,present,PZ_Przewalskis_Horse_Juvenile_przewalskis_horse_juvenile__animationmotionextractedfighting_manisete28846ec__przewalskis_horse_juvenile_gimmick_6.npy,The juvenile Przewalskis horse performs a playful gimmick by trotting in circles,3
SOURCE_OR_ACTION_ARTIFACT,train,animo4d_L4_safe,animo4d_official_text,present,PZ_Przewalskis_Horse_Juvenile_przewalskis_horse_juvenile__animationmotionextractedlocomotion_maniset727cf272__przewalskis_horse_juvenile_gimmick_11.npy,The juvenile Przewalskis horse performs a playful gimmick by trotting in circles,3
SOURCE_OR_ACTION_ARTIFACT,train,animo4d_L4_safe,animo4d_official_text,present,PZ_Przewalskis_Horse_Juvenile_przewalskis_horse_juvenile__animationnotmotionextractedbehaviour_maniset1989a4d8__przewalskis_horse_juvenile_gimmick_66.npy,The juvenile Przewalskis horse performs a playful gimmick by trotting in circles,3
SOURCE_OR_ACTION_ARTIFACT,train,animo4d_L4_safe,animo4d_official_text,present,PZ_Przewalskis_Horse_Juvenile_przewalskis_horse_juvenile__animationnotmotionextractedfighting_maniset4456c2e__przewalskis_horse_juvenile_gimmick_136.npy,The juvenile Przewalskis horse performs a playful gimmick by trotting in circles,3
SOURCE_OR_ACTION_ARTIFACT;LOW_SEMANTIC_TEMPLATE,train,animo4d_L4_safe,animo4d_official_text,present,PZ_Przewalskis_Horse_Male_przewalskis_horse_male__animationmotionextractedbehaviour_manisete53d47b3__przewalskis_horse_male_gimmick_1.npy,The male Przewalskis horse performs a playful gimmick by trotting in circles,3
SOURCE_OR_ACTION_ARTIFACT,train,animo4d_L4_safe,animo4d_official_text,present,PZ_Przewalskis_Horse_Male_przewalskis_horse_male__animationmotionextractedfighting_maniset97f37a09__przewalskis_horse_male_gimmick_3.npy,The male Przewalskis horse performs a playful gimmick by trotting in circles,3
SOURCE_OR_ACTION_ARTIFACT,train,animo4d_L4_safe,animo4d_official_text,present,PZ_Przewalskis_Horse_Male_przewalskis_horse_male__animationmotionextractedlocomotion_maniset82566c0f__przewalskis_horse_male_gimmick_6.npy,The male Przewalskis horse performs a playful gimmick by trotting in circles,3
SOURCE_OR_ACTION_ARTIFACT,train,animo4d_L4_safe,animo4d_official_text,present,PZ_Przewalskis_Horse_Male_przewalskis_horse_male__animationnotmotionextractedlocomotion_maniset88a6fef1__przewalskis_horse_male_gimmick_160.npy,The male Przewalskis horse performs a playful gimmick by trotting in circles,3
SOURCE_OR_ACTION_ARTIFACT,train,animo4d_L4_safe,animo4d_official_text,present,PZ_Pygmy_Hippo_Female_pygmy_hippo_female__animationnotmotionextractedbehaviour_maniset4a718128__pygmy_hippo_female_standgimmick01_81.npy,The female pygmy hippo stands still as a playful gimmick,3
SOURCE_OR_ACTION_ARTIFACT;LOW_SEMANTIC_TEMPLATE,train,animo4d_L4_safe,animo4d_official_text,present,PZ_Pygmy_Hippo_Female_pygmy_hippo_female__animationnotmotionextractedfighting_maniset39e9f47e__pygmy_hippo_female_standgimmick01_150.npy,The female pygmy hippo stands still as part of her gimmick,3
SOURCE_OR_ACTION_ARTIFACT;LOW_SEMANTIC_TEMPLATE,train,animo4d_L4_safe,animo4d_official_text,present,PZ_Pygmy_Hippo_Male_pygmy_hippo_male__animationnotmotionextractedbehaviour_maniset652b82dd__pygmy_hippo_male_standgimmick01_43.npy,The male pygmy hippo stands still as part of its gimmick,3
SOURCE_OR_ACTION_ARTIFACT;LOW_SEMANTIC_TEMPLATE,train,animo4d_L4_safe,animo4d_official_text,present,PZ_Pygmy_Hippo_Male_pygmy_hippo_male__animationnotmotionextractedlocomotion_manisetf970f6d9__pygmy_hippo_male_standgimmick01_126.npy,The male pygmy hippo stands still as part of its gimmick,3
SOURCE_OR_ACTION_ARTIFACT;LOW_SEMANTIC_TEMPLATE,train,animo4d_L4_safe,animo4d_official_text,present,PZ_Raccoon_Male_raccoon_male__animationnotmotionextractedbehaviour_manisetbea9f852__raccoon_male_standgimmick_96.npy,The male raccoon stands still as part of its gimmick,3
SOURCE_OR_ACTION_ARTIFACT;LOW_SEMANTIC_TEMPLATE,train,animo4d_L4_safe,animo4d_official_text,present,PZ_Raccoon_Male_raccoon_male__animationnotmotionextractedfighting_maniset1c669928__raccoon_male_standgimmick_156.npy,The male raccoon stands still as part of its gimmick,3
SOURCE_OR_ACTION_ARTIFACT;LOW_SEMANTIC_TEMPLATE,train,animo4d_L4_safe,animo4d_official_text,present,PZ_Raccoon_Male_raccoon_male__animationnotmotionextractedlocomotion_manisetac629d8e__raccoon_male_standgimmick_245.npy,The male raccoon stands still as part of its gimmick,3
SOURCE_OR_ACTION_ARTIFACT,train,animo4d_L4_safe,animo4d_official_text,present,PZ_Red_Deer_Female_red_deer_female__animationnotmotionextractedbehaviour_maniset465831c5__red_deer_female_standgimmick01_51.npy,The female red deer stands still as a gimmick,3
SOURCE_OR_ACTION_ARTIFACT;LOW_SEMANTIC_TEMPLATE,train,animo4d_L4_safe,animo4d_official_text,present,PZ_Red_Deer_Juvenile_red_deer_juvenile__animationnotmotionextractedbehaviour_maniset7506829d__red_deer_juvenile_standgimmick01_55.npy,The juvenile red deer stands still as a gimmick,3
SOURCE_OR_ACTION_ARTIFACT,train,animo4d_L4_safe,animo4d_official_text,present,PZ_Red_Deer_Juvenile_red_deer_juvenile__animationnotmotionextractedfighting_maniset70f614b3__red_deer_juvenile_standgimmick01_116.npy,The juvenile red deer stands still as a gimmick,3
SOURCE_OR_ACTION_ARTIFACT;LOW_SEMANTIC_TEMPLATE,train,animo4d_L4_safe,animo4d_official_text,present,PZ_Red_Deer_Male_red_deer_male__animationnotmotionextractedfighting_manisetfcd2ef10__red_deer_male_standgimmick01_124.npy,The male red deer stands still as a gimmick,3
SOURCE_OR_ACTION_ARTIFACT,train,animo4d_L4_safe,animo4d_official_text,present,PZ_Red_Deer_Male_red_deer_male__animationnotmotionextractedlocomotion_manisetf557a776__red_deer_male_standgimmick01_189.npy,The male red deer stands still as a gimmick,3
SOURCE_OR_ACTION_ARTIFACT;LOW_SEMANTIC_TEMPLATE,train,animo4d_L4_safe,animo4d_official_text,present,PZ_Red_River_Hog_Female_red_river_hog_female__animationnotmotionextractedfighting_maniset60262574__red_river_hog_female_standgimmick_62.npy,The female river hog stands still as part of her gimmick,3
SOURCE_OR_ACTION_ARTIFACT;LOW_SEMANTIC_TEMPLATE,train,animo4d_L4_safe,animo4d_official_text,present,PZ_Red_River_Hog_Female_red_river_hog_female__animationnotmotionextractedlocomotion_maniseta2676fda__red_river_hog_female_standgimmick_94.npy,The female river hog stands still as part of her gimmick,3
SOURCE_OR_ACTION_ARTIFACT,train,animo4d_L4_safe,animo4d_official_text,present,PZ_Red_River_Hog_Juvenile_red_river_hog_juvenile__animationnotmotionextractedbehaviour_maniset3ee8f2b6__red_river_hog_juvenile_standgimmick_37.npy,The juvenile river hog stands still as a gimmick,3
SOURCE_OR_ACTION_ARTIFACT,train,animo4d_L4_safe,animo4d_official_text,present,PZ_Red_River_Hog_Juvenile_red_river_hog_juvenile__animationnotmotionextractedfighting_maniset1b1baa8c__red_river_hog_juvenile_standgimmick_88.npy,The juvenile river hog stands still as a gimmick,3
SOURCE_OR_ACTION_ARTIFACT,train,animo4d_L4_safe,animo4d_official_text,present,PZ_Red_River_Hog_Juvenile_red_river_hog_juvenile__animationnotmotionextractedlocomotion_maniset3849c0f2__red_river_hog_juvenile_standgimmick_166.npy,The juvenile river hog stands still as a gimmick,3
SOURCE_OR_ACTION_ARTIFACT;LOW_SEMANTIC_TEMPLATE,train,animo4d_L4_safe,animo4d_official_text,present,PZ_Red_River_Hog_Male_red_river_hog_male__animationnotmotionextractedbehaviour_maniset8b67b3d3__red_river_hog_male_standgimmick01_73.npy,The male river hog stands still as part of its gimmick,3
SOURCE_OR_ACTION_ARTIFACT,train,animo4d_L4_safe,animo4d_official_text,present,PZ_Red_River_Hog_Male_red_river_hog_male__animationnotmotionextractedfighting_maniset73cd8069__red_river_hog_male_standgimmick01_140.npy,The male river hog stands still as a gimmick,1
SOURCE_OR_ACTION_ARTIFACT;LOW_SEMANTIC_TEMPLATE,train,animo4d_L4_safe,animo4d_official_text,present,PZ_Red_River_Hog_Male_red_river_hog_male__animationnotmotionextractedfighting_maniset73cd8069__red_river_hog_male_standgimmick_139.npy,The male river hog stands still as part of its gimmick,3
SOURCE_OR_ACTION_ARTIFACT;LOW_SEMANTIC_TEMPLATE,train,animo4d_L4_safe,animo4d_official_text,present,PZ_Red_River_Hog_Male_red_river_hog_male__animationnotmotionextractedlocomotion_maniset9f7d3d4f__red_river_hog_male_standgimmick01_209.npy,The male river hog stands still as part of its gimmick,3
SOURCE_OR_ACTION_ARTIFACT;LOW_SEMANTIC_TEMPLATE,train,animo4d_L4_safe,animo4d_official_text,present,PZ_Red_River_Hog_Male_red_river_hog_male__animationnotmotionextractedlocomotion_maniset9f7d3d4f__red_river_hog_male_standgimmick_208.npy,The male river hog stands still as part of its gimmick,3
SOURCE_OR_ACTION_ARTIFACT;LOW_SEMANTIC_TEMPLATE,train,animo4d_L4_safe,animo4d_official_text,present,PZ_Reindeer_Female_reindeer_female__animationnotmotionextractedbehaviour_maniset65f6850e__reindeer_female_standgimmick01_24.npy,The female reindeer stands still as part of a gimmick,3
SOURCE_OR_ACTION_ARTIFACT;LOW_SEMANTIC_TEMPLATE,train,animo4d_L4_safe,animo4d_official_text,present,PZ_Reindeer_Female_reindeer_female__animationnotmotionextractedlocomotion_maniset5905494a__reindeer_female_standgimmick01_77.npy,The female reindeer stands still as part of a playful gimmick,3
SOURCE_OR_ACTION_ARTIFACT;LOW_SEMANTIC_TEMPLATE,train,animo4d_L4_safe,animo4d_official_text,present,PZ_Reindeer_Juvenile_reindeer_juvenile__animationnotmotionextractedlocomotion_manisetdc3b662__reindeer_juvenile_standgimmick01_194.npy,The juvenile reindeer stands still as part of a playful gimmick,3
SOURCE_OR_ACTION_ARTIFACT,train,animo4d_L4_safe,animo4d_official_text,present,PZ_Reticulated_Giraffe_Juvenile_reticulated_giraffe_juvenile__animationnotmotionextractedbehaviour_manisete67a0d4e__reticulated_giraffe_juvenile_standgimmick01_51.npy,The juvenile reticulated giraffe stands still as a gimmick,3
SOURCE_OR_ACTION_ARTIFACT,train,animo4d_L4_safe,animo4d_official_text,present,PZ_Reticulated_Giraffe_Male_reticulated_giraffe_male__animationnotmotionextractedlocomotion_maniset2a56d1e7__reticulated_giraffe_male_standgimmick01_138.npy,The male reticulated giraffe stands still as a gimmick,3
SOURCE_OR_ACTION_ARTIFACT;LOW_SEMANTIC_TEMPLATE,train,animo4d_L4_safe,animo4d_official_text,present,PZ_Sable_Antelope_Female_sable_antelope_female__animationnotmotionextractedbehaviour_maniset7f532b39__sable_antelope_female_standgimmick01_63.npy,The female sable antelope stands still employing a clever gimmick,3
SOURCE_OR_ACTION_ARTIFACT,train,animo4d_L4_safe,animo4d_official_text,present,PZ_Sable_Antelope_Female_sable_antelope_female__animationnotmotionextractedfighting_maniset8f87e64f__sable_antelope_female_standgimmick01_127.npy,The female sable antelope stands still as a clever gimmick,3
SOURCE_OR_ACTION_ARTIFACT,train,animo4d_L4_safe,animo4d_official_text,present,PZ_Sable_Antelope_Female_sable_antelope_female__animationnotmotionextractedlocomotion_maniset3c242635__sable_antelope_female_standgimmick01_194.npy,The female sable antelope stands still as a clever gimmick,3
SOURCE_OR_ACTION_ARTIFACT,train,animo4d_L4_safe,animo4d_official_text,present,PZ_Saiga_Female_saiga_female__animationnotmotionextractedfighting_maniset620ac77f__saiga_female_gimmick_149.npy,The female saiga performs a quick quirky gimmick,3
SOURCE_OR_ACTION_ARTIFACT,train,animo4d_L4_safe,animo4d_official_text,present,PZ_Saiga_Female_saiga_female__animationnotmotionextractedlocomotion_maniset6a941f65__saiga_female_gimmick_205.npy,The female saiga performs a quirky gimmick,3
SOURCE_OR_ACTION_ARTIFACT,train,animo4d_L4_safe,animo4d_official_text,present,PZ_Saiga_Juvenile_saiga_juvenile__animationnotmotionextractedbehaviour_maniset715a241__saiga_juvenile_gimmick_41.npy,The juvenile saiga performs a playful gimmick by leaping and twirling in the air,3
SOURCE_OR_ACTION_ARTIFACT,train,animo4d_L4_safe,animo4d_official_text,present,PZ_Saiga_Juvenile_saiga_juvenile__animationnotmotionextractedfighting_maniset28b0fb57__saiga_juvenile_gimmick_102.npy,The juvenile saiga performs a playful gimmick by leaping and twirling in the air,3
SOURCE_OR_ACTION_ARTIFACT,train,animo4d_L4_safe,animo4d_official_text,present,PZ_Saiga_Male_saiga_male__animationnotmotionextractedlocomotion_manisetad128e1a__saiga_male_gimmick_181.npy,The male saiga performs a unique gimmick by leaping and twirling in the air,3
SOURCE_OR_ACTION_ARTIFACT;LOW_SEMANTIC_TEMPLATE,train,animo4d_L4_safe,animo4d_official_text,present,PZ_Scimitar_Horned_Oryx_Female_scimitar_horned_oryx_female__animationnotmotionextractedbehaviour_maniset9c757f26__scimitar_horned_oryx_female_standgimmick01_65.npy,The female horned oryx stands still as a clever gimmick,3
SOURCE_OR_ACTION_ARTIFACT,train,animo4d_L4_safe,animo4d_official_text,present,PZ_Scimitar_Horned_Oryx_Female_scimitar_horned_oryx_female__animationnotmotionextractedfighting_maniset363a5afc__scimitar_horned_oryx_female_standgimmick01_122.npy,The female horned oryx stands still as a clever gimmick,3
SOURCE_OR_ACTION_ARTIFACT,train,animo4d_L4_safe,animo4d_official_text,present,PZ_Scimitar_Horned_Oryx_Female_scimitar_horned_oryx_female__animationnotmotionextractedlocomotion_maniset2b2b2962__scimitar_horned_oryx_female_standgimmick01_180.npy,The female horned oryx stands still as a clever gimmick,3
SOURCE_OR_ACTION_ARTIFACT,train,animo4d_L4_safe,animo4d_official_text,present,PZ_Scimitar_Horned_Oryx_Male_scimitar_horned_oryx_male__animationnotmotionextractedfighting_maniseta6c6b3f1__scimitar_horned_oryx_male_standgimmick01_121.npy,The male horned oryx stands still as a gimmick,3
SOURCE_OR_ACTION_ARTIFACT,train,animo4d_L4_safe,animo4d_official_text,present,PZ_Somali_Wild_Ass_Juvenile_somali_wild_ass_juvenile__animationmotionextractedbehaviour_maniset27c2eb10__somali_wild_ass_juvenile_gimmick_1.npy,The juvenile wild ass performs a playful gimmick by trotting and then kicking up its heels,3
SOURCE_OR_ACTION_ARTIFACT,train,animo4d_L4_safe,animo4d_official_text,present,PZ_Somali_Wild_Ass_Juvenile_somali_wild_ass_juvenile__animationmotionextractedfighting_maniseta70ea226__somali_wild_ass_juvenile_gimmick_3.npy,The juvenile wild ass performs a playful gimmick by leaping and then trotting away,3
SOURCE_OR_ACTION_ARTIFACT;LOW_SEMANTIC_TEMPLATE,train,animo4d_L4_safe,animo4d_official_text,present,PZ_Somali_Wild_Ass_Juvenile_somali_wild_ass_juvenile__animationmotionextractedlocomotion_maniset7cd25aac__somali_wild_ass_juvenile_gimmick_5.npy,The juvenile wild ass performs a playful gimmick by jumping and then trotting away,3
SOURCE_OR_ACTION_ARTIFACT,train,animo4d_L4_safe,animo4d_official_text,present,PZ_Somali_Wild_Ass_Juvenile_somali_wild_ass_juvenile__animationnotmotionextractedbehaviour_maniseta46c9a12__somali_wild_ass_juvenile_gimmick_42.npy,The juvenile wild ass performs a playful gimmick by jumping and then trotting away,3
SOURCE_OR_ACTION_ARTIFACT,train,animo4d_L4_safe,animo4d_official_text,present,PZ_Somali_Wild_Ass_Male_somali_wild_ass_male__animationmotionextractedbehaviour_maniset681f8c6d__somali_wild_ass_male_gimmick_11.npy,The male wild ass performs a playful gimmick by trotting in circles,3
SOURCE_OR_ACTION_ARTIFACT,train,animo4d_L4_safe,animo4d_official_text,present,PZ_Somali_Wild_Ass_Male_somali_wild_ass_male__animationmotionextractedfighting_manisetb6294843__somali_wild_ass_male_gimmick_100.npy,The male wild ass performs a playful gimmick by leaping and then trotting in circles,3
SOURCE_OR_ACTION_ARTIFACT,train,animo4d_L4_safe,animo4d_official_text,present,PZ_Somali_Wild_Ass_Male_somali_wild_ass_male__animationmotionextractedlocomotion_maniset46dcc749__somali_wild_ass_male_gimmick_160.npy,The male wild ass performs a playful gimmick hopping and kicking its hind legs,3
SOURCE_OR_ACTION_ARTIFACT,train,animo4d_L4_safe,animo4d_official_text,present,PZ_Somali_Wild_Ass_Male_somali_wild_ass_male__animationnotmotionextractedbehaviour_maniset10e60d2f__somali_wild_ass_male_gimmick_216.npy,The male wild ass performs a playful gimmick by trotting in circles,3
SOURCE_OR_ACTION_ARTIFACT;LOW_SEMANTIC_TEMPLATE,train,animo4d_L4_safe,animo4d_official_text,present,PZ_Spotted_Hyena_Female_spotted_hyena_female__animationnotmotionextractedbehaviour_manisetbfa014d8__spotted_hyena_female_standgimmick01_82.npy,The female spotted hyena stands still as a gimmick,3
SOURCE_OR_ACTION_ARTIFACT,train,animo4d_L4_safe,animo4d_official_text,present,PZ_Spotted_Hyena_Female_spotted_hyena_female__animationnotmotionextractedfighting_maniset51ffdc2e__spotted_hyena_female_standgimmick01_154.npy,The female spotted hyena stands still as a gimmick,3
SOURCE_OR_ACTION_ARTIFACT,train,animo4d_L4_safe,animo4d_official_text,present,PZ_Spotted_Hyena_Female_spotted_hyena_female__animationnotmotionextractedlocomotion_manisetc351f394__spotted_hyena_female_standgimmick01_221.npy,The female spotted hyena stands still as a gimmick,3
SOURCE_OR_ACTION_ARTIFACT,train,animo4d_L4_safe,animo4d_official_text,present,PZ_Spotted_Hyena_Male_spotted_hyena_male__animationnotmotionextractedbehaviour_maniset7d416a8d__spotted_hyena_male_standgimmick01_79.npy,The male spotted hyena stands still as a gimmick,3
SOURCE_OR_ACTION_ARTIFACT;LOW_SEMANTIC_TEMPLATE,train,animo4d_L4_safe,animo4d_official_text,present,PZ_Spotted_Hyena_Male_spotted_hyena_male__animationnotmotionextractedfighting_maniset987640a3__spotted_hyena_male_standgimmick01_144.npy,The male spotted hyena stands still as part of its hunting gimmick,3
SOURCE_OR_ACTION_ARTIFACT;LOW_SEMANTIC_TEMPLATE,train,animo4d_L4_safe,animo4d_official_text,present,PZ_Spotted_Hyena_Male_spotted_hyena_male__animationnotmotionextractedlocomotion_maniset6e9f8a89__spotted_hyena_male_standgimmick01_198.npy,The male spotted hyena stands still as a gimmick,3
SOURCE_OR_ACTION_ARTIFACT,train,animo4d_L4_safe,animo4d_official_text,present,PZ_Springbok_Female_springbok_female__animationnotmotionextractedbehaviour_manisetb459c95b__springbok_female_standgimmick01_53.npy,The female springbok stands still as a gimmick,3
SOURCE_OR_ACTION_ARTIFACT;LOW_SEMANTIC_TEMPLATE,train,animo4d_L4_safe,animo4d_official_text,present,PZ_Springbok_Female_springbok_female__animationnotmotionextractedfighting_manisete8ac93f1__springbok_female_standgimmick01_111.npy,The female springbok stands still and then performs a playful gimmick,3
SOURCE_OR_ACTION_ARTIFACT;LOW_SEMANTIC_TEMPLATE,train,animo4d_L4_safe,animo4d_official_text,present,PZ_Springbok_Female_springbok_female__animationnotmotionextractedlocomotion_manisetcd4ad4d7__springbok_female_standgimmick01_170.npy,The female springbok stands still as part of her gimmick,3
SOURCE_OR_ACTION_ARTIFACT;LOW_SEMANTIC_TEMPLATE,train,animo4d_L4_safe,animo4d_official_text,present,PZ_Springbok_Juvenile_springbok_juvenile__animationnotmotionextractedbehaviour_maniset69cc57b3__springbok_juvenile_standgimmick01_73.npy,The juvenile springbok stands still as a gimmick,3
SOURCE_OR_ACTION_ARTIFACT;LOW_SEMANTIC_TEMPLATE,train,animo4d_L4_safe,animo4d_official_text,present,PZ_Springbok_Juvenile_springbok_juvenile__animationnotmotionextractedfighting_manisetdef7ac49__springbok_juvenile_standgimmick01_147.npy,The juvenile springbok stands still as a gimmick,3
SOURCE_OR_ACTION_ARTIFACT;LOW_SEMANTIC_TEMPLATE,train,animo4d_L4_safe,animo4d_official_text,present,PZ_Springbok_Male_springbok_male__animationnotmotionextractedbehaviour_maniset13ee2250__springbok_male_standgimmick01_53.npy,The male springbok stands still as part of its survival gimmick,3
SOURCE_OR_ACTION_ARTIFACT;LOW_SEMANTIC_TEMPLATE,train,animo4d_L4_safe,animo4d_official_text,present,PZ_Springbok_Male_springbok_male__animationnotmotionextractedfighting_manisetb5fc2ba6__springbok_male_standgimmick01_116.npy,The male springbok stands still as part of its gimmick,3
SOURCE_OR_ACTION_ARTIFACT;LOW_SEMANTIC_TEMPLATE,train,animo4d_L4_safe,animo4d_official_text,present,PZ_Standard_Donkey_Juvenile_standard_donkey_juvenile__animationmotionextractedbehaviour_maniset1bf356d3__standard_donkey_juvenile_gimmick_1.npy,The juvenile standard donkey performs a gimmick by trotting in a circle,3
SOURCE_OR_ACTION_ARTIFACT,train,animo4d_L4_safe,animo4d_official_text,present,PZ_Standard_Donkey_Juvenile_standard_donkey_juvenile__animationmotionextractedlocomotion_maniset3eccc32f__standard_donkey_juvenile_gimmick_2.npy,The juvenile standard donkey performs a playful gimmick by trotting and then kicking up its heels,3
SOURCE_OR_ACTION_ARTIFACT,train,animo4d_L4_safe,animo4d_official_text,present,PZ_Standard_Donkey_Juvenile_standard_donkey_juvenile__animationnotmotionextractedbehaviour_maniset369d8c15__standard_donkey_juvenile_gimmick_36.npy,The juvenile standard donkey performs a playful gimmick,3
SOURCE_OR_ACTION_ARTIFACT,train,animo4d_L4_safe,animo4d_official_text,present,PZ_Standard_Donkey_Male_standard_donkey_male__animationmotionextractedbehaviour_maniset9e28eb0__standard_donkey_male_gimmick_6.npy,The male standard donkey performs a playful gimmick,3
SOURCE_OR_ACTION_ARTIFACT,train,animo4d_L4_safe,animo4d_official_text,present,PZ_Standard_Donkey_Male_standard_donkey_male__animationmotionextractedfighting_manisetd7b0ddc6__standard_donkey_male_gimmick_57.npy,The male standard donkey performs a playful gimmick by trotting in circles,3
SOURCE_OR_ACTION_ARTIFACT,train,animo4d_L4_safe,animo4d_official_text,present,PZ_Standard_Donkey_Male_standard_donkey_male__animationnotmotionextractedbehaviour_manisetd2e075b2__standard_donkey_male_gimmick_164.npy,The male standard donkey performs a playful gimmick by trotting in circles,3
SOURCE_OR_ACTION_ARTIFACT,train,animo4d_L4_safe,animo4d_official_text,present,PZ_Standard_Donkey_Male_standard_donkey_male__animationnotmotionextractedfighting_maniset641e3e88__standard_donkey_male_gimmick_244.npy,The male standard donkey performs a playful gimmick,3
SOURCE_OR_ACTION_ARTIFACT,train,animo4d_L4_safe,animo4d_official_text,present,PZ_Standard_Donkey_Male_standard_donkey_male__animationnotmotionextractedlocomotion_maniseta82df2ee__standard_donkey_male_gimmick_330.npy,The male standard donkey performs a playful gimmick,3
SOURCE_OR_ACTION_ARTIFACT;LOW_SEMANTIC_TEMPLATE,train,animo4d_L4_safe,animo4d_official_text,present,PZ_Striped_Hyena_Male_striped_hyena_male__animationmotionextractedbehaviour_manisetf26235ce__striped_hyena_male_standgimmick01_19.npy,The male striped hyena stands still as part of its gimmick,3
SOURCE_OR_ACTION_ARTIFACT;LOW_SEMANTIC_TEMPLATE,train,animo4d_L4_safe,animo4d_official_text,present,PZ_Striped_Hyena_Male_striped_hyena_male__animationnotmotionextractedbehaviour_maniset21947b50__striped_hyena_male_standgimmick01_206.npy,The male striped hyena stands still as part of its gimmick,3
SOURCE_OR_ACTION_ARTIFACT;LOW_SEMANTIC_TEMPLATE,train,animo4d_L4_safe,animo4d_official_text,present,PZ_Striped_Hyena_Male_striped_hyena_male__animationnotmotionextractedfighting_maniset443844a6__striped_hyena_male_standgimmick01_289.npy,The male striped hyena stands still as part of its gimmick,3
SOURCE_OR_ACTION_ARTIFACT;LOW_SEMANTIC_TEMPLATE,train,animo4d_L4_safe,animo4d_official_text,present,PZ_Striped_Hyena_Male_striped_hyena_male__animationnotmotionextractedlocomotion_maniset73f9d80c__striped_hyena_male_standgimmick01_373.npy,The male striped hyena stands still as part of its gimmick,3
SOURCE_OR_ACTION_ARTIFACT,train,animo4d_L4_safe,animo4d_official_text,present,PZ_Striped_Skunk_Juvenile_striped_skunk_juvenile__animationnotmotionextractedbehaviour_maniset647bdb5f__striped_skunk_juvenile_intimidategimmick_loop_88.npy,The juvenile striped skunk approaches with an intimidating gimmick,3
SOURCE_OR_ACTION_ARTIFACT,train,animo4d_L4_safe,animo4d_official_text,present,PZ_Striped_Skunk_Male_striped_skunk_male__animationnotmotionextractedbehaviour_manisetc6f6affc__striped_skunk_male_intimidategimmick_loop_95.npy,The male striped skunk raises its tail and releases a pungent odor to intimidate its opponent,3
SOURCE_OR_ACTION_ARTIFACT,train,animo4d_L4_safe,animo4d_official_text,present,PZ_Striped_Skunk_Male_striped_skunk_male__animationnotmotionextractedlocomotion_manisetfabbe7b8__striped_skunk_male_intimidategimmick_loop_223.npy,The male striped skunk raises its tail and releases a pungent odor to intimidate its opponent,3
SOURCE_OR_ACTION_ARTIFACT,train,animo4d_L4_safe,animo4d_official_text,present,PZ_Takin_Juvenile_takin_juvenile__animationnotmotionextractedfighting_manisetbbc47d94__takin_juvenile_standgimmick01_111.npy,The juvenile takin stands still as a gimmick,3
SOURCE_OR_ACTION_ARTIFACT;LOW_SEMANTIC_TEMPLATE,train,animo4d_L4_safe,animo4d_official_text,present,PZ_Takin_Juvenile_takin_juvenile__animationnotmotionextractedlocomotion_manisetd7b4d7fa__takin_juvenile_standgimmick01_171.npy,The juvenile takin stands still as a gimmick,3
SOURCE_OR_ACTION_ARTIFACT,train,animo4d_L4_safe,animo4d_official_text,present,PZ_Takin_Male_takin_male__animationmotionextractedbehaviour_maniset3b4c5319__takin_male_standgimmick01_27.npy,The male takin stands still as a gimmick,3
SOURCE_OR_ACTION_ARTIFACT;LOW_SEMANTIC_TEMPLATE,train,animo4d_L4_safe,animo4d_official_text,present,PZ_Takin_Male_takin_male__animationnotmotionextractedbehaviour_manisetd83024db__takin_male_standgimmick01_237.npy,The male takin stands still as a gimmick,3
SOURCE_OR_ACTION_ARTIFACT;LOW_SEMANTIC_TEMPLATE,train,animo4d_L4_safe,animo4d_official_text,present,PZ_Takin_Male_takin_male__animationnotmotionextractedlocomotion_maniset40261057__takin_male_standgimmick01_404.npy,The male takin stands still as a gimmick,3
SOURCE_OR_ACTION_ARTIFACT,train,animo4d_L4_safe,animo4d_official_text,present,PZ_Tamworth_Pig_Juvenile_tamworth_pig_juvenile__animationnotmotionextractedbehaviour_maniset1c48086__tamworth_pig_juvenile_standgimmick01_51.npy,The juvenile Tamworth pig stands still as a gimmick,3
SOURCE_OR_ACTION_ARTIFACT;LOW_SEMANTIC_TEMPLATE,train,animo4d_L4_safe,animo4d_official_text,present,PZ_Tamworth_Pig_Juvenile_tamworth_pig_juvenile__animationnotmotionextractedfighting_manisete719845c__tamworth_pig_juvenile_standgimmick01_107.npy,The juvenile Tamworth pig stands still as a gimmick,3
SOURCE_OR_ACTION_ARTIFACT;LOW_SEMANTIC_TEMPLATE,train,animo4d_L4_safe,animo4d_official_text,present,PZ_Tamworth_Pig_Juvenile_tamworth_pig_juvenile__animationnotmotionextractedlocomotion_maniset204002c2__tamworth_pig_juvenile_standgimmick01_187.npy,The juvenile Tamworth pig stands still as part of its playful gimmick,3
SOURCE_OR_ACTION_ARTIFACT;LOW_SEMANTIC_TEMPLATE,train,animo4d_L4_safe,animo4d_official_text,present,PZ_Tamworth_Pig_Male_tamworth_pig_male__animationmotionextractedbehaviour_manisetab8b11e1__tamworth_pig_male_standgimmick01_21.npy,The male Tamworth pig stands still as part of its gimmick,3
SOURCE_OR_ACTION_ARTIFACT;LOW_SEMANTIC_TEMPLATE,train,animo4d_L4_safe,animo4d_official_text,present,PZ_Tamworth_Pig_Male_tamworth_pig_male__animationmotionextractedfighting_maniset624ce0b7__tamworth_pig_male_standgimmick01_86.npy,The male Tamworth pig stands still as part of a gimmick,3
SOURCE_OR_ACTION_ARTIFACT;LOW_SEMANTIC_TEMPLATE,train,animo4d_L4_safe,animo4d_official_text,present,PZ_Tamworth_Pig_Male_tamworth_pig_male__animationmotionextractedfighting_maniset624ce0b7__tamworth_pig_male_standgimmick_85.npy,The male Tamworth pig stands still as part of its gimmick,3
SOURCE_OR_ACTION_ARTIFACT;LOW_SEMANTIC_TEMPLATE,train,animo4d_L4_safe,animo4d_official_text,present,PZ_Tamworth_Pig_Male_tamworth_pig_male__animationmotionextractedlocomotion_maniset133f79bd__tamworth_pig_male_standgimmick01_143.npy,The male Tamworth pig stands still as part of a gimmick,3
SOURCE_OR_ACTION_ARTIFACT;LOW_SEMANTIC_TEMPLATE,train,animo4d_L4_safe,animo4d_official_text,present,PZ_Tamworth_Pig_Male_tamworth_pig_male__animationnotmotionextractedbehaviour_manisetdb84d9a3__tamworth_pig_male_standgimmick01_218.npy,The male Tamworth pig stands still as part of a gimmick,3
SOURCE_OR_ACTION_ARTIFACT;LOW_SEMANTIC_TEMPLATE,train,animo4d_L4_safe,animo4d_official_text,present,PZ_Tamworth_Pig_Male_tamworth_pig_male__animationnotmotionextractedbehaviour_manisetdb84d9a3__tamworth_pig_male_standgimmick_217.npy,The male Tamworth pig stands still as part of a gimmick,3
SOURCE_OR_ACTION_ARTIFACT;LOW_SEMANTIC_TEMPLATE,train,animo4d_L4_safe,animo4d_official_text,present,PZ_Tamworth_Pig_Male_tamworth_pig_male__animationnotmotionextractedfighting_manisetdfc6f239__tamworth_pig_male_standgimmick01_312.npy,The male Tamworth pig stands still as part of a gimmick,3
SOURCE_OR_ACTION_ARTIFACT;LOW_SEMANTIC_TEMPLATE,train,animo4d_L4_safe,animo4d_official_text,present,PZ_Tamworth_Pig_Male_tamworth_pig_male__animationnotmotionextractedfighting_manisetdfc6f239__tamworth_pig_male_standgimmick_311.npy,The male Tamworth pig stands still as part of its gimmick,3
SOURCE_OR_ACTION_ARTIFACT;LOW_SEMANTIC_TEMPLATE,train,animo4d_L4_safe,animo4d_official_text,present,PZ_Tamworth_Pig_Male_tamworth_pig_male__animationnotmotionextractedlocomotion_maniset6b7b171f__tamworth_pig_male_standgimmick01_401.npy,The male Tamworth pig stands still as part of a gimmick,3
SOURCE_OR_ACTION_ARTIFACT;LOW_SEMANTIC_TEMPLATE,train,animo4d_L4_safe,animo4d_official_text,present,PZ_Tamworth_Pig_Male_tamworth_pig_male__animationnotmotionextractedlocomotion_maniset6b7b171f__tamworth_pig_male_standgimmick_400.npy,The male Tamworth pig stands still as part of a gimmick,3
SOURCE_OR_ACTION_ARTIFACT,train,animo4d_L4_safe,animo4d_official_text,present,PZ_Tasmanian_Devil_Female_tasmanian_devil_female__animationnotmotionextractedlocomotion_maniset3f9afe6e__tasmanian_devil_female_standgimmick_333.npy,The female Tasmanian devil stands still as a gimmick,1
SOURCE_OR_ACTION_ARTIFACT;LOW_SEMANTIC_TEMPLATE,train,animo4d_L4_safe,animo4d_official_text,present,PZ_Tasmanian_Devil_Juvenile_tasmanian_devil_juvenile__animationnotmotionextractedfighting_maniset57328420__tasmanian_devil_juvenile_standgimmick_232.npy,The juvenile Tasmanian devil stands still as a gimmick,3
SOURCE_OR_ACTION_ARTIFACT;LOW_SEMANTIC_TEMPLATE,train,animo4d_L4_safe,animo4d_official_text,present,PZ_Tasmanian_Devil_Juvenile_tasmanian_devil_juvenile__animationnotmotionextractedlocomotion_manisetf09b4486__tasmanian_devil_juvenile_standgimmick_328.npy,The juvenile Tasmanian devil stands still as part of its gimmick,3
SOURCE_OR_ACTION_ARTIFACT,train,animo4d_L4_safe,animo4d_official_text,present,PZ_Tasmanian_Devil_Male_tasmanian_devil_male__animationnotmotionextractedbehaviour_maniset2f131867__tasmanian_devil_male_standgimmick_121.npy,The male Tasmanian devil stands still as a gimmick,3
SOURCE_OR_ACTION_ARTIFACT,train,animo4d_L4_safe,animo4d_official_text,present,PZ_Thomsons_Gazelle_Female_thomsons_gazelle_female__animationnotmotionextractedbehaviour_manisetd7ca1839__thomsons_gazelle_female_standgimmick01_58.npy,The female Thomsons gazelle stands still as a gimmick,3
SOURCE_OR_ACTION_ARTIFACT;LOW_SEMANTIC_TEMPLATE,train,animo4d_L4_safe,animo4d_official_text,present,PZ_Thomsons_Gazelle_Female_thomsons_gazelle_female__animationnotmotionextractedlocomotion_maniset8e0a5335__thomsons_gazelle_female_standgimmick01_178.npy,The female Thomsons gazelle stands still as a gimmick,3
SOURCE_OR_ACTION_ARTIFACT;LOW_SEMANTIC_TEMPLATE,train,animo4d_L4_safe,animo4d_official_text,present,PZ_Thomsons_Gazelle_Juvenile_thomsons_gazelle_juvenile__animationnotmotionextractedlocomotion_maniset9832e70d__thomsons_gazelle_juvenile_standgimmick01_55.npy,The juvenile Thomsons gazelle stands still as a gimmick to avoid detection,3
SOURCE_OR_ACTION_ARTIFACT;LOW_SEMANTIC_TEMPLATE,train,animo4d_L4_safe,animo4d_official_text,present,PZ_Thomsons_Gazelle_Male_thomsons_gazelle_male__animationnotmotionextractedbehaviour_manisetbea121ae__thomsons_gazelle_male_standgimmick01_47.npy,The male Thomsons gazelle stands still as a gimmick,3
SOURCE_OR_ACTION_ARTIFACT;LOW_SEMANTIC_TEMPLATE,train,animo4d_L4_safe,animo4d_official_text,present,PZ_Thomsons_Gazelle_Male_thomsons_gazelle_male__animationnotmotionextractedlocomotion_maniset86c98dea__thomsons_gazelle_male_standgimmick01_171.npy,The male Thomsons gazelle stands still as a gimmick to blend into the surroundings,3
SOURCE_OR_ACTION_ARTIFACT,train,animo4d_L4_safe,animo4d_official_text,present,PZ_Wild_Boar_Juvenile_wild_boar_juvenile__animationnotmotionextractedbehaviour_maniset74f8a281__wild_boar_juvenile_standgimmick_47.npy,The juvenile wild boar stands still as a gimmick,3
SOURCE_OR_ACTION_ARTIFACT;LOW_SEMANTIC_TEMPLATE,train,animo4d_L4_safe,animo4d_official_text,present,PZ_Wild_Boar_Juvenile_wild_boar_juvenile__animationnotmotionextractedlocomotion_maniset31048f7d__wild_boar_juvenile_standgimmick_145.npy,The juvenile wild boar stands still as a gimmick,3
SOURCE_OR_ACTION_ARTIFACT,train,animo4d_L4_safe,animo4d_official_text,present,PZ_Wild_Boar_Male_wild_boar_male__animationnotmotionextractedbehaviour_manisetb39361e__wild_boar_male_standgimmick01_45.npy,The male wild boar stands still as a gimmick,3
SOURCE_OR_ACTION_ARTIFACT,train,animo4d_L4_safe,animo4d_official_text,present,PZ_Wild_Boar_Male_wild_boar_male__animationnotmotionextractedbehaviour_manisetb39361e__wild_boar_male_standgimmick_44.npy,The male wild boar stands still as a gimmick,3
SOURCE_OR_ACTION_ARTIFACT,train,animo4d_L4_safe,animo4d_official_text,present,PZ_Wild_Boar_Male_wild_boar_male__animationnotmotionextractedfighting_maniset4033f3f4__wild_boar_male_standgimmick_98.npy,The male wild boar stands still as a gimmick,3
SOURCE_OR_ACTION_ARTIFACT;LOW_SEMANTIC_TEMPLATE,train,animo4d_L4_safe,animo4d_official_text,present,PZ_Wild_Boar_Male_wild_boar_male__animationnotmotionextractedlocomotion_maniset59b87e5a__wild_boar_male_standgimmick01_131.npy,The male wild boar stands still as a gimmick,3
SOURCE_OR_ACTION_ARTIFACT;LOW_SEMANTIC_TEMPLATE,train,animo4d_L4_safe,animo4d_official_text,present,PZ_Wild_Water_Buffalo_Female_wild_water_buffalo_female__animationnotmotionextractedlocomotion_manisetedd68f81__wild_water_buffalo_female_standgimmick01_189.npy,The female water buffalo stands still and then performs a small playful gimmick,3
SOURCE_OR_ACTION_ARTIFACT,train,animo4d_L4_safe,animo4d_official_text,present,PZ_Wild_Water_Buffalo_Juvenile_wild_water_buffalo_juvenile__animationnotmotionextractedbehaviour_maniset8a58125d__wild_water_buffalo_juvenile_standgimmick01_52.npy,The juvenile water buffalo stands still as a gimmick,3
SOURCE_OR_ACTION_ARTIFACT,train,animo4d_L4_safe,animo4d_official_text,present,PZ_Wild_Water_Buffalo_Juvenile_wild_water_buffalo_juvenile__animationnotmotionextractedfighting_manisetd120b473__wild_water_buffalo_juvenile_standgimmick01_97.npy,The juvenile water buffalo stands still as a gimmick,3
SOURCE_OR_ACTION_ARTIFACT,train,animo4d_L4_safe,animo4d_official_text,present,PZ_Wild_Water_Buffalo_Male_wild_water_buffalo_male__animationnotmotionextractedbehaviour_maniset6d0317fa__wild_water_buffalo_male_standgimmick01_94.npy,The male water buffalo stands still as a gimmick,3
SOURCE_OR_ACTION_ARTIFACT;LOW_SEMANTIC_TEMPLATE,train,animo4d_L4_safe,animo4d_official_text,present,PZ_Wild_Water_Buffalo_Male_wild_water_buffalo_male__animationnotmotionextractedlocomotion_maniset55824736__wild_water_buffalo_male_standgimmick01_227.npy,The male water buffalo stands still as part of a gimmick,3
SOURCE_OR_ACTION_ARTIFACT;LOW_SEMANTIC_TEMPLATE,train,animo4d_L4_safe,animo4d_official_text,present,PZ_Wolverine_Juvenile_wolverine_juvenile__animationnotmotionextractedbehaviour_manisetce319686__wolverine_juvenile_standgimmick01_93.npy,The juvenile wolverine stands still as a gimmick,3
SOURCE_OR_ACTION_ARTIFACT;LOW_SEMANTIC_TEMPLATE,train,animo4d_L4_safe,animo4d_official_text,present,PZ_Wolverine_Juvenile_wolverine_juvenile__animationnotmotionextractedlocomotion_manisetbc4a98c2__wolverine_juvenile_standgimmick01_251.npy,The juvenile wolverine stands still as a gimmick,3
SOURCE_OR_ACTION_ARTIFACT;LOW_SEMANTIC_TEMPLATE,train,animo4d_L4_safe,animo4d_official_text,present,PZ_Wolverine_Male_wolverine_male__animationmotionextractedbehaviour_maniset5a84a7e1__wolverine_male_standgimmick01_82.npy,The male wolverine stands still as part of its defensive gimmick,3
SOURCE_OR_ACTION_ARTIFACT;LOW_SEMANTIC_TEMPLATE,train,animo4d_L4_safe,animo4d_official_text,present,PZ_Wolverine_Male_wolverine_male__animationmotionextractedfighting_manisetb9e8f6b7__wolverine_male_standgimmick01_194.npy,The male wolverine stands still as part of its gimmick,3
SOURCE_OR_ACTION_ARTIFACT;LOW_SEMANTIC_TEMPLATE,train,animo4d_L4_safe,animo4d_official_text,present,PZ_Wolverine_Male_wolverine_male__animationmotionextractedfighting_pounce_manisetf4065549__wolverine_male_standgimmick01_287.npy,The male wolverine stands still as part of its defensive gimmick,3
SOURCE_OR_ACTION_ARTIFACT;LOW_SEMANTIC_TEMPLATE,train,animo4d_L4_safe,animo4d_official_text,present,PZ_Wolverine_Male_wolverine_male__animationnotmotionextractedfighting_manisetfd9b8839__wolverine_male_standgimmick01_590.npy,The male wolverine stands still as part of its hunting gimmick,3
